Master_Index,split,prob_at_risk,true_label
1,train,0.62030774,0
7,train,0.51267725,1
11,train,0.5073366,1
17,train,0.61143595,1
18,train,0.48002163,1
20,train,0.18082622,1
22,train,0.37756371,1
27,train,0.32118014,1
28,train,0.7561235,0
30,train,0.89406914,0
31,train,0.8901722,0
32,train,0.481559,1
43,train,0.44539216,1
47,train,0.29154643,1
50,train,0.3605754,1
52,train,0.5512117,1
54,train,0.38923287,1
56,train,0.506212,1
58,train,0.32635403,1
59,train,0.5770879,0
61,train,0.4392151,1
66,train,0.554113,0
71,train,0.26325214,1
77,train,0.5809246,1
78,train,0.8910492,0
82,train,0.56329614,0
83,train,0.61431414,1
87,train,0.828378,1
90,train,0.5643633,0
93,train,0.2855381,1
95,train,0.4722841,1
96,train,0.35754162,1
100,train,0.49857643,1
101,train,0.38736942,1
103,train,0.12243097,1
107,train,0.34603372,0
109,train,0.41363972,1
111,train,0.8380624,0
114,train,0.832707,0
115,train,0.27844903,1
118,train,0.50415087,0
121,train,0.49808627,0
125,train,0.9399746,0
126,train,0.2674589,1
127,train,0.48826224,1
128,train,0.8174881,0
130,train,0.6295509,1
131,train,0.1449372,1
134,train,0.90442777,0
135,train,0.59289736,1
139,train,0.39110622,1
148,train,0.28404495,1
149,train,0.7466363,1
157,train,0.7757329,0
161,train,0.746374,0
162,train,0.38126117,1
167,train,0.49936974,1
168,train,0.8012487,1
169,train,0.62257075,0
171,train,0.3740757,1
175,train,0.54213035,0
178,train,0.61966515,0
189,train,0.5017777,1
190,train,0.92091316,0
195,train,0.5470044,0
197,train,0.3085552,1
199,train,0.5772493,1
203,train,0.6116732,0
205,train,0.60458034,0
207,train,0.49112162,0
211,train,0.4313147,1
213,train,0.46804866,1
214,train,0.68152195,0
217,train,0.49219376,1
224,train,0.5490593,1
226,train,0.4029047,1
227,train,0.6304969,0
229,train,0.73774034,1
232,train,0.57850075,1
235,train,0.56156904,0
238,train,0.7850615,0
241,train,0.7135676,1
247,train,0.58214086,0
250,train,0.7234159,0
254,train,0.57425517,0
256,train,0.7352112,0
265,train,0.77787495,0
267,train,0.21859334,1
274,train,0.4429226,1
283,train,0.41656995,1
284,train,0.75149345,0
285,train,0.58906305,0
286,train,0.5471621,1
287,train,0.43045908,1
288,train,0.4188707,1
291,train,0.36633778,1
296,train,0.36860248,1
297,train,0.26780918,1
299,train,0.397007,1
302,train,0.48451257,1
314,train,0.5976103,1
318,train,0.28075638,1
325,train,0.26513833,1
332,train,0.52240056,1
333,train,0.48562276,1
335,train,0.47914588,1
339,train,0.54044145,1
340,train,0.6891202,1
342,train,0.70218635,0
344,train,0.523315,1
349,train,0.63160837,1
350,train,0.5922766,0
359,train,0.5110435,1
361,train,0.5842487,1
362,train,0.6044346,1
364,train,0.45816806,1
365,train,0.66138333,1
367,train,0.47068253,1
368,train,0.28891975,1
372,train,0.47817293,1
374,train,0.69886035,0
376,train,0.544526,0
377,train,0.7654899,0
379,train,0.27271688,1
383,train,0.72312146,0
384,train,0.41496333,1
388,train,0.6086458,1
393,train,0.73069143,0
394,train,0.6325968,1
396,train,0.6209148,0
397,train,0.75390816,0
402,train,0.6099787,1
403,train,0.5081345,1
405,train,0.40823182,1
407,train,0.5292248,0
408,train,0.3763387,1
410,train,0.66010636,0
411,train,0.58121896,1
413,train,0.6027791,0
416,train,0.5376186,1
421,train,0.6418212,1
426,train,0.2134858,1
428,train,0.78181666,1
429,train,0.1953178,1
430,train,0.6655473,0
432,train,0.5521413,1
433,train,0.56389123,0
437,train,0.36499283,1
441,train,0.20547494,1
444,train,0.5283596,1
445,train,0.33431602,1
450,train,0.3553924,1
452,train,0.67054224,0
455,train,0.29996854,1
461,train,0.3681603,0
462,train,0.56161743,1
467,train,0.76473475,0
476,train,0.6675441,0
477,train,0.4693869,1
478,train,0.6841614,0
479,train,0.32901,1
482,train,0.62998414,0
485,train,0.5656622,0
486,train,0.71849823,0
489,train,0.49898136,0
493,train,0.35997495,1
494,train,0.75508803,1
496,train,0.659808,0
499,train,0.59588116,0
503,train,0.4446834,0
504,train,0.4667406,1
507,train,0.5619658,0
510,train,0.49522215,1
513,train,0.40971062,0
522,train,0.20185179,0
524,train,0.46576226,1
528,train,0.5014397,1
530,train,0.35796833,1
533,train,0.7143837,0
536,train,0.67118824,1
538,train,0.5780676,1
539,train,0.22113726,1
541,train,0.27295452,1
544,train,0.7097349,1
549,train,0.760738,0
550,train,0.39621717,1
553,train,0.5473449,0
554,train,0.31081778,1
555,train,0.47041705,1
556,train,0.59222525,0
558,train,0.64260024,0
559,train,0.59526926,1
560,train,0.77677965,0
561,train,0.4669323,1
562,train,0.5415342,1
564,train,0.2555715,1
565,train,0.9549083,0
566,train,0.5197466,0
567,train,0.80027795,0
570,train,0.40274987,1
572,train,0.59213823,0
574,train,0.6404848,1
576,train,0.5120892,1
578,train,0.31750286,1
579,train,0.62501925,0
580,train,0.7555484,0
582,train,0.71758944,0
585,train,0.35299233,1
586,train,0.56697565,0
589,train,0.43635738,1
591,train,0.5207161,1
592,train,0.52763397,0
593,train,0.6173613,0
599,train,0.32526657,1
602,train,0.58336157,0
604,train,0.32398772,1
605,train,0.726399,0
607,train,0.57671034,1
610,train,0.5908381,1
615,train,0.44124576,1
617,train,0.5151944,0
623,train,0.39748713,1
631,train,0.38371176,1
634,train,0.25202838,1
636,train,0.48743683,1
640,train,0.804503,0
641,train,0.56732184,1
644,train,0.7177119,1
647,train,0.2612519,1
648,train,0.7046979,0
649,train,0.22036608,1
650,train,0.16279742,1
653,train,0.4410235,1
655,train,0.432861,1
656,train,0.33130357,1
657,train,0.64964324,1
660,train,0.51291686,1
661,train,0.38708386,1
662,train,0.21706508,1
663,train,0.566937,0
666,train,0.5749976,1
667,train,0.46904543,1
669,train,0.7408037,0
671,train,0.19558915,1
673,train,0.7139132,0
674,train,0.56080765,0
675,train,0.4771088,1
681,train,0.2055089,1
684,train,0.24042517,1
693,train,0.45515424,1
695,train,0.50902975,1
698,train,0.5758197,1
702,train,0.65611506,1
704,train,0.2734058,1
705,train,0.24592638,1
706,train,0.6855386,1
709,train,0.44688025,1
710,train,0.5708676,1
711,train,0.6373369,1
716,train,0.12627941,1
719,train,0.42245248,1
722,train,0.5578264,1
723,train,0.5558165,1
736,train,0.58318186,0
742,train,0.59758127,0
747,train,0.43964866,1
749,train,0.6071648,0
751,train,0.28406808,1
754,train,0.20672427,1
755,train,0.42503774,1
757,train,0.97414476,0
758,train,0.6952642,0
767,train,0.1784931,1
771,train,0.23442633,1
775,train,0.6912535,0
776,train,0.12513076,1
777,train,0.53457767,1
780,train,0.23264538,1
781,train,0.51547915,0
782,train,0.7040779,0
783,train,0.58894914,1
787,train,0.51658297,1
792,train,0.6622365,0
793,train,0.77908504,0
795,train,0.7281124,0
799,train,0.59862036,1
803,train,0.48927796,1
804,train,0.21820186,1
807,train,0.21775225,1
808,train,0.49941635,1
809,train,0.780126,1
810,train,0.7082174,1
814,train,0.25124115,1
815,train,0.3914474,1
821,train,0.8498693,0
823,train,0.30054358,1
824,train,0.27665436,1
831,train,0.74461687,0
834,train,0.32274255,1
835,train,0.7254884,0
837,train,0.56138533,1
838,train,0.69363576,0
839,train,0.17350452,1
840,train,0.20401324,1
843,train,0.37112927,1
845,train,0.4812261,0
847,train,0.29787958,1
849,train,0.14295715,1
851,train,0.3174603,1
855,train,0.5470287,1
858,train,0.52884746,0
860,train,0.6938799,0
863,train,0.6165715,1
864,train,0.21218656,1
865,train,0.3810013,1
867,train,0.6312678,0
869,train,0.1839216,1
870,train,0.58162445,1
873,train,0.26157343,1
878,train,0.1941212,1
880,train,0.3408178,1
882,train,0.7396933,0
884,train,0.69430244,1
895,train,0.75253326,0
901,train,0.4688037,0
911,train,0.36604714,1
916,train,0.71992856,0
917,train,0.771535,0
926,train,0.5461599,1
927,train,0.71551454,0
929,train,0.1066482,1
930,train,0.48236585,0
933,train,0.39680848,1
934,train,0.7947993,0
940,train,0.3286677,1
941,train,0.18640818,1
942,train,0.1848239,1
944,train,0.5477496,1
945,train,0.27885705,1
947,train,0.93214107,0
949,train,0.74793303,0
951,train,0.6283446,1
952,train,0.8617499,0
961,train,0.6851991,0
963,train,0.8494217,0
965,train,0.6036624,0
966,train,0.6898318,0
968,train,0.5550704,0
969,train,0.34574562,1
971,train,0.428611,1
973,train,0.673662,1
974,train,0.7597974,0
976,train,0.63640696,1
980,train,0.9290199,0
981,train,0.3584395,1
985,train,0.25181493,1
987,train,0.36583963,0
988,train,0.10072273,1
990,train,0.40248016,1
993,train,0.80350834,1
995,train,0.2956339,1
998,train,0.556508,1
1004,train,0.57489216,0
1006,train,0.70838577,0
1009,train,0.29165792,1
1012,train,0.708165,0
1015,train,0.29573026,1
1021,train,0.74478346,1
1022,train,0.4324807,1
1030,train,0.6682129,0
1032,train,0.6427807,0
1035,train,0.24545664,1
1039,train,0.83959025,1
1042,train,0.5944254,0
1045,train,0.78417253,1
1046,train,0.4830373,1
1050,train,0.4188476,1
1051,train,0.5034602,1
1052,train,0.34014052,1
1054,train,0.6954982,1
1056,train,0.5319312,0
1057,train,0.6928592,0
1058,train,0.3008894,1
1062,train,0.13572921,1
1063,train,0.34509566,1
1064,train,0.7349408,0
1067,train,0.8287042,1
1071,train,0.8138165,1
1073,train,0.2213993,1
1074,train,0.42669898,1
1075,train,0.58439904,0
1077,train,0.51236576,0
1079,train,0.55503,0
1082,train,0.41833657,0
1085,train,0.15568596,1
1093,train,0.3657804,1
1097,train,0.47361594,0
1098,train,0.74850464,0
1099,train,0.73461074,0
1105,train,0.11630207,1
1110,train,0.27173862,1
1114,train,0.3787624,1
1118,train,0.34130532,0
1120,train,0.41416726,1
1123,train,0.7582056,1
1125,train,0.6325874,0
1126,train,0.533983,0
1128,train,0.43135205,1
1129,train,0.54040325,0
1131,train,0.33197215,1
1132,train,0.6342141,0
1138,train,0.12422136,1
1140,train,0.4958292,0
1144,train,0.43449256,1
1146,train,0.65175426,1
1150,train,0.18755874,1
1155,train,0.2926884,1
1156,train,0.7108866,0
1157,train,0.8038629,0
1161,train,0.61265236,1
1165,train,0.40699583,1
1166,train,0.7008066,0
1168,train,0.5103229,0
1169,train,0.77478385,0
1173,train,0.17253281,1
1174,train,0.71104866,1
1178,train,0.59517896,0
1179,train,0.46848744,1
1181,train,0.684976,0
1185,train,0.45064396,1
1188,train,0.32914227,1
1189,train,0.29256532,1
1190,train,0.5515239,1
1195,train,0.6013428,0
1196,train,0.64987624,0
1197,train,0.47547185,1
1198,train,0.5254037,0
1200,train,0.19295684,1
1201,train,0.7458481,0
1202,train,0.4368046,0
1205,train,0.5125972,1
1209,train,0.53322405,0
1212,train,0.7740569,0
1213,train,0.5588843,0
1228,train,0.52677333,1
1230,train,0.66846204,1
1231,train,0.5799499,0
1232,train,0.54461265,0
1234,train,0.6107837,1
1236,train,0.751371,0
1238,train,0.9671018,0
1249,train,0.47911608,1
1255,train,0.7299463,0
1256,train,0.3204749,1
1261,train,0.1308696,1
1264,train,0.56098694,1
1268,train,0.61223394,1
1277,train,0.5450164,1
1279,train,0.7621562,1
1281,train,0.532008,1
1284,train,0.45777306,1
1287,train,0.7486642,0
1288,train,0.29137808,1
1290,train,0.47087976,1
1291,train,0.8548729,0
1292,train,0.54917574,1
1293,train,0.65907925,1
1295,train,0.27689123,1
1296,train,0.19337703,1
1300,train,0.27018628,1
1302,train,0.6805775,0
1305,train,0.8153066,0
1313,train,0.49152535,1
1318,train,0.51928216,0
1324,train,0.7238108,0
1329,train,0.8012786,0
1335,train,0.81465596,0
1336,train,0.25468922,1
1339,train,0.38132834,1
1341,train,0.4386233,1
1342,train,0.64420414,0
1345,train,0.5334779,0
1347,train,0.49594063,0
1350,train,0.36354944,1
1351,train,0.50565624,1
1353,train,0.2768423,1
1355,train,0.34510675,1
1356,train,0.25236768,1
1360,train,0.712801,1
1361,train,0.28184107,1
1365,train,0.2267572,1
1366,train,0.6358529,0
1371,train,0.38308817,1
1374,train,0.5757137,0
1375,train,0.34191847,1
1377,train,0.6174364,1
1380,train,0.50247014,1
1381,train,0.69014007,0
1382,train,0.8854405,0
1385,train,0.46403414,0
1386,train,0.5731967,0
1387,train,0.55144745,0
1390,train,0.47941405,0
1392,train,0.21940263,1
1394,train,0.5008793,1
1397,train,0.21721824,1
1403,train,0.65687627,0
1411,train,0.58468246,0
1413,train,0.7107998,1
1414,train,0.51832396,0
1418,train,0.7222109,0
1423,train,0.67945135,0
1426,train,0.38284567,1
1428,train,0.47563246,1
1432,train,0.26146853,0
1433,train,0.2124217,1
1434,train,0.51886237,1
1435,train,0.5303864,0
1443,train,0.21646644,1
1446,train,0.4794335,1
1451,train,0.70822203,0
1453,train,0.5762525,1
1456,train,0.5589791,1
1459,train,0.7578167,0
1460,train,0.5113813,1
1464,train,0.4846515,0
1465,train,0.5356834,1
1466,train,0.2963523,1
1467,train,0.53014046,1
1468,train,0.38499415,1
1469,train,0.7909865,0
1470,train,0.30844948,1
1472,train,0.5157036,1
1473,train,0.67783,0
1474,train,0.42631316,1
1476,train,0.39747533,1
1477,train,0.5832523,0
1478,train,0.7638005,0
1480,train,0.68536913,0
1481,train,0.3555784,1
1484,train,0.70776886,0
1486,train,0.15631202,1
1488,train,0.5263456,1
1489,train,0.65661037,0
1493,train,0.8292669,0
1495,train,0.1948441,1
1497,train,0.52830315,1
1498,train,0.27527428,1
1501,train,0.60167855,1
1503,train,0.83816093,0
1504,train,0.64968157,1
1505,train,0.44469586,1
1506,train,0.7543761,0
1509,train,0.30835527,1
1510,train,0.51916325,0
1517,train,0.25102222,1
1518,train,0.6500597,0
1520,train,0.50736547,1
1526,train,0.5821168,0
1528,train,0.80174863,0
1531,train,0.3060357,1
1532,train,0.33519715,1
1536,train,0.78844094,1
1537,train,0.5077593,1
1541,train,0.58488125,0
1542,train,0.5653962,1
1545,train,0.32652652,1
1548,train,0.500502,1
1550,train,0.51813585,1
1551,train,0.6017555,0
1554,train,0.43037915,1
1555,train,0.5602776,0
1561,train,0.26893646,1
1562,train,0.5679615,1
1567,train,0.4948146,0
1569,train,0.5157906,1
1574,train,0.7717812,0
1580,train,0.509237,1
1581,train,0.753374,0
1583,train,0.6447619,1
1584,train,0.8324837,0
1585,train,0.6859214,1
1586,train,0.47699136,1
1589,train,0.72825605,1
1590,train,0.34478614,1
1591,train,0.21432176,1
1593,train,0.73298436,0
1596,train,0.55579484,1
1602,train,0.31387287,1
1604,train,0.3111187,0
1607,train,0.45304075,1
1612,train,0.43394715,0
1613,train,0.50938076,1
1619,train,0.43274397,1
1622,train,0.46969083,1
1626,train,0.53222936,0
1628,train,0.4198742,1
1630,train,0.63422525,0
1631,train,0.686838,0
1632,train,0.21386622,1
1633,train,0.72634673,0
1634,train,0.56808096,1
1645,train,0.5992565,0
1648,train,0.34320712,1
1650,train,0.6036461,1
1651,train,0.7320629,0
1652,train,0.63285375,1
1655,train,0.42019427,1
1658,train,0.39794654,1
1659,train,0.69301146,0
1661,train,0.7320464,0
1663,train,0.3669636,1
1664,train,0.3990774,1
1666,train,0.3752709,0
1667,train,0.4290857,1
1669,train,0.70457375,0
1671,train,0.5983052,0
1672,train,0.1493033,1
1676,train,0.53416556,0
1678,train,0.29497984,1
1682,train,0.572303,1
1688,train,0.5111054,1
1690,train,0.39928502,0
1693,train,0.49878317,1
1695,train,0.3295881,0
1698,train,0.23286329,1
1702,train,0.5077966,1
1705,train,0.781291,0
1709,train,0.38723347,1
1710,train,0.8945959,0
1711,train,0.6427255,0
1715,train,0.49516496,1
1720,train,0.32524168,1
1723,train,0.3446814,1
1724,train,0.5117622,1
1725,train,0.47275174,1
1729,train,0.3855134,1
1730,train,0.18699218,1
1732,train,0.45928246,1
1734,train,0.4274947,1
1735,train,0.727358,0
1737,train,0.8608631,0
1739,train,0.6999883,0
1741,train,0.69519687,0
1746,train,0.60149395,0
1747,train,0.7227519,0
1755,train,0.6661967,1
1758,train,0.33763224,1
1761,train,0.6133684,0
1763,train,0.2204104,0
1767,train,0.524997,0
1775,train,0.33762383,1
1781,train,0.6955776,1
1782,train,0.75613934,0
1783,train,0.36391914,1
1786,train,0.2667694,1
1798,train,0.41565406,1
1799,train,0.5186063,1
1800,train,0.7634941,0
1802,train,0.75271755,0
1803,train,0.7784868,0
1805,train,0.8678306,0
1807,train,0.7044693,0
1810,train,0.4556719,0
1813,train,0.6521226,1
1815,train,0.5362835,1
1816,train,0.5622259,0
1817,train,0.5666857,1
1820,train,0.61265993,1
1821,train,0.6486322,0
1823,train,0.56152093,1
1826,train,0.75573695,0
1828,train,0.41917476,1
1832,train,0.91811454,0
1839,train,0.47100624,0
1844,train,0.5852963,0
1845,train,0.72565,0
1852,train,0.49864662,1
1855,train,0.52691925,1
1858,train,0.46715373,1
1859,train,0.6424887,0
1862,train,0.39126745,1
1863,train,0.64881104,1
1867,train,0.71823454,0
1871,train,0.43296212,1
1872,train,0.43041664,1
1879,train,0.70818317,0
1880,train,0.72951865,0
1884,train,0.33424962,1
1886,train,0.5601038,0
1887,train,0.47478917,0
1888,train,0.6853637,0
1889,train,0.3591445,1
1891,train,0.7451905,0
1900,train,0.553431,1
1902,train,0.7312986,0
1904,train,0.7187764,0
1909,train,0.16138503,1
1919,train,0.68568355,1
1922,train,0.6319119,0
1925,train,0.51969665,1
1930,train,0.44122267,1
1931,train,0.5231435,0
1933,train,0.42018592,1
1934,train,0.95558506,0
1935,train,0.7615791,1
1936,train,0.55957377,1
1942,train,0.56135184,1
1946,train,0.42404187,1
1953,train,0.67571837,0
1955,train,0.5889909,1
1958,train,0.7115732,0
1960,train,0.84768033,0
1966,train,0.86620444,0
1967,train,0.6378601,1
1969,train,0.45631745,1
1981,train,0.575236,0
1983,train,0.5861723,1
1984,train,0.5361491,1
1996,train,0.3211118,1
1998,train,0.40273863,1
2006,train,0.6976963,1
2008,train,0.5204605,0
2009,train,0.39684352,1
2015,train,0.419185,1
2019,train,0.48075178,1
2020,train,0.42829216,1
2023,train,0.73294383,0
2025,train,0.2011856,1
2028,train,0.37113848,1
2029,train,0.55170935,0
2031,train,0.10763499,1
2032,train,0.67946887,0
2034,train,0.46433058,0
2036,train,0.5477639,1
2039,train,0.5503935,1
2044,train,0.8250342,1
2047,train,0.32191068,1
2050,train,0.39192104,1
2054,train,0.6526496,0
2056,train,0.602986,1
2058,train,0.12948966,1
2060,train,0.6532061,0
2064,train,0.55601734,1
2066,train,0.5895297,1
2068,train,0.1636293,1
2069,train,0.4705901,1
2071,train,0.56831825,0
2072,train,0.76335937,0
2074,train,0.695261,1
2079,train,0.25354898,1
2085,train,0.53247046,0
2090,train,0.3529889,1
2094,train,0.48509496,1
2095,train,0.33068788,1
2096,train,0.6633667,0
2100,train,0.808642,0
2106,train,0.48294735,0
2108,train,0.5332468,0
2109,train,0.6238039,1
2112,train,0.5038574,0
2114,train,0.8103854,0
2116,train,0.54382,1
2117,train,0.64724773,0
2118,train,0.4692466,1
2120,train,0.6972185,0
2124,train,0.7608801,0
2128,train,0.51726234,1
2131,train,0.4593617,0
2132,train,0.6107849,0
2134,train,0.57918346,0
2141,train,0.7433454,0
2143,train,0.6055738,0
2144,train,0.75242275,0
2151,train,0.8251838,0
2157,train,0.4368209,0
2161,train,0.59674907,0
2165,train,0.6170328,1
2166,train,0.6400407,0
2167,train,0.7675989,0
2168,train,0.71656156,0
2171,train,0.17919259,1
2174,train,0.6552192,0
2176,train,0.3784237,1
2182,train,0.645684,0
2183,train,0.38632542,0
2186,train,0.4741641,1
2193,train,0.58295643,0
2194,train,0.4910705,1
2197,train,0.37742034,1
2205,train,0.7130891,0
2208,train,0.65663785,0
2212,train,0.51356155,1
2215,train,0.7722982,0
2221,train,0.763044,0
2222,train,0.5470762,0
2223,train,0.5814479,1
2225,train,0.51209426,0
2226,train,0.30465823,0
2229,train,0.38798305,0
2231,train,0.32969767,1
2234,train,0.29015252,1
2236,train,0.86381984,1
2237,train,0.28097302,1
2241,train,0.755694,1
2250,train,0.8660975,0
2251,train,0.5258995,0
2255,train,0.32034573,1
2256,train,0.732232,0
2259,train,0.47304168,1
2261,train,0.45973247,0
2262,train,0.63742954,0
2263,train,0.77441275,0
2265,train,0.30895936,1
2270,train,0.2928195,1
2273,train,0.80423146,1
2274,train,0.5026589,1
2279,train,0.49629351,1
2280,train,0.41675034,0
2281,train,0.37316906,0
2285,train,0.6536028,0
2292,train,0.3503722,1
2294,train,0.43782642,1
2296,train,0.54390347,1
2297,train,0.21414648,1
2298,train,0.6828394,0
2299,train,0.6912831,0
2304,train,0.61145175,0
2305,train,0.5044005,1
2308,train,0.5839116,1
2311,train,0.5944001,0
2313,train,0.56199294,1
2314,train,0.7466982,0
2316,train,0.5195749,1
2317,train,0.56934345,1
2318,train,0.7716202,0
2319,train,0.75078607,0
2324,train,0.5276118,0
2331,train,0.40855196,1
2333,train,0.3045403,1
2336,train,0.3140287,1
2340,train,0.56382513,1
2341,train,0.5431774,0
2343,train,0.39802057,0
2345,train,0.5939422,1
2346,train,0.7175355,0
2352,train,0.6213322,0
2353,train,0.42160475,0
2357,train,0.6246992,0
2361,train,0.5156929,0
2367,train,0.6173471,0
2371,train,0.67593914,0
2372,train,0.74345607,0
2373,train,0.60242736,0
2376,train,0.18709387,1
2379,train,0.673096,0
2380,train,0.18133682,1
2384,train,0.49770507,1
2387,train,0.2052573,1
2392,train,0.5649935,1
2394,train,0.6850998,1
2396,train,0.50530714,1
2397,train,0.60486525,0
2398,train,0.68906754,0
2400,train,0.73724115,0
2405,train,0.5541436,1
2408,train,0.46135738,0
2411,train,0.45125973,1
2416,train,0.4999365,0
2421,train,0.19803183,1
2424,train,0.5766065,0
2426,train,0.47920176,1
2428,train,0.8975737,0
2432,train,0.5201639,0
2434,train,0.82554495,1
2436,train,0.26716012,1
2439,train,0.58506995,0
2442,train,0.734019,0
2445,train,0.5596437,0
2446,train,0.49086952,1
2448,train,0.31803322,1
2450,train,0.6697893,1
2451,train,0.72474885,1
2455,train,0.5054279,0
2456,train,0.36656016,1
2459,train,0.42955878,0
2460,train,0.4550584,1
2466,train,0.19528522,1
2470,train,0.72799987,0
2479,train,0.4391905,1
2490,train,0.6073488,1
2491,train,0.6468685,0
2494,train,0.7977077,0
2497,train,0.41920605,1
2499,train,0.46190175,1
2500,train,0.6914169,0
2502,train,0.59175944,1
2507,train,0.43839738,0
2509,train,0.52641183,1
2518,train,0.6061145,0
2520,train,0.52697396,1
2522,train,0.5850399,1
2523,train,0.86728,1
2535,train,0.3163805,1
2538,train,0.5348127,1
2539,train,0.53086835,1
2549,train,0.697031,0
2561,train,0.5191186,1
2563,train,0.660473,0
2564,train,0.6317925,1
2570,train,0.377823,1
2575,train,0.5483723,1
2581,train,0.6829092,0
2582,train,0.7607445,0
2584,train,0.56674236,0
2588,train,0.58520186,0
2589,train,0.45601013,1
2590,train,0.779195,0
2599,train,0.736293,1
2607,train,0.46715158,0
2611,train,0.6704674,1
2613,train,0.9037092,1
2614,train,0.48882785,1
2622,train,0.5878561,1
2623,train,0.39016613,1
2639,train,0.35430968,1
2643,train,0.51595587,1
2644,train,0.5871486,0
2646,train,0.8062902,1
2650,train,0.5484543,0
2657,train,0.32965204,0
2659,train,0.7818109,0
2660,train,0.59864193,0
2661,train,0.80620235,0
2672,train,0.6385459,0
2673,train,0.61008024,0
2674,train,0.5707796,0
2679,train,0.4748689,1
2681,train,0.7854746,1
2682,train,0.54473937,1
2687,train,0.29472116,1
2688,train,0.5726848,1
2689,train,0.7592178,0
2692,train,0.12479706,1
2697,train,0.62834555,0
2700,train,0.20269367,1
2701,train,0.37495542,1
2704,train,0.5771378,1
2705,train,0.8612349,0
2711,train,0.7252673,0
2713,train,0.34179482,1
2717,train,0.23959152,1
2718,train,0.81403476,0
2719,train,0.6260143,0
2721,train,0.51166445,1
2724,train,0.46972778,1
2725,train,0.52034765,1
2730,train,0.7090458,0
2735,train,0.79672986,0
2741,train,0.5571516,1
2744,train,0.24220756,1
2745,train,0.49698883,1
2746,train,0.4549296,1
2749,train,0.29204327,1
2750,train,0.29723662,1
2753,train,0.5925997,1
2759,train,0.42436323,1
2764,train,0.4109898,1
2767,train,0.55117065,0
2775,train,0.4087735,1
2778,train,0.13897304,1
2780,train,0.9250238,0
2788,train,0.71339977,1
2790,train,0.14264782,1
2791,train,0.5672937,1
2792,train,0.5798906,0
2794,train,0.29780158,1
2795,train,0.64536244,0
2796,train,0.8214265,0
2797,train,0.64855343,0
2798,train,0.52689815,1
2799,train,0.44117188,0
2812,train,0.40163136,0
2815,train,0.4389624,1
2825,train,0.6598958,1
2828,train,0.45962548,1
2832,train,0.5169487,0
2834,train,0.5111586,1
2836,train,0.6018822,1
2837,train,0.6431299,0
2838,train,0.35343057,1
2839,train,0.27513716,1
2840,train,0.3773372,1
2843,train,0.36524144,1
2844,train,0.489987,1
2845,train,0.52501863,1
2854,train,0.26502913,1
2855,train,0.64595747,0
2857,train,0.74391216,0
2858,train,0.9568184,0
2861,train,0.2905307,1
2862,train,0.44037038,1
2863,train,0.76297975,0
2865,train,0.61700565,0
2866,train,0.74652785,0
2869,train,0.17853145,1
2870,train,0.56192046,0
2871,train,0.81706965,0
2872,train,0.71988726,0
2874,train,0.20114183,1
2877,train,0.5434861,0
2878,train,0.18967807,1
2880,train,0.74087846,0
2882,train,0.23013982,1
2886,train,0.34009433,1
2891,train,0.5201117,0
2894,train,0.579467,0
2897,train,0.562205,1
2902,train,0.5334139,0
2907,train,0.77709925,1
2908,train,0.7581424,0
2910,train,0.35864905,1
2913,train,0.64630336,1
2914,train,0.47681236,1
2917,train,0.64280474,0
2918,train,0.56408495,0
2921,train,0.51416254,1
2925,train,0.5226639,0
2929,train,0.5059017,1
2930,train,0.5927269,1
2931,train,0.1587198,1
2933,train,0.5658075,1
2934,train,0.65323323,0
2935,train,0.5297274,1
2937,train,0.61549026,0
2941,train,0.79737836,0
2945,train,0.17482209,1
2947,train,0.57257956,1
2951,train,0.6933211,0
2952,train,0.40536964,1
2957,train,0.5167475,1
2958,train,0.27532548,1
2961,train,0.63952273,1
2964,train,0.4944974,1
2968,train,0.49017265,1
2975,train,0.3151485,1
2977,train,0.57758504,1
2981,train,0.6013284,0
2983,train,0.30185556,1
2988,train,0.3678303,1
2992,train,0.3434968,1
2996,train,0.5656482,1
2997,train,0.5746175,0
3000,train,0.5605939,1
3003,train,0.5916728,1
3004,train,0.5819392,1
3008,train,0.508426,1
3011,train,0.78370035,0
3013,train,0.43093348,1
3016,train,0.56594133,0
3019,train,0.35637078,1
3023,train,0.8761391,0
3024,train,0.46993667,1
3030,train,0.5897709,0
3031,train,0.7021069,1
3038,train,0.52581483,0
3042,train,0.47593468,0
3044,train,0.56778306,1
3046,train,0.70964426,0
3047,train,0.9554197,0
3049,train,0.71260005,1
3051,train,0.71106094,0
3057,train,0.3062126,1
3063,train,0.57040274,0
3066,train,0.41389585,1
3067,train,0.668335,0
3069,train,0.32466146,1
3071,train,0.19169317,1
3072,train,0.97230554,0
3073,train,0.61194944,1
3074,train,0.24923083,1
3078,train,0.51121986,0
3080,train,0.24985822,1
3085,train,0.5697076,1
3086,train,0.48718625,0
3088,train,0.5965654,1
3092,train,0.5000626,1
3095,train,0.82762873,1
3098,train,0.27635074,1
3099,train,0.67397606,0
3100,train,0.50539404,0
3101,train,0.7167387,0
3104,train,0.7140348,1
3105,train,0.70722616,0
3106,train,0.4462723,1
3108,train,0.5780755,1
3109,train,0.5089024,0
3113,train,0.5348453,0
3121,train,0.70973176,0
3122,train,0.3189703,1
3123,train,0.5992706,0
3128,train,0.1538018,1
3130,train,0.6513089,1
3134,train,0.6395983,0
3139,train,0.40365696,1
3140,train,0.5916014,0
3142,train,0.6451942,0
3143,train,0.11398309,1
3145,train,0.59991765,1
3147,train,0.4285023,0
3149,train,0.21569885,1
3152,train,0.7321902,0
3154,train,0.6221187,0
3155,train,0.5325911,0
3157,train,0.5533518,1
3158,train,0.5905978,1
3159,train,0.59465104,1
3161,train,0.6030776,0
3162,train,0.24901882,1
3163,train,0.721324,0
3165,train,0.7136101,0
3170,train,0.6624981,0
3173,train,0.7903486,0
3174,train,0.58922005,1
3175,train,0.4260219,1
3176,train,0.6808039,0
3178,train,0.5350119,1
3179,train,0.34357262,1
3180,train,0.6624656,1
3183,train,0.7568755,0
3184,train,0.5669394,1
3187,train,0.6426623,0
3190,train,0.71365607,0
3195,train,0.551365,1
3203,train,0.5307069,1
3204,train,0.17760034,1
3207,train,0.48936376,1
3211,train,0.7443097,0
3218,train,0.5915457,0
3220,train,0.5189117,1
3222,train,0.25918055,1
3223,train,0.34686837,1
3224,train,0.7061735,0
3227,train,0.5396863,1
3228,train,0.6123304,1
3230,train,0.5619389,1
3236,train,0.5689214,0
3238,train,0.44155815,1
3243,train,0.7065627,0
3244,train,0.90342945,0
3247,train,0.36514997,1
3249,train,0.5702627,0
3251,train,0.6980454,1
3255,train,0.77880555,0
3256,train,0.35385662,1
3257,train,0.22991912,1
3263,train,0.63607305,0
3264,train,0.80087,0
3267,train,0.16536325,1
3269,train,0.5309957,1
3272,train,0.7574685,0
3273,train,0.60563195,0
3275,train,0.41393185,1
3279,train,0.46153858,0
3280,train,0.55078304,1
3282,train,0.58397084,1
3283,train,0.42968535,1
3284,train,0.4050007,1
3287,train,0.6382645,1
3288,train,0.5910641,1
3289,train,0.686195,0
3290,train,0.17827938,1
3291,train,0.64166284,0
3296,train,0.43973893,1
3299,train,0.7999155,0
3300,train,0.40704647,1
3302,train,0.3942039,1
3305,train,0.53741676,0
3306,train,0.61534923,0
3312,train,0.6363011,0
3319,train,0.3720508,1
3322,train,0.7210903,0
3323,train,0.18280889,1
3324,train,0.7056582,1
3327,train,0.4889794,1
3331,train,0.6808033,0
3334,train,0.8816058,0
3342,train,0.55346394,0
3344,train,0.33361998,0
3347,train,0.5730608,1
3348,train,0.31662798,1
3349,train,0.68343765,0
3350,train,0.6222477,0
3354,train,0.53668076,1
3356,train,0.80377144,0
3360,train,0.57087827,0
3361,train,0.3039219,1
3363,train,0.33387834,1
3367,train,0.78696877,0
3369,train,0.60493237,0
3370,train,0.61786485,0
3371,train,0.5446872,1
3377,train,0.20398915,1
3378,train,0.7230513,0
3379,train,0.45032755,1
3382,train,0.6650403,0
3383,train,0.72891366,0
3385,train,0.6945356,1
3387,train,0.47367176,1
3389,train,0.72202057,0
3390,train,0.5507854,1
3396,train,0.70622796,0
3404,train,0.4002836,0
3407,train,0.87342,0
3408,train,0.47249112,1
3409,train,0.3256207,1
3412,train,0.4123839,1
3413,train,0.7607169,0
3414,train,0.20734873,1
3422,train,0.7259314,0
3424,train,0.60725206,0
3425,train,0.5320687,0
3431,train,0.7108524,0
3432,train,0.21263815,1
3434,train,0.63522446,1
3442,train,0.5293088,0
3443,train,0.49766424,1
3444,train,0.6733821,1
3448,train,0.9278279,0
3449,train,0.6787274,1
3452,train,0.5741544,1
3453,train,0.6977179,0
3454,train,0.6875366,1
3455,train,0.61828923,1
3458,train,0.84099364,0
3460,train,0.49576223,0
3463,train,0.58190465,0
3466,train,0.4482788,1
3467,train,0.5930342,1
3472,train,0.5229748,1
3476,train,0.627866,0
3477,train,0.32116133,1
3479,train,0.8072591,0
3480,train,0.55306953,0
3487,train,0.31006774,1
3488,train,0.3619342,0
3489,train,0.17087898,1
3490,train,0.65770876,0
3495,train,0.45707476,1
3498,train,0.751577,0
3503,train,0.8026153,0
3505,train,0.24352226,1
3506,train,0.65234107,0
3509,train,0.45133486,1
3510,train,0.5552605,0
3511,train,0.34219027,1
3516,train,0.58029634,0
3517,train,0.6276215,0
3522,train,0.6828261,0
3524,train,0.6978961,0
3529,train,0.69400316,0
3530,train,0.65692145,1
3535,train,0.4944785,1
3536,train,0.7776295,0
3538,train,0.6152209,0
3539,train,0.3524185,1
3540,train,0.12864546,1
3543,train,0.13878104,1
3544,train,0.76846087,1
3546,train,0.51304126,1
3552,train,0.30507493,0
3553,train,0.55559504,1
3556,train,0.51255286,0
3558,train,0.34548187,1
3562,train,0.4132753,1
3563,train,0.8280933,0
3565,train,0.5714914,0
3566,train,0.5382612,0
3570,train,0.6494603,0
3573,train,0.63748145,1
3581,train,0.9166412,0
3585,train,0.437704,1
3586,train,0.42478004,1
3587,train,0.4258807,1
3596,train,0.7416959,0
3598,train,0.29395574,1
3599,train,0.5141361,1
3601,train,0.5220911,0
3602,train,0.2828184,1
3605,train,0.60195094,1
3608,train,0.70890117,1
3614,train,0.5239131,1
3616,train,0.73181504,1
3617,train,0.3919221,1
3620,train,0.56515795,0
3622,train,0.41461414,1
3625,train,0.42717305,1
3628,train,0.5134314,0
3634,train,0.85294074,0
3635,train,0.66681296,0
3639,train,0.17809546,1
3641,train,0.65782696,0
3642,train,0.32072455,1
3644,train,0.5418331,0
3648,train,0.18975605,1
3650,train,0.71930844,0
3651,train,0.19331574,1
3652,train,0.58001024,1
3654,train,0.5129146,1
3655,train,0.687525,0
3657,train,0.5447023,0
3658,train,0.56404674,0
3659,train,0.8645942,0
3665,train,0.35205308,1
3669,train,0.5810072,0
3672,train,0.22241955,1
3675,train,0.7842738,0
3679,train,0.66037345,0
3680,train,0.69105154,0
3681,train,0.7900595,0
3684,train,0.56236726,1
3691,train,0.5493549,1
3694,train,0.8106441,0
3702,train,0.85174453,1
3704,train,0.17353159,1
3716,train,0.6402904,0
3721,train,0.36487302,1
3722,train,0.37124062,1
3723,train,0.78969043,0
3725,train,0.25722787,1
3726,train,0.5646559,1
3731,train,0.6262418,0
3736,train,0.64056545,0
3737,train,0.45110747,1
3740,train,0.66405684,0
3742,train,0.7684456,0
3744,train,0.31804225,1
3746,train,0.68996686,1
3747,train,0.6411267,0
3749,train,0.72041404,0
3751,train,0.3216914,1
3757,train,0.60423017,1
3758,train,0.20783044,1
3767,train,0.60210335,0
3771,train,0.5870365,1
3772,train,0.59371537,1
3776,train,0.14993408,1
3782,train,0.6643493,0
3784,train,0.63616407,1
3785,train,0.7346508,1
3787,train,0.41171038,1
3790,train,0.37032154,0
3794,train,0.65212214,0
3797,train,0.90503514,0
3798,train,0.47153008,0
3800,train,0.352017,1
3801,train,0.18975608,1
3803,train,0.6365257,1
3804,train,0.7637149,0
3806,train,0.5622037,1
3810,train,0.50833905,1
3814,train,0.53791195,1
3816,train,0.58363205,1
3818,train,0.8168736,0
3819,train,0.5813821,1
3820,train,0.41329426,1
3821,train,0.17331344,1
3822,train,0.470622,1
3830,train,0.5760412,0
3833,train,0.7793047,0
3835,train,0.3322575,1
3837,train,0.5330944,0
3838,train,0.43287864,1
3840,train,0.73995453,0
3841,train,0.4158764,0
3842,train,0.5079062,1
3843,train,0.14157937,1
3848,train,0.16935779,1
3850,train,0.5051988,1
3851,train,0.4800229,1
3859,train,0.52870196,1
3860,train,0.6508701,1
3865,train,0.39642382,1
3875,train,0.096472576,1
3878,train,0.51365954,1
3884,train,0.72897536,1
3887,train,0.6668851,1
3890,train,0.26902822,1
3892,train,0.76302165,0
3893,train,0.27723703,1
3895,train,0.6331254,0
3896,train,0.48067823,1
3902,train,0.5030589,0
3903,train,0.45212707,1
3908,train,0.6190523,1
3912,train,0.5977107,1
3913,train,0.36270052,0
3918,train,0.55355054,0
3919,train,0.5383766,1
3925,train,0.7110049,0
3929,train,0.6694164,0
3932,train,0.51333565,1
3936,train,0.64031214,1
3938,train,0.39697447,1
3939,train,0.8457992,0
3942,train,0.7431052,1
3943,train,0.44377953,1
3945,train,0.52654475,0
3947,train,0.37920725,1
3949,train,0.49927196,1
3954,train,0.4304545,0
3955,train,0.5452589,0
3956,train,0.27538276,1
3957,train,0.760011,0
3963,train,0.54801387,0
3966,train,0.90031254,0
3970,train,0.4486025,1
3972,train,0.63896984,0
3976,train,0.92601776,0
3978,train,0.46732947,1
3980,train,0.34700197,1
3981,train,0.5098832,1
3983,train,0.4547103,1
3984,train,0.62917227,0
3985,train,0.3947529,0
3990,train,0.25085852,1
3992,train,0.6156319,0
3995,train,0.6108268,1
3996,train,0.4788335,1
4002,train,0.7557932,1
4004,train,0.67047244,0
4006,train,0.6392578,1
4009,train,0.23088722,1
4012,train,0.45633078,1
4013,train,0.24881338,1
4015,train,0.57729447,0
4019,train,0.4430906,1
4024,train,0.5342983,0
4026,train,0.67071646,0
4028,train,0.4155163,1
4030,train,0.6508919,0
4035,train,0.690835,0
4038,train,0.1398571,1
4043,train,0.48265484,0
4046,train,0.4847904,1
4048,train,0.16882831,1
4050,train,0.7091426,1
4052,train,0.365079,1
4053,train,0.37940535,1
4055,train,0.4914945,0
4062,train,0.54892886,0
4063,train,0.66732395,0
4066,train,0.62505686,0
4072,train,0.6509125,0
4076,train,0.5957707,1
4079,train,0.6710384,0
4080,train,0.6008945,1
4081,train,0.18861753,1
4086,train,0.5750064,1
4089,train,0.55492926,0
4091,train,0.5926198,1
4093,train,0.3258289,1
4094,train,0.2899126,1
4106,train,0.8146121,0
4113,train,0.1888121,1
4117,train,0.42210338,1
4122,train,0.6673129,0
4125,train,0.50206167,0
4126,train,0.5851424,1
4127,train,0.78687865,1
4128,train,0.5842034,0
4140,train,0.26191252,1
4146,train,0.5796195,0
4148,train,0.633278,1
4151,train,0.7345671,0
4155,train,0.6768081,0
4156,train,0.72179985,0
4158,train,0.41708723,1
4159,train,0.23059566,1
4163,train,0.4660681,0
4165,train,0.4498196,1
4166,train,0.6998305,0
4168,train,0.12897243,1
4173,train,0.2631063,1
4175,train,0.13726717,1
4176,train,0.50289506,1
4180,train,0.5477958,0
4181,train,0.8563226,0
4183,train,0.17544495,1
4184,train,0.5964969,0
4186,train,0.5374748,0
4188,train,0.65831685,1
4191,train,0.59096694,1
4199,train,0.4147641,1
4200,train,0.32149532,1
4201,train,0.86714953,1
4209,train,0.48045847,1
4211,train,0.19117251,1
4212,train,0.40753677,1
4215,train,0.20581922,1
4216,train,0.11706795,1
4217,train,0.624181,1
4232,train,0.44775915,1
4234,train,0.23274739,1
4236,train,0.37184,1
4238,train,0.7507811,1
4239,train,0.74363935,0
4241,train,0.54347545,1
4242,train,0.6147539,1
4256,train,0.56628865,1
4257,train,0.37093425,0
4258,train,0.31850085,1
4259,train,0.7704443,1
4261,train,0.61258155,0
4262,train,0.41825187,1
4263,train,0.7009714,0
4264,train,0.51763755,1
4268,train,0.7687844,0
4280,train,0.5576361,1
4283,train,0.63570535,0
4286,train,0.24799019,1
4287,train,0.6691639,0
4288,train,0.4635452,1
4289,train,0.40202782,0
4299,train,0.51131874,1
4304,train,0.57858247,0
4306,train,0.69847995,0
4308,train,0.2985445,1
4309,train,0.6470935,0
4310,train,0.2846872,1
4311,train,0.42376766,0
4313,train,0.69415873,0
4316,train,0.5280514,1
4318,train,0.57804656,1
4321,train,0.48073167,1
4322,train,0.7616875,0
4328,train,0.24561386,1
4329,train,0.5202874,1
4330,train,0.22793166,1
4336,train,0.47799262,1
4341,train,0.7301248,1
4344,train,0.64361286,0
4348,train,0.6525144,0
4356,train,0.43628564,1
4371,train,0.689249,0
4375,train,0.55629915,1
4376,train,0.5276081,1
4377,train,0.8408919,0
4381,train,0.95582336,0
4384,train,0.4171949,0
4387,train,0.6324113,0
4392,train,0.6617096,1
4393,train,0.61271954,0
4396,train,0.7905063,0
4399,train,0.33740512,1
4401,train,0.5868229,0
4403,train,0.31775486,1
4405,train,0.5746864,1
4407,train,0.7201798,0
4410,train,0.3644326,1
4415,train,0.40673938,1
4418,train,0.62837636,1
4421,train,0.7611712,0
4432,train,0.6090939,0
4437,train,0.5409504,0
4440,train,0.632808,0
4442,train,0.71498126,0
4443,train,0.42153192,1
4448,train,0.5601274,1
4450,train,0.52484053,0
4454,train,0.7189756,0
4458,train,0.4780023,1
4461,train,0.24525946,1
4462,train,0.66782635,0
4463,train,0.12442238,1
4466,train,0.1925225,1
4472,train,0.7391935,0
4475,train,0.8719428,1
4479,train,0.5895359,1
4483,train,0.64326364,0
4484,train,0.26056585,1
4487,train,0.37631977,1
4488,train,0.65343636,1
4491,train,0.8281595,1
4492,train,0.24528046,1
4494,train,0.47179747,1
4504,train,0.58562875,1
4506,train,0.6918926,1
4510,train,0.58223,1
4513,train,0.29016337,0
4515,train,0.8498978,0
4517,train,0.5164372,0
4518,train,0.5128736,1
4520,train,0.28245905,1
4521,train,0.38396066,1
4522,train,0.5962215,0
4525,train,0.56050044,0
4526,train,0.8243831,1
4527,train,0.38387507,1
4531,train,0.5353441,1
4534,train,0.6375875,1
4535,train,0.13709652,1
4542,train,0.80876684,0
4543,train,0.29383364,1
4546,train,0.7159462,0
4547,train,0.5973933,1
4551,train,0.4916733,0
4556,train,0.71444637,0
4557,train,0.60116655,1
4560,train,0.23404394,1
4563,train,0.5092751,0
4566,train,0.52982575,1
4569,train,0.9155925,0
4570,train,0.62514883,0
4574,train,0.5072086,1
4575,train,0.26338574,1
4577,train,0.3593546,1
4579,train,0.39515832,1
4583,train,0.6231303,0
4585,train,0.3135427,1
4588,train,0.3028879,1
4592,train,0.60975796,1
4593,train,0.5955013,1
4594,train,0.7269949,0
4598,train,0.6700148,1
4599,train,0.8338409,0
4600,train,0.48615548,1
4601,train,0.493839,0
4603,train,0.6267404,1
4607,train,0.5820185,0
4608,train,0.55427766,0
4610,train,0.34368697,1
4613,train,0.38106805,1
4614,train,0.28938767,1
4617,train,0.54585457,0
4618,train,0.36635816,1
4622,train,0.82777894,0
4623,train,0.2456442,1
4640,train,0.96422446,0
4641,train,0.4418803,1
4644,train,0.60627496,0
4650,train,0.73391354,0
4654,train,0.63024396,1
4657,train,0.30765924,1
4659,train,0.74538374,1
4660,train,0.49268758,1
4661,train,0.4741798,1
4663,train,0.46798375,1
4669,train,0.58035165,0
4670,train,0.87217057,0
4678,train,0.3606174,1
4680,train,0.5478119,1
4682,train,0.5770153,0
4683,train,0.59650314,0
4687,train,0.43854865,1
4688,train,0.62797326,0
4689,train,0.61307937,0
4690,train,0.49843627,1
4692,train,0.57540905,0
4695,train,0.5863185,1
4697,train,0.67440474,0
4698,train,0.35551348,1
4701,train,0.6168239,1
4702,train,0.74623305,0
4704,train,0.32904536,1
4705,train,0.6373315,0
4706,train,0.3184879,1
4707,train,0.19699463,1
4708,train,0.4722056,1
4714,train,0.57378584,1
4715,train,0.6903121,1
4717,train,0.83453757,0
4731,train,0.7283291,0
4733,train,0.22521001,1
4736,train,0.9370574,0
4739,train,0.8041348,0
4745,train,0.7235471,0
4746,train,0.57733196,1
4748,train,0.1769877,1
4750,train,0.42093635,1
4753,train,0.30642235,1
4755,train,0.5555948,1
4759,train,0.13411197,1
4763,train,0.256666,1
4768,train,0.61581415,1
4771,train,0.9663522,0
4774,train,0.7109727,0
4782,train,0.68444103,0
4783,train,0.82190657,0
4788,train,0.7806784,0
4794,train,0.5599983,0
4795,train,0.37081653,0
4797,train,0.45558947,1
4798,train,0.6759499,0
4799,train,0.6234385,1
4800,train,0.88196516,1
4801,train,0.9104941,0
4802,train,0.5134719,1
4803,train,0.3787634,1
4806,train,0.71012664,0
4811,train,0.562683,0
4814,train,0.4404996,1
4816,train,0.5990674,0
4821,train,0.50016904,0
4823,train,0.8876414,1
4825,train,0.20897134,1
4827,train,0.7551509,0
4828,train,0.47282594,1
4829,train,0.67605555,0
4830,train,0.09382807,1
4831,train,0.27365503,1
4832,train,0.76055723,0
4835,train,0.7148433,1
4837,train,0.7848079,0
4839,train,0.68110156,0
4840,train,0.7957007,0
4842,train,0.69433266,0
4846,train,0.5867023,1
4848,train,0.7728466,0
4850,train,0.60729617,1
4851,train,0.40662777,0
4855,train,0.35603943,1
4856,train,0.8595181,1
4858,train,0.7580244,0
4860,train,0.5243496,1
4867,train,0.6969297,1
4872,train,0.56881815,0
4875,train,0.5310215,1
4879,train,0.58942556,0
4882,train,0.31177393,1
4884,train,0.38780844,1
4892,train,0.3875774,1
4894,train,0.68109584,0
4900,train,0.7964709,0
4904,train,0.5079886,1
4907,train,0.21875076,1
4910,train,0.73693186,0
4912,train,0.604158,0
4913,train,0.44784898,1
4915,train,0.675968,1
4917,train,0.3434138,1
4919,train,0.6859238,0
4920,train,0.4435452,1
4921,train,0.7402428,1
4924,train,0.44516644,0
4927,train,0.5452321,1
4929,train,0.50351954,1
4930,train,0.2569313,1
4932,train,0.57369345,1
4933,train,0.5706952,1
4936,train,0.8434422,0
4937,train,0.8249363,0
4938,train,0.6325933,0
4942,train,0.33711764,1
4944,train,0.42259225,1
4947,train,0.56119734,1
4949,train,0.3562597,1
4953,train,0.19343568,1
4956,train,0.6995972,0
4962,train,0.6743661,1
4972,train,0.20306209,1
4974,train,0.45752108,1
4979,train,0.61990255,1
4988,train,0.5103346,1
4989,train,0.3980919,1
4990,train,0.6872873,0
4999,train,0.6389376,1
5003,train,0.7755926,0
5008,train,0.54658693,1
5009,train,0.91492474,0
5016,train,0.3012125,1
5018,train,0.604303,1
5019,train,0.51768756,0
5021,train,0.4100022,1
5022,train,0.58389014,0
5024,train,0.3905711,1
5029,train,0.46977443,1
5034,train,0.3505396,1
5036,train,0.7540082,0
5037,train,0.61253256,0
5039,train,0.3646201,0
5040,train,0.20580292,1
5041,train,0.8096045,0
5042,train,0.2784084,1
5043,train,0.54922926,1
5050,train,0.6331329,1
5052,train,0.3453889,1
5053,train,0.6714996,0
5056,train,0.5252134,1
5057,train,0.6912248,0
5059,train,0.51080585,0
5067,train,0.43118104,1
5072,train,0.5285359,1
5076,train,0.5605738,1
5077,train,0.63536364,0
5078,train,0.5273878,0
5081,train,0.9820197,0
5082,train,0.36978447,1
5084,train,0.28201148,1
5086,train,0.28413236,1
5088,train,0.4529341,1
5089,train,0.19904508,1
5091,train,0.721189,1
5098,train,0.5195246,0
5099,train,0.6469693,0
5103,train,0.28420615,1
5106,train,0.59382045,0
5108,train,0.63247824,0
5109,train,0.74188787,0
5110,train,0.5411891,0
5113,train,0.60105646,1
5118,train,0.39795288,0
5119,train,0.19747451,1
5123,train,0.28943977,0
5124,train,0.95466286,0
5127,train,0.6433269,0
5129,train,0.5158807,0
5130,train,0.45209178,1
5132,train,0.51009214,1
5136,train,0.6729604,0
5138,train,0.36882842,1
5141,train,0.5486771,1
5144,train,0.5261197,1
5148,train,0.55968416,0
5150,train,0.37772512,1
5155,train,0.53739226,0
5156,train,0.5471314,0
5157,train,0.57608074,1
5160,train,0.573183,1
5162,train,0.47618032,1
5164,train,0.80738,0
5165,train,0.66703284,0
5166,train,0.39585224,1
5172,train,0.47763574,1
5173,train,0.68124455,0
5174,train,0.54406625,1
5178,train,0.9319325,0
5185,train,0.6871319,0
5190,train,0.6995997,0
5191,train,0.45599455,1
5194,train,0.27743092,1
5197,train,0.76832896,0
5198,train,0.9475758,0
5199,train,0.6726804,0
5202,train,0.6577593,0
5203,train,0.52564144,0
5205,train,0.61238676,0
5208,train,0.57342106,1
5209,train,0.6571557,0
5213,train,0.47502917,1
5215,train,0.5163063,0
5219,train,0.6722153,0
5225,train,0.26584196,1
5226,train,0.6395758,1
5227,train,0.42913556,1
5229,train,0.5524978,1
5234,train,0.55838656,1
5235,train,0.63621914,0
5242,train,0.44275212,1
5247,train,0.5774199,0
5250,train,0.35942253,1
5254,train,0.45916122,1
5255,train,0.54490495,0
5258,train,0.59967935,1
5259,train,0.5922654,1
5266,train,0.59095836,1
5268,train,0.69201815,0
5272,train,0.3441681,1
5275,train,0.4451022,1
5279,train,0.53339213,0
5281,train,0.5602955,1
5283,train,0.7293728,0
5285,train,0.5705388,0
5288,train,0.7786957,0
5290,train,0.54707664,0
5294,train,0.6714576,0
5296,train,0.24909167,1
5298,train,0.43494365,1
5299,train,0.6944653,0
5300,train,0.47113922,1
5302,train,0.44856104,1
5304,train,0.67797565,0
5305,train,0.60361356,1
5306,train,0.61126924,0
5310,train,0.54776645,1
5311,train,0.40082455,1
5312,train,0.57235813,1
5313,train,0.78819203,0
5317,train,0.75129145,1
5320,train,0.3466101,1
5323,train,0.37630403,1
5324,train,0.7382451,1
5327,train,0.7246181,0
5330,train,0.65686816,1
5331,train,0.21789655,1
5332,train,0.5370305,1
5333,train,0.42476135,0
5334,train,0.8093625,1
5339,train,0.60193235,1
5340,train,0.52044916,0
5342,train,0.19014646,1
5346,train,0.5706535,1
5347,train,0.5362267,0
5348,train,0.45110378,0
5350,train,0.7533898,0
5351,train,0.57208973,1
5358,train,0.25593415,1
5359,train,0.7419776,0
5365,train,0.2463538,1
5367,train,0.53929657,1
5369,train,0.12555829,1
5371,train,0.51009095,0
5375,train,0.46281254,0
5377,train,0.9417836,0
5378,train,0.789794,0
5385,train,0.592397,1
5390,train,0.20266165,1
5393,train,0.5725643,1
5394,train,0.6971479,0
5396,train,0.6656007,1
5397,train,0.521533,1
5401,train,0.7461775,0
5407,train,0.6292409,0
5408,train,0.724661,1
5409,train,0.48662597,1
5413,train,0.46247715,1
5414,train,0.40389603,1
5415,train,0.6290344,0
5416,train,0.40936476,1
5417,train,0.6092112,0
5420,train,0.45923313,1
5421,train,0.5702017,0
5423,train,0.8377336,1
5424,train,0.78898823,0
5426,train,0.555533,1
5429,train,0.32982153,1
5430,train,0.65039486,1
5431,train,0.17794062,1
5432,train,0.46873087,1
5433,train,0.5005876,1
5437,train,0.76525253,0
5441,train,0.30213517,1
5443,train,0.59102696,1
5444,train,0.16733414,1
5448,train,0.69934434,0
5451,train,0.44758102,1
5454,train,0.18412094,1
5455,train,0.6584321,0
5456,train,0.6318442,1
5459,train,0.5454749,0
5469,train,0.7382675,0
5470,train,0.28122216,1
5479,train,0.44613108,0
5481,train,0.4891578,0
5483,train,0.4232355,0
5484,train,0.79579055,0
5489,train,0.8149832,0
5494,train,0.8894922,0
5495,train,0.8867771,0
5496,train,0.56652683,1
5497,train,0.63472766,1
5501,train,0.68176377,0
5502,train,0.69088954,1
5504,train,0.69795257,1
5505,train,0.4121659,0
5507,train,0.16740493,1
5513,train,0.5123291,1
5514,train,0.3571843,1
5520,train,0.9028157,0
5521,train,0.51412094,1
5528,train,0.5342364,1
5539,train,0.7859177,1
5543,train,0.6190492,1
5544,train,0.41375822,1
5551,train,0.78536695,0
5554,train,0.22765021,0
5555,train,0.5614125,1
5556,train,0.5455435,0
5562,train,0.5914709,0
5563,train,0.44072774,1
5564,train,0.5565224,1
5566,train,0.6822569,0
5569,train,0.7007149,0
5571,train,0.6255697,0
5575,train,0.5353341,0
5578,train,0.7905959,0
5582,train,0.5813127,1
5584,train,0.5496527,1
5586,train,0.7443517,1
5588,train,0.6486477,0
5591,train,0.58542323,0
5599,train,0.66021633,0
5600,train,0.5770801,1
5601,train,0.24439694,1
5606,train,0.67442906,1
5607,train,0.9058809,0
5609,train,0.5973908,0
5614,train,0.5605302,0
5615,train,0.73197997,0
5619,train,0.09803694,1
5620,train,0.17823172,1
5621,train,0.5212105,1
5624,train,0.828767,0
5625,train,0.1539926,1
5626,train,0.50609434,1
5627,train,0.6836438,0
5631,train,0.52406555,0
5632,train,0.27923363,1
5633,train,0.6137665,0
5637,train,0.7523935,0
5638,train,0.58292216,0
5644,train,0.57464683,1
5647,train,0.44391632,1
5649,train,0.1828565,1
5652,train,0.75103295,1
5654,train,0.36171585,1
5655,train,0.5579235,0
5658,train,0.7214484,1
5659,train,0.5502648,1
5662,train,0.6821932,0
5666,train,0.4806166,1
5677,train,0.7841942,0
5680,train,0.3959884,1
5687,train,0.58503157,0
5688,train,0.29042903,1
5689,train,0.519495,0
5690,train,0.81740457,0
5691,train,0.7487577,0
5695,train,0.45175403,1
5696,train,0.56116223,0
5697,train,0.32842097,1
5702,train,0.51661843,0
5703,train,0.6627653,0
5705,train,0.9358037,0
5706,train,0.5206278,0
5707,train,0.55639017,0
5713,train,0.27639142,1
5716,train,0.24046095,1
5717,train,0.5284496,1
5725,train,0.7528825,0
5728,train,0.11441301,1
5729,train,0.64807004,0
5731,train,0.7401447,1
5734,train,0.44793046,1
5735,train,0.9169729,0
5736,train,0.42728028,1
5739,train,0.74276954,0
5741,train,0.5420965,1
5744,train,0.44604683,1
5749,train,0.7382399,0
5751,train,0.70717853,0
5752,train,0.5531532,1
5753,train,0.7441351,1
5756,train,0.7999603,0
5757,train,0.7170205,0
5759,train,0.524374,1
5761,train,0.6057633,0
5767,train,0.44838974,1
5770,train,0.50357896,1
5779,train,0.36468136,0
5786,train,0.57496727,0
5789,train,0.7432404,1
5794,train,0.2471615,1
5797,train,0.46879023,1
5799,train,0.28220317,1
5800,train,0.2710477,1
5801,train,0.9364373,0
5803,train,0.5438013,1
5808,train,0.8171509,0
5809,train,0.17459257,1
5818,train,0.13778156,1
5822,train,0.6215187,1
5825,train,0.5787896,1
5827,train,0.51634884,1
5830,train,0.6947764,1
5831,train,0.5861015,1
5834,train,0.48393896,1
5837,train,0.6800157,1
5839,train,0.10786547,1
5840,train,0.515485,1
5847,train,0.3462331,0
5850,train,0.6261285,0
5855,train,0.64554054,0
5856,train,0.6172234,1
5862,train,0.63082135,0
5870,train,0.56871533,1
5871,train,0.7303382,1
5874,train,0.49509138,0
5875,train,0.77894497,0
5877,train,0.60828364,0
5879,train,0.37789053,1
5880,train,0.63532144,0
5885,train,0.72520506,0
5887,train,0.49706784,1
5888,train,0.29873732,1
5891,train,0.57637835,0
5894,train,0.57712,0
5896,train,0.28912947,1
5903,train,0.12772669,1
5904,train,0.3436654,1
5907,train,0.46154523,1
5908,train,0.35491043,1
5910,train,0.26289105,1
5911,train,0.61046165,1
5923,train,0.46269733,1
5925,train,0.44979677,1
5932,train,0.63463944,0
5934,train,0.15629798,1
5939,train,0.22220995,1
5940,train,0.49699926,0
5941,train,0.58825415,0
5942,train,0.54131883,0
5951,train,0.61685777,1
5954,train,0.5248674,1
5959,train,0.36868268,1
5964,train,0.46402624,0
5965,train,0.45742053,0
5967,train,0.5433354,1
5974,train,0.5547741,0
5978,train,0.6916765,0
5981,train,0.534504,0
5988,train,0.09989387,1
5989,train,0.40047237,1
5993,train,0.97736424,0
5996,train,0.74295235,0
5997,train,0.7074299,0
5999,train,0.12841234,1
6000,train,0.59678566,1
6002,train,0.58340585,0
6003,train,0.537039,1
6005,train,0.3256826,1
6008,train,0.27517503,1
6009,train,0.59795123,0
6011,train,0.7166392,0
6012,train,0.36502585,1
6014,train,0.6224483,1
6015,train,0.53701967,1
6016,train,0.48316944,1
6017,train,0.65961766,0
6020,train,0.32601702,1
6022,train,0.5941808,0
6026,train,0.7109663,1
6027,train,0.6583056,0
6031,train,0.20344526,1
6038,train,0.42914465,0
6039,train,0.5455739,0
6044,train,0.5778388,1
6045,train,0.55536675,0
6046,train,0.423803,1
6050,train,0.3648564,1
6052,train,0.7634936,1
6053,train,0.20938426,1
6054,train,0.15197223,1
6055,train,0.6030248,1
6056,train,0.46724424,1
6058,train,0.59351623,0
6059,train,0.71045166,1
6063,train,0.8319645,0
6064,train,0.5354894,1
6072,train,0.41697916,0
6077,train,0.38964647,1
6079,train,0.5055776,0
6082,train,0.4274667,1
6093,train,0.7347685,1
6094,train,0.38672516,1
6096,train,0.36582056,0
6101,train,0.24921036,1
6103,train,0.67713606,0
6104,train,0.2840925,1
6106,train,0.6467411,1
6111,train,0.7150597,0
6121,train,0.7101586,1
6122,train,0.5419932,0
6127,train,0.28055,1
6128,train,0.658214,0
6129,train,0.6194634,0
6131,train,0.21753602,1
6132,train,0.55078006,0
6135,train,0.22302765,1
6140,train,0.3031786,1
6141,train,0.46672875,0
6143,train,0.52077705,0
6144,train,0.31773862,1
6145,train,0.6441026,0
6146,train,0.76143223,0
6149,train,0.14536363,1
6150,train,0.40977958,0
6151,train,0.4723751,1
6153,train,0.72617877,1
6156,train,0.70972496,1
6159,train,0.13786283,1
6167,train,0.34369445,1
6168,train,0.3338681,1
6175,train,0.21166898,1
6177,train,0.36230132,1
6184,train,0.7374366,0
6187,train,0.4387014,1
6188,train,0.3489628,1
6196,train,0.7578518,0
6197,train,0.5070683,1
6198,train,0.7339942,1
6204,train,0.5245474,0
6213,train,0.49080938,0
6214,train,0.57764435,1
6217,train,0.80086017,0
6218,train,0.71407014,0
6220,train,0.19551636,1
6225,train,0.8097799,0
6226,train,0.6096052,1
6232,train,0.6339219,1
6233,train,0.24588065,1
6234,train,0.6798372,0
6237,train,0.16597159,1
6238,train,0.40629292,1
6241,train,0.49726924,1
6248,train,0.35414472,1
6249,train,0.40749875,1
6250,train,0.65365857,0
6251,train,0.57112783,0
6253,train,0.53265923,0
6255,train,0.8165457,0
6256,train,0.41253215,1
6261,train,0.5669141,0
6266,train,0.6323196,1
6267,train,0.60871816,0
6268,train,0.23526134,0
6269,train,0.6299367,0
6271,train,0.60018075,1
6275,train,0.4551379,1
6277,train,0.47531638,0
6286,train,0.5057129,1
6287,train,0.5913759,1
6289,train,0.52437747,0
6293,train,0.24797565,1
6294,train,0.5638067,1
6296,train,0.68922895,0
6298,train,0.64379,1
6306,train,0.7002483,0
6308,train,0.52428806,1
6309,train,0.4402907,1
6316,train,0.54571515,1
6318,train,0.50206375,0
6319,train,0.74550456,0
6322,train,0.51685643,1
6324,train,0.75994366,1
6326,train,0.16868503,1
6330,train,0.7066737,0
6331,train,0.6042795,0
6336,train,0.7142096,1
6339,train,0.40690064,1
6342,train,0.9149814,0
6343,train,0.38895422,1
6344,train,0.74247295,0
6345,train,0.74975723,0
6351,train,0.15505518,1
6359,train,0.13775851,1
6360,train,0.5147309,1
6365,train,0.5734384,0
6366,train,0.27858907,1
6367,train,0.8322061,0
6368,train,0.2408259,1
6370,train,0.71943337,0
6371,train,0.47814772,1
6372,train,0.61927897,1
6374,train,0.67568505,0
6375,train,0.579948,1
6376,train,0.64069366,0
6377,train,0.45040166,1
6379,train,0.49333966,1
6381,train,0.6010111,0
6382,train,0.4028107,1
6384,train,0.5679845,0
6387,train,0.77240235,0
6391,train,0.53768915,0
6393,train,0.62117416,1
6394,train,0.736746,0
6400,train,0.28211114,1
6401,train,0.52885383,1
6403,train,0.47545135,1
6406,train,0.6237372,0
6407,train,0.23437284,1
6409,train,0.62784266,0
6412,train,0.5788046,1
6413,train,0.53822714,0
6415,train,0.5707847,0
6416,train,0.35594723,1
6419,train,0.81027955,1
6429,train,0.29327154,1
6431,train,0.49031198,1
6434,train,0.22718151,1
6442,train,0.6526513,1
6447,train,0.44554746,1
6452,train,0.76989204,0
6453,train,0.23649587,1
6456,train,0.5576241,1
6457,train,0.57036203,1
6459,train,0.5143543,1
6460,train,0.5950894,0
6463,train,0.6436816,0
6465,train,0.7170519,0
6466,train,0.3784923,1
6471,train,0.5664061,1
6473,train,0.5759697,1
6475,train,0.2524448,1
6479,train,0.5940188,0
6482,train,0.47626045,1
6483,train,0.7359447,0
6487,train,0.48397017,1
6488,train,0.92861485,0
6490,train,0.51813924,0
6491,train,0.5741253,1
6493,train,0.5214973,1
6494,train,0.42527553,1
6495,train,0.59197634,1
6496,train,0.5438966,1
6499,train,0.45745477,1
6500,train,0.47600985,0
6506,train,0.4306842,1
6508,train,0.24796811,1
6509,train,0.71418995,0
6512,train,0.41795644,1
6514,train,0.22204041,1
6515,train,0.4696441,1
6517,train,0.51440305,0
6519,train,0.62218195,1
6520,train,0.43419158,1
6521,train,0.2561699,1
6522,train,0.54529643,1
6529,train,0.6243555,1
6533,train,0.39826128,1
6535,train,0.91060114,0
6536,train,0.48535368,0
6537,train,0.8645789,1
6541,train,0.5595998,1
6543,train,0.62260884,0
6544,train,0.4327359,1
6545,train,0.42488566,1
6548,train,0.84984094,0
6549,train,0.76194835,0
6550,train,0.54042625,1
6551,train,0.244961,1
6557,train,0.852921,0
6563,train,0.92927766,0
6564,train,0.23617266,1
6565,train,0.65907055,1
6567,train,0.58062774,0
6568,train,0.61443,0
6569,train,0.60920787,0
6570,train,0.5294213,1
6572,train,0.642266,0
6573,train,0.4710012,1
6574,train,0.11267495,1
6580,train,0.51989496,0
6583,train,0.8668681,0
6585,train,0.44814268,1
6589,train,0.41341758,1
6590,train,0.47818893,1
6592,train,0.52385044,0
6595,train,0.9349128,0
6596,train,0.54962504,1
6597,train,0.39142182,1
6598,train,0.47984615,1
6603,train,0.41182014,1
6604,train,0.33999208,1
6605,train,0.2578639,1
6612,train,0.7138131,1
6613,train,0.7014365,0
6614,train,0.35893804,0
6615,train,0.3827118,1
6616,train,0.38773936,1
6617,train,0.61897117,1
6618,train,0.23137845,1
6620,train,0.28718472,0
6621,train,0.58481723,0
6622,train,0.51228374,0
6623,train,0.31656405,1
6629,train,0.388848,1
6630,train,0.52905774,1
6632,train,0.7459889,0
6633,train,0.52022785,0
6634,train,0.8273176,0
6635,train,0.54379046,1
6640,train,0.6820698,0
6641,train,0.36246106,1
6643,train,0.59716207,1
6645,train,0.08503879,1
6648,train,0.6660041,0
6650,train,0.5919808,1
6651,train,0.58645606,0
6653,train,0.6880035,0
6657,train,0.4930053,1
6661,train,0.67913204,0
6662,train,0.29069486,1
6663,train,0.79124606,0
6664,train,0.6165011,1
6670,train,0.6311334,1
6672,train,0.4424772,1
6675,train,0.7832271,0
6678,train,0.8300705,0
6679,train,0.44064108,1
6681,train,0.44174606,1
6682,train,0.39617068,1
6683,train,0.4482114,1
6684,train,0.29602766,1
6685,train,0.32823893,1
6694,train,0.7574829,1
6695,train,0.36982027,1
6696,train,0.61172646,1
6698,train,0.47839025,1
6699,train,0.5671317,1
6701,train,0.6432183,1
6703,train,0.23052432,1
6704,train,0.5892492,0
6706,train,0.65769005,0
6711,train,0.3464733,1
6713,train,0.72941214,0
6714,train,0.2132352,1
6716,train,0.66766167,0
6717,train,0.47063154,1
6721,train,0.20567243,1
6722,train,0.4331014,1
6724,train,0.16751954,1
6727,train,0.47363988,0
6731,train,0.5184378,1
6732,train,0.59921676,1
6742,train,0.63604414,0
6745,train,0.5164675,1
6748,train,0.58735955,0
6749,train,0.36260617,1
6750,train,0.71052283,0
6752,train,0.4926018,1
6753,train,0.20098343,1
6754,train,0.7480609,1
6757,train,0.6318331,0
6758,train,0.829058,0
6759,train,0.4431288,1
6761,train,0.6668492,0
6762,train,0.5911975,1
6763,train,0.61376107,0
6770,train,0.5674425,1
6771,train,0.605017,0
6774,train,0.41004017,1
6776,train,0.4397754,0
6777,train,0.8713188,1
6778,train,0.6629407,1
6779,train,0.6157176,0
6782,train,0.47232324,1
6784,train,0.6450693,0
6785,train,0.15636434,1
6788,train,0.45789182,1
6789,train,0.6677737,0
6790,train,0.50509524,1
6794,train,0.52210975,1
6795,train,0.6843287,0
6796,train,0.6572113,0
6801,train,0.7052185,0
6802,train,0.40824118,1
6803,train,0.839523,0
6805,train,0.2772238,1
6807,train,0.5032388,1
6812,train,0.1667879,1
6815,train,0.63777417,0
6817,train,0.6092554,0
6822,train,0.80899054,0
6832,train,0.21579057,1
6835,train,0.46054915,1
6837,train,0.63647217,0
6840,train,0.56190056,1
6841,train,0.66364455,0
6842,train,0.6458541,0
6845,train,0.6304935,0
6846,train,0.53788126,1
6849,train,0.53136796,0
6851,train,0.49601138,1
6853,train,0.6597578,0
6854,train,0.48508245,1
6855,train,0.24668434,1
6859,train,0.6942183,0
6863,train,0.72776955,1
6866,train,0.29458347,1
6867,train,0.54350615,0
6868,train,0.8411673,0
6870,train,0.35302398,1
6876,train,0.73591137,0
6878,train,0.38245746,1
6880,train,0.08700766,1
6881,train,0.64108074,0
6886,train,0.22539298,1
6887,train,0.3068903,1
6888,train,0.54052407,1
6891,train,0.9516462,0
6892,train,0.74520105,0
6893,train,0.6839109,1
6894,train,0.90452397,0
6897,train,0.6781545,0
6899,train,0.19168785,1
6901,train,0.43812037,1
6902,train,0.3794093,1
6903,train,0.80109096,1
6905,train,0.76358074,1
6906,train,0.5133953,0
6910,train,0.5172976,0
6911,train,0.5149995,1
6912,train,0.4314426,0
6914,train,0.7163437,0
6915,train,0.5918839,1
6917,train,0.45565796,0
6920,train,0.49868378,1
6923,train,0.43730426,0
6925,train,0.63354987,0
6926,train,0.66166365,0
6928,train,0.90231794,0
6930,train,0.59780866,1
6933,train,0.32703182,1
6935,train,0.54502004,0
6936,train,0.5665978,1
6937,train,0.79729253,0
6938,train,0.76238465,0
6939,train,0.33365482,0
6941,train,0.72286403,0
6942,train,0.6995282,0
6946,train,0.38269833,1
6950,train,0.49739265,1
6952,train,0.55503565,0
6953,train,0.6743109,0
6954,train,0.71014637,0
6957,train,0.57644933,1
6962,train,0.78687763,0
6963,train,0.9004897,0
6964,train,0.5175039,0
6966,train,0.5778785,1
6967,train,0.95053184,0
6968,train,0.83543295,0
6971,train,0.32638463,1
6973,train,0.79607534,0
6976,train,0.70423317,1
6979,train,0.52635497,1
6982,train,0.9747218,0
6984,train,0.6484917,1
6986,train,0.15221214,1
6987,train,0.76304775,0
6990,train,0.58781374,0
6998,train,0.57304573,1
6999,train,0.74988806,0
7000,train,0.40834564,0
7002,train,0.17939785,1
7006,train,0.6820067,0
7007,train,0.44559452,1
7011,train,0.5923096,1
7012,train,0.497848,1
7018,train,0.5227266,1
7021,train,0.50827575,0
7023,train,0.42239743,1
7024,train,0.2521538,1
7025,train,0.44099212,1
7028,train,0.550384,1
7030,train,0.25263166,0
7031,train,0.84969956,0
7032,train,0.8198377,0
7033,train,0.2898372,1
7034,train,0.52811396,0
7035,train,0.71352273,0
7037,train,0.931695,1
7038,train,0.48988673,1
7042,train,0.5250517,1
7043,train,0.46041763,1
7044,train,0.5700623,0
7045,train,0.90125495,0
7046,train,0.5229187,1
7050,train,0.52524775,1
7051,train,0.6844033,1
7052,train,0.57297003,0
7054,train,0.7969545,0
7056,train,0.31005725,1
7059,train,0.34683958,1
7061,train,0.23890302,1
7063,train,0.6472592,1
7066,train,0.61348146,1
7070,train,0.45496884,1
7073,train,0.53240585,0
7074,train,0.70427024,0
7076,train,0.24731217,1
7079,train,0.5158261,0
7081,train,0.16489936,1
7082,train,0.7275979,0
7083,train,0.54589224,1
7085,train,0.5536872,0
7086,train,0.29367542,1
7087,train,0.71884537,0
7088,train,0.24547584,1
7090,train,0.14564584,1
7091,train,0.38626894,0
7092,train,0.4838019,1
7097,train,0.8005098,0
7098,train,0.5255821,1
7102,train,0.9361681,0
7103,train,0.59735286,0
7106,train,0.5209987,0
7111,train,0.63093126,1
7113,train,0.63013744,1
7118,train,0.6928478,1
7121,train,0.7080694,1
7129,train,0.6853268,1
7130,train,0.63525146,0
7132,train,0.48496675,0
7135,train,0.5297098,0
7141,train,0.786223,1
7142,train,0.77820355,0
7148,train,0.5470342,1
7149,train,0.46012664,1
7150,train,0.54268676,1
7151,train,0.4323531,1
7152,train,0.47091505,1
7157,train,0.533116,1
7159,train,0.6481802,0
7162,train,0.32355705,0
7163,train,0.28787616,1
7166,train,0.570294,0
7168,train,0.26737833,1
7169,train,0.34787545,1
7170,train,0.5535339,1
7173,train,0.7366167,0
7174,train,0.28220335,1
7175,train,0.17476124,1
7178,train,0.5616803,0
7181,train,0.41331148,1
7182,train,0.51017886,0
7183,train,0.1960861,1
7185,train,0.30624425,1
7187,train,0.52475554,1
7189,train,0.4665409,1
7190,train,0.46161765,1
7194,train,0.3832104,1
7196,train,0.20393337,1
7199,train,0.23447515,1
7203,train,0.45592102,1
7204,train,0.46633372,1
7207,train,0.6721814,1
7209,train,0.49290264,0
7211,train,0.5247321,1
7216,train,0.56628895,1
7221,train,0.54453284,0
7222,train,0.54649216,1
7224,train,0.22508952,1
7229,train,0.47704035,0
7230,train,0.49107113,1
7234,train,0.47429487,0
7235,train,0.6073251,0
7238,train,0.42544085,0
7244,train,0.7996705,0
7245,train,0.50477505,0
7249,train,0.7231783,0
7250,train,0.6327549,1
7253,train,0.505026,1
7254,train,0.62192076,1
7255,train,0.89772516,0
7256,train,0.44752294,1
7257,train,0.60091096,1
7258,train,0.56878036,0
7259,train,0.3874197,0
7260,train,0.9191935,0
7263,train,0.7675595,0
7266,train,0.6245452,1
7269,train,0.64962566,1
7271,train,0.7247611,1
7272,train,0.4218017,1
7277,train,0.550393,0
7278,train,0.66300887,0
7279,train,0.49927554,0
7280,train,0.2776263,1
7282,train,0.80875427,0
7285,train,0.59774375,1
7286,train,0.3044458,1
7289,train,0.64562947,1
7290,train,0.56730103,1
7291,train,0.72563064,1
7293,train,0.67324454,0
7294,train,0.82503927,1
7296,train,0.50622755,0
7299,train,0.7670941,0
7300,train,0.59385204,0
7306,train,0.703463,1
7307,train,0.70094514,0
7309,train,0.7016355,1
7310,train,0.5730067,1
7312,train,0.5360795,1
7314,train,0.37732732,1
7318,train,0.63540953,0
7321,train,0.5854949,0
7322,train,0.45008337,1
7323,train,0.6713484,1
7324,train,0.61452067,0
7325,train,0.9137093,0
7327,train,0.7891142,0
7328,train,0.17989874,1
7329,train,0.51651615,0
7330,train,0.6807451,1
7331,train,0.60138786,1
7332,train,0.64971983,0
7334,train,0.4562844,1
7335,train,0.54867095,0
7337,train,0.7456054,0
7338,train,0.86442727,1
7340,train,0.601111,0
7341,train,0.6547643,1
7342,train,0.70389974,1
7343,train,0.5207728,0
7345,train,0.5977276,0
7346,train,0.22952144,1
7349,train,0.5856652,0
7350,train,0.53309476,0
7354,train,0.6455423,0
7355,train,0.448971,1
7356,train,0.56781775,1
7357,train,0.2609735,1
7359,train,0.7387063,1
7361,train,0.37706342,0
7362,train,0.46024078,1
7363,train,0.60687333,1
7366,train,0.5126705,1
7367,train,0.70896494,0
7371,train,0.4244612,0
7374,train,0.39934954,1
7375,train,0.5582389,1
7376,train,0.41437525,1
7377,train,0.49734357,1
7378,train,0.54454446,0
7381,train,0.5773537,1
7382,train,0.51196563,1
7383,train,0.7463683,0
7388,train,0.6074284,0
7393,train,0.6982502,0
7396,train,0.5973709,1
7398,train,0.4586619,1
7400,train,0.6605969,1
7401,train,0.4806464,1
7402,train,0.9274816,0
7403,train,0.5822108,1
7412,train,0.58392704,1
7415,train,0.67673916,0
7416,train,0.74100095,0
7425,train,0.47348222,0
7426,train,0.57609427,0
7428,train,0.28129497,0
7431,train,0.83507097,0
7434,train,0.41463995,1
7436,train,0.3128621,1
7437,train,0.5720668,0
7439,train,0.52496415,1
7444,train,0.698303,1
7445,train,0.47858328,1
7448,train,0.5429242,0
7449,train,0.67012376,0
7450,train,0.4580111,1
7451,train,0.68740565,0
7452,train,0.7398011,1
7453,train,0.5156359,1
7456,train,0.5289446,0
7458,train,0.7299315,0
7459,train,0.31550622,1
7461,train,0.6779889,0
7463,train,0.61026984,1
7464,train,0.56183225,1
7465,train,0.44961643,1
7466,train,0.534684,0
7467,train,0.49149936,0
7468,train,0.3210222,0
7469,train,0.569637,0
7473,train,0.6173298,0
7474,train,0.81565607,0
7475,train,0.52455455,1
7476,train,0.6692851,0
7482,train,0.72680795,0
7485,train,0.54679126,0
7486,train,0.55973274,0
7489,train,0.54182386,1
7490,train,0.72694,0
7492,train,0.53039384,1
7493,train,0.3532218,1
7494,train,0.964091,0
7496,train,0.7974111,0
7498,train,0.55210006,1
7499,train,0.5294585,1
7501,train,0.6573121,0
7502,train,0.6027133,1
7503,train,0.37058276,1
7505,train,0.6685535,0
7507,train,0.64060616,0
7508,train,0.7163387,0
7509,train,0.49326423,1
7510,train,0.29656774,1
7511,train,0.46397683,0
7518,train,0.7748573,0
7523,train,0.6445568,1
7529,train,0.6925379,0
7531,train,0.7079454,0
7539,train,0.27815878,0
7541,train,0.6936295,0
7543,train,0.5377956,0
7544,train,0.58688635,0
7545,train,0.28088933,1
7547,train,0.717226,1
7549,train,0.7168079,0
7551,train,0.6337163,0
7552,train,0.49858972,1
7557,train,0.96425915,0
7558,train,0.58620566,0
7560,train,0.5736902,1
7561,train,0.61109173,0
7562,train,0.57677865,1
7563,train,0.56085473,0
7564,train,0.63130105,1
7567,train,0.59082454,0
7568,train,0.73900926,0
7569,train,0.50232357,1
7571,train,0.76217717,0
7574,train,0.6772667,0
7576,train,0.69137585,0
7583,train,0.22137773,0
7587,train,0.17825973,1
7588,train,0.2605343,1
7591,train,0.54361564,1
7593,train,0.73593104,0
7596,train,0.69737846,0
7597,train,0.78400964,0
7600,train,0.6462203,1
7603,train,0.7052092,1
7604,train,0.5137752,0
7606,train,0.49752876,1
7608,train,0.6518054,0
7611,train,0.62184304,1
7613,train,0.4389849,0
7615,train,0.6292579,1
7616,train,0.48056754,1
7621,train,0.52973723,1
7622,train,0.7807728,1
7625,train,0.6109863,1
7627,train,0.2958782,0
7628,train,0.48612413,0
7631,train,0.17104223,1
7632,train,0.613856,1
7633,train,0.55191654,1
7635,train,0.43268803,1
7636,train,0.50584114,0
7638,train,0.7349104,1
7639,train,0.19919379,0
7641,train,0.64824575,1
7642,train,0.6299073,0
7644,train,0.6676442,0
7645,train,0.4005948,0
7646,train,0.6701533,1
7647,train,0.56781214,1
7649,train,0.77015823,0
7652,train,0.4423522,0
7654,train,0.2855226,1
7660,train,0.55846244,0
7661,train,0.67222464,0
7664,train,0.7450711,0
7665,train,0.84246606,0
7667,train,0.35874858,1
7668,train,0.5659535,1
7671,train,0.69211084,0
7674,train,0.54291326,1
7675,train,0.653546,1
7676,train,0.7084279,1
7677,train,0.58255243,0
7678,train,0.34951845,1
7681,train,0.5102118,0
7683,train,0.70022666,0
7686,train,0.67635304,1
7687,train,0.70178175,0
7688,train,0.33592114,0
7689,train,0.5797699,0
7691,train,0.87331855,1
7692,train,0.3123198,1
7693,train,0.5818368,1
7695,train,0.6053722,0
7697,train,0.700517,0
7700,train,0.5176867,1
7701,train,0.42133224,0
7703,train,0.8624556,0
7705,train,0.7556559,0
7706,train,0.4009513,0
7707,train,0.7824301,0
7710,train,0.19680949,1
7713,train,0.537736,1
7715,train,0.53011113,0
7726,train,0.6497158,0
7730,train,0.47922823,1
7735,train,0.4573736,1
7739,train,0.24406551,1
7740,train,0.49557158,1
7741,train,0.31970787,0
7743,train,0.21740043,1
7744,train,0.5523458,0
7745,train,0.5024153,0
7746,train,0.59408975,0
7747,train,0.6318287,0
7748,train,0.80319214,1
7749,train,0.399833,0
7750,train,0.5786074,1
7751,train,0.6975097,0
7756,train,0.40005413,1
7758,train,0.28843495,0
7759,train,0.7564393,1
7760,train,0.41546717,0
7763,train,0.77075976,1
7764,train,0.6694492,1
7767,train,0.5075065,1
7768,train,0.72466177,0
7770,train,0.49855837,1
7772,train,0.76373535,0
7773,train,0.35609195,1
7774,train,0.48582533,0
7775,train,0.7534587,0
7777,train,0.6869893,1
7779,train,0.59554535,1
7780,train,0.74097747,1
7781,train,0.7561979,0
7782,train,0.35860026,1
7784,train,0.5484621,1
7786,train,0.3632972,0
7787,train,0.85752964,0
7789,train,0.5399241,0
7791,train,0.65504026,0
7792,train,0.42339692,1
7798,train,0.24076365,1
7802,train,0.5204455,0
7804,train,0.81847745,1
7805,train,0.6234381,0
7807,train,0.9272075,0
7808,train,0.6162226,0
7809,train,0.28893948,0
7810,train,0.4364974,1
7811,train,0.5971495,1
7813,train,0.65733093,0
7814,train,0.61873037,0
7815,train,0.60011965,1
7817,train,0.36552373,1
7820,train,0.4166358,0
7821,train,0.4907754,1
7823,train,0.49509358,1
7825,train,0.62406164,1
7829,train,0.57597244,1
7832,train,0.62944406,0
7834,train,0.67991346,1
7836,train,0.5701363,0
7837,train,0.36159673,1
7844,train,0.29652065,1
7846,train,0.30863896,0
7850,train,0.63214195,0
7851,train,0.58673364,0
7856,train,0.57422286,1
7857,train,0.7823814,0
7859,train,0.4840988,1
7860,train,0.70069975,1
7861,train,0.5311963,1
7864,train,0.6183456,0
7867,train,0.82157147,0
7868,train,0.60066384,1
7869,train,0.5092033,1
7870,train,0.47950095,0
7876,train,0.44598538,0
7878,train,0.5078014,1
7882,train,0.6844895,0
7883,train,0.71114886,0
7884,train,0.80718166,0
7885,train,0.58957213,1
7888,train,0.5882487,1
7889,train,0.44123006,1
7892,train,0.4859292,0
7893,train,0.5639188,1
7894,train,0.62528807,1
7899,train,0.5294556,0
7901,train,0.82766324,0
7904,train,0.27237225,1
7906,train,0.31062782,1
7907,train,0.7223901,1
7909,train,0.60210574,0
7910,train,0.36884704,0
7915,train,0.55810195,1
7916,train,0.62362343,0
7917,train,0.20658888,1
7920,train,0.4567711,1
7927,train,0.4358166,0
7928,train,0.9667314,0
7930,train,0.66160357,1
7932,train,0.46613774,1
7935,train,0.13558201,1
7936,train,0.63153696,0
7938,train,0.6518747,1
7939,train,0.83893657,0
7941,train,0.41122752,1
7942,train,0.8510105,0
7943,train,0.3794782,0
7944,train,0.2002208,1
7945,train,0.32707572,0
7946,train,0.10471872,1
7947,train,0.3864735,1
7950,train,0.5827564,0
7951,train,0.60233164,0
7952,train,0.32524395,1
7953,train,0.59504503,0
7955,train,0.2553415,1
7956,train,0.25847572,1
7959,train,0.5444358,1
7963,train,0.46981913,1
7965,train,0.68542457,1
7966,train,0.763132,0
7969,train,0.7811286,0
7972,train,0.6619201,0
7973,train,0.31682804,1
7974,train,0.4504574,1
7976,train,0.5997583,0
7977,train,0.6745434,0
7980,train,0.32249615,1
7982,train,0.602602,0
7983,train,0.5697427,0
7984,train,0.16455205,1
7988,train,0.7147416,0
7989,train,0.72660613,0
7990,train,0.7705791,0
7997,train,0.39861113,1
8000,train,0.4828304,1
8004,train,0.66435844,1
8005,train,0.5266343,1
8007,train,0.19526179,1
8009,train,0.39936262,1
8011,train,0.6102439,1
8012,train,0.25144333,1
8014,train,0.2980192,1
8018,train,0.6798825,0
8019,train,0.7273915,0
8020,train,0.45223567,1
8021,train,0.7561297,0
8022,train,0.6854278,0
8023,train,0.3546693,1
8024,train,0.7794515,0
8025,train,0.3078355,1
8030,train,0.40268582,0
8033,train,0.6968208,1
8035,train,0.25234482,1
8037,train,0.31462583,1
8044,train,0.6356168,1
8046,train,0.49893275,1
8048,train,0.72606754,0
8049,train,0.43642873,1
8051,train,0.5348108,1
8052,train,0.5250738,0
8056,train,0.34177297,1
8057,train,0.7339392,0
8058,train,0.15747035,1
8059,train,0.4992245,0
8065,train,0.71709174,0
8067,train,0.605353,1
8068,train,0.8659534,0
8069,train,0.23589693,1
8070,train,0.30641448,1
8072,train,0.834423,0
8073,train,0.7079073,0
8077,train,0.5664218,1
8079,train,0.6416067,0
8080,train,0.66613567,1
8081,train,0.58179235,1
8082,train,0.26691347,1
8083,train,0.64309645,0
8085,train,0.30229273,1
8088,train,0.78139454,0
8090,train,0.39004552,1
8097,train,0.4765728,0
8099,train,0.1521462,1
8102,train,0.7036746,0
8105,train,0.7374717,0
8108,train,0.51723015,1
8109,train,0.51859105,0
8110,train,0.14930344,1
8111,train,0.45265898,1
8113,train,0.7857592,0
8119,train,0.7247454,0
8120,train,0.30764425,1
8121,train,0.5296251,0
8122,train,0.89757794,0
8127,train,0.531843,1
8129,train,0.34843278,1
8131,train,0.7165301,0
8133,train,0.73858696,0
8135,train,0.65350354,1
8136,train,0.67845833,1
8139,train,0.3252083,1
8140,train,0.7180936,0
8141,train,0.5662961,1
8145,train,0.54854965,1
8148,train,0.49428388,1
8149,train,0.080707125,1
8152,train,0.22125491,1
8154,train,0.5152152,0
8156,train,0.1948052,1
8157,train,0.4841537,1
8158,train,0.36356345,1
8160,train,0.45870194,1
8162,train,0.2100694,1
8164,train,0.7886096,0
8165,train,0.67861277,0
8167,train,0.24819443,1
8168,train,0.93984973,0
8170,train,0.5533084,1
8174,train,0.23160177,1
8177,train,0.64048105,1
8178,train,0.22696325,1
8182,train,0.6364447,0
8183,train,0.43602535,1
8186,train,0.5364831,1
8187,train,0.48537853,1
8191,train,0.5117014,0
8193,train,0.41353625,1
8196,train,0.44149837,1
8197,train,0.601043,0
8200,train,0.67960095,0
8201,train,0.5093071,1
8206,train,0.83283806,0
8207,train,0.5295462,0
8209,train,0.32062024,1
8212,train,0.3476868,1
8213,train,0.55019903,0
8215,train,0.5187536,0
8216,train,0.6021315,1
8217,train,0.5797938,1
8220,train,0.89662784,0
8224,train,0.8235205,0
8225,train,0.6612671,1
8226,train,0.22515696,1
8227,train,0.2371924,1
8228,train,0.7633147,0
8229,train,0.43928528,0
8230,train,0.5851669,1
8231,train,0.6805951,1
8232,train,0.6722895,0
8233,train,0.2615932,1
8236,train,0.31777024,1
8238,train,0.22327994,1
8242,train,0.644788,0
8244,train,0.42797598,1
8245,train,0.17331527,1
8246,train,0.532785,1
8247,train,0.4658565,1
8248,train,0.33245394,0
8249,train,0.45105618,1
8251,train,0.4947017,1
8256,train,0.30645373,1
8257,train,0.2636373,1
8258,train,0.3991286,0
8259,train,0.5554384,0
8264,train,0.3599279,0
8266,train,0.5460107,1
8267,train,0.108676694,1
8269,train,0.75170994,1
8270,train,0.45201188,1
8271,train,0.51643693,1
8273,train,0.56630474,0
8276,train,0.7071845,1
8277,train,0.5322051,0
8280,train,0.49515828,1
8282,train,0.47122166,0
8286,train,0.43078667,1
8288,train,0.16553247,1
8293,train,0.7253534,1
8294,train,0.5413197,0
8295,train,0.274166,1
8305,train,0.77986366,1
8306,train,0.37796667,0
8308,train,0.13058908,1
8310,train,0.21669365,1
8312,train,0.59942675,0
8313,train,0.41223723,1
8315,train,0.59501886,1
8320,train,0.61958975,0
8322,train,0.84724677,0
8323,train,0.5377365,0
8324,train,0.7867132,0
8327,train,0.2297787,1
8330,train,0.237878,1
8331,train,0.4888764,1
8333,train,0.17761089,1
8334,train,0.45159364,1
8335,train,0.87177414,0
8336,train,0.4834396,1
8337,train,0.5609034,1
8338,train,0.18825851,1
8340,train,0.67028195,0
8346,train,0.42507663,0
8347,train,0.26136416,1
8348,train,0.768986,0
8349,train,0.47665712,1
8350,train,0.46334296,0
8351,train,0.0836243,1
8352,train,0.36941305,1
8353,train,0.23736681,1
8355,train,0.7485132,0
8357,train,0.5138361,1
8360,train,0.19999635,1
8361,train,0.5332908,0
8366,train,0.49802244,1
8367,train,0.47136033,1
8368,train,0.7850978,0
8370,train,0.5081886,0
8372,train,0.5234246,1
8373,train,0.6932387,0
8374,train,0.67669815,1
8375,train,0.3257749,1
8377,train,0.4616368,1
8379,train,0.33066505,1
8382,train,0.39233264,1
8386,train,0.51948965,1
8387,train,0.48053545,0
8391,train,0.43200916,1
8393,train,0.07777914,1
8398,train,0.22475687,1
8400,train,0.22080998,1
8403,train,0.098149024,1
8404,train,0.15482168,1
8405,train,0.5241555,1
8406,train,0.44384012,1
8410,train,0.3719724,1
8411,train,0.3986232,1
8412,train,0.40709314,0
8413,train,0.32633033,1
8415,train,0.53376436,0
8416,train,0.61259913,0
8419,train,0.40798473,1
8420,train,0.21686865,1
8421,train,0.7632066,0
8427,train,0.6493934,0
8428,train,0.6414338,1
8432,train,0.61015415,0
8434,train,0.5243254,1
8437,train,0.20470385,1
8442,train,0.8428247,0
8445,train,0.17462724,1
8446,train,0.84975666,0
8448,train,0.40888706,0
8449,train,0.70389235,0
8451,train,0.4899471,0
8452,train,0.6632455,1
8454,train,0.27520204,1
8455,train,0.6976202,0
8456,train,0.22310144,1
8461,train,0.22538143,1
8463,train,0.27299133,1
8465,train,0.35326606,1
8468,train,0.8092998,0
8470,train,0.5216354,1
8471,train,0.40428397,1
8472,train,0.65950507,0
8473,train,0.43826345,1
8475,train,0.29308525,1
8482,train,0.34967813,1
8483,train,0.5617506,1
8487,train,0.67312765,0
8488,train,0.44124255,0
8490,train,0.6668776,1
8492,train,0.5609017,0
8494,train,0.5087582,1
8495,train,0.41985667,1
8496,train,0.44036865,1
8498,train,0.36339808,1
8499,train,0.654139,0
8502,train,0.39794376,1
8505,train,0.444344,1
8507,train,0.5107797,0
8509,train,0.6809079,1
8510,train,0.7776506,0
8511,train,0.36749876,1
8512,train,0.4264363,1
8513,train,0.35090512,1
8517,train,0.5286023,1
8518,train,0.3706922,1
8519,train,0.61113214,1
8524,train,0.76308846,0
8527,train,0.7904735,1
8533,train,0.16188712,1
8537,train,0.5310859,1
8539,train,0.39524972,1
8540,train,0.3314162,1
8542,train,0.58286196,0
8544,train,0.43066138,1
8545,train,0.52922636,1
8546,train,0.7357252,1
8549,train,0.7480763,0
8550,train,0.19868644,1
8552,train,0.53123164,1
8559,train,0.49162912,1
8561,train,0.2798866,1
8564,train,0.34723124,1
8566,train,0.6176075,1
8567,train,0.5296637,0
8569,train,0.9018127,0
8578,train,0.7703663,0
8582,train,0.55712473,1
8585,train,0.23221153,1
8588,train,0.44259685,1
8589,train,0.5273422,1
8591,train,0.41866118,1
8592,train,0.52020985,1
8595,train,0.18035555,1
8598,train,0.7130866,0
8600,train,0.4076028,1
8601,train,0.48219723,1
8603,train,0.38474262,1
8610,train,0.38025534,1
8612,train,0.8523067,0
8613,train,0.64785963,0
8614,train,0.26555562,1
8615,train,0.7957507,0
8618,train,0.24245688,1
8619,train,0.5090633,0
8620,train,0.11615564,1
8621,train,0.5169294,1
8623,train,0.80962366,0
8624,train,0.76170844,0
8627,train,0.5208727,1
8628,train,0.90600806,0
8632,train,0.59577006,1
8633,train,0.46213993,1
8634,train,0.6599647,0
8639,train,0.70586467,0
8640,train,0.27539045,1
8644,train,0.49222142,0
8645,train,0.80471677,0
8650,train,0.45250365,1
8652,train,0.50509804,0
8656,train,0.7187451,1
8657,train,0.44655257,1
8658,train,0.31697714,0
8660,train,0.3774338,0
8661,train,0.2232695,1
8663,train,0.6703289,1
8664,train,0.1404337,1
8668,train,0.24731937,1
8670,train,0.4133003,1
8671,train,0.41541302,0
8672,train,0.75225234,0
8674,train,0.2868005,1
8676,train,0.58922964,1
8678,train,0.41344124,1
8681,train,0.54465604,1
8684,train,0.60948235,0
8685,train,0.6293135,1
8686,train,0.24882796,0
8689,train,0.6537037,0
8690,train,0.31717104,1
8693,train,0.09451328,1
8696,train,0.36080888,1
8702,train,0.34347492,1
8706,train,0.68850857,1
8707,train,0.589659,0
8710,train,0.48051217,1
8711,train,0.7530062,0
8713,train,0.83592397,0
8718,train,0.47021976,1
8719,train,0.26752332,1
8723,train,0.51147336,0
8724,train,0.5606612,0
8727,train,0.23274188,1
8735,train,0.37732458,1
8736,train,0.15307415,1
8737,train,0.74246037,1
8738,train,0.33055794,1
8739,train,0.26055637,1
8740,train,0.2741234,1
8741,train,0.6842897,0
8744,train,0.6544908,1
8747,train,0.26551813,1
8751,train,0.47166246,1
8756,train,0.64543164,0
8758,train,0.52669686,1
8759,train,0.31607375,1
8760,train,0.8834101,0
8764,train,0.4092076,1
8765,train,0.8053429,0
8766,train,0.55702454,1
8770,train,0.5205594,1
8771,train,0.51171285,1
8773,train,0.27135003,1
8776,train,0.31759983,1
8778,train,0.36724368,1
8780,train,0.93831694,1
8784,train,0.33375093,1
8787,train,0.6783643,0
8789,train,0.32912263,1
8790,train,0.29144457,1
8791,train,0.8476504,0
8794,train,0.2929191,0
8795,train,0.6485058,1
8796,train,0.4985681,1
8797,train,0.34504408,1
8799,train,0.22865744,1
8801,train,0.31161088,1
8803,train,0.5175525,1
8805,train,0.6213777,1
8812,train,0.6828806,1
8813,train,0.13641714,1
8814,train,0.58358896,1
8817,train,0.69372016,1
8819,train,0.6611886,1
8824,train,0.22791477,1
8825,train,0.11770117,1
8834,train,0.8357152,1
8835,train,0.2846199,1
8837,train,0.61296785,0
8838,train,0.5899153,1
8840,train,0.5268707,0
8843,train,0.24366355,1
8848,train,0.52146304,0
8851,train,0.40890166,0
8855,train,0.36353165,1
8862,train,0.54888123,0
8865,train,0.53388125,0
8866,train,0.488456,0
8867,train,0.7863349,0
8868,train,0.8175901,0
8870,train,0.36249736,1
8876,train,0.22794943,1
8881,train,0.50681394,1
8884,train,0.75483567,1
8887,train,0.43968466,1
8888,train,0.5147552,1
8889,train,0.58789206,1
8890,train,0.5120949,1
8891,train,0.18636793,1
8894,train,0.5406409,0
8897,train,0.4653299,0
8904,train,0.5045554,1
8905,train,0.39296734,1
8906,train,0.728149,0
8913,train,0.46878868,1
8914,train,0.5868653,1
8915,train,0.31783178,1
8916,train,0.6103598,0
8920,train,0.60600936,1
8921,train,0.5473437,0
8924,train,0.21277496,1
8929,train,0.43698266,1
8930,train,0.48577365,1
8931,train,0.08767595,1
8934,train,0.52985483,0
8939,train,0.6121361,0
8940,train,0.33157858,0
8943,train,0.69699425,1
8944,train,0.6628503,1
8945,train,0.18879789,1
8946,train,0.4139838,1
8950,train,0.24652313,1
8953,train,0.5107801,0
8955,train,0.63222075,0
8965,train,0.5516613,0
8966,train,0.70203835,1
8967,train,0.70288587,0
8969,train,0.8253899,1
8973,train,0.1405883,1
8974,train,0.632501,0
8976,train,0.6607639,0
8977,train,0.9187079,0
8978,train,0.49809247,1
8979,train,0.50757027,1
8981,train,0.14604208,1
8984,train,0.1287532,1
8987,train,0.6043583,0
8988,train,0.32691738,1
8992,train,0.16966176,1
8994,train,0.484105,1
8995,train,0.7348603,1
8996,train,0.26900464,1
8998,train,0.73862666,1
9002,train,0.124257974,1
9004,train,0.15814558,1
9006,train,0.22448048,1
9007,train,0.49618638,0
9009,train,0.2141272,1
9010,train,0.5166155,1
9013,train,0.7506565,0
9014,train,0.5355495,0
9015,train,0.51748675,1
9016,train,0.62341374,1
9017,train,0.7818671,0
9018,train,0.48014116,1
9019,train,0.24355142,1
9021,train,0.38710952,0
9025,train,0.506411,0
9026,train,0.63346434,0
9027,train,0.38108158,0
9029,train,0.68893003,0
9033,train,0.6290891,1
9036,train,0.7828139,1
9037,train,0.7131025,0
9038,train,0.16234037,1
9041,train,0.4601066,0
9042,train,0.3036765,1
9043,train,0.7243287,0
9047,train,0.69312316,0
9049,train,0.106169574,1
9050,train,0.5031299,1
9052,train,0.23915286,1
9055,train,0.1668717,1
9060,train,0.93821424,0
9061,train,0.30717275,1
9063,train,0.871257,0
9064,train,0.5244783,1
9065,train,0.36144346,1
9066,train,0.28958786,1
9068,train,0.5470059,1
9071,train,0.6937264,1
9073,train,0.91895217,0
9074,train,0.4295493,1
9076,train,0.5274946,1
9077,train,0.48291466,1
9080,train,0.19447453,1
9084,train,0.72175545,0
9085,train,0.17927119,1
9086,train,0.16692296,1
9087,train,0.49845454,1
9088,train,0.5135881,1
9091,train,0.5536348,1
9094,train,0.6672667,0
9099,train,0.49825528,0
9101,train,0.5255248,1
9102,train,0.51071954,1
9104,train,0.1484715,1
9105,train,0.49986926,1
9109,train,0.5865166,0
9110,train,0.6816604,0
9112,train,0.45115682,0
9113,train,0.51048625,1
9115,train,0.25061768,1
9116,train,0.18940246,1
9117,train,0.1038187,1
9119,train,0.15123828,1
9123,train,0.35040802,1
9124,train,0.31681997,1
9128,train,0.45837152,0
9129,train,0.3213905,1
9132,train,0.09704158,1
9133,train,0.5226009,1
9136,train,0.68571883,0
9138,train,0.5937525,0
9142,train,0.73586917,0
9143,train,0.7008017,1
9144,train,0.5193562,1
9150,train,0.7716118,1
9151,train,0.6280832,0
9155,train,0.82719755,0
9157,train,0.72753334,1
9162,train,0.33709332,1
9164,train,0.339685,1
9165,train,0.29851097,1
9168,train,0.81850564,0
9170,train,0.3189983,1
9172,train,0.5933613,0
9181,train,0.48386478,1
9183,train,0.57736266,1
9184,train,0.43648422,0
9186,train,0.5252969,1
9191,train,0.4291413,0
9194,train,0.1700905,1
9197,train,0.60839224,0
9198,train,0.1535808,1
9201,train,0.55660397,0
9203,train,0.6970749,0
9213,train,0.30827653,1
9216,train,0.6608657,1
9221,train,0.27422437,1
9223,train,0.6973982,0
9225,train,0.8532398,0
9230,train,0.2801262,1
9236,train,0.74523944,0
9238,train,0.7404169,1
9242,train,0.17523748,1
9247,train,0.7578994,1
9248,train,0.3069314,1
9250,train,0.4252168,1
9252,train,0.44233102,0
9253,train,0.40649715,1
9254,train,0.5286676,0
9258,train,0.3511122,1
9259,train,0.7624045,1
9262,train,0.40282428,1
9266,train,0.61118525,0
9269,train,0.5228981,0
9270,train,0.5735909,1
9273,train,0.39609477,1
9277,train,0.5709134,1
9279,train,0.46890137,1
9283,train,0.33927143,1
9285,train,0.3182516,0
9286,train,0.3514017,1
9290,train,0.6333564,0
9292,train,0.6258178,1
9297,train,0.3275042,1
9298,train,0.83710647,0
9299,train,0.18592654,1
9300,train,0.50487703,1
9302,train,0.47797987,1
9303,train,0.6059721,0
9304,train,0.90404886,0
9306,train,0.23996894,1
9309,train,0.42710036,1
9313,train,0.57176626,1
9315,train,0.5720672,0
9317,train,0.28847,1
9319,train,0.37236723,1
9322,train,0.9156867,0
9324,train,0.49939588,0
9325,train,0.85472876,0
9326,train,0.8723149,0
9327,train,0.3877178,1
9328,train,0.56035644,1
9335,train,0.4155568,1
9339,train,0.48158118,0
9340,train,0.32900712,1
9342,train,0.3236411,1
9343,train,0.603137,0
9345,train,0.6724402,0
9346,train,0.40115207,1
9348,train,0.4607688,1
9349,train,0.7826628,0
9350,train,0.25936767,1
9361,train,0.6739223,0
9362,train,0.2955395,1
9367,train,0.19788113,1
9368,train,0.4097577,1
9373,train,0.7384833,0
9374,train,0.4009509,1
9377,train,0.6298721,0
9382,train,0.5326197,0
9385,train,0.5327556,1
9388,train,0.18295375,1
9390,train,0.7049474,1
9392,train,0.08049992,1
9393,train,0.51705,0
9394,train,0.28959295,0
9395,train,0.765262,0
9397,train,0.32972112,1
9399,train,0.38315874,1
9400,train,0.8385649,0
9402,train,0.20081735,1
9406,train,0.4556289,1
9408,train,0.53161633,1
9409,train,0.47127622,1
9410,train,0.423164,1
9415,train,0.68438286,0
9416,train,0.69576156,1
9417,train,0.32501635,1
9421,train,0.2971049,1
9425,train,0.6995007,1
9426,train,0.47998154,1
9429,train,0.37355325,1
9431,train,0.51617575,1
9435,train,0.6484234,0
9436,train,0.32090107,0
9437,train,0.6943579,1
9441,train,0.38387376,0
9442,train,0.48723984,1
9443,train,0.80374265,0
9444,train,0.6642671,1
9446,train,0.64567477,1
9449,train,0.24017283,1
9450,train,0.34961078,0
9451,train,0.58062667,1
9452,train,0.4092525,1
9457,train,0.7580453,0
9459,train,0.5218008,1
9461,train,0.64004993,1
9465,train,0.84165823,1
9470,train,0.2687137,1
9472,train,0.5291651,1
9474,train,0.64809275,1
9480,train,0.42767626,0
9481,train,0.7885234,1
9485,train,0.53936356,1
9493,train,0.30440333,1
9494,train,0.47236258,1
9497,train,0.24572235,1
9498,train,0.56032276,1
9502,train,0.48856547,1
9507,train,0.6229918,0
9509,train,0.52696705,1
9511,train,0.44431648,1
9512,train,0.52836305,1
9515,train,0.57673687,1
9516,train,0.6922782,0
9517,train,0.2355141,1
9519,train,0.36310843,1
9520,train,0.40662047,1
9522,train,0.266705,1
9525,train,0.6773381,1
9526,train,0.7393423,0
9530,train,0.6564304,0
9531,train,0.70615995,0
9532,train,0.81284845,1
9533,train,0.40073302,1
9535,train,0.9399794,0
9537,train,0.44799897,1
9540,train,0.7976441,0
9543,train,0.60916287,0
9547,train,0.58934855,1
9548,train,0.7044676,1
9549,train,0.40733385,1
9553,train,0.4340374,1
9556,train,0.49398866,1
9559,train,0.39108393,1
9561,train,0.70158106,0
9564,train,0.7835052,0
9571,train,0.5769669,1
9573,train,0.28709483,1
9577,train,0.6051179,0
9578,train,0.4079125,1
9588,train,0.47077623,1
9592,train,0.6422436,1
9595,train,0.6920587,1
9598,train,0.78264135,0
9599,train,0.33551323,1
9600,train,0.65669334,1
9604,train,0.67744964,0
9609,train,0.47396365,1
9611,train,0.70130056,0
9612,train,0.49301,0
9613,train,0.32133785,1
9617,train,0.3331413,1
9619,train,0.13787276,1
9620,train,0.6134897,0
9621,train,0.28505975,1
9622,train,0.9596823,0
9630,train,0.67342246,0
9632,train,0.45976067,1
9633,train,0.362673,1
9634,train,0.294422,1
9637,train,0.3396344,1
9640,train,0.43897644,0
9647,train,0.60182583,1
9649,train,0.7091232,0
9652,train,0.40823066,1
9653,train,0.21000832,1
9654,train,0.57229096,1
9656,train,0.30227852,1
9658,train,0.50337267,1
9659,train,0.3011341,1
9661,train,0.2713616,1
9663,train,0.75835454,1
9665,train,0.71803284,0
9667,train,0.6762932,0
9669,train,0.3148763,1
9670,train,0.3963825,1
9673,train,0.6043603,0
9679,train,0.71963346,1
9681,train,0.71527296,0
9682,train,0.244658,1
9684,train,0.5449738,1
9685,train,0.77563196,1
9687,train,0.7214274,0
9688,train,0.6239713,1
9690,train,0.20620136,0
9695,train,0.5924835,0
9702,train,0.4396595,1
9705,train,0.9121249,0
9706,train,0.20360102,1
9709,train,0.67142415,0
9710,train,0.43577942,1
9711,train,0.6003689,0
9712,train,0.58835167,1
9714,train,0.29959986,1
9718,train,0.6109434,1
9719,train,0.47572643,1
9721,train,0.5202076,0
9723,train,0.7441113,1
9729,train,0.6018716,0
9732,train,0.39664528,1
9733,train,0.6492205,0
9734,train,0.64951575,0
9735,train,0.7754425,0
9738,train,0.39091384,1
9739,train,0.5893682,0
9744,train,0.781773,0
9750,train,0.53008556,1
9757,train,0.9214097,0
9759,train,0.63498634,0
9760,train,0.48520947,1
9761,train,0.33553743,1
9763,train,0.4818087,1
9765,train,0.46130332,1
9766,train,0.59741616,0
9768,train,0.5326476,1
9769,train,0.66709554,1
9770,train,0.7433925,0
9772,train,0.48360747,1
9777,train,0.62427056,0
9778,train,0.658334,0
9779,train,0.6108238,1
9780,train,0.30853257,0
9782,train,0.75131494,1
9786,train,0.19615205,1
9787,train,0.16667204,1
9793,train,0.3443631,1
9794,train,0.80727047,0
9796,train,0.6480405,0
9802,train,0.342164,1
9803,train,0.4995427,1
9805,train,0.38885036,1
9806,train,0.35678604,1
9807,train,0.40951017,1
9809,train,0.67227536,1
9811,train,0.87541276,1
9813,train,0.3971585,1
9814,train,0.46733177,0
9815,train,0.60878015,1
9816,train,0.8898575,0
9818,train,0.27804586,1
9821,train,0.304189,1
9823,train,0.79492784,0
9827,train,0.67546284,0
9828,train,0.13827796,1
9829,train,0.8652836,0
9836,train,0.20070617,1
9840,train,0.14671159,1
9841,train,0.6039687,1
9842,train,0.73009837,0
9845,train,0.78553873,0
9847,train,0.47431642,0
9848,train,0.68476063,0
9849,train,0.5281095,1
9852,train,0.3498275,1
9853,train,0.4075366,1
9856,train,0.4343973,1
9859,train,0.79540074,1
9866,train,0.52988076,1
9867,train,0.63197356,0
9868,train,0.7692439,0
9869,train,0.713775,0
9870,train,0.68272984,0
9875,train,0.6829926,0
9876,train,0.40891376,1
9878,train,0.6918055,0
9880,train,0.3752462,1
9882,train,0.53239733,1
9893,train,0.769678,0
9895,train,0.74952316,0
9896,train,0.66145027,1
9898,train,0.6467051,0
9903,train,0.55362755,0
9905,train,0.3896389,1
9906,train,0.51208514,1
9907,train,0.94635904,0
9911,train,0.6421097,0
9912,train,0.4580664,1
9914,train,0.4087011,1
9915,train,0.65489787,0
9916,train,0.16493116,1
9919,train,0.39027572,1
9921,train,0.4581619,1
9924,train,0.7456631,1
9927,train,0.9227876,0
9930,train,0.44428092,1
9932,train,0.7455472,0
9934,train,0.24517915,1
9935,train,0.519636,0
9936,train,0.89213717,0
9942,train,0.4551982,1
9945,train,0.46088442,1
9948,train,0.8622548,0
9949,train,0.1906355,1
9952,train,0.50550926,1
9953,train,0.36039013,1
9955,train,0.68756104,0
9957,train,0.19711688,1
9958,train,0.50716186,0
9960,train,0.51540625,0
9963,train,0.546178,1
9964,train,0.3113989,1
9967,train,0.52733564,1
9968,train,0.90301806,0
9975,train,0.26768333,1
9977,train,0.8711527,0
9978,train,0.5945121,0
9979,train,0.6020601,0
9980,train,0.43552136,0
9983,train,0.33968896,0
9984,train,0.8279831,1
9986,train,0.714814,0
9990,train,0.6426806,1
9991,train,0.5593785,1
9992,train,0.56756544,1
9995,train,0.71866494,1
9996,train,0.59008807,1
9998,train,0.78144157,0
10001,train,0.66481614,0
10002,train,0.117653884,1
10004,train,0.5012781,1
10005,train,0.46926305,0
10007,train,0.86046404,0
10010,train,0.5260464,0
10011,train,0.9212637,0
10012,train,0.6457713,0
10015,train,0.92322206,0
10016,train,0.4491152,1
10018,train,0.7641176,0
10021,train,0.8116957,0
10022,train,0.41279984,1
10023,train,0.53675336,0
10024,train,0.39552763,1
10025,train,0.16456237,1
10026,train,0.59658635,0
10027,train,0.6171774,0
10030,train,0.61446315,1
10031,train,0.7460193,0
10033,train,0.3174736,1
10037,train,0.4907902,1
10043,train,0.55023795,0
10044,train,0.37389252,1
10046,train,0.11126804,1
10049,train,0.6604631,1
10050,train,0.3594683,0
10051,train,0.44893706,1
10052,train,0.61392623,1
10053,train,0.37986815,1
10056,train,0.79896754,1
10057,train,0.38913348,1
10059,train,0.62483364,1
10064,train,0.36889383,1
10069,train,0.69761676,1
10070,train,0.48582277,1
10072,train,0.6320885,1
10075,train,0.21923916,1
10076,train,0.7188152,0
10078,train,0.17168066,1
10079,train,0.32513437,1
10080,train,0.57990026,0
10082,train,0.7775029,0
10083,train,0.78677475,0
10085,train,0.21283945,1
10087,train,0.07674657,1
10090,train,0.6183719,0
10091,train,0.5492072,1
10093,train,0.67291576,1
10097,train,0.38311067,1
10098,train,0.38731822,1
10101,train,0.6435861,1
10103,train,0.6786851,0
10111,train,0.57819897,1
10114,train,0.6908923,1
10116,train,0.5838212,1
10118,train,0.62575084,0
10119,train,0.42474762,1
10120,train,0.60281533,0
10121,train,0.47007662,0
10125,train,0.45142177,1
10127,train,0.4266487,1
10128,train,0.5516842,1
10129,train,0.16561104,1
10131,train,0.52964807,1
10133,train,0.40350178,1
10137,train,0.7183509,0
10143,train,0.6747537,0
10146,train,0.17437144,1
10148,train,0.4567366,1
10149,train,0.59246695,0
10150,train,0.67069566,0
10155,train,0.26441374,1
10156,train,0.7400126,0
10157,train,0.25541162,1
10158,train,0.68268824,1
10159,train,0.52152866,1
10160,train,0.33224273,1
10162,train,0.21130706,1
10167,train,0.6508636,0
10168,train,0.47384298,1
10169,train,0.4749622,0
10175,train,0.77178544,0
10178,train,0.22587758,1
10182,train,0.14507443,1
10185,train,0.31816038,1
10186,train,0.16560917,1
10187,train,0.52972966,0
10196,train,0.40415606,1
10197,train,0.7428935,1
10198,train,0.6969742,0
10199,train,0.85783744,0
10200,train,0.40881294,1
10203,train,0.38858584,1
10205,train,0.70019525,0
10206,train,0.42365307,1
10207,train,0.87009025,1
10210,train,0.60647756,0
10211,train,0.77674705,0
10212,train,0.57765913,1
10213,train,0.33456114,1
10215,train,0.2069594,1
10217,train,0.73354673,0
10218,train,0.84693676,1
10220,train,0.5898556,1
10223,train,0.438247,1
10224,train,0.54308426,0
10227,train,0.60672486,0
10231,train,0.34081742,1
10232,train,0.2427337,1
10235,train,0.53110534,0
10241,train,0.7858275,1
10242,train,0.6251211,1
10244,train,0.44844553,1
10247,train,0.34097734,1
10248,train,0.33737165,1
10256,train,0.6693727,1
10260,train,0.7213032,1
10261,train,0.6419477,1
10263,train,0.6419376,1
10264,train,0.76999706,0
10268,train,0.35947052,1
10270,train,0.71004874,0
10273,train,0.3361768,1
10275,train,0.42152932,1
10276,train,0.7799355,0
10277,train,0.3693552,1
10278,train,0.35683516,1
10279,train,0.6170631,0
10281,train,0.5634875,1
10282,train,0.5131369,0
10284,train,0.6542123,1
10285,train,0.57161176,0
10288,train,0.4204728,1
10292,train,0.66652143,0
10293,train,0.5951907,0
10298,train,0.5999793,0
10299,train,0.24303102,1
10301,train,0.7011466,1
10306,train,0.6412528,1
10309,train,0.56123984,0
10316,train,0.2964117,1
10317,train,0.48763603,1
10324,train,0.29328188,1
10330,train,0.47383407,0
10332,train,0.31905445,1
10333,train,0.5076032,1
10339,train,0.42378697,0
10343,train,0.5152646,0
10345,train,0.47766048,1
10348,train,0.4552711,1
10349,train,0.34621638,1
10350,train,0.114835136,1
10354,train,0.39309,1
10356,train,0.70321465,0
10357,train,0.6061516,0
10361,train,0.5664252,1
10365,train,0.33654875,1
10369,train,0.2969056,1
10371,train,0.7382191,0
10381,train,0.78103846,0
10382,train,0.5885477,0
10385,train,0.43506327,1
10389,train,0.7120181,0
10390,train,0.86052704,0
10392,train,0.34431624,1
10394,train,0.7111479,0
10395,train,0.626625,0
10396,train,0.4924577,1
10397,train,0.91809046,0
10401,train,0.5208764,0
10403,train,0.38990545,1
10404,train,0.5714295,0
10405,train,0.7129416,0
10409,train,0.5538066,0
10410,train,0.8005247,0
10416,train,0.47840774,1
10417,train,0.67054284,1
10419,train,0.6140506,0
10420,train,0.80123055,0
10422,train,0.57946384,1
10428,train,0.69539374,0
10433,train,0.45266578,0
10435,train,0.89974225,0
10436,train,0.5943049,0
10437,train,0.589376,1
10445,train,0.27937177,1
10446,train,0.6721486,0
10447,train,0.44502667,1
10448,train,0.28940544,1
10449,train,0.5254954,0
10451,train,0.4776184,1
10452,train,0.6693852,0
10454,train,0.72942334,1
10456,train,0.49833512,1
10457,train,0.5178231,1
10459,train,0.7727155,0
10462,train,0.19165923,1
10463,train,0.44797078,1
10470,train,0.6112292,1
10471,train,0.5812751,0
10475,train,0.29989564,1
10477,train,0.6496025,0
10479,train,0.41802168,1
10480,train,0.4778215,1
10482,train,0.7786644,0
10483,train,0.41129377,1
10485,train,0.13396446,1
10490,train,0.1898599,1
10494,train,0.34952316,1
10495,train,0.1523852,1
10497,train,0.63399583,0
10500,train,0.6822845,0
10503,train,0.50198036,1
10507,train,0.3508079,1
10508,train,0.36539596,1
10511,train,0.2220823,1
10514,train,0.67867523,0
10518,train,0.48789865,1
10523,train,0.22090735,1
10528,train,0.5077548,1
10530,train,0.62357336,1
10531,train,0.754463,0
10536,train,0.4321862,0
10537,train,0.38341933,1
10539,train,0.5152253,1
10543,train,0.19400494,1
10544,train,0.767963,0
10548,train,0.49124682,1
10549,train,0.5439142,1
10550,train,0.33655316,1
10554,train,0.22176236,1
10555,train,0.3785511,1
10559,train,0.7737163,0
10560,train,0.24087602,1
10561,train,0.7036281,0
10562,train,0.5263683,1
10563,train,0.29759327,1
10564,train,0.5864179,0
10565,train,0.95921403,0
10566,train,0.6900567,0
10568,train,0.6222939,0
10572,train,0.12702867,1
10575,train,0.22779581,1
10576,train,0.41274643,1
10577,train,0.68335676,0
10578,train,0.47808674,1
10583,train,0.39431846,1
10585,train,0.347785,1
10586,train,0.6316592,1
10590,train,0.49802762,1
10591,train,0.40425715,1
10592,train,0.68906134,0
10593,train,0.30626562,1
10594,train,0.69173366,0
10596,train,0.21746875,1
10597,train,0.58347726,1
10599,train,0.15459654,1
10600,train,0.19558594,1
10601,train,0.39747444,1
10602,train,0.50811565,1
10607,train,0.93948144,0
10608,train,0.34656057,1
10609,train,0.35117638,1
10612,train,0.42288235,1
10613,train,0.42264155,1
10614,train,0.35440686,1
10615,train,0.41015032,1
10616,train,0.6989506,1
10619,train,0.6356128,1
10626,train,0.62765765,1
10627,train,0.6280718,0
10629,train,0.34636942,1
10630,train,0.5260961,0
10633,train,0.45056495,1
10635,train,0.5133769,0
10636,train,0.56119746,1
10637,train,0.25187966,1
10639,train,0.59142995,1
10643,train,0.5158337,0
10654,train,0.38825673,1
10658,train,0.13559622,1
10659,train,0.58439624,1
10660,train,0.33906516,1
10661,train,0.89391345,0
10665,train,0.43091363,1
10666,train,0.65015644,0
10668,train,0.567325,0
10669,train,0.52529967,1
10671,train,0.23150824,0
10672,train,0.45642623,1
10673,train,0.2781079,1
10674,train,0.6114548,0
10676,train,0.60055953,1
10678,train,0.5679067,0
10682,train,0.30765507,1
10683,train,0.2963645,1
10684,train,0.57510513,0
10685,train,0.4363695,1
10686,train,0.6413906,1
10689,train,0.14669546,1
10690,train,0.62240654,1
10691,train,0.6263186,0
10697,train,0.67669445,0
10699,train,0.65088916,0
10701,train,0.6748448,1
10702,train,0.68741256,0
10704,train,0.6009122,0
10705,train,0.5628064,1
10707,train,0.4126317,1
10708,train,0.67239314,0
10709,train,0.5288878,1
10718,train,0.483217,0
10719,train,0.5976821,0
10720,train,0.5971415,0
10726,train,0.6443911,1
10730,train,0.4619983,1
10731,train,0.44002646,0
10736,train,0.4115575,1
10740,train,0.4400872,1
10743,train,0.86500317,1
10745,train,0.71853775,0
10746,train,0.6587122,0
10749,train,0.7007314,0
10753,train,0.59754974,0
10756,train,0.4607862,1
10757,train,0.32285783,1
10760,train,0.65534174,1
10761,train,0.23708099,1
10762,train,0.65737313,0
10765,train,0.69368625,0
10767,train,0.25033918,1
10768,train,0.26534462,1
10770,train,0.7160406,0
10772,train,0.6545729,1
10775,train,0.618216,0
10780,train,0.3361591,1
10784,train,0.5308137,1
10785,train,0.40290833,0
10794,train,0.66535985,1
10795,train,0.27089727,1
10799,train,0.7764609,0
10801,train,0.60606676,1
10802,train,0.52718496,1
10804,train,0.27745348,1
10805,train,0.9572387,0
10807,train,0.8037282,0
10810,train,0.525393,0
10811,train,0.5675331,0
10812,train,0.62754834,0
10815,train,0.4576072,0
10816,train,0.66718936,1
10817,train,0.5463775,0
10820,train,0.54581016,1
10821,train,0.44479245,1
10822,train,0.28220958,1
10824,train,0.65929157,0
10825,train,0.5479043,1
10827,train,0.6353615,1
10828,train,0.48729336,0
10832,train,0.45463404,1
10833,train,0.65580577,1
10834,train,0.54445297,0
10835,train,0.59699667,1
10837,train,0.30639946,1
10838,train,0.28786024,1
10841,train,0.41884717,0
10848,train,0.22743356,1
10850,train,0.4303975,1
10852,train,0.91525614,0
10853,train,0.26508635,1
10854,train,0.34316957,1
10855,train,0.53270197,1
10860,train,0.33900657,0
10864,train,0.8525426,0
10865,train,0.2648483,1
10866,train,0.27757797,1
10870,train,0.6565729,1
10871,train,0.16493823,1
10873,train,0.5293919,0
10875,train,0.46401393,1
10878,train,0.41006583,0
10881,train,0.73088753,0
10883,train,0.27121347,1
10884,train,0.7417108,1
10885,train,0.51474583,1
10888,train,0.4892245,0
10889,train,0.58343375,1
10891,train,0.8408429,0
10893,train,0.38458076,1
10898,train,0.785729,0
10899,train,0.77990294,1
10901,train,0.56951606,0
10903,train,0.6732961,1
10904,train,0.958164,0
10907,train,0.76163316,0
10908,train,0.5231647,0
10910,train,0.10158531,1
10914,train,0.36677435,1
10916,train,0.41962487,1
10917,train,0.51176894,1
10918,train,0.5555769,1
10921,train,0.2969358,1
10925,train,0.5886778,1
10927,train,0.5994078,0
10928,train,0.75160503,1
10929,train,0.600183,1
10932,train,0.5759585,1
10937,train,0.86078155,0
10938,train,0.7373655,0
10941,train,0.3803207,1
10944,train,0.48087168,1
10946,train,0.5885418,1
10948,train,0.62486374,1
10950,train,0.43720934,1
10951,train,0.32387522,1
10955,train,0.6234966,0
10956,train,0.1984572,1
10965,train,0.5392744,1
10968,train,0.33430457,1
10972,train,0.2577469,1
10974,train,0.7023003,0
10975,train,0.52091634,1
10976,train,0.55455536,1
10979,train,0.38657498,1
10982,train,0.74281806,0
10983,train,0.61423355,0
10993,train,0.1910209,1
10998,train,0.45722,1
11004,train,0.26708356,1
11006,train,0.34184217,0
11007,train,0.54835314,0
11010,train,0.796107,1
11011,train,0.93720114,0
11013,train,0.6306578,0
11014,train,0.23026268,1
11015,train,0.6245442,1
11020,train,0.37205157,1
11022,train,0.13278377,1
11023,train,0.24080312,1
11028,train,0.5275253,1
11029,train,0.16007094,1
11031,train,0.3619878,1
11033,train,0.74585766,1
11036,train,0.47270063,1
11043,train,0.84168434,1
11045,train,0.6977422,1
11047,train,0.5514334,0
11048,train,0.33183986,1
11050,train,0.35103318,1
11053,train,0.53890795,1
11055,train,0.5213755,1
11060,train,0.47928098,1
11063,train,0.27079973,1
11068,train,0.3351864,1
11073,train,0.47063148,1
11078,train,0.49503806,1
11080,train,0.5110865,1
11082,train,0.43019176,0
11083,train,0.77976745,0
11085,train,0.9619286,0
11086,train,0.3409239,1
11087,train,0.7383596,0
11088,train,0.66943425,1
11090,train,0.25016406,1
11092,train,0.46489727,1
11094,train,0.53223735,0
11096,train,0.5960142,0
11100,train,0.6693814,1
11101,train,0.5308402,1
11102,train,0.40925577,1
11103,train,0.4822537,1
11106,train,0.44684798,1
11108,train,0.65018624,0
11110,train,0.6877248,0
11111,train,0.5559182,1
11112,train,0.6126698,1
11118,train,0.4838099,1
11120,train,0.5719563,1
11127,train,0.6307053,0
11131,train,0.38305682,1
11134,train,0.5100165,0
11136,train,0.4933383,1
11138,train,0.9773716,1
11139,train,0.49893305,1
11142,train,0.48015708,1
11144,train,0.59078026,0
11146,train,0.48671207,1
11149,train,0.7196492,1
11152,train,0.6047803,1
11153,train,0.60240114,1
11156,train,0.31136987,1
11157,train,0.8108951,1
11158,train,0.7992765,0
11161,train,0.3828888,1
11162,train,0.7076833,0
11164,train,0.57698107,0
11165,train,0.49905416,1
11166,train,0.14890835,1
11167,train,0.7064681,1
11169,train,0.4981265,1
11174,train,0.787945,1
11178,train,0.580557,0
11181,train,0.6698982,1
11184,train,0.40328828,1
11185,train,0.53176904,0
11189,train,0.17081282,1
11190,train,0.7483273,0
11195,train,0.28301004,1
11197,train,0.62482315,0
11198,train,0.70689934,0
11199,train,0.36275372,1
11200,train,0.8483905,0
11203,train,0.74224246,0
11206,train,0.5574916,0
11213,train,0.5139343,0
11214,train,0.5241581,0
11215,train,0.33360538,1
11216,train,0.48803553,0
11217,train,0.7812966,1
11218,train,0.63769025,0
11219,train,0.68088967,0
11220,train,0.4079612,1
11221,train,0.691662,1
11223,train,0.44429722,1
11224,train,0.53343046,1
11226,train,0.6760945,0
11227,train,0.2743484,1
11228,train,0.957365,0
11233,train,0.15104236,1
11236,train,0.56438774,0
11237,train,0.95151097,1
11240,train,0.7493956,0
11241,train,0.18135142,1
11245,train,0.3962739,0
11246,train,0.32938588,0
11247,train,0.68479496,0
11250,train,0.23314065,1
11251,train,0.13907522,1
11252,train,0.64400345,0
11253,train,0.45762238,1
11254,train,0.67926776,1
11256,train,0.63063186,0
11257,train,0.64835715,0
11258,train,0.5502187,1
11260,train,0.34654427,1
11265,train,0.39305088,1
11267,train,0.2772405,1
11268,train,0.3572769,1
11270,train,0.42672175,1
11272,train,0.58019483,0
11275,train,0.36979526,1
11280,train,0.5286123,0
11284,train,0.5134057,0
11286,train,0.98898715,0
11293,train,0.41063702,1
11294,train,0.7922598,0
11297,train,0.272613,1
11299,train,0.32009864,1
11303,train,0.7184654,1
11305,train,0.5648083,1
11306,train,0.6251448,0
11307,train,0.29067785,1
11308,train,0.6281167,0
11310,train,0.5632746,1
11315,train,0.5432906,1
11318,train,0.45576954,1
11324,train,0.6027989,0
11326,train,0.59044373,1
11327,train,0.49997702,0
11332,train,0.629507,0
11334,train,0.24204914,1
11337,train,0.7295132,0
11340,train,0.49060878,1
11342,train,0.44486734,1
11343,train,0.20379798,1
11345,train,0.5745734,0
11348,train,0.46359888,1
11349,train,0.49447557,0
11352,train,0.57004255,1
11353,train,0.15377633,1
11357,train,0.07096886,1
11362,train,0.91960275,0
11363,train,0.5776504,1
11366,train,0.7292594,0
11368,train,0.8518963,1
11369,train,0.6700607,0
11372,train,0.6368475,1
11374,train,0.2512664,1
11377,train,0.49860996,0
11383,train,0.87811893,0
11387,train,0.6028716,1
11388,train,0.72739005,1
11391,train,0.71564215,0
11392,train,0.34759676,1
11393,train,0.367551,1
11394,train,0.35328975,1
11397,train,0.6907428,1
11399,train,0.5599444,1
11401,train,0.40400597,1
11405,train,0.37913156,1
11409,train,0.52371126,0
11410,train,0.35396868,1
11413,train,0.49778935,1
11414,train,0.76084244,0
11415,train,0.3364065,1
11416,train,0.6625003,0
11419,train,0.49862543,1
11424,train,0.80326164,0
11426,train,0.5291413,0
11427,train,0.20314461,1
11432,train,0.48814487,1
11434,train,0.6940814,0
11437,train,0.3357023,1
11438,train,0.45905787,0
11439,train,0.54549736,0
11442,train,0.7134948,0
11445,train,0.3852158,1
11447,train,0.46363744,0
11449,train,0.13567376,1
11453,train,0.7423965,1
11455,train,0.82917416,1
11457,train,0.11658853,1
11461,train,0.86697316,1
11466,train,0.65280133,1
11467,train,0.37045017,1
11468,train,0.40518007,1
11471,train,0.15721026,1
11472,train,0.64953697,1
11473,train,0.48380968,1
11477,train,0.49790248,1
11478,train,0.59204674,1
11479,train,0.24588838,1
11480,train,0.1182257,1
11481,train,0.09425191,1
11482,train,0.1501047,1
11485,train,0.76860017,0
11488,train,0.6430989,0
11490,train,0.45234454,1
11492,train,0.54133123,1
11494,train,0.7367851,0
11495,train,0.30634597,1
11496,train,0.3246508,1
11498,train,0.68670034,0
11499,train,0.47748217,1
11500,train,0.5352459,1
11502,train,0.7891075,0
11507,train,0.58911324,1
11508,train,0.3224727,1
11509,train,0.73014647,0
11510,train,0.6409931,1
11511,train,0.73213273,0
11513,train,0.5364485,0
11519,train,0.6228593,1
11521,train,0.83785707,0
11522,train,0.23661062,1
11523,train,0.4481545,0
11525,train,0.42611873,1
11529,train,0.4688355,0
11530,train,0.6430564,1
11531,train,0.67176384,0
11532,train,0.63245857,1
11533,train,0.6990005,0
11534,train,0.51001805,0
11535,train,0.3606234,1
11536,train,0.27837688,1
11538,train,0.631514,0
11539,train,0.5868584,1
11541,train,0.40782687,1
11544,train,0.27759343,1
11546,train,0.725456,0
11547,train,0.65419203,1
11548,train,0.36517808,1
11549,train,0.44756204,0
11553,train,0.7620822,0
11556,train,0.818266,0
11563,train,0.5350796,1
11567,train,0.87784886,0
11568,train,0.74843925,0
11569,train,0.48201528,1
11570,train,0.5772501,1
11575,train,0.33059797,0
11577,train,0.75095147,0
11581,train,0.39523652,1
11583,train,0.941596,0
11584,train,0.2917512,1
11587,train,0.24964406,1
11589,train,0.652702,0
11594,train,0.49050435,1
11596,train,0.39191118,1
11598,train,0.66689736,1
11601,train,0.76071215,0
11602,train,0.40649387,1
11603,train,0.7744299,0
11606,train,0.4498347,1
11607,train,0.73704076,0
11608,train,0.89441514,0
11610,train,0.38377655,1
11614,train,0.26594302,1
11617,train,0.4779301,1
11618,train,0.52514213,1
11621,train,0.32973528,1
11623,train,0.39469123,1
11624,train,0.7492769,0
11625,train,0.55236703,0
11627,train,0.4727107,1
11628,train,0.49641877,0
11629,train,0.6975665,0
11630,train,0.7966341,0
11632,train,0.800765,1
11633,train,0.62467563,1
11637,train,0.76130223,0
11645,train,0.55564415,1
11647,train,0.3959168,1
11650,train,0.6465141,0
11652,train,0.30680743,1
11653,train,0.650867,0
11658,train,0.51863605,0
11662,train,0.8524715,0
11665,train,0.3615127,1
11666,train,0.21201979,1
11667,train,0.39116913,1
11668,train,0.3481081,1
11673,train,0.45739347,1
11677,train,0.16285932,1
11681,train,0.10374384,1
11683,train,0.33989775,1
11684,train,0.45412344,1
11686,train,0.71421546,0
11689,train,0.40983224,1
11690,train,0.28687748,1
11692,train,0.29060948,1
11696,train,0.9574865,0
11698,train,0.7996607,1
11701,train,0.33792892,0
11702,train,0.7171727,0
11704,train,0.53368664,1
11705,train,0.57864136,0
11706,train,0.5033635,1
11708,train,0.2458251,1
11712,train,0.26260093,1
11714,train,0.713437,0
11715,train,0.6985671,0
11718,train,0.358318,1
11719,train,0.349051,1
11721,train,0.47067064,0
11723,train,0.3928529,1
11726,train,0.6789822,0
11728,train,0.4963813,1
11731,train,0.30565545,1
11733,train,0.7269478,0
11737,train,0.47999454,1
11740,train,0.36356524,1
11744,train,0.10672455,1
11745,train,0.9730801,0
11748,train,0.65865576,0
11750,train,0.5019281,0
11751,train,0.55726945,1
11752,train,0.9034047,0
11753,train,0.7019138,0
11759,train,0.22804837,1
11763,train,0.8828155,0
11766,train,0.19395524,1
11768,train,0.6250577,1
11772,train,0.34289405,1
11773,train,0.50206,1
11774,train,0.41540793,1
11775,train,0.54133415,1
11776,train,0.4126806,1
11779,train,0.64794445,1
11780,train,0.61792874,1
11781,train,0.49731734,1
11783,train,0.18255237,1
11784,train,0.30416465,0
11790,train,0.5154102,0
11791,train,0.7158073,1
11794,train,0.8018751,0
11795,train,0.47779447,1
11797,train,0.6723224,0
11799,train,0.27502465,1
11802,train,0.18226941,1
11803,train,0.3283354,1
11804,train,0.39137945,1
11809,train,0.30654705,1
11815,train,0.5257374,1
11816,train,0.48963618,0
11822,train,0.2423654,1
11825,train,0.4141659,1
11828,train,0.34523025,1
11831,train,0.42782655,1
11842,train,0.3720243,1
11843,train,0.508456,1
11846,train,0.45494476,1
11847,train,0.2897397,1
11848,train,0.22336376,1
11851,train,0.38537705,1
11853,train,0.7627594,1
11854,train,0.34215412,1
11857,train,0.5797112,0
11859,train,0.76720977,1
11860,train,0.38233238,1
11863,train,0.6013941,1
11865,train,0.7410622,0
11868,train,0.2791427,1
11870,train,0.6243798,0
11874,train,0.6841481,0
11878,train,0.6429656,0
11879,train,0.79570115,1
11881,train,0.27851108,1
11885,train,0.58669144,1
11886,train,0.776017,0
11887,train,0.7488605,0
11890,train,0.19201842,1
11891,train,0.26767614,1
11893,train,0.55717736,0
11894,train,0.59634894,0
11895,train,0.6544801,0
11896,train,0.59299266,1
11899,train,0.59912515,1
11901,train,0.78621113,0
11902,train,0.37394387,1
11904,train,0.587965,1
11906,train,0.20921518,1
11907,train,0.5828869,1
11910,train,0.36868763,1
11911,train,0.5036729,1
11915,train,0.2678729,1
11919,train,0.30136973,1
11922,train,0.33217007,1
11924,train,0.73097193,0
11927,train,0.3743511,1
11929,train,0.39699402,1
11931,train,0.2494127,1
11932,train,0.2796757,1
11933,train,0.4737719,1
11936,train,0.680239,1
11945,train,0.15458618,1
11946,train,0.449597,1
11953,train,0.6287614,1
11954,train,0.9590808,0
11956,train,0.76314604,0
11961,train,0.35887703,1
11963,train,0.6899383,0
11965,train,0.21297117,1
11970,train,0.5342822,1
11971,train,0.37175387,1
11973,train,0.26594675,1
11974,train,0.23842795,1
11976,train,0.5687249,0
11981,train,0.2175979,1
11986,train,0.12143345,1
11987,train,0.22321534,1
11988,train,0.2599846,1
11990,train,0.5456507,1
11993,train,0.55394036,0
11996,train,0.56789786,1
11997,train,0.79707396,0
11999,train,0.43601093,1
12002,train,0.35631686,1
12005,train,0.97927254,0
12007,train,0.624175,1
12010,train,0.694151,1
12012,train,0.42489916,1
12013,train,0.7922387,0
12015,train,0.7540283,1
12018,train,0.8357534,1
12019,train,0.24327706,1
12021,train,0.40065724,1
12022,train,0.522734,0
12023,train,0.4276223,1
12026,train,0.5292787,1
12028,train,0.66212654,1
12029,train,0.16692196,1
12030,train,0.7475833,1
12032,train,0.45793658,0
12034,train,0.70674676,1
12036,train,0.86387056,0
12039,train,0.47880563,1
12041,train,0.17623417,1
12044,train,0.48893932,1
12049,train,0.7453809,1
12052,train,0.29281017,1
12057,train,0.46843517,0
12058,train,0.6680543,1
12059,train,0.6710118,0
12061,train,0.42736,1
12063,train,0.6536115,0
12065,train,0.68846625,0
12072,train,0.78953004,0
12073,train,0.6576782,0
12074,train,0.23049979,1
12078,train,0.40531895,1
12080,train,0.4077781,1
12082,train,0.3698796,0
12083,train,0.31377947,1
12090,train,0.4502501,1
12091,train,0.37748283,1
12092,train,0.3171847,1
12095,train,0.5866937,1
12099,train,0.5899623,1
12100,train,0.88936394,0
12104,train,0.3753645,1
12107,train,0.3070837,1
12118,train,0.48264465,0
12122,train,0.5306436,1
12123,train,0.4906162,1
12124,train,0.47972757,0
12125,train,0.5999611,0
12131,train,0.23557234,1
12137,train,0.2279196,1
12139,train,0.4438851,1
12142,train,0.5274672,1
12144,train,0.2706221,1
12146,train,0.41707888,1
12148,train,0.4355093,1
12149,train,0.47722617,0
12150,train,0.4604185,1
12151,train,0.5937843,1
12153,train,0.5445898,1
12154,train,0.28992847,1
12159,train,0.6978554,0
12162,train,0.22950017,1
12163,train,0.5672836,1
12165,train,0.56341535,0
12168,train,0.540806,1
12172,train,0.38140535,1
12175,train,0.6064471,1
12178,train,0.43344682,1
12181,train,0.97874707,0
12183,train,0.15715137,1
12185,train,0.72719973,1
12188,train,0.53162843,1
12189,train,0.32822758,1
12192,train,0.45997536,1
12193,train,0.19083029,1
12195,train,0.67988855,0
12196,train,0.47666687,1
12198,train,0.71219987,1
12202,train,0.411821,1
12204,train,0.49803907,1
12206,train,0.44136417,1
12207,train,0.574187,0
12210,train,0.45776328,1
12211,train,0.5758865,1
12212,train,0.9159174,1
12214,train,0.7239493,0
12221,train,0.2967688,1
12223,train,0.34342673,1
12224,train,0.9426147,0
12225,train,0.18996586,1
12226,train,0.52719647,1
12227,train,0.7448885,1
12230,train,0.6280238,0
12231,train,0.62240046,0
12234,train,0.46457288,1
12235,train,0.76539147,0
12237,train,0.33666804,1
12238,train,0.69088626,0
12240,train,0.40783188,1
12243,train,0.14242816,1
12246,train,0.7262376,1
12247,train,0.4351818,1
12248,train,0.22001782,1
12255,train,0.32476607,1
12258,train,0.61738706,1
12259,train,0.4607709,1
12260,train,0.68719935,0
12261,train,0.3007958,0
12263,train,0.31301335,1
12266,train,0.2594214,1
12270,train,0.5359721,1
12273,train,0.2766028,1
12274,train,0.43289873,0
12278,train,0.46466112,1
12280,train,0.45749098,1
12284,train,0.5258269,0
12288,train,0.3668525,1
12292,train,0.65786225,1
12293,train,0.18037915,1
12294,train,0.5192862,1
12297,train,0.5593107,0
12300,train,0.17799024,1
12301,train,0.33558008,1
12305,train,0.7788803,0
12306,train,0.23667616,1
12307,train,0.37416378,1
12308,train,0.66563356,0
12309,train,0.519639,1
12310,train,0.5682483,0
12311,train,0.53906226,0
12312,train,0.72538114,0
12316,train,0.3810792,1
12318,train,0.3215897,0
12320,train,0.4194419,1
12323,train,0.5049852,0
12324,train,0.6413495,0
12326,train,0.61114466,1
12329,train,0.2039043,1
12331,train,0.34859934,1
12341,train,0.6663004,0
12345,train,0.10607975,1
12348,train,0.48570365,1
12350,train,0.4429686,1
12351,train,0.5576296,0
12355,train,0.43236962,1
12356,train,0.3007982,1
12357,train,0.36305726,1
12362,train,0.77458525,0
12366,train,0.330536,1
12369,train,0.64128536,1
12376,train,0.24351078,1
12377,train,0.30934682,1
12378,train,0.7172269,0
12379,train,0.7141565,1
12381,train,0.6979634,0
12382,train,0.1525474,1
12383,train,0.674821,0
12384,train,0.1741547,1
12385,train,0.9595636,0
12387,train,0.2653788,1
12390,train,0.31269726,1
12392,train,0.20194893,1
12393,train,0.6159417,0
12396,train,0.33487162,1
12398,train,0.32549524,1
12399,train,0.7933373,0
12406,train,0.67701215,1
12410,train,0.6894862,0
12415,train,0.35512972,1
12416,train,0.69697404,1
12420,train,0.52905494,1
12423,train,0.6709584,0
12426,train,0.50728613,1
12427,train,0.964702,0
12429,train,0.34524557,1
12430,train,0.74181837,1
12432,train,0.41441852,1
12439,train,0.4233932,1
12442,train,0.69358146,0
12446,train,0.65933937,0
12447,train,0.19856767,1
12449,train,0.6910301,0
12450,train,0.7321452,0
12453,train,0.19761816,1
12462,train,0.77720356,0
12463,train,0.15798253,1
12464,train,0.33771303,0
12465,train,0.42651725,1
12466,train,0.79413784,0
12467,train,0.10353232,1
12475,train,0.64290106,0
12476,train,0.16869742,1
12477,train,0.3320808,1
12480,train,0.5487057,0
12489,train,0.6510497,0
12492,train,0.7033374,0
12498,train,0.4595218,1
12499,train,0.5917203,1
12500,train,0.514487,1
12502,train,0.1966394,1
12505,train,0.7755008,1
12506,train,0.63748765,0
12510,train,0.48737946,1
12511,train,0.6385551,0
12514,train,0.45252752,0
12515,train,0.4053091,1
12517,train,0.9701874,0
12518,train,0.8715612,0
12520,train,0.662892,1
12524,train,0.16358839,1
12527,train,0.72701436,1
12528,train,0.5884643,1
12529,train,0.44881892,1
12530,train,0.29813468,1
12531,train,0.47003773,1
12536,train,0.23755045,0
12539,train,0.6940312,0
12543,train,0.7942759,0
12555,train,0.58387405,1
12559,train,0.5844625,0
12560,train,0.73818445,1
12562,train,0.6953768,0
12565,train,0.6422719,0
12566,train,0.49802428,1
12568,train,0.68159413,1
12569,train,0.6412345,0
12572,train,0.75838274,1
12573,train,0.60114807,0
12574,train,0.334559,1
12580,train,0.543435,0
12582,train,0.7902616,0
12583,train,0.47139803,1
12584,train,0.38679177,1
12586,train,0.7474892,0
12588,train,0.75380737,0
12589,train,0.72104007,0
12590,train,0.15644003,1
12592,train,0.2708335,1
12597,train,0.5003046,1
12598,train,0.41413453,1
12599,train,0.61042225,1
12600,train,0.48535234,1
12603,train,0.37672105,1
12604,train,0.25439802,1
12606,train,0.74450076,0
12607,train,0.5737103,1
12608,train,0.75804496,1
12614,train,0.685003,0
12628,train,0.35600674,1
12630,train,0.72888535,1
12633,train,0.2624028,1
12635,train,0.5509009,1
12637,train,0.3916197,1
12638,train,0.17521454,1
12640,train,0.3748412,0
12641,train,0.44055513,1
12644,train,0.40487477,1
12645,train,0.26635394,1
12651,train,0.68861824,0
12660,train,0.53743917,1
12662,train,0.7938426,1
12664,train,0.39202827,1
12667,train,0.72154075,0
12669,train,0.61172444,0
12671,train,0.5162528,1
12673,train,0.42730024,1
12674,train,0.38381407,1
12675,train,0.6512348,0
12677,train,0.5839957,1
12679,train,0.5077846,1
12680,train,0.42345935,0
12681,train,0.7274663,0
12687,train,0.1654337,1
12688,train,0.5891252,0
12690,train,0.19339423,1
12696,train,0.745807,1
12697,train,0.31203526,1
12698,train,0.5851418,1
12699,train,0.6029811,0
12700,train,0.6271172,0
12704,train,0.3821922,1
12705,train,0.5919175,1
12709,train,0.65001523,0
12710,train,0.30759975,1
12711,train,0.5590697,0
12712,train,0.69869715,0
12715,train,0.22302584,1
12716,train,0.33068213,1
12720,train,0.6886394,1
12721,train,0.6941206,0
12722,train,0.6920873,1
12729,train,0.58419687,0
12730,train,0.76640546,0
12732,train,0.33594665,1
12744,train,0.8875921,0
12745,train,0.23333715,1
12746,train,0.6507948,1
12752,train,0.5504314,1
12754,train,0.3768175,1
12755,train,0.5247215,1
12756,train,0.5021058,1
12758,train,0.6730887,1
12759,train,0.67323536,1
12760,train,0.28038964,0
12761,train,0.69054836,0
12762,train,0.48401442,1
12763,train,0.61059594,1
12765,train,0.7102026,0
12766,train,0.7794722,1
12769,train,0.3263972,1
12770,train,0.6735268,1
12773,train,0.6208029,1
12775,train,0.7290606,0
12782,train,0.7326819,0
12784,train,0.46066818,1
12785,train,0.486434,1
12786,train,0.31615528,1
12788,train,0.5762905,0
12793,train,0.37291718,1
12795,train,0.3423644,1
12798,train,0.20782772,1
12799,train,0.52577734,1
12801,train,0.33191797,1
12806,train,0.7429246,1
12807,train,0.4509751,1
12811,train,0.80116194,1
12815,train,0.514315,1
12820,train,0.575181,1
12822,train,0.7050593,0
12825,train,0.6864373,0
12827,train,0.7702557,1
12828,train,0.6800188,1
12832,train,0.6684222,1
12834,train,0.68750733,0
12836,train,0.8039213,0
12839,train,0.8152484,0
12841,train,0.49117327,0
12845,train,0.6072485,0
12846,train,0.6845294,1
12848,train,0.52823097,0
12854,train,0.39167905,1
12863,train,0.80959177,0
12866,train,0.4442105,1
12869,train,0.3845604,1
12870,train,0.23936777,1
12871,train,0.8149179,0
12873,train,0.6205621,1
12874,train,0.5720258,1
12876,train,0.52471524,0
12878,train,0.60794514,1
12879,train,0.8103997,1
12885,train,0.42303085,0
12887,train,0.3409766,1
12889,train,0.5130207,0
12892,train,0.33212042,1
12895,train,0.53951645,1
12896,train,0.61595654,1
12897,train,0.4912705,1
12900,train,0.6474369,1
12903,train,0.2625569,1
12904,train,0.7623376,0
12908,train,0.40794447,1
12911,train,0.32108393,1
12913,train,0.5808497,0
12915,train,0.25386155,1
12916,train,0.70904523,1
12920,train,0.5717933,1
12923,train,0.64877003,1
12926,train,0.5568038,0
12930,train,0.46374312,1
12931,train,0.35323152,1
12934,train,0.5564437,1
12943,train,0.5284305,1
12946,train,0.5160237,0
12948,train,0.67362857,0
12954,train,0.39122388,1
12955,train,0.9627954,1
12957,train,0.47192279,1
12958,train,0.38014185,0
12966,train,0.52168053,0
12970,train,0.40224665,1
12971,train,0.22677414,1
12973,train,0.35796982,1
12975,train,0.20555612,1
12977,train,0.91930044,0
12978,train,0.40874627,1
12979,train,0.3016291,1
12984,train,0.53061503,1
12987,train,0.69266784,1
12989,train,0.31479177,1
12994,train,0.5117504,1
12995,train,0.5927316,0
12997,train,0.52878237,1
12999,train,0.48322567,1
13004,train,0.508131,1
13005,train,0.4357537,1
13006,train,0.22261424,1
13010,train,0.23296294,1
13013,train,0.4944928,0
13015,train,0.7558506,0
13017,train,0.44044375,1
13020,train,0.7908988,1
13024,train,0.8420379,0
13025,train,0.4114764,1
13027,train,0.66969365,0
13028,train,0.39044094,1
13029,train,0.91210157,0
13030,train,0.53289485,0
13034,train,0.53121436,0
13036,train,0.36190808,1
13037,train,0.12474236,1
13038,train,0.5300147,1
13039,train,0.17310198,1
13043,train,0.60770845,0
13044,train,0.40147403,1
13051,train,0.39032242,1
13053,train,0.70696986,0
13058,train,0.6308038,1
13061,train,0.5614858,1
13063,train,0.5774444,0
13071,train,0.43019503,0
13073,train,0.64685845,1
13076,train,0.5598409,1
13077,train,0.5147712,1
13078,train,0.70705855,0
13083,train,0.35807002,1
13085,train,0.81420124,0
13087,train,0.5292191,1
13089,train,0.75392157,0
13091,train,0.30593845,1
13094,train,0.48451275,1
13096,train,0.5154208,1
13099,train,0.47875935,1
13103,train,0.6898862,0
13105,train,0.3011571,1
13106,train,0.16498205,1
13107,train,0.5220572,1
13109,train,0.7668369,0
13115,train,0.63564026,0
13117,train,0.548553,1
13118,train,0.7130323,0
13120,train,0.21379502,1
13122,train,0.71177584,0
13125,train,0.8897048,0
13126,train,0.2958899,1
13128,train,0.67452765,1
13135,train,0.79725564,0
13137,train,0.29883462,1
13149,train,0.31440553,1
13150,train,0.617103,1
13154,train,0.53365535,1
13155,train,0.74379647,0
13158,train,0.5364681,1
13159,train,0.37286943,1
13161,train,0.48711044,1
13166,train,0.21762569,1
13169,train,0.31492344,1
13171,train,0.4727814,1
13173,train,0.48429504,1
13176,train,0.7930038,0
13177,train,0.17106798,1
13181,train,0.37066823,1
13182,train,0.9712803,0
13183,train,0.71345526,0
13185,train,0.5337869,1
13191,train,0.6102627,0
13192,train,0.47483587,0
13193,train,0.28467804,1
13200,train,0.6206793,1
13202,train,0.25673062,1
13203,train,0.534236,1
13208,train,0.3427425,1
13210,train,0.2622173,1
13211,train,0.3116909,0
13213,train,0.526572,0
13219,train,0.70923233,0
13222,train,0.693377,0
13227,train,0.74695647,0
13229,train,0.3536017,1
13232,train,0.68519735,0
13234,train,0.5605626,0
13236,train,0.6704323,0
13240,train,0.45352682,1
13241,train,0.73439175,1
13244,train,0.3098567,1
13245,train,0.7634948,0
13246,train,0.44204637,1
13247,train,0.5491888,0
13248,train,0.7145986,0
13251,train,0.28986424,1
13263,train,0.36066127,1
13264,train,0.361361,1
13265,train,0.20231982,1
13270,train,0.5136671,0
13272,train,0.43422687,0
13273,train,0.47268373,1
13274,train,0.30538946,1
13277,train,0.4646708,0
13278,train,0.599536,1
13279,train,0.93526417,0
13286,train,0.5184975,0
13290,train,0.27212828,1
13291,train,0.32341233,1
13292,train,0.6286734,0
13295,train,0.5940867,1
13301,train,0.6575643,0
13309,train,0.32209504,1
13314,train,0.45160738,0
13322,train,0.68323416,0
13323,train,0.65920246,0
13327,train,0.5116239,0
13330,train,0.2425855,1
13331,train,0.7288995,1
13332,train,0.6752264,0
13336,train,0.86534345,0
13345,train,0.7381753,0
13349,train,0.49893814,1
13350,train,0.17452352,1
13355,train,0.90117043,0
13356,train,0.27559215,0
13359,train,0.62634104,0
13360,train,0.5199298,1
13361,train,0.9295037,0
13362,train,0.25641707,1
13363,train,0.6033027,0
13364,train,0.7920573,0
13366,train,0.34834948,1
13375,train,0.45134044,1
13376,train,0.38600177,1
13378,train,0.88162565,1
13383,train,0.422974,0
13384,train,0.38860637,1
13386,train,0.64978987,0
13392,train,0.5887251,0
13393,train,0.38775125,1
13394,train,0.8527589,0
13395,train,0.94854385,0
13397,train,0.80116063,0
13398,train,0.6895201,0
13400,train,0.43665913,1
13401,train,0.32772657,1
13404,train,0.45522404,1
13405,train,0.6359758,0
13406,train,0.19625586,1
13410,train,0.15425211,1
13415,train,0.62159765,0
13418,train,0.49629548,1
13422,train,0.6259313,1
13425,train,0.5104895,0
13432,train,0.7050884,0
13433,train,0.6705876,0
13434,train,0.80908096,0
13439,train,0.44284353,1
13445,train,0.4492051,0
13446,train,0.7183237,0
13449,train,0.4796541,0
13450,train,0.4578238,1
13451,train,0.8043707,1
13454,train,0.59949553,1
13456,train,0.47467285,1
13458,train,0.42805135,1
13464,train,0.5932854,0
13467,train,0.687908,0
13468,train,0.25494945,1
13469,train,0.40817475,1
13470,train,0.5494108,0
13471,train,0.3119107,0
13473,train,0.85441494,0
13478,train,0.6526572,0
13482,train,0.62456495,0
13483,train,0.69033396,1
13485,train,0.54031396,1
13487,train,0.8884974,0
13489,train,0.5277476,1
13492,train,0.49817157,1
13497,train,0.5428331,1
13498,train,0.33806854,1
13500,train,0.45678648,1
13502,train,0.79858905,0
13504,train,0.6027712,0
13508,train,0.286748,1
13513,train,0.44138023,1
13516,train,0.55199957,1
13517,train,0.55181766,1
13518,train,0.7201444,1
13522,train,0.8907804,0
13527,train,0.6541531,1
13529,train,0.3050807,1
13532,train,0.6585294,0
13533,train,0.80487776,0
13534,train,0.713412,0
13537,train,0.7497996,1
13540,train,0.39036804,1
13543,train,0.17256808,1
13544,train,0.5262079,0
13546,train,0.63118964,0
13547,train,0.54168326,0
13548,train,0.18682507,1
13564,train,0.4398467,1
13567,train,0.60791075,1
13571,train,0.7009407,1
13572,train,0.82013834,0
13576,train,0.41130424,1
13577,train,0.714732,0
13589,train,0.38835016,1
13590,train,0.37276635,1
13592,train,0.5201599,1
13593,train,0.49051005,1
13594,train,0.26677832,1
13595,train,0.584889,1
13598,train,0.7605187,0
13599,train,0.6763178,0
13600,train,0.4414613,1
13601,train,0.47129247,0
13603,train,0.76495904,0
13604,train,0.3189418,1
13607,train,0.7663803,1
13611,train,0.09290512,1
13614,train,0.59391093,1
13617,train,0.76812446,0
13620,train,0.59316236,0
13621,train,0.39876375,1
13622,train,0.25089797,1
13629,train,0.5422407,0
13633,train,0.76392066,0
13634,train,0.30676207,1
13637,train,0.29080757,1
13638,train,0.14544617,1
13643,train,0.53246844,0
13648,train,0.40513027,1
13649,train,0.55450845,1
13657,train,0.45286617,0
13658,train,0.3874918,1
13659,train,0.5149219,1
13661,train,0.3729274,1
13666,train,0.53383094,0
13668,train,0.3041048,1
13671,train,0.6537603,0
13672,train,0.58773315,0
13673,train,0.7388125,0
13675,train,0.30923223,1
13684,train,0.65347165,1
13696,train,0.7370785,0
13697,train,0.5749716,0
13705,train,0.2713532,1
13706,train,0.5185183,0
13707,train,0.36347184,1
13709,train,0.36367986,0
13710,train,0.8360956,0
13716,train,0.5977844,0
13717,train,0.74046963,0
13720,train,0.64235485,1
13721,train,0.8888517,0
13722,train,0.47654969,1
13724,train,0.37053347,1
13725,train,0.7008175,1
13728,train,0.6234934,0
13732,train,0.13544595,1
13733,train,0.6594222,0
13734,train,0.5118397,1
13735,train,0.6932144,0
13736,train,0.7062415,1
13737,train,0.4442974,0
13743,train,0.6063945,1
13746,train,0.2948579,1
13748,train,0.3670593,1
13750,train,0.46443892,0
13752,train,0.5644871,1
13753,train,0.33405554,1
13762,train,0.7578504,0
13765,train,0.41639704,1
13766,train,0.58110934,0
13768,train,0.68689346,0
13769,train,0.45331088,1
13770,train,0.24716486,1
13771,train,0.30665183,1
13776,train,0.49898684,1
13778,train,0.47144946,0
13780,train,0.29895696,1
13782,train,0.80751234,1
13784,train,0.31408656,1
13789,train,0.31969497,1
13790,train,0.30433267,1
13791,train,0.81178075,1
13795,train,0.30953595,1
13797,train,0.14509532,1
13799,train,0.65553415,1
13803,train,0.50876546,1
13805,train,0.49617863,1
13811,train,0.59868026,1
13815,train,0.96168953,0
13817,train,0.2596109,1
13818,train,0.39172015,1
13819,train,0.5369902,1
13820,train,0.59923035,0
13823,train,0.7597902,1
13824,train,0.6068127,1
13825,train,0.6825432,0
13827,train,0.44076592,1
13832,train,0.6049055,1
13840,train,0.9462956,0
13841,train,0.7969678,0
13842,train,0.60723114,0
13848,train,0.59834594,1
13850,train,0.3686786,1
13851,train,0.23175275,1
13852,train,0.46708432,1
13861,train,0.26352233,1
13864,train,0.48727825,0
13865,train,0.8934335,1
13867,train,0.7080709,0
13868,train,0.6744905,1
13869,train,0.39158982,0
13870,train,0.14822224,1
13871,train,0.629288,0
13874,train,0.46766365,1
13875,train,0.47619358,1
13877,train,0.6016107,0
13881,train,0.46883214,1
13882,train,0.5899871,0
13884,train,0.3221471,1
13887,train,0.6149157,1
13888,train,0.7141551,0
13889,train,0.6260687,0
13894,train,0.51938033,1
13897,train,0.62911177,0
13904,train,0.7747654,0
13906,train,0.6439864,0
13909,train,0.52171034,1
13910,train,0.5561859,1
13911,train,0.39295363,1
13914,train,0.59918535,0
13915,train,0.8036023,0
13916,train,0.18412958,1
13917,train,0.70830417,1
13918,train,0.5945828,1
13919,train,0.088733904,1
13921,train,0.4223241,1
13923,train,0.3585326,1
13926,train,0.6407212,1
13927,train,0.8879257,0
13930,train,0.36168244,1
13931,train,0.27379352,1
13932,train,0.26480773,1
13937,train,0.57040703,1
13938,train,0.7689062,0
13943,train,0.6427362,0
13945,train,0.11648807,1
13946,train,0.31271318,1
13948,train,0.60007286,1
13952,train,0.12585542,1
13954,train,0.8996768,0
13955,train,0.72828215,0
13956,train,0.35309815,1
13958,train,0.64798045,1
13959,train,0.49885017,1
13961,train,0.62089676,0
13963,train,0.56089413,1
13965,train,0.6373604,0
13976,train,0.25133696,1
13979,train,0.2605082,1
13984,train,0.22632569,1
13985,train,0.3780934,1
13986,train,0.43640298,1
13988,train,0.79330474,0
13990,train,0.60410535,1
13992,train,0.34095028,1
13995,train,0.45313963,1
13997,train,0.29073,1
14000,train,0.79653937,0
14001,train,0.46451196,1
14008,train,0.7883199,0
14009,train,0.9480052,0
14010,train,0.4978271,1
14011,train,0.59967417,1
14014,train,0.5239613,1
14018,train,0.09676721,1
14020,train,0.34473157,0
14024,train,0.50623846,1
14026,train,0.53709084,0
14030,train,0.42311442,1
14031,train,0.6022604,1
14032,train,0.5651394,1
14033,train,0.53655267,1
14034,train,0.8506363,0
14036,train,0.75029314,0
14037,train,0.5166492,1
14039,train,0.89539933,0
14040,train,0.6202163,1
14041,train,0.70196253,0
14042,train,0.7080811,1
14045,train,0.15926465,1
14049,train,0.5809764,1
14052,train,0.42815349,0
14055,train,0.7375826,1
14057,train,0.23167554,1
14059,train,0.46315482,1
14072,train,0.81045467,0
14073,train,0.2765705,1
14074,train,0.5833343,0
14076,train,0.3489242,1
14079,train,0.32571024,1
14080,train,0.47260886,1
14084,train,0.58572596,1
14090,train,0.7923276,0
14091,train,0.30661845,1
14096,train,0.52437925,1
14099,train,0.62418574,0
14102,train,0.7015679,0
14103,train,0.7635535,1
14104,train,0.49349654,0
14110,train,0.69768554,1
14111,train,0.6770944,1
14117,train,0.4444711,1
14118,train,0.7645143,0
14119,train,0.4850237,1
14120,train,0.23679185,1
14125,train,0.45861167,1
14126,train,0.8117758,0
14129,train,0.54930204,0
14130,train,0.69871145,1
14131,train,0.18623802,1
14134,train,0.60771453,1
14136,train,0.5827323,0
14137,train,0.22978681,1
14138,train,0.3556968,0
14143,train,0.3707328,1
14144,train,0.3129773,1
14151,train,0.693052,0
14153,train,0.813884,0
14154,train,0.6868705,0
14156,train,0.66049564,0
14159,train,0.76570666,0
14161,train,0.1956988,1
14162,train,0.5291101,1
14163,train,0.83963525,0
14167,train,0.3520931,1
14169,train,0.5252505,1
14171,train,0.47408247,1
14172,train,0.47824028,1
14173,train,0.63473386,0
14177,train,0.71983415,0
14179,train,0.5285323,1
14180,train,0.23313044,1
14190,train,0.3259978,0
14191,train,0.3496757,1
14192,train,0.17859033,1
14194,train,0.28834277,1
14197,train,0.7200624,0
14204,train,0.47062314,0
14205,train,0.8035403,0
14207,train,0.4689231,1
14208,train,0.40203974,0
14209,train,0.49034065,0
14210,train,0.6045276,0
14211,train,0.62321126,1
14213,train,0.75209653,0
14214,train,0.69176674,1
14216,train,0.42982832,1
14217,train,0.16347027,1
14218,train,0.75419074,0
14219,train,0.34612143,1
14220,train,0.842864,0
14228,train,0.4218098,1
14229,train,0.5020701,1
14235,train,0.32396978,1
14237,train,0.53241307,0
14242,train,0.60872835,0
14248,train,0.5526991,1
14249,train,0.754768,0
14252,train,0.2896035,1
14255,train,0.19387646,1
14262,train,0.16011085,1
14269,train,0.58532584,0
14270,train,0.7084226,0
14272,train,0.35132948,1
14275,train,0.54253244,1
14276,train,0.6444387,1
14279,train,0.5861988,1
14281,train,0.19329993,1
14284,train,0.14927736,1
14288,train,0.10332399,1
14297,train,0.475028,0
14298,train,0.48863518,1
14299,train,0.33948246,1
14300,train,0.59184396,0
14305,train,0.52557516,1
14307,train,0.37308195,1
14308,train,0.6044885,1
14309,train,0.7473324,1
14311,train,0.70041615,0
14314,train,0.16840413,1
14315,train,0.43839672,1
14317,train,0.52370304,1
14320,train,0.36524397,1
14323,train,0.25755084,1
14324,train,0.65110886,0
14327,train,0.23812883,1
14329,train,0.39140743,1
14331,train,0.27685896,1
14332,train,0.3725012,1
14335,train,0.35918134,1
14336,train,0.4881129,0
14339,train,0.8983087,0
14342,train,0.3139801,1
14343,train,0.62279457,0
14346,train,0.26646695,1
14349,train,0.62795174,1
14350,train,0.39681268,1
14352,train,0.22484133,1
14354,train,0.48942438,1
14356,train,0.43150803,1
14359,train,0.72951853,0
14360,train,0.3857373,1
14366,train,0.76682967,1
14369,train,0.27608147,1
14370,train,0.19918343,1
14372,train,0.37660158,1
14377,train,0.8192822,1
14378,train,0.46353886,1
14380,train,0.12463139,1
14384,train,0.21774524,1
14385,train,0.5244121,0
14388,train,0.62806207,0
14394,train,0.34486732,1
14395,train,0.33361068,1
14397,train,0.6286725,1
14398,train,0.6103383,0
14405,train,0.46650457,1
14407,train,0.5823476,0
14419,train,0.19640262,1
14421,train,0.21191864,1
14422,train,0.63365996,0
14424,train,0.70101255,1
14425,train,0.60348594,0
14427,train,0.6329427,1
14428,train,0.30850774,1
14429,train,0.69674283,1
14431,train,0.39449015,1
14433,train,0.43049335,1
14434,train,0.5369441,0
14435,train,0.5999068,0
14439,train,0.5303938,1
14441,train,0.27839765,1
14442,train,0.7010672,0
14445,train,0.9350831,0
14452,train,0.4309865,0
14453,train,0.62822413,0
14455,train,0.68481123,0
14457,train,0.23256087,1
14459,train,0.21013768,1
14462,train,0.23338763,1
14464,train,0.65389806,1
14466,train,0.40958863,1
14473,train,0.50270486,1
14476,train,0.37814507,1
14480,train,0.9660713,0
14482,train,0.5262371,1
14483,train,0.7064166,0
14484,train,0.564709,1
14488,train,0.4104986,0
14491,train,0.7278846,1
14493,train,0.6919295,0
14494,train,0.6714695,0
14497,train,0.37157902,1
14498,train,0.29022524,1
14502,train,0.5132767,1
14503,train,0.2514504,1
14506,train,0.624017,1
14507,train,0.1908281,1
14508,train,0.444511,0
14511,train,0.46107268,1
14515,train,0.38942266,1
14516,train,0.71221834,0
14518,train,0.27577367,1
14521,train,0.6949658,1
14522,train,0.17682439,1
14523,train,0.45465872,1
14524,train,0.52175087,0
14529,train,0.54512095,0
14532,train,0.7854507,0
14534,train,0.6360982,0
14536,train,0.66317433,0
14539,train,0.5049354,1
14540,train,0.42606723,1
14541,train,0.37392303,0
14544,train,0.43100536,1
14545,train,0.27527383,1
14546,train,0.48781416,1
14547,train,0.48661593,1
14548,train,0.982778,0
14549,train,0.70311755,1
14550,train,0.5261282,0
14553,train,0.9658112,0
14554,train,0.8158704,0
14556,train,0.33884075,1
14557,train,0.41578186,1
14560,train,0.6261852,0
14567,train,0.46904832,1
14568,train,0.28568286,1
14570,train,0.33128047,1
14574,train,0.6457395,0
14575,train,0.45902985,1
14581,train,0.4929889,0
14582,train,0.34697598,1
14590,train,0.41385072,1
14591,train,0.7869031,0
14594,train,0.54790825,0
14596,train,0.46094424,1
14601,train,0.46575063,1
14602,train,0.6449054,0
14603,train,0.8031647,0
14605,train,0.75684035,0
14606,train,0.45197415,1
14607,train,0.64255786,0
14608,train,0.29651654,1
14611,train,0.36487198,1
14612,train,0.3775239,1
14613,train,0.119370714,1
14617,train,0.67190343,0
14618,train,0.5620915,1
14625,train,0.7353126,1
14629,train,0.3856457,1
14630,train,0.42793185,1
14633,train,0.5824948,1
14636,train,0.8561754,1
14637,train,0.5416795,0
14639,train,0.7739264,0
14642,train,0.5830348,0
14645,train,0.5902723,1
14646,train,0.58013827,0
14648,train,0.80448014,0
14652,train,0.5026234,1
14655,train,0.60400635,1
14659,train,0.65493166,1
14662,train,0.25857547,1
14663,train,0.4252485,1
14665,train,0.431165,1
14666,train,0.7155509,0
14668,train,0.29563698,1
14672,train,0.38663754,1
14673,train,0.6626712,1
14674,train,0.37101525,1
14675,train,0.3004551,1
14678,train,0.29004577,1
14679,train,0.6169727,0
14681,train,0.64078945,0
14685,train,0.7136641,0
14686,train,0.5244094,1
14689,train,0.7076146,0
14692,train,0.48173952,1
14694,train,0.35529932,1
14696,train,0.4135346,1
14697,train,0.24573518,1
14698,train,0.22942227,1
14701,train,0.7267001,1
14702,train,0.71568924,0
14707,train,0.5743593,0
14710,train,0.4447069,1
14712,train,0.5877736,0
14713,train,0.66821444,1
14715,train,0.43514013,1
14716,train,0.610892,0
14718,train,0.57026875,0
14719,train,0.7681235,1
14721,train,0.7667231,0
14723,train,0.4057801,1
14727,train,0.49669608,1
14732,train,0.5309323,1
14733,train,0.9200118,0
14737,train,0.2147624,1
14738,train,0.18539545,1
14741,train,0.44133234,0
14743,train,0.58185905,0
14744,train,0.58604795,1
14747,train,0.17038402,1
14748,train,0.7554498,1
14749,train,0.5136872,1
14753,train,0.53537273,1
14755,train,0.6509054,0
14757,train,0.59441286,0
14758,train,0.65975857,0
14759,train,0.7333234,0
14760,train,0.51355416,1
14764,train,0.59001553,1
14766,train,0.63067013,1
14770,train,0.44875574,1
14773,train,0.6533882,0
14777,train,0.5351286,1
14779,train,0.5592194,1
14780,train,0.36769745,1
14781,train,0.311862,1
14786,train,0.5854197,0
14787,train,0.24851732,1
14792,train,0.63874066,1
14793,train,0.4278974,1
14794,train,0.7407996,1
14799,train,0.54472274,1
14801,train,0.25839847,1
14803,train,0.17577322,1
14804,train,0.75101626,0
14805,train,0.49863583,1
14806,train,0.48528135,0
14807,train,0.6552485,0
14808,train,0.34465116,1
14812,train,0.80863976,0
14822,train,0.5216039,1
14823,train,0.4765521,1
14824,train,0.4731595,1
14825,train,0.34937486,1
14826,train,0.81725645,1
14828,train,0.800734,0
14829,train,0.3571424,1
14835,train,0.50269616,1
14837,train,0.19691294,1
14839,train,0.8073944,0
14841,train,0.39651766,1
14842,train,0.6418044,0
14843,train,0.64998835,1
14844,train,0.5785143,0
14845,train,0.57195425,1
14846,train,0.5862874,1
14847,train,0.6818191,0
14850,train,0.39864436,1
14851,train,0.33797705,1
14852,train,0.601124,0
14855,train,0.16285895,1
14860,train,0.13227946,1
14862,train,0.56559694,1
14866,train,0.3517948,1
14871,train,0.27854976,1
14873,train,0.6839554,1
14876,train,0.73231363,0
14879,train,0.8346884,0
14882,train,0.4356868,0
14884,train,0.295805,1
14887,train,0.56301135,1
14892,train,0.4910937,0
14894,train,0.3188764,1
14896,train,0.6156639,1
14898,train,0.74485964,0
14899,train,0.75192404,0
14900,train,0.4152371,1
14901,train,0.74718916,1
14902,train,0.8214747,1
14903,train,0.60435575,0
14912,train,0.62509984,1
14913,train,0.34204146,1
14915,train,0.2517976,1
14916,train,0.64082813,1
14917,train,0.86375964,0
14923,train,0.5066908,1
14924,train,0.45157087,0
14925,train,0.3902284,1
14927,train,0.532182,0
14935,train,0.56585115,1
14936,train,0.33999994,1
14937,train,0.6146305,1
14938,train,0.5820895,1
14940,train,0.7227796,0
14941,train,0.585902,1
14946,train,0.4631578,1
14947,train,0.5770248,0
14948,train,0.73600274,1
14951,train,0.7508046,0
14956,train,0.34824407,1
14957,train,0.79018134,0
14958,train,0.4106786,1
14960,train,0.53722936,1
14964,train,0.5451515,1
14966,train,0.679326,0
14970,train,0.7103278,0
14972,train,0.4879657,1
14977,train,0.587822,1
14987,train,0.5997566,1
14993,train,0.6481904,1
14994,train,0.8068358,1
14995,train,0.30102047,1
14996,train,0.46859643,1
14998,train,0.46684256,0
14999,train,0.45661306,1
15001,train,0.43769893,1
15002,train,0.60410327,1
15005,train,0.59754413,0
15006,train,0.6648978,1
15008,train,0.5414566,1
15009,train,0.9642882,0
15014,train,0.49692595,1
15015,train,0.18314496,1
15019,train,0.64275086,0
15025,train,0.39516634,1
15027,train,0.5743062,1
15028,train,0.35777137,1
15031,train,0.70888525,0
15032,train,0.6922081,1
15035,train,0.81079817,0
15036,train,0.5018498,1
15039,train,0.9566824,0
15041,train,0.22645868,1
15043,train,0.703088,0
15046,train,0.65411365,0
15048,train,0.8141898,0
15049,train,0.39519295,1
15050,train,0.22769327,1
15051,train,0.3688999,1
15052,train,0.7858156,0
15055,train,0.5310408,0
15057,train,0.8684816,1
15061,train,0.20456421,1
15066,train,0.38704267,1
15067,train,0.7889918,0
15075,train,0.28139088,1
15079,train,0.74196327,1
15080,train,0.4769848,1
15081,train,0.3690585,1
15088,train,0.31076553,1
15089,train,0.49509412,1
15091,train,0.6337686,1
15096,train,0.72227055,0
15102,train,0.6576071,0
15108,train,0.8950546,0
15111,train,0.5282096,1
15112,train,0.39541614,1
15113,train,0.69079804,1
15117,train,0.5672125,0
15120,train,0.8579816,0
15122,train,0.3596243,0
15123,train,0.55112267,0
15125,train,0.6166637,0
15128,train,0.9076449,0
15129,train,0.63823265,0
15130,train,0.8303342,1
15133,train,0.3995739,0
15135,train,0.25832322,1
15138,train,0.32180193,1
15139,train,0.4257293,1
15141,train,0.20304102,1
15143,train,0.97854006,0
15145,train,0.4783093,1
15148,train,0.5468037,1
15153,train,0.5128062,0
15155,train,0.49392283,1
15157,train,0.371085,1
15158,train,0.57824117,0
15160,train,0.30829018,1
15161,train,0.77326655,0
15164,train,0.8053499,1
15167,train,0.35991156,1
15168,train,0.57680213,1
15169,train,0.6810857,0
15172,train,0.24212506,1
15177,train,0.5636625,1
15179,train,0.42541242,1
15181,train,0.6070013,0
15182,train,0.30446622,1
15187,train,0.63040286,0
15189,train,0.6122411,0
15191,train,0.50805324,1
15195,train,0.8579674,0
15197,train,0.61808103,1
15198,train,0.79251045,0
15202,train,0.70167,1
15204,train,0.19142272,1
15205,train,0.35028532,1
15207,train,0.6661318,0
15210,train,0.76718646,0
15213,train,0.66187274,1
15214,train,0.24175514,1
15217,train,0.68041706,1
15219,train,0.769577,0
15221,train,0.64472485,0
15222,train,0.55671453,1
15224,train,0.6529003,0
15227,train,0.39208505,1
15232,train,0.111255236,1
15233,train,0.5854171,1
15234,train,0.24081427,1
15235,train,0.44897065,1
15238,train,0.4519208,1
15239,train,0.29365775,1
15242,train,0.63331974,0
15245,train,0.41186994,1
15246,train,0.46404243,1
15247,train,0.45198658,0
15248,train,0.46703762,1
15250,train,0.22239332,1
15253,train,0.68443155,0
15256,train,0.5917404,0
15260,train,0.15647143,1
15262,train,0.7736714,0
15263,train,0.36952803,1
15265,train,0.21720041,1
15268,train,0.16680232,1
15269,train,0.4427232,1
15273,train,0.5155773,0
15274,train,0.34313706,1
15277,train,0.33038995,1
15281,train,0.75306743,0
15282,train,0.328347,1
15288,train,0.63849896,0
15291,train,0.15513328,1
15293,train,0.6468087,0
15296,train,0.6755235,0
15298,train,0.3920574,0
15300,train,0.5173096,1
15306,train,0.6611716,1
15313,train,0.66589236,0
15315,train,0.54581904,0
15316,train,0.65278304,0
15318,train,0.3424822,1
15319,train,0.1863401,1
15320,train,0.39951086,1
15321,train,0.4834642,1
15324,train,0.2990886,1
15327,train,0.70183104,0
15332,train,0.6478019,0
15333,train,0.27427265,1
15340,train,0.86337,0
15341,train,0.60346097,0
15342,train,0.51408136,1
15344,train,0.25770956,1
15345,train,0.68693525,0
15349,train,0.8020955,1
15350,train,0.34012622,0
15351,train,0.508484,0
15354,train,0.79935026,0
15355,train,0.32656243,1
15360,train,0.48402828,1
15362,train,0.15242505,1
15364,train,0.71876204,0
15366,train,0.34507236,1
15369,train,0.6157942,1
15373,train,0.35425606,1
15374,train,0.6777969,0
15375,train,0.3525248,1
15376,train,0.51002824,1
15379,train,0.3122107,1
15380,train,0.42226708,1
15381,train,0.5004831,1
15385,train,0.36384863,1
15387,train,0.5566074,1
15390,train,0.75678396,0
15391,train,0.26576617,0
15395,train,0.7249469,0
15396,train,0.12733307,1
15397,train,0.62148094,0
15399,train,0.8707386,0
15400,train,0.35653678,1
15404,train,0.31346607,0
15408,train,0.5186238,1
15410,train,0.30642334,0
15412,train,0.55785304,1
15414,train,0.4381098,1
15416,train,0.54420877,1
15421,train,0.26128873,1
15423,train,0.63553834,0
15424,train,0.42669803,1
15427,train,0.743513,0
15428,train,0.550699,1
15429,train,0.53175116,1
15430,train,0.5341623,0
15434,train,0.62303174,1
15435,train,0.52572995,0
15436,train,0.55223304,0
15439,train,0.7742261,0
15440,train,0.5468976,1
15441,train,0.6482873,0
15442,train,0.5603339,0
15444,train,0.2875877,1
15445,train,0.1918155,1
15447,train,0.34285167,1
15448,train,0.48496854,1
15453,train,0.68682945,0
15458,train,0.7134135,1
15459,train,0.25733507,1
15462,train,0.69597524,0
15463,train,0.6243285,0
15465,train,0.55116767,0
15471,train,0.23629676,1
15472,train,0.43236998,1
15477,train,0.66442883,0
15480,train,0.5951755,0
15482,train,0.28696266,1
15483,train,0.6309899,0
15485,train,0.6915695,0
15491,train,0.57767624,1
15492,train,0.26891023,1
15493,train,0.39132866,0
15497,train,0.30568683,1
15503,train,0.58139414,0
15507,train,0.722477,0
15510,train,0.7264155,0
15512,train,0.3626602,1
15514,train,0.30456105,1
15516,train,0.6691506,0
15518,train,0.48388883,1
15519,train,0.29874632,1
15520,train,0.31433678,1
15523,train,0.38285533,1
15524,train,0.52576405,1
15526,train,0.6634349,0
15529,train,0.5158927,1
15530,train,0.8139093,1
15531,train,0.30534393,1
15532,train,0.51842034,1
15536,train,0.15999354,1
15538,train,0.7362621,1
15539,train,0.5233786,1
15540,train,0.56559455,1
15542,train,0.5628341,1
15548,train,0.48506176,0
15552,train,0.5568185,1
15553,train,0.741148,1
15554,train,0.66314363,1
15558,train,0.54298425,1
15559,train,0.59595215,0
15561,train,0.7023808,1
15564,train,0.63660026,0
15568,train,0.6056316,0
15569,train,0.72917813,1
15571,train,0.17453861,1
15572,train,0.3449703,1
15573,train,0.60854596,0
15575,train,0.37212986,1
15576,train,0.68904954,0
15578,train,0.70075566,0
15581,train,0.44637382,1
15583,train,0.56096387,1
15588,train,0.5114444,0
15589,train,0.55394137,0
15592,train,0.26918784,1
15593,train,0.5171304,0
15599,train,0.5740037,0
15612,train,0.49714556,1
15614,train,0.62216896,1
15616,train,0.3779599,0
15617,train,0.49798158,1
15618,train,0.50698113,1
15619,train,0.4254032,0
15623,train,0.47929054,0
15625,train,0.3844766,1
15630,train,0.6000332,0
15631,train,0.9040102,1
15634,train,0.6574504,0
15635,train,0.69299006,1
15636,train,0.40312877,1
15640,train,0.7341989,0
15641,train,0.5480807,0
15644,train,0.15421218,1
15646,train,0.50230974,0
15647,train,0.5164974,0
15649,train,0.5967111,0
15650,train,0.6124643,1
15652,train,0.4772695,0
15653,train,0.7512327,1
15658,train,0.6787006,1
15661,train,0.93717283,0
15663,train,0.47621074,1
15666,train,0.6454041,0
15671,train,0.66045165,1
15672,train,0.34890878,1
15673,train,0.55606526,1
15677,train,0.68394315,0
15679,train,0.5239002,1
15680,train,0.73633975,0
15681,train,0.6333455,1
15683,train,0.6895539,1
15686,train,0.62389183,0
15689,train,0.67482156,0
15693,train,0.5810058,0
15697,train,0.5971156,0
15698,train,0.5433892,1
15701,train,0.59028876,0
15704,train,0.6088055,1
15708,train,0.5926301,1
15711,train,0.29676852,1
15712,train,0.36965084,0
15714,train,0.6568621,1
15715,train,0.5626364,1
15716,train,0.8801868,0
15717,train,0.5956769,1
15720,train,0.48370758,1
15721,train,0.3844969,1
15723,train,0.5724126,0
15724,train,0.32713246,1
15727,train,0.34012875,1
15728,train,0.3829453,1
15730,train,0.6801626,0
15731,train,0.617043,0
15732,train,0.6006217,0
15735,train,0.65389216,1
15737,train,0.32609692,1
15738,train,0.49845755,0
15739,train,0.531705,0
15741,train,0.7824834,0
15743,train,0.770193,0
15752,train,0.7045428,0
15753,train,0.94642377,0
15755,train,0.63303596,1
15757,train,0.35571727,1
15758,train,0.4934904,1
15759,train,0.24017271,1
15763,train,0.5839027,0
15764,train,0.47546384,1
15765,train,0.6008558,0
15767,train,0.50697196,1
15770,train,0.56235796,1
15771,train,0.41742042,1
15775,train,0.47216827,0
15779,train,0.2868395,1
15780,train,0.4656692,0
15781,train,0.42280972,1
15782,train,0.5178819,1
15786,train,0.565746,1
15788,train,0.67878425,1
15791,train,0.7606701,0
15792,train,0.9175775,1
15796,train,0.3308136,1
15797,train,0.46342197,1
15802,train,0.52349067,1
15803,train,0.6314489,1
15812,train,0.6344064,0
15814,train,0.806622,1
15821,train,0.7152583,0
15822,train,0.56876516,1
15823,train,0.43911248,1
15826,train,0.19895029,1
15829,train,0.79408646,1
15830,train,0.6218627,0
15832,train,0.5319889,0
15833,train,0.19756673,1
15837,train,0.516741,0
15839,train,0.42204365,1
15842,train,0.67109805,1
15843,train,0.7179003,0
15844,train,0.51977277,0
15845,train,0.44762996,1
15846,train,0.5479282,1
15847,train,0.56534666,1
15849,train,0.7457679,0
15851,train,0.7014357,0
15858,train,0.4862938,1
15861,train,0.6090386,1
15862,train,0.5687544,0
15865,train,0.23690483,1
15869,train,0.8815518,1
15870,train,0.86095905,1
15871,train,0.5144355,1
15874,train,0.46999896,0
15877,train,0.6945262,0
15879,train,0.57005155,0
15881,train,0.6245824,0
15882,train,0.6432608,0
15883,train,0.7525578,0
15884,train,0.6648485,0
15892,train,0.53108484,1
15893,train,0.4275251,1
15894,train,0.4568325,1
15895,train,0.3872474,1
15896,train,0.43887126,1
15897,train,0.74823076,0
15899,train,0.6501814,0
15900,train,0.61073446,1
15901,train,0.7599762,0
15902,train,0.70236194,0
15903,train,0.44689783,0
15904,train,0.67740303,0
15905,train,0.34416088,0
15906,train,0.61746895,1
15908,train,0.5569889,0
15911,train,0.78369,1
15912,train,0.66225475,0
15913,train,0.40954188,1
15914,train,0.50104076,1
15915,train,0.5750979,0
15916,train,0.4984584,0
15918,train,0.30666605,1
15919,train,0.6576909,1
15920,train,0.73799264,0
15923,train,0.643764,1
15925,train,0.4112963,0
15929,train,0.5834614,0
15931,train,0.84878504,0
15937,train,0.6323514,1
15938,train,0.6335176,1
15945,train,0.64305407,1
15946,train,0.32437438,1
15956,train,0.7299853,1
15957,train,0.5818431,1
15959,train,0.66040814,0
15964,train,0.55158174,0
15965,train,0.59541816,1
15966,train,0.53550535,0
15967,train,0.7084138,0
15971,train,0.84990853,0
15975,train,0.6935483,1
15977,train,0.4516479,1
15979,train,0.52923065,1
15981,train,0.7453167,0
15982,train,0.5875634,1
15986,train,0.6308141,1
15991,train,0.7008616,1
15995,train,0.7727618,1
15997,train,0.59304357,1
15998,train,0.55903083,0
15999,train,0.8043994,1
16001,train,0.3193241,1
16003,train,0.46762505,1
16005,train,0.59027076,0
16007,train,0.61505616,1
16014,train,0.3959252,1
16018,train,0.6076256,0
16020,train,0.3352787,1
16023,train,0.29766208,1
16025,train,0.7316145,1
16026,train,0.6132076,1
16027,train,0.7047578,1
16028,train,0.57183397,1
16029,train,0.76753414,1
16030,train,0.455314,0
16031,train,0.7118316,0
16033,train,0.71176,0
16038,train,0.6050341,0
16039,train,0.64040554,1
16040,train,0.697706,0
16041,train,0.6239231,0
16043,train,0.6237991,0
16046,train,0.56637174,0
16048,train,0.37771487,0
16051,train,0.5751133,0
16052,train,0.52999836,0
16053,train,0.60923225,1
16054,train,0.5839861,0
16057,train,0.4650887,1
16058,train,0.74833757,1
16061,train,0.6034255,0
16062,train,0.5376785,1
16063,train,0.68169725,1
16065,train,0.6119593,1
16068,train,0.5042002,1
16070,train,0.5129838,1
16071,train,0.64808923,1
16073,train,0.7418286,1
16075,train,0.6416563,0
16076,train,0.58281183,1
16079,train,0.6174503,0
16083,train,0.67668223,1
16084,train,0.36078137,1
16085,train,0.7007385,0
16089,train,0.48489723,1
16095,train,0.6749373,0
16099,train,0.49854162,1
16103,train,0.636673,1
16104,train,0.44132987,1
16105,train,0.5317782,1
16109,train,0.48129722,1
16111,train,0.62523055,0
16113,train,0.62777954,1
16114,train,0.5875423,0
16115,train,0.53775096,0
16116,train,0.5582009,1
16118,train,0.47577906,0
16122,train,0.68375784,1
16125,train,0.7269538,0
16127,train,0.76903474,1
16130,train,0.5250922,1
16131,train,0.5642122,0
16133,train,0.7756107,1
16134,train,0.5265611,1
16136,train,0.3178833,1
16139,train,0.5995892,0
16140,train,0.7280109,0
16142,train,0.5820847,1
16144,train,0.54753745,1
16151,train,0.6358205,0
16152,train,0.641986,1
16154,train,0.4269377,1
16156,train,0.58174187,0
16159,train,0.4485907,1
16162,train,0.537295,1
16164,train,0.42957267,0
16166,train,0.46650836,1
16170,train,0.61114484,1
16173,train,0.619335,1
16174,train,0.71123666,0
16176,train,0.4550681,1
16177,train,0.45418793,1
16178,train,0.3693555,1
16179,train,0.7440754,0
16181,train,0.56895804,1
16182,train,0.66442984,0
16184,train,0.62200075,0
16186,train,0.28933725,1
16187,train,0.7082616,0
16189,train,0.4891553,1
16192,train,0.57412404,0
16196,train,0.6605419,1
16199,train,0.7713187,0
16200,train,0.5685911,1
16203,train,0.61674595,0
16205,train,0.5257902,1
16206,train,0.7724683,0
16207,train,0.6770988,1
16208,train,0.67782056,0
16210,train,0.50020534,1
16211,train,0.54873395,0
16212,train,0.8847894,0
16213,train,0.40615445,1
16214,train,0.2791886,1
16217,train,0.20788242,1
16222,train,0.63815063,0
16226,train,0.5289466,1
16230,train,0.2690345,1
16232,train,0.7678717,0
16233,train,0.74998283,0
16235,train,0.73114043,0
16238,train,0.36234066,1
16241,train,0.276085,1
16243,train,0.32837057,1
16245,train,0.7163439,0
16247,train,0.8338326,0
16248,train,0.54823524,0
16250,train,0.5897145,0
16252,train,0.6886629,0
16253,train,0.5945917,1
16256,train,0.8425887,0
16257,train,0.7045417,1
16258,train,0.42112243,1
16262,train,0.4779354,0
16263,train,0.20219623,1
16265,train,0.60867614,0
16266,train,0.41855428,0
16269,train,0.5107486,1
16270,train,0.2613721,1
16273,train,0.45063424,1
16274,train,0.39146966,1
16275,train,0.8305015,0
16276,train,0.30754936,1
16283,train,0.4055052,0
16284,train,0.37043995,1
16288,train,0.2692119,1
16291,train,0.42442137,1
16292,train,0.70516425,1
16293,train,0.28967714,1
16296,train,0.1212121,1
16297,train,0.60551304,1
16299,train,0.6962731,0
16302,train,0.24514341,1
16304,train,0.9130413,0
16305,train,0.30842796,1
16307,train,0.15909198,1
16309,train,0.45129213,1
16313,train,0.70357585,0
16315,train,0.32324517,1
16316,train,0.75996655,0
16317,train,0.55370474,0
16318,train,0.27382547,1
16319,train,0.41875297,1
16320,train,0.27838612,1
16321,train,0.36169827,1
16322,train,0.25716963,1
16324,train,0.78753537,0
16326,train,0.15869012,1
16327,train,0.522185,1
16328,train,0.5297204,0
16332,train,0.74779266,0
16334,train,0.39098668,1
16335,train,0.22231275,1
16336,train,0.3294598,1
16337,train,0.63974446,0
16338,train,0.57538,0
16340,train,0.30271783,1
16341,train,0.27550372,0
16342,train,0.5018975,1
16343,train,0.43553042,1
16344,train,0.7700549,0
16346,train,0.36750665,0
16347,train,0.48037776,1
16348,train,0.32433122,1
16352,train,0.5059338,1
16359,train,0.505404,0
16363,train,0.26451117,0
16370,train,0.6589522,0
16371,train,0.3908902,1
16372,train,0.573004,0
16377,train,0.11276309,1
16378,train,0.6896389,0
16380,train,0.3719919,1
16381,train,0.5050224,1
16388,train,0.70148414,0
16391,train,0.2604806,1
16392,train,0.7408435,1
16393,train,0.51119,1
16401,train,0.4297533,0
16402,train,0.59807616,0
16404,train,0.32930395,1
16406,train,0.29347798,1
16408,train,0.4771863,1
16409,train,0.79185903,0
16412,train,0.30729312,1
16414,train,0.54667354,1
16417,train,0.34815243,1
16418,train,0.61055744,1
16421,train,0.54153055,1
16423,train,0.64223975,1
16424,train,0.54852057,1
16425,train,0.63260865,0
16430,train,0.41831976,1
16432,train,0.21348664,1
16434,train,0.26165184,1
16435,train,0.40793905,1
16437,train,0.6161363,0
16438,train,0.27923465,1
16440,train,0.34884214,1
16441,train,0.32722816,1
16442,train,0.70333815,0
16443,train,0.40160915,0
16446,train,0.61830354,1
16447,train,0.59611326,0
16448,train,0.9728283,0
16449,train,0.92363435,0
16450,train,0.5495814,1
16451,train,0.5354181,1
16456,train,0.5204328,0
16458,train,0.15906306,1
16461,train,0.6495874,0
16462,train,0.5569867,0
16464,train,0.4531324,1
16466,train,0.35948488,1
16468,train,0.4287885,0
16469,train,0.69228804,0
16473,train,0.6190855,0
16474,train,0.24136576,1
16475,train,0.7476984,0
16480,train,0.7017399,0
16481,train,0.46675965,1
16484,train,0.2266413,1
16485,train,0.5771186,0
16487,train,0.2982639,1
16488,train,0.74932116,1
16489,train,0.28973922,1
16495,train,0.2692573,1
16502,train,0.6371268,0
16504,train,0.80540955,0
16505,train,0.71600246,1
16509,train,0.7232434,0
16510,train,0.34152752,1
16513,train,0.5472152,0
16514,train,0.2919295,1
16516,train,0.63304585,0
16522,train,0.25614926,1
16523,train,0.513529,0
16524,train,0.5554041,1
16525,train,0.6095301,0
16526,train,0.29005414,0
16528,train,0.48135176,0
16529,train,0.40149838,1
16531,train,0.16856529,1
16532,train,0.66754955,1
16533,train,0.8747144,1
16535,train,0.2570917,1
16538,train,0.55909634,1
16539,train,0.2896481,1
16541,train,0.67507994,0
16544,train,0.3349968,1
16546,train,0.67114395,0
16548,train,0.20436296,1
16551,train,0.71226555,0
16554,train,0.34494853,1
16555,train,0.37530023,1
16556,train,0.57281035,0
16558,train,0.70946795,0
16559,train,0.753916,1
16561,train,0.36984625,1
16562,train,0.63838196,1
16564,train,0.7442075,0
16565,train,0.3609468,1
16566,train,0.5858226,0
16568,train,0.6182866,1
16571,train,0.6083299,1
16574,train,0.33574948,1
16576,train,0.6283959,0
16577,train,0.42298713,1
16578,train,0.75600344,0
16581,train,0.6989689,1
16584,train,0.7002163,1
16586,train,0.5200609,0
16588,train,0.59834546,1
16589,train,0.3597245,1
16590,train,0.42916647,1
16593,train,0.09497616,1
16595,train,0.5543815,0
16596,train,0.60795325,0
16600,train,0.53171736,1
16605,train,0.61858004,0
16606,train,0.6624617,1
16610,train,0.25449228,1
16611,train,0.7473672,0
16612,train,0.20007011,1
16613,train,0.23319416,1
16616,train,0.5975916,0
16619,train,0.74122435,0
16620,train,0.5256113,0
16626,train,0.76586336,1
16635,train,0.93463594,1
16636,train,0.14910564,1
16640,train,0.22938438,1
16646,train,0.47038397,1
16648,train,0.30159736,1
16649,train,0.75560117,0
16652,train,0.19826661,1
16657,train,0.7130526,0
16658,train,0.37061006,0
16660,train,0.27310067,0
16665,train,0.28334343,1
16666,train,0.56423014,0
16668,train,0.15520202,1
16670,train,0.93947166,0
16671,train,0.72720045,1
16673,train,0.3327763,1
16674,train,0.4617803,1
16678,train,0.7098227,0
16680,train,0.38667527,1
16681,train,0.74345756,0
16685,train,0.4762568,1
16688,train,0.7175378,1
16689,train,0.52769244,0
16691,train,0.23077087,1
16692,train,0.6449235,0
16694,train,0.62845814,0
16695,train,0.5417913,1
16696,train,0.38164276,1
16697,train,0.5433147,1
16700,train,0.6994774,0
16703,train,0.60131526,1
16704,train,0.2066431,1
16705,train,0.31821528,1
16707,train,0.5679074,0
16708,train,0.632197,0
16709,train,0.61052924,0
16710,train,0.5492597,0
16713,train,0.59758556,1
16715,train,0.3491467,1
16716,train,0.5385031,0
16717,train,0.53171754,0
16718,train,0.17337541,1
16720,train,0.29761755,1
16721,train,0.72607523,0
16723,train,0.64241844,1
16724,train,0.46333325,0
16725,train,0.34029013,1
16727,train,0.4536564,1
16733,train,0.654043,0
16740,train,0.695557,0
16746,train,0.43613437,0
16748,train,0.4833553,0
16749,train,0.3877124,1
16750,train,0.56684506,0
16752,train,0.47924733,1
16753,train,0.541006,1
16754,train,0.43132064,1
16760,train,0.6424039,1
16761,train,0.35328972,1
16766,train,0.5548231,0
16769,train,0.42345902,1
16771,train,0.39351434,1
16773,train,0.63244724,0
16777,train,0.61337614,0
16779,train,0.41655567,1
16780,train,0.5238048,0
16783,train,0.642664,1
16784,train,0.32494536,1
16786,train,0.55851173,1
16787,train,0.71708024,1
16788,train,0.33049357,0
16791,train,0.54722846,1
16794,train,0.33910266,1
16795,train,0.71374416,0
16797,train,0.29268223,1
16799,train,0.19491708,1
16800,train,0.38733813,1
16801,train,0.64607024,0
16803,train,0.55451936,0
16804,train,0.3660106,1
16805,train,0.4149633,1
16808,train,0.5501092,0
16810,train,0.53439957,0
16811,train,0.55282634,1
16813,train,0.43552372,1
16815,train,0.3930417,1
16816,train,0.5025009,1
16817,train,0.73705846,1
16818,train,0.21776119,1
16820,train,0.49611545,1
16821,train,0.44935983,0
16822,train,0.26511097,1
16824,train,0.6776936,0
16826,train,0.121432416,1
16830,train,0.44669995,0
16832,train,0.72233325,0
16834,train,0.7165593,0
16835,train,0.75797904,1
16838,train,0.68750405,0
16842,train,0.35011703,1
16844,train,0.41975287,0
16845,train,0.2463564,1
16853,train,0.4910098,1
16854,train,0.6440019,1
16855,train,0.7078965,1
16856,train,0.25883377,1
16858,train,0.4350929,1
16859,train,0.5752336,0
16860,train,0.5795794,0
16861,train,0.27002302,1
16867,train,0.38531157,1
16871,train,0.46010935,1
16872,train,0.3665122,1
16873,train,0.50043833,0
16874,train,0.23583311,1
16875,train,0.48969626,1
16878,train,0.65963477,0
16880,train,0.16068372,1
16881,train,0.81216973,1
16883,train,0.17581104,1
16885,train,0.61565363,0
16886,train,0.30703095,1
16888,train,0.18058556,1
16890,train,0.30605453,1
16893,train,0.13790455,1
16894,train,0.5856886,0
16897,train,0.4106604,1
16899,train,0.37070912,1
16900,train,0.58974254,1
16901,train,0.1957334,1
16902,train,0.6457222,0
16903,train,0.44894496,1
16904,train,0.46193334,1
16905,train,0.5546007,1
16908,train,0.13085186,1
16909,train,0.6646337,0
16910,train,0.575403,1
16911,train,0.72484237,0
16912,train,0.6690359,0
16913,train,0.6377442,0
16914,train,0.50720423,0
16916,train,0.64719933,1
16917,train,0.60424984,1
16918,train,0.22863384,1
16920,train,0.5221085,1
16923,train,0.6792334,0
16924,train,0.70071393,1
16926,train,0.42668188,1
16927,train,0.2568263,1
16930,train,0.8435036,0
16933,train,0.58317596,0
16937,train,0.7659728,0
16939,train,0.7507019,0
16940,train,0.502149,0
16941,train,0.7457593,1
16942,train,0.44113567,0
16943,train,0.28425318,1
16944,train,0.5716382,1
16949,train,0.67065823,1
16950,train,0.24795906,1
16953,train,0.077780664,1
16954,train,0.46052164,1
16956,train,0.75041234,1
16958,train,0.73252356,0
16959,train,0.2305614,1
16960,train,0.6550033,0
16962,train,0.6180475,0
16964,train,0.6425605,1
16966,train,0.5319978,1
16967,train,0.6470994,1
16972,train,0.6175844,0
16973,train,0.35812917,1
16975,train,0.73857814,1
16979,train,0.3901669,0
16983,train,0.52072906,1
16984,train,0.620948,0
16986,train,0.60950184,1
16987,train,0.55676806,0
16988,train,0.4286846,0
16989,train,0.23789203,1
16990,train,0.39448395,1
16992,train,0.50169325,0
16994,train,0.6258543,0
16997,train,0.61268073,0
17000,train,0.33962303,1
17001,train,0.671945,0
17002,train,0.4785791,0
17004,train,0.41907653,1
17012,train,0.59260005,0
17018,train,0.59608054,1
17019,train,0.33285776,1
17023,train,0.6670015,0
17024,train,0.41235766,1
17026,train,0.6619692,1
17027,train,0.6097157,0
17028,train,0.77767867,1
17030,train,0.8031764,0
17031,train,0.5537351,1
17036,train,0.69770414,0
17037,train,0.71946186,0
17038,train,0.60249656,1
17039,train,0.45426762,0
17042,train,0.3716363,1
17043,train,0.34734112,1
17045,train,0.65029633,0
17048,train,0.7670275,0
17054,train,0.4619189,1
17058,train,0.29250127,0
17059,train,0.40703577,1
17061,train,0.53512216,1
17062,train,0.29250738,1
17063,train,0.6896971,1
17065,train,0.10778923,1
17067,train,0.52468157,1
17068,train,0.29557866,0
17070,train,0.24096636,1
17071,train,0.5930957,0
17073,train,0.52562815,1
17074,train,0.33269715,1
17075,train,0.16027406,1
17076,train,0.39101705,1
17080,train,0.761058,0
17081,train,0.6597247,0
17083,train,0.53836566,0
17087,train,0.5546805,1
17089,train,0.5316095,0
17092,train,0.6102742,0
17093,train,0.76420194,0
17096,train,0.6389668,1
17098,train,0.1987073,1
17136,train,0.7328576,0
17137,train,0.6094088,1
17138,train,0.5484496,0
17144,train,0.5737271,1
17145,train,0.28642777,1
17146,train,0.2986622,1
17149,train,0.60202765,1
17151,train,0.70361036,0
17152,train,0.40460393,0
17155,train,0.54235625,1
17156,train,0.4576713,0
17157,train,0.67238015,0
17161,train,0.68805814,1
17163,train,0.6883496,0
17164,train,0.6989852,1
17165,train,0.5711402,1
17166,train,0.43739608,0
17167,train,0.46545616,1
17168,train,0.6001798,0
17169,train,0.70623636,1
17170,train,0.6566539,0
17171,train,0.6385099,0
17172,train,0.38579082,1
17174,train,0.513477,0
17175,train,0.70523214,1
17176,train,0.79100263,0
17177,train,0.6811832,0
17180,train,0.9487376,0
17182,train,0.41938844,0
17183,train,0.5318093,1
17184,train,0.73332685,0
17185,train,0.75800955,0
17186,train,0.79479694,0
17193,train,0.61462575,0
17196,train,0.8034671,0
17200,train,0.2810297,0
17207,train,0.35076788,0
17208,train,0.6653961,0
17209,train,0.703901,0
17215,train,0.7873257,0
17216,train,0.58117443,0
17218,train,0.6804033,0
17220,train,0.59535146,0
17221,train,0.4475805,0
17223,train,0.67753947,1
17224,train,0.5993143,0
17225,train,0.62420624,0
17226,train,0.6485808,0
17229,train,0.50124276,0
17230,train,0.5839802,1
17232,train,0.5534927,0
17235,train,0.55325305,0
17236,train,0.517642,0
17237,train,0.6703812,0
17240,train,0.7226549,0
17243,train,0.75126195,0
17244,train,0.65900487,1
17246,train,0.22896291,1
17249,train,0.38299528,0
17251,train,0.586492,0
17252,train,0.5342086,0
17253,train,0.810544,0
17254,train,0.7072473,0
17255,train,0.50313914,1
17259,train,0.7103381,1
17262,train,0.5608177,0
17264,train,0.4699296,0
17265,train,0.71731025,0
17266,train,0.5433887,0
17267,train,0.48472536,1
17272,train,0.56361103,0
17274,train,0.33596978,0
17277,train,0.58217835,0
17281,train,0.67476434,1
17282,train,0.7136115,1
17285,train,0.38884205,1
17289,train,0.7505479,0
17291,train,0.6847065,1
17295,train,0.5355619,0
17297,train,0.54338616,0
17303,train,0.49363893,0
17305,train,0.61161387,0
17307,train,0.5558211,1
17310,train,0.5518178,0
17315,train,0.69515187,0
17316,train,0.44622502,0
17319,train,0.7650813,0
17322,train,0.650807,1
17323,train,0.5335575,1
17324,train,0.71491045,0
17325,train,0.7657587,0
17328,train,0.34493697,1
17330,train,0.5498343,0
17332,train,0.53765035,1
17333,train,0.49794155,0
17336,train,0.6486494,0
17337,train,0.50182766,1
17339,train,0.6906753,0
17342,train,0.700425,0
17343,train,0.862944,0
17347,train,0.7618418,0
17349,train,0.39470825,0
17355,train,0.7779723,1
17356,train,0.5090601,1
17358,train,0.6399345,0
17360,train,0.6947306,0
17362,train,0.59640086,1
17364,train,0.55600077,0
17366,train,0.44773567,1
17368,train,0.54123276,1
17370,train,0.39642447,0
17376,train,0.36925688,1
17377,train,0.39737952,1
17380,train,0.45793608,0
17381,train,0.376189,1
17382,train,0.32646275,0
17384,train,0.69343317,0
17385,train,0.3713792,0
17389,train,0.52382004,0
17390,train,0.6456654,0
17392,train,0.63173795,0
17394,train,0.510776,1
17396,train,0.7556896,1
17399,train,0.45723853,0
17400,train,0.5730249,0
17403,train,0.82340324,0
17408,train,0.66841775,1
17409,train,0.66061944,0
17411,train,0.32575738,1
17413,train,0.510867,0
17414,train,0.71691716,0
17415,train,0.71576333,1
17418,train,0.38713035,1
17421,train,0.647637,0
17424,train,0.6556833,1
17429,train,0.76379275,0
17436,train,0.64491045,1
17440,train,0.6175272,0
17444,train,0.5952375,0
17446,train,0.3345308,1
17447,train,0.6810596,1
17449,train,0.47043836,0
17451,train,0.70517707,0
17452,train,0.5761741,0
17453,train,0.5024561,1
17454,train,0.71531785,0
17456,train,0.2921267,1
17457,train,0.7359906,0
17458,train,0.6030214,0
17463,train,0.63390136,0
17465,train,0.3868064,1
17466,train,0.7032601,1
17470,train,0.5774219,1
17472,train,0.58305013,0
17473,train,0.5572307,1
17474,train,0.72409683,1
17475,train,0.61113936,0
17477,train,0.6607005,0
17478,train,0.5664202,1
17479,train,0.5123193,0
17480,train,0.582594,1
17482,train,0.7248545,0
17483,train,0.3463677,0
17484,train,0.7273763,0
17485,train,0.5030859,0
17488,train,0.323904,0
17490,train,0.6419066,0
17491,train,0.76066685,0
17493,train,0.8239637,1
17496,train,0.45296615,0
17497,train,0.66910344,0
17498,train,0.85898036,0
17500,train,0.6075669,0
17502,train,0.5667135,0
17503,train,0.6519135,0
17504,train,0.72560453,1
17505,train,0.63961554,0
17507,train,0.6953444,1
17510,train,0.4615847,0
17512,train,0.4171343,0
17514,train,0.68634707,0
17515,train,0.9427593,0
17516,train,0.40661603,0
17521,train,0.7072411,0
17526,train,0.6644768,0
17530,train,0.63907456,0
17532,train,0.56773776,0
17534,train,0.7284765,0
17541,train,0.5014601,0
17543,train,0.67543507,0
17547,train,0.72531587,1
17549,train,0.4977741,0
17551,train,0.49861798,0
17559,train,0.50288844,0
17560,train,0.44128215,1
17561,train,0.91025925,0
17562,train,0.67942953,1
17565,train,0.6201944,0
17567,train,0.9120314,0
17569,train,0.5464982,1
17571,train,0.39409035,1
17572,train,0.5043317,0
17574,train,0.5711637,1
17575,train,0.61920476,1
17578,train,0.6817129,1
17586,train,0.66325134,1
17589,train,0.70359045,1
17590,train,0.7590841,1
17593,train,0.648704,1
17594,train,0.23426715,0
17599,train,0.41748556,1
17602,train,0.6253524,1
17603,train,0.5083827,0
17604,train,0.48372334,1
17607,train,0.37573817,1
17608,train,0.63299614,0
17609,train,0.64341104,0
17614,train,0.49195418,1
17616,train,0.58135664,0
17617,train,0.5692473,0
17618,train,0.6321219,1
17619,train,0.2346845,1
17620,train,0.66924256,1
17623,train,0.6862827,1
17624,train,0.5080626,0
17625,train,0.5915632,0
17626,train,0.6106836,0
17627,train,0.50578046,1
17632,train,0.70537865,0
17633,train,0.28761956,0
17634,train,0.8356226,0
17635,train,0.74967176,0
17636,train,0.6538209,0
17639,train,0.7110649,0
17640,train,0.5002923,1
17644,train,0.7085894,1
17645,train,0.65524894,0
17648,train,0.34674284,1
17649,train,0.74088275,0
17650,train,0.8055533,0
17651,train,0.6560145,0
17652,train,0.8312291,0
17653,train,0.79164183,1
17654,train,0.56306034,1
17657,train,0.56029516,1
17658,train,0.57311225,0
17659,train,0.7212294,0
17663,train,0.5003193,1
17665,train,0.46028662,0
17666,train,0.8185887,0
17671,train,0.4604946,0
17673,train,0.3626385,1
17675,train,0.7011415,0
17676,train,0.80861723,0
17677,train,0.49931324,1
17679,train,0.22072105,1
17681,train,0.7085254,1
17682,train,0.43872845,1
17685,train,0.48290548,1
17687,train,0.39063254,1
17697,train,0.6839548,0
17705,train,0.4922116,1
17707,train,0.5017516,0
17713,train,0.63311195,1
17714,train,0.16673025,1
17715,train,0.41075698,0
17716,train,0.78177935,1
17718,train,0.47218797,1
17719,train,0.718972,0
17723,train,0.50364465,1
17724,train,0.7505448,0
17729,train,0.7281653,0
17733,train,0.64375174,0
17737,train,0.5657783,0
17747,train,0.75517994,0
17750,train,0.7732234,0
17751,train,0.65642,1
17752,train,0.61976147,0
17753,train,0.5342941,0
17755,train,0.5330061,1
17756,train,0.44821674,1
17758,train,0.4226227,1
17761,train,0.7711397,1
17767,train,0.61442256,1
17768,train,0.29462618,1
17771,train,0.7931328,0
17776,train,0.6809291,1
17777,train,0.80601,1
17778,train,0.5069887,1
17782,train,0.57767576,1
17783,train,0.26904628,1
17785,train,0.40712675,1
17788,train,0.8297362,1
17789,train,0.63201934,1
17790,train,0.64734334,0
17791,train,0.47335598,1
17794,train,0.67459047,0
17796,train,0.19791915,1
17797,train,0.40804684,1
17799,train,0.6086875,1
17800,train,0.5825745,1
17802,train,0.41254345,1
17804,train,0.60804284,1
17805,train,0.61423296,1
17806,train,0.47836643,1
17817,train,0.21137191,1
17819,train,0.5700805,1
17821,train,0.5523068,1
17827,train,0.66790134,1
17832,train,0.34930682,1
17836,train,0.74927706,1
17840,train,0.65893036,0
17843,train,0.2923401,1
17844,train,0.4547306,1
17845,train,0.4236557,1
17846,train,0.664209,1
17850,train,0.5813561,1
17851,train,0.49423894,1
17852,train,0.8720027,1
17854,train,0.6467607,1
17857,train,0.6803369,1
17858,train,0.3486338,1
17860,train,0.6938437,0
17869,train,0.48539782,1
17871,train,0.6232684,1
17872,train,0.62736887,0
17874,train,0.47384122,1
17876,train,0.525432,0
17878,train,0.7528227,1
17880,train,0.7041038,0
17881,train,0.4978321,0
17883,train,0.50459146,1
17884,train,0.46614963,1
17889,train,0.43196696,0
17893,train,0.6473649,1
17895,train,0.5747538,1
17898,train,0.7232019,1
17901,train,0.58476555,1
17902,train,0.68669283,1
17903,train,0.59261894,1
17904,train,0.5307618,1
17907,train,0.6702446,1
17909,train,0.53101486,0
17912,train,0.66483355,0
17913,train,0.59592646,0
17914,train,0.56642234,1
17915,train,0.7376316,1
17916,train,0.6185658,0
17925,train,0.37539,1
17926,train,0.5359109,1
17930,train,0.52806646,1
17936,train,0.8124281,0
17938,train,0.49431846,0
17939,train,0.6998481,1
17940,train,0.65255016,0
17943,train,0.31649208,0
17945,train,0.7769193,1
17950,train,0.52753365,1
17951,train,0.5584153,0
17952,train,0.38970143,1
17956,train,0.39660203,1
17957,train,0.66638154,1
17963,train,0.40258372,1
17965,train,0.8463753,1
17967,train,0.57695705,1
17970,train,0.6137274,0
17971,train,0.35047883,1
17976,train,0.80288035,0
17977,train,0.56156933,1
17979,train,0.45690346,1
17981,train,0.6898073,1
17982,train,0.3687673,1
17984,train,0.5192033,1
17986,train,0.4137057,0
17992,train,0.6561638,1
17993,train,0.6329632,0
17997,train,0.34470066,1
17998,train,0.5414786,1
18000,train,0.42548683,1
18005,train,0.4196623,0
18006,train,0.63773966,1
18007,train,0.5703602,1
18015,train,0.38459766,1
18016,train,0.6464672,0
18019,train,0.52527624,1
18020,train,0.6013525,0
18024,train,0.59148157,1
18025,train,0.75050664,1
18026,train,0.75838625,0
18028,train,0.54145926,0
18029,train,0.7667524,0
18033,train,0.408288,0
18037,train,0.5040767,1
18041,train,0.6711898,1
18043,train,0.6114978,1
18046,train,0.18565114,1
18047,train,0.69719756,0
18050,train,0.62163013,0
18055,train,0.24432419,1
18056,train,0.576928,0
18057,train,0.9269052,1
18058,train,0.14550108,0
18060,train,0.35774535,1
18061,train,0.3531001,1
18062,train,0.4770116,0
18063,train,0.27732527,1
18065,train,0.21872129,1
18067,train,0.6051737,0
18069,train,0.34023273,0
18070,train,0.30872598,1
18072,train,0.25076687,1
18073,train,0.98201007,0
18074,train,0.58244383,0
18075,train,0.563364,1
18076,train,0.16713564,1
18078,train,0.76300615,0
18079,train,0.16287951,1
18082,train,0.07669813,1
18083,train,0.52082264,0
18087,train,0.37319297,1
18088,train,0.7650929,1
18090,train,0.3259144,1
18091,train,0.39299175,1
18092,train,0.5604212,1
18094,train,0.2210936,1
18098,train,0.6755718,1
18100,train,0.622926,1
18101,train,0.38726684,0
18102,train,0.6560659,0
18106,train,0.6717071,0
18107,train,0.51045567,0
18109,train,0.5486438,1
18110,train,0.5864248,1
18111,train,0.53257316,1
18116,train,0.16895191,1
18118,train,0.4385047,1
18119,train,0.787174,0
18122,train,0.699624,1
18123,train,0.6526209,0
18124,train,0.21116363,1
18125,train,0.70268536,1
18130,train,0.62318003,0
18132,train,0.52537745,1
18133,train,0.22597048,1
18134,train,0.7986706,0
18135,train,0.50884813,1
18137,train,0.22506247,1
18138,train,0.34066,0
18142,train,0.26505837,1
18143,train,0.5191664,0
18146,train,0.74285173,0
18147,train,0.4311829,1
18151,train,0.5229965,1
18152,train,0.7778097,0
18153,train,0.70064765,0
18154,train,0.41845363,0
18155,train,0.10102308,1
18159,train,0.83772904,0
18163,train,0.43067315,1
18167,train,0.22949006,1
18170,train,0.813007,0
18172,train,0.703464,0
18178,train,0.15982302,1
18179,train,0.2985843,1
18180,train,0.3558013,0
18181,train,0.10644593,1
18182,train,0.50251687,0
18190,train,0.5288475,1
18191,train,0.6613195,1
18195,train,0.53207564,1
18200,train,0.17186694,1
18202,train,0.3927486,1
18203,train,0.5336352,0
18204,train,0.5484361,1
18207,train,0.5129531,0
18208,train,0.28619587,1
18210,train,0.556191,1
18211,train,0.304562,1
18212,train,0.39949617,0
18213,train,0.7269091,0
18214,train,0.24762338,1
18221,train,0.4465556,1
18222,train,0.48069024,1
18223,train,0.6871429,0
18226,train,0.5138249,0
18229,train,0.5831862,1
18231,train,0.66123664,1
18233,train,0.58335423,1
18234,train,0.4869163,1
18235,train,0.6645129,1
18236,train,0.555414,0
18238,train,0.77000326,0
18241,train,0.5108728,1
18244,train,0.16506982,1
18245,train,0.5399421,1
18248,train,0.52949226,0
18249,train,0.5544407,1
18251,train,0.68642485,1
18253,train,0.14597939,1
18254,train,0.67236036,0
18262,train,0.48521313,1
18264,train,0.6304686,1
18265,train,0.6019455,1
18266,train,0.7141252,0
18270,train,0.8455693,0
18273,train,0.6254075,1
18275,train,0.68627363,1
18276,train,0.38756996,0
18277,train,0.96772176,1
18279,train,0.33835158,0
18280,train,0.5203525,1
18282,train,0.732004,0
18283,train,0.5960685,1
18285,train,0.4823233,0
18286,train,0.32148996,1
18288,train,0.5658921,0
18289,train,0.54089963,1
18290,train,0.5143988,1
18291,train,0.6239019,1
18294,train,0.68092895,1
18295,train,0.5041282,0
18296,train,0.4034918,0
18297,train,0.6866941,1
18298,train,0.5722858,1
18303,train,0.45421225,1
18304,train,0.58507776,1
18305,train,0.5933485,0
18307,train,0.38899234,1
18308,train,0.30027792,1
18313,train,0.81195056,0
18314,train,0.57555103,0
18315,train,0.5706731,1
18316,train,0.5089703,0
18317,train,0.5960592,1
18318,train,0.6401093,1
18320,train,0.6977854,0
18324,train,0.70295674,0
18325,train,0.384508,1
18328,train,0.652582,1
18331,train,0.6594034,0
18335,train,0.54514474,1
18339,train,0.38544306,1
18340,train,0.46947363,1
18345,train,0.50598484,0
18348,train,0.48595825,1
18349,train,0.64249605,0
18350,train,0.8732769,0
18353,train,0.53587,1
18355,train,0.84312236,0
18356,train,0.73838985,0
18357,train,0.489632,1
18358,train,0.550042,0
18359,train,0.44319648,0
18360,train,0.42314297,1
18362,train,0.75805616,0
18364,train,0.7090385,0
18369,train,0.56494594,0
18371,train,0.63400716,1
18372,train,0.6211123,0
18373,train,0.5000362,1
18374,train,0.5001905,0
18376,train,0.72434795,1
18380,train,0.6045471,0
18381,train,0.5394372,0
18382,train,0.6005446,1
18385,train,0.4504386,1
18386,train,0.6490028,1
18388,train,0.47385043,0
18391,train,0.5768496,1
18392,train,0.5222212,0
18393,train,0.2798352,1
18394,train,0.670692,0
18395,train,0.23627596,1
18396,train,0.6455736,1
18399,train,0.49912637,1
18400,train,0.687023,1
18401,train,0.48884502,1
18402,train,0.47122154,1
18403,train,0.68245274,1
18404,train,0.58086246,1
18406,train,0.6051673,0
18407,train,0.18782131,1
18410,train,0.69354886,1
18411,train,0.45773745,0
18412,train,0.6145795,1
18414,train,0.89166486,1
18421,train,0.435201,1
18425,train,0.70555085,0
18426,train,0.65052545,0
18429,train,0.41111827,0
18430,train,0.5517925,0
18432,train,0.49909124,0
18434,train,0.43850055,0
18435,train,0.66120976,0
18436,train,0.5465352,0
18438,train,0.545602,1
18439,train,0.6230313,0
18442,train,0.60691774,1
18443,train,0.46729043,1
18444,train,0.6523215,0
18446,train,0.7104772,0
18447,train,0.30263007,0
18451,train,0.35436216,1
18454,train,0.5752087,1
18460,train,0.56578785,1
18461,train,0.541357,1
18463,train,0.6007324,0
18467,train,0.60345703,1
18468,train,0.5261247,1
18470,train,0.9450271,1
18473,train,0.20328802,1
18474,train,0.4622347,1
18475,train,0.7554623,0
18476,train,0.60722667,0
18477,train,0.28007776,0
18480,train,0.23632859,1
18481,train,0.607929,1
18484,train,0.12481557,1
18486,train,0.50139904,0
18487,train,0.38962522,1
18488,train,0.58498627,1
18489,train,0.6191371,1
18491,train,0.58291626,1
18492,train,0.60149294,0
18493,train,0.56057847,0
18496,train,0.32125044,1
18498,train,0.72795635,0
18506,train,0.5301282,0
18508,train,0.5338402,1
18510,train,0.61702675,0
18511,train,0.57012755,0
18512,train,0.5280322,0
18514,train,0.87949526,0
18518,train,0.61564785,1
18523,train,0.42252612,1
18524,train,0.5056447,1
18525,train,0.6860197,1
18526,train,0.53066677,0
18528,train,0.6061191,1
18530,train,0.656315,0
18531,train,0.7868349,0
18534,train,0.6366111,0
18535,train,0.4759421,1
18536,train,0.5237659,0
18539,train,0.5795408,1
18542,train,0.8611866,1
18543,train,0.33850884,0
18544,train,0.74733406,1
18545,train,0.52548265,1
18546,train,0.59750766,0
18547,train,0.59352493,1
18550,train,0.5537108,0
18551,train,0.6360481,1
18552,train,0.5593572,1
18554,train,0.6162674,0
18555,train,0.69630426,0
18557,train,0.6101471,1
18558,train,0.5057624,1
18560,train,0.27211055,1
18563,train,0.5456855,1
18567,train,0.49578837,1
18568,train,0.5698235,1
18569,train,0.2994711,1
18571,train,0.62038344,1
18572,train,0.6723555,0
18573,train,0.52513224,1
18575,train,0.6616867,0
18577,train,0.31703052,0
18580,train,0.64043576,1
18582,train,0.80938494,0
18583,train,0.5364162,0
18586,train,0.6207014,0
18587,train,0.3194147,1
18590,train,0.46504608,0
18591,train,0.58524996,0
18592,train,0.7375075,0
18594,train,0.46268478,1
18595,train,0.3119027,1
18596,train,0.19400777,1
18597,train,0.775508,0
18602,train,0.4289856,0
18609,train,0.6889292,1
18610,train,0.7599264,0
18612,train,0.38881844,1
18613,train,0.65051913,0
18614,train,0.6626668,0
18615,train,0.362798,1
18616,train,0.69554305,1
18617,train,0.11978975,1
18619,train,0.24685521,1
18620,train,0.5421711,1
18621,train,0.57976097,1
18622,train,0.7260705,0
18623,train,0.6867299,1
18624,train,0.8740058,1
18626,train,0.17539324,1
18632,train,0.45469043,1
18636,train,0.32973537,1
18637,train,0.73782754,0
18639,train,0.62417364,0
18641,train,0.6620781,0
18644,train,0.49031308,0
18645,train,0.45578745,1
18647,train,0.5474863,0
18651,train,0.13191572,1
18652,train,0.827928,1
18655,train,0.52461064,0
18660,train,0.73335856,0
18661,train,0.7293033,1
18665,train,0.39275283,1
18666,train,0.6064994,0
18668,train,0.741391,0
18669,train,0.54854333,0
18670,train,0.31219167,1
18671,train,0.49164695,1
18672,train,0.6158796,0
18673,train,0.24862872,1
18676,train,0.41178036,1
18677,train,0.24155605,1
18682,train,0.37283367,1
18683,train,0.38048014,1
18685,train,0.933246,0
18686,train,0.47959965,1
18688,train,0.6724088,0
18689,train,0.5047479,1
18691,train,0.16601661,1
18696,train,0.29969856,1
18697,train,0.26460087,1
18702,train,0.6897081,0
18703,train,0.5936498,1
18704,train,0.7592033,0
18705,train,0.63645,1
18706,train,0.6707241,1
18711,train,0.5538237,1
18713,train,0.31566483,1
18714,train,0.24915367,1
18716,train,0.9520224,0
18719,train,0.32470867,1
18721,train,0.5835545,1
18724,train,0.66073346,1
18725,train,0.7558734,1
18727,train,0.5235678,1
18728,train,0.665954,1
18730,train,0.4397139,0
18732,train,0.3026863,1
18733,train,0.3668179,1
18735,train,0.49442896,1
18737,train,0.6207229,1
18738,train,0.3930686,1
18739,train,0.56649184,0
18740,train,0.58967805,1
18741,train,0.5095651,0
18742,train,0.47085494,0
18743,train,0.5072902,1
18746,train,0.85202676,0
18748,train,0.5312438,0
18749,train,0.6124103,1
18750,train,0.5018156,0
18751,train,0.7436079,1
18755,train,0.39922768,1
18756,train,0.40300003,1
18757,train,0.5629255,1
18758,train,0.5837356,0
18759,train,0.60011524,0
18761,train,0.50972456,1
18763,train,0.6335534,0
18765,train,0.4109565,1
18767,train,0.7891132,0
18768,train,0.7789259,1
18771,train,0.46037492,0
18773,train,0.7401638,0
18776,train,0.610505,0
18777,train,0.56672835,1
18778,train,0.7250245,0
18779,train,0.4335143,1
18780,train,0.38046998,1
18784,train,0.6958345,1
18785,train,0.8236311,0
18787,train,0.7516038,1
18789,train,0.47616065,1
18791,train,0.41435602,1
18793,train,0.80242294,0
18795,train,0.48306477,1
18796,train,0.9285873,0
18797,train,0.5698033,0
18799,train,0.25210804,1
18803,train,0.15757932,1
18804,train,0.4370013,0
18806,train,0.4955802,1
18807,train,0.546975,1
18811,train,0.48345995,1
18813,train,0.3124597,1
18815,train,0.24035737,1
18820,train,0.34570798,1
18821,train,0.7028181,1
18823,train,0.5875542,0
18824,train,0.4023095,1
18825,train,0.7346146,1
18826,train,0.6387536,0
18827,train,0.47878933,1
18828,train,0.48376402,0
18832,train,0.36683697,1
18834,train,0.37794304,1
18835,train,0.5339594,1
18837,train,0.46519276,1
18838,train,0.4743261,1
18841,train,0.2350855,1
18844,train,0.74108523,0
18845,train,0.5353564,1
18846,train,0.35061693,1
18850,train,0.42974213,1
18851,train,0.7366759,1
18852,train,0.4668589,1
18856,train,0.80750257,0
18860,train,0.5296106,0
18867,train,0.7555774,1
18868,train,0.7020784,1
18869,train,0.81227183,1
18872,train,0.497367,1
18873,train,0.5810467,1
18874,train,0.55680716,1
18875,train,0.5649374,1
18876,train,0.42500874,1
18878,train,0.31509924,1
18884,train,0.6427658,1
18885,train,0.41799504,1
18886,train,0.38164946,1
18887,train,0.44537413,1
18890,train,0.7741373,0
18893,train,0.36346856,1
18894,train,0.43640098,0
18901,train,0.5209871,1
18906,train,0.6023264,1
18907,train,0.67585254,1
18908,train,0.56179845,1
18909,train,0.69583225,0
18912,train,0.6259563,0
18913,train,0.13852721,1
18914,train,0.30374873,1
18915,train,0.54222697,1
18916,train,0.49223387,1
18917,train,0.33967185,1
18918,train,0.766838,1
18919,train,0.1658712,1
18920,train,0.6786758,0
18921,train,0.8243606,0
18922,train,0.34227368,1
18923,train,0.32973716,1
18924,train,0.520136,0
18925,train,0.4612948,1
18928,train,0.5461167,0
18930,train,0.28821126,1
18931,train,0.66139376,0
18935,train,0.668634,1
18936,train,0.7976086,0
18945,train,0.53556836,0
18946,train,0.57402813,1
18947,train,0.6434306,1
18949,train,0.6923572,0
18953,train,0.71009475,1
18955,train,0.5686702,1
18957,train,0.717818,0
18960,train,0.4290081,1
18962,train,0.8139174,0
18966,train,0.35673198,1
18967,train,0.21539779,1
18968,train,0.38201642,1
18975,train,0.22219738,1
18982,train,0.4501958,1
18987,train,0.56978303,0
18988,train,0.6087408,1
18992,train,0.98373485,0
18996,train,0.42387423,1
18999,train,0.598408,1
19002,train,0.5751473,1
19003,train,0.59067667,1
19004,train,0.9452921,1
19007,train,0.6247382,0
19008,train,0.6580524,1
19009,train,0.7048254,1
19011,train,0.34933075,1
19012,train,0.6967617,0
19013,train,0.8459895,0
19016,train,0.16067794,1
19017,train,0.3505393,1
19018,train,0.08046099,1
19019,train,0.6319353,0
19020,train,0.5641863,0
19023,train,0.4376855,0
19024,train,0.16928454,1
19025,train,0.47743544,1
19028,train,0.57688814,0
19029,train,0.10351497,1
19030,train,0.23902994,0
19032,train,0.64166224,1
19035,train,0.22861117,1
19036,train,0.10492032,1
19037,train,0.40719923,0
19038,train,0.72145015,0
19039,train,0.6772894,1
19041,train,0.5863677,0
19043,train,0.31668326,0
19046,train,0.4964093,1
19049,train,0.8240644,0
19052,train,0.47284132,0
19054,train,0.07647676,1
19056,train,0.733745,1
19057,train,0.39461675,0
19058,train,0.74814546,0
19059,train,0.79546094,1
19060,train,0.44763562,0
19061,train,0.23704274,1
19063,train,0.6619594,1
19065,train,0.2622182,1
19066,train,0.6189138,1
19071,train,0.29257926,1
19074,train,0.111714914,1
19076,train,0.7443305,0
19080,train,0.5517745,1
19083,train,0.5561542,0
19086,train,0.74754876,0
19088,train,0.6910043,1
19089,train,0.29250717,1
19090,train,0.58554393,0
19091,train,0.10164194,1
19092,train,0.73808014,0
19094,train,0.2684585,1
19096,train,0.71917343,0
19097,train,0.49687225,1
19098,train,0.37167072,0
19102,train,0.51877475,0
19105,train,0.39467323,1
19106,train,0.535897,1
19110,train,0.5195961,1
19112,train,0.5113619,1
19114,train,0.6006496,1
19115,train,0.5092954,1
19116,train,0.35379228,0
19118,train,0.6404254,0
19121,train,0.44671047,1
19122,train,0.61339796,0
19123,train,0.3632779,0
19126,train,0.50117755,1
19127,train,0.51600903,1
19128,train,0.53755087,0
19129,train,0.52048486,0
19130,train,0.5128492,1
19131,train,0.86338687,0
19132,train,0.34924868,1
19135,train,0.36468148,1
19137,train,0.5158369,1
19138,train,0.7610994,0
19140,train,0.20268397,0
19146,train,0.2580887,1
19152,train,0.7252068,1
19155,train,0.72210556,0
19157,train,0.3256086,1
19158,train,0.7145428,0
19161,train,0.2618475,1
19165,train,0.2369422,0
19170,train,0.49932906,1
19171,train,0.47869655,1
19172,train,0.8139714,0
19177,train,0.5472081,0
19178,train,0.7723374,0
19180,train,0.51377606,1
19181,train,0.55746746,0
19183,train,0.18385893,1
19184,train,0.483385,0
19185,train,0.6961721,0
19188,train,0.4062635,1
19189,train,0.56066847,0
19192,train,0.66522914,0
19194,train,0.8384787,0
19195,train,0.41822347,1
19196,train,0.5174417,0
19197,train,0.86155033,0
19198,train,0.3117759,1
19200,train,0.28483725,1
19203,train,0.6430154,1
19205,train,0.6246454,0
19209,train,0.3953716,0
19210,train,0.5752595,0
19211,train,0.53700995,1
19215,train,0.65584224,0
19218,train,0.4794224,1
19222,train,0.45367777,1
19225,train,0.48724163,1
19226,train,0.63357306,1
19230,train,0.47908995,1
19234,train,0.71956956,0
19235,train,0.61162686,1
19239,train,0.61753106,0
19240,train,0.5065644,1
19241,train,0.1866371,1
19242,train,0.3897544,1
19244,train,0.8332036,0
19250,train,0.48755834,0
19251,train,0.73155016,1
19252,train,0.32069495,1
19256,train,0.9298367,0
19261,train,0.58647937,1
19266,train,0.5309201,0
19267,train,0.3899212,0
19269,train,0.36154944,0
19270,train,0.6329543,1
19273,train,0.51309437,0
19275,train,0.5340562,1
19276,train,0.66688263,0
19277,train,0.49174324,1
19280,train,0.689712,0
19282,train,0.68869,1
19284,train,0.83468354,0
19286,train,0.26229382,1
19288,train,0.58418506,1
19289,train,0.8168157,0
19291,train,0.4561654,0
19293,train,0.25515845,1
19295,train,0.77330273,0
19297,train,0.63167715,0
19298,train,0.60751265,1
19301,train,0.470009,0
19302,train,0.5119995,0
19305,train,0.5052913,1
19307,train,0.7140522,1
19308,train,0.3294136,1
19309,train,0.7038923,0
19312,train,0.3727949,1
19315,train,0.7863644,0
19316,train,0.5428187,1
19317,train,0.5151209,1
19319,train,0.5617179,0
19321,train,0.48821762,1
19322,train,0.7249589,0
19323,train,0.5059518,0
19324,train,0.74562377,0
19325,train,0.8919008,0
19326,train,0.24478634,1
19328,train,0.6495845,0
19329,train,0.5941707,1
19333,train,0.424453,1
19334,train,0.52237344,0
19337,train,0.5552207,1
19342,train,0.5187629,1
19344,train,0.6258418,0
19346,train,0.26179162,1
19349,train,0.57687265,1
19350,train,0.49808377,1
19351,train,0.3592619,1
19352,train,0.79771894,0
19355,train,0.40238926,1
19357,train,0.7578905,1
19358,train,0.2446553,1
19362,train,0.61508286,1
19363,train,0.48296133,1
19365,train,0.45324245,1
19367,train,0.37536186,1
19368,train,0.31065205,1
19369,train,0.97773576,0
19377,train,0.4395764,1
19379,train,0.46390408,1
19383,train,0.37128282,1
19384,train,0.57396585,1
19386,train,0.2761132,1
19387,train,0.31695446,1
19388,train,0.6477587,0
19392,train,0.7033644,0
19393,train,0.75536406,1
19395,train,0.57678264,1
19396,train,0.72046536,1
19397,train,0.62762964,1
19399,train,0.47518978,0
19400,train,0.26240954,1
19403,train,0.27690873,1
19404,train,0.66774255,0
19405,train,0.38793662,1
19406,train,0.64381844,0
19407,train,0.67388695,0
19412,train,0.51301455,0
19415,train,0.6561193,1
19416,train,0.9718474,0
19417,train,0.38523078,1
19418,train,0.46813467,0
19419,train,0.55351526,1
19420,train,0.60055315,1
19421,train,0.60968584,0
19422,train,0.5501382,0
19423,train,0.30318338,1
19428,train,0.60217386,1
19431,train,0.41854885,1
19433,train,0.89086676,0
19434,train,0.40110004,1
19442,train,0.8273619,0
19444,train,0.5387285,0
19447,train,0.6825106,1
19451,train,0.24434984,1
19453,train,0.8130414,0
19454,train,0.82569605,1
19455,train,0.6021501,1
19458,train,0.6803288,0
19461,train,0.72507983,0
19462,train,0.9402469,0
19465,train,0.5089741,0
19467,train,0.5581507,0
19468,train,0.77154183,0
19470,train,0.5750063,0
19471,train,0.47851017,1
19473,train,0.42962533,1
19474,train,0.25458005,1
19475,train,0.23282918,1
19477,train,0.5866391,1
19478,train,0.5573201,1
19480,train,0.51942885,0
19481,train,0.5785111,1
19484,train,0.5414628,1
19485,train,0.5040429,0
19489,train,0.53364533,1
19490,train,0.2683287,1
19493,train,0.3634239,1
19494,train,0.84425646,1
19495,train,0.06258107,1
19496,train,0.610831,1
19499,train,0.76305556,0
19500,train,0.091518685,1
19501,train,0.5389239,1
19502,train,0.3680219,1
19503,train,0.27050644,1
19505,train,0.54468024,0
19511,train,0.34506005,1
19512,train,0.9239932,0
19516,train,0.48327473,1
19517,train,0.5279453,1
19518,train,0.8870575,0
19519,train,0.55508506,0
19521,train,0.25803757,1
19525,train,0.65850705,0
19526,train,0.23023479,1
19528,train,0.4124674,1
19529,train,0.5370235,0
19531,train,0.6239499,0
19533,train,0.6331834,0
19534,train,0.40937585,1
19535,train,0.6074039,1
19537,train,0.36334157,1
19542,train,0.23696582,1
19543,train,0.6093572,0
19545,train,0.75933975,0
19552,train,0.6496037,0
19553,train,0.7494656,1
19554,train,0.75481844,0
19558,train,0.28056896,1
19562,train,0.7263827,0
19565,train,0.26458833,1
19566,train,0.62720597,1
19567,train,0.65613127,0
19572,train,0.8365798,0
19576,train,0.27154398,1
19578,train,0.70083845,0
19581,train,0.4670808,0
19582,train,0.3756037,0
19585,train,0.7155579,0
19587,train,0.6566432,1
19588,train,0.6952015,1
19590,train,0.7461994,0
19593,train,0.39725152,0
19594,train,0.49150676,1
19599,train,0.33655062,1
19600,train,0.902504,1
19607,train,0.6601402,0
19611,train,0.57378525,0
19612,train,0.15913108,1
19615,train,0.5067398,0
19627,train,0.72766316,0
19628,train,0.7025108,0
19629,train,0.82227975,0
19630,train,0.56266785,1
19632,train,0.11973783,1
19633,train,0.7411912,0
19640,train,0.44069824,0
19642,train,0.7447802,0
19644,train,0.48830676,0
19645,train,0.51211834,0
19648,train,0.7735036,0
19649,train,0.65302145,0
19650,train,0.60956126,0
19653,train,0.4084222,0
19654,train,0.5544014,0
19655,train,0.67262834,0
19657,train,0.503413,0
19658,train,0.5982842,1
19659,train,0.51330745,1
19660,train,0.5508061,1
19667,train,0.665422,0
19668,train,0.5843823,1
19670,train,0.28336775,1
19672,train,0.47830507,1
19673,train,0.5262986,1
19675,train,0.64869153,0
19677,train,0.5894665,0
19681,train,0.1390889,1
19682,train,0.42625794,1
19684,train,0.8904866,0
19685,train,0.50964355,1
19692,train,0.5163434,0
19693,train,0.09754348,1
19694,train,0.92836595,0
19696,train,0.39947563,0
19698,train,0.83852935,0
19700,train,0.2706879,1
19705,train,0.7355979,1
19706,train,0.32793048,1
19707,train,0.7914757,1
19708,train,0.8005049,0
19710,train,0.23558132,1
19712,train,0.4403132,0
19715,train,0.4660997,1
19718,train,0.93396777,0
19720,train,0.794352,0
19721,train,0.5386415,0
19722,train,0.854567,0
19726,train,0.64100903,1
19732,train,0.3760458,1
19733,train,0.45624802,0
19735,train,0.64958495,0
19737,train,0.7119873,0
19738,train,0.87020147,0
19739,train,0.8803019,0
19740,train,0.49461806,1
19741,train,0.6168011,0
19746,train,0.7774089,0
19748,train,0.6247635,0
19750,train,0.68804485,1
19751,train,0.55391747,1
19752,train,0.30572835,1
19755,train,0.6151523,1
19757,train,0.41839108,1
19758,train,0.72550344,0
19759,train,0.82993025,1
19760,train,0.86207616,0
19764,train,0.56718725,1
19765,train,0.8342056,1
19767,train,0.8010879,0
19773,train,0.54173607,1
19777,train,0.8006472,0
19778,train,0.8212913,0
19779,train,0.3268859,1
19780,train,0.8464054,0
19782,train,0.905193,0
19785,train,0.79342544,0
19788,train,0.8970365,0
19789,train,0.66081536,1
19790,train,0.72515094,0
19791,train,0.34900492,1
19793,train,0.70905787,0
19794,train,0.52818733,1
19796,train,0.23904303,1
19798,train,0.6268317,1
19800,train,0.91053337,0
19801,train,0.14551194,1
19803,train,0.63771755,0
19805,train,0.6724284,0
19808,train,0.106961645,1
19810,train,0.870894,1
19811,train,0.79185426,0
19812,train,0.6068761,1
19813,train,0.3463241,1
19814,train,0.6535837,0
19818,train,0.8154483,0
19822,train,0.6129166,1
19823,train,0.6145467,1
19826,train,0.15021886,1
19828,train,0.676127,1
19829,train,0.6360656,0
19832,train,0.68173164,0
19833,train,0.8401469,0
19834,train,0.19188744,1
19835,train,0.6052455,1
19837,train,0.7655677,0
19838,train,0.40665314,1
19839,train,0.6469809,0
19840,train,0.52197176,0
19841,train,0.3550964,0
19845,train,0.7908251,1
19849,train,0.6648526,0
19851,train,0.5898016,1
19852,train,0.13469568,1
19853,train,0.78151184,0
19855,train,0.42619488,1
19856,train,0.3967525,1
19859,train,0.43244115,1
19863,train,0.7785205,0
19865,train,0.36294988,1
19868,train,0.47915798,0
19869,train,0.54419804,1
19870,train,0.8130142,0
19871,train,0.70012605,1
19872,train,0.7421583,0
19874,train,0.5468537,1
19876,train,0.8481563,0
19879,train,0.34637904,1
19880,train,0.57502675,0
19885,train,0.9755407,0
19889,train,0.6779711,0
19894,train,0.7405458,0
19895,train,0.49380013,1
19896,train,0.654817,0
19899,train,0.30024782,1
19900,train,0.14049298,1
19901,train,0.47178197,0
19906,train,0.7205246,0
19908,train,0.43821132,0
19910,train,0.31651586,1
19911,train,0.80347836,0
19912,train,0.4990283,1
19913,train,0.48147312,1
19917,train,0.71101964,0
19920,train,0.50849617,1
19921,train,0.26759186,1
19922,train,0.7513265,1
19926,train,0.40700027,1
19929,train,0.48036295,1
19930,train,0.5259053,1
19931,train,0.608108,1
19933,train,0.7233643,0
19934,train,0.60687125,0
19936,train,0.44526666,1
19937,train,0.2921615,1
19943,train,0.609346,1
19944,train,0.2584512,1
19946,train,0.66050565,0
19949,train,0.405659,1
19950,train,0.31851315,1
19951,train,0.5364656,1
19952,train,0.21302016,1
19953,train,0.48689997,1
19958,train,0.63022524,1
19959,train,0.52595365,1
19961,train,0.5373423,1
19962,train,0.26982895,1
19966,train,0.40181503,1
19970,train,0.6758774,1
19974,train,0.7477104,0
19975,train,0.362315,1
19977,train,0.7478297,0
19981,train,0.22821164,1
19982,train,0.28187054,1
19983,train,0.95390356,0
19988,train,0.20959257,1
19991,train,0.53784984,0
19992,train,0.35594937,1
19995,train,0.5196183,1
19996,train,0.5099695,0
19999,train,0.6303604,0
20003,train,0.70969754,0
20005,train,0.5174653,1
20006,train,0.62193984,0
20007,train,0.3569468,1
20009,train,0.7620645,0
20010,train,0.35825998,1
20012,train,0.6124991,0
20013,train,0.5379002,0
20014,train,0.79146177,0
20015,train,0.5252021,0
20017,train,0.28521764,1
20023,train,0.7632068,0
20024,train,0.4363979,1
20025,train,0.9265294,0
20026,train,0.39502755,1
20027,train,0.68707025,0
20032,train,0.9653269,0
20033,train,0.665404,0
20035,train,0.27339587,1
20043,train,0.7304045,0
20044,train,0.45931622,1
20045,train,0.5748958,0
20047,train,0.34877744,1
20051,train,0.7256365,0
20054,train,0.62805974,1
20055,train,0.7390309,0
20057,train,0.43652433,1
20058,train,0.66009545,1
20061,train,0.6844645,0
20062,train,0.6389813,1
20064,train,0.62130463,0
20066,train,0.6751321,0
20069,train,0.8429959,0
20070,train,0.7041307,0
20071,train,0.62785685,1
20073,train,0.61976814,1
20078,train,0.45528692,1
20080,train,0.66395456,0
20081,train,0.5983384,1
20083,train,0.4312699,1
20087,train,0.64376044,1
20090,train,0.6588866,0
20091,train,0.5639842,1
20093,train,0.56785256,1
20094,train,0.5706927,0
20095,train,0.5513377,1
20098,train,0.6211875,0
20100,train,0.5779545,0
20103,train,0.4298863,1
20105,train,0.47653413,1
20110,train,0.3909299,0
20114,train,0.5573145,0
20115,train,0.5150633,1
20121,train,0.5526595,1
20122,train,0.37753606,1
20124,train,0.6105736,1
20132,train,0.79188186,1
20134,train,0.606885,0
20135,train,0.57118577,1
20137,train,0.40926218,1
20138,train,0.5143315,1
20139,train,0.5075679,1
20140,train,0.4821387,1
20141,train,0.43872532,0
20142,train,0.5987475,0
20147,train,0.264371,1
20153,train,0.89665604,0
20155,train,0.6346551,0
20156,train,0.5055846,1
20158,train,0.44661787,1
20159,train,0.35415825,1
20160,train,0.7945061,1
20161,train,0.5425174,1
20163,train,0.5230775,1
20164,train,0.43268642,1
20166,train,0.74178225,1
20167,train,0.4395682,1
20168,train,0.66529596,1
20169,train,0.4314799,0
20171,train,0.79549795,1
20174,train,0.5995089,1
20176,train,0.38529423,1
20179,train,0.5522127,1
20181,train,0.66332173,0
20182,train,0.44069934,1
20186,train,0.33730295,1
20191,train,0.9912053,0
20192,train,0.73999757,0
20197,train,0.759133,1
20199,train,0.46033052,1
20200,train,0.52783835,0
20201,train,0.52075225,1
20205,train,0.3519516,1
20207,train,0.4344815,1
20210,train,0.41489252,1
20215,train,0.520222,1
20216,train,0.5719289,0
20217,train,0.53559166,1
20220,train,0.7944112,0
20221,train,0.31236914,0
20222,train,0.502247,1
20223,train,0.7805966,0
20224,train,0.21695301,1
20226,train,0.5251099,1
20229,train,0.73761255,1
20231,train,0.4896646,0
20232,train,0.5264005,1
20233,train,0.41267562,1
20236,train,0.20779929,1
20240,train,0.541723,1
20249,train,0.6528021,0
20250,train,0.40490368,1
20254,train,0.44539505,0
20256,train,0.8658764,0
20262,train,0.10627439,1
20263,train,0.43938893,1
20270,train,0.43077758,1
20271,train,0.5483313,0
20272,train,0.55708724,0
20276,train,0.51619196,1
20277,train,0.5111682,0
20283,train,0.5744406,1
20284,train,0.30446023,1
20285,train,0.36577463,1
20288,train,0.7116124,0
20292,train,0.7763603,0
20293,train,0.44562513,1
20294,train,0.52459013,1
20296,train,0.7166108,1
20297,train,0.52314025,1
20299,train,0.665632,1
20306,train,0.53453887,1
20307,train,0.57186145,0
20308,train,0.90778935,0
20311,train,0.69804335,0
20315,train,0.7560919,1
20317,train,0.20467113,1
20319,train,0.21653947,1
20320,train,0.453529,1
20321,train,0.76194704,0
20326,train,0.30514294,1
20336,train,0.09142509,1
20339,train,0.4064315,0
20342,train,0.24069828,1
20344,train,0.6499954,1
20348,train,0.7956142,0
20349,train,0.79027724,0
20350,train,0.20934148,1
20351,train,0.59930557,0
20353,train,0.3977719,1
20354,train,0.45156685,1
20356,train,0.28216213,1
20357,train,0.34802818,1
20359,train,0.5241948,1
20360,train,0.76576394,0
20361,train,0.20649166,1
20362,train,0.48113373,0
20363,train,0.75588024,0
20364,train,0.61368304,1
20365,train,0.58645993,1
20366,train,0.77941924,0
20367,train,0.6539274,1
20368,train,0.28270534,1
20369,train,0.5387293,1
20371,train,0.7467855,0
20375,train,0.6731704,1
20378,train,0.7592099,0
20380,train,0.7662978,0
20385,train,0.8034477,0
20386,train,0.73441017,1
20387,train,0.64971447,0
20388,train,0.24969086,1
20389,train,0.5563546,1
20393,train,0.65349203,0
20395,train,0.51146024,1
20398,train,0.61326754,1
20401,train,0.1602876,1
20402,train,0.109920144,1
20407,train,0.3373043,1
20411,train,0.21321346,1
20413,train,0.27949136,1
20417,train,0.56346613,1
20420,train,0.7165764,1
20421,train,0.14974469,1
20424,train,0.57605743,1
20432,train,0.15910517,1
20433,train,0.2589305,1
20435,train,0.20884888,1
20437,train,0.28364176,1
20440,train,0.37972102,1
20441,train,0.9342306,0
20447,train,0.5133802,1
20449,train,0.7254215,0
20450,train,0.532984,0
20451,train,0.74581,0
20452,train,0.38927257,1
20454,train,0.32880616,1
20455,train,0.5449691,0
20456,train,0.14931378,1
20458,train,0.64973706,1
20459,train,0.47955647,1
20461,train,0.42939836,1
20462,train,0.33665377,1
20465,train,0.4293525,1
20468,train,0.58999974,0
20470,train,0.47286814,0
20471,train,0.21233447,1
20472,train,0.5711479,0
20476,train,0.43936098,1
20489,train,0.46315008,0
20493,train,0.3514099,1
20494,train,0.4471513,0
20496,train,0.73870796,0
20498,train,0.5305563,1
20500,train,0.45047718,1
20502,train,0.42442563,1
20504,train,0.92874986,0
20505,train,0.5754695,1
20507,train,0.5099777,1
20511,train,0.7980363,0
20513,train,0.6768358,0
20517,train,0.17685974,1
20519,train,0.14312565,1
20522,train,0.37801397,1
20523,train,0.32063457,1
20524,train,0.44351184,1
20525,train,0.13581924,1
20526,train,0.18141687,1
20538,train,0.7338205,0
20542,train,0.31110117,1
20544,train,0.5741785,0
20546,train,0.7040697,1
20550,train,0.73631066,1
20552,train,0.52188635,1
20555,train,0.5132052,1
20556,train,0.450766,1
20559,train,0.7826174,0
20563,train,0.18774815,1
20564,train,0.463081,0
20570,train,0.6842608,1
20571,train,0.41823593,1
20573,train,0.59588873,0
20574,train,0.18941613,1
20575,train,0.25817874,0
20576,train,0.7366554,0
20577,train,0.26572475,1
20578,train,0.5183446,0
20580,train,0.7576276,0
20581,train,0.710359,0
20587,train,0.53558195,1
20588,train,0.53695285,1
20591,train,0.582449,1
20592,train,0.353808,1
20594,train,0.6515628,0
20597,train,0.39226615,1
20598,train,0.178988,1
20600,train,0.6114805,1
20601,train,0.9479469,0
20602,train,0.40457118,1
20604,train,0.5332561,0
20606,train,0.30812424,1
20616,train,0.51950955,0
20619,train,0.78999615,0
20620,train,0.3136841,1
20621,train,0.66516733,0
20625,train,0.6714144,0
20626,train,0.70491135,0
20628,train,0.41898978,1
20632,train,0.619306,1
20633,train,0.52027833,1
20637,train,0.6932015,1
20640,train,0.58341515,1
20646,train,0.70977354,0
20650,train,0.5074797,1
20651,train,0.6257041,0
20652,train,0.07021216,1
20654,train,0.5390065,0
20655,train,0.72248673,0
20657,train,0.72880054,0
20658,train,0.5012235,1
20663,train,0.4109517,1
20665,train,0.27083224,1
20669,train,0.6818144,1
20671,train,0.6325064,0
20674,train,0.24954975,1
20676,train,0.78522575,0
20680,train,0.39737242,1
20682,train,0.35092714,1
20683,train,0.39779386,1
20684,train,0.6463193,1
20689,train,0.29367256,1
20691,train,0.4739945,0
20695,train,0.243561,1
20699,train,0.57482904,0
20701,train,0.7279915,0
20705,train,0.28729308,1
20709,train,0.51893157,0
20710,train,0.70207244,0
20714,train,0.70809734,1
20716,train,0.71077216,0
20717,train,0.3953555,1
20719,train,0.13680361,1
20725,train,0.42339468,1
20730,train,0.50256646,0
20737,train,0.62599695,0
20740,train,0.70822936,1
20744,train,0.7371195,0
20747,train,0.59972495,0
20749,train,0.46886548,1
20752,train,0.46842504,1
20756,train,0.19601084,1
20757,train,0.45731625,1
20758,train,0.22361079,1
20761,train,0.68775654,1
20762,train,0.4825036,1
20771,train,0.6306248,0
20772,train,0.7537631,1
20773,train,0.4277616,1
20774,train,0.3293183,1
20778,train,0.15903436,1
20780,train,0.49398988,0
20783,train,0.38651034,1
20784,train,0.3945169,1
20788,train,0.5330825,0
20789,train,0.23148875,1
20790,train,0.60530174,0
20791,train,0.65330964,0
20796,train,0.72402143,0
20799,train,0.7696956,0
20800,train,0.77446026,0
20804,train,0.52600825,0
20805,train,0.47549078,1
20806,train,0.69398844,0
20807,train,0.31106433,1
20809,train,0.51972246,0
20810,train,0.4129148,1
20818,train,0.54763305,0
20819,train,0.3182538,1
20820,train,0.6019845,1
20821,train,0.2842528,1
20826,train,0.34873712,1
20831,train,0.58832425,1
20832,train,0.35845825,1
20834,train,0.42606044,1
20838,train,0.56679946,0
20839,train,0.7468676,0
20840,train,0.6350124,1
20842,train,0.15808101,1
20843,train,0.5403568,0
20844,train,0.14214212,1
20845,train,0.26672405,1
20847,train,0.8212253,0
20857,train,0.5651736,1
20858,train,0.8805636,0
20859,train,0.93816763,0
20860,train,0.57397366,0
20863,train,0.39573365,1
20866,train,0.77502286,0
20868,train,0.39820153,1
20869,train,0.2044715,1
20870,train,0.88620824,0
20871,train,0.7425425,1
20873,train,0.3989281,1
20874,train,0.54173446,1
20875,train,0.8140459,0
20878,train,0.2979911,1
20879,train,0.49546033,0
20887,train,0.0684787,1
20888,train,0.52207696,0
20889,train,0.845084,0
20894,train,0.23147544,1
20897,train,0.96779925,0
20905,train,0.48202145,0
20906,train,0.51389045,0
20908,train,0.33830416,1
20909,train,0.5343221,1
20913,train,0.527927,1
20914,train,0.90294516,0
20915,train,0.40808827,1
20917,train,0.6690304,0
20918,train,0.32674685,1
20921,train,0.56997746,0
20923,train,0.71021146,1
20925,train,0.6582375,0
20926,train,0.42996338,1
20927,train,0.7132989,0
20928,train,0.5186965,1
20934,train,0.6459106,1
20935,train,0.52065533,0
20938,train,0.47615218,1
20939,train,0.5092068,0
20940,train,0.8490824,0
20941,train,0.29633322,1
20943,train,0.43386793,0
20944,train,0.38627228,1
20945,train,0.56709373,0
20948,train,0.74016416,1
20949,train,0.41351435,0
20951,train,0.68508476,1
20953,train,0.45978338,0
20961,train,0.8426606,0
20962,train,0.7160061,0
20966,train,0.745753,0
20968,train,0.44696593,1
20969,train,0.12387897,1
20970,train,0.4078629,1
20973,train,0.46355996,1
20978,train,0.1687067,1
20985,train,0.42826936,1
20986,train,0.58250713,0
20992,train,0.78889406,0
20996,train,0.53699344,1
21001,train,0.3973515,1
21002,train,0.1890166,1
21007,train,0.63300884,1
21009,train,0.2698603,1
21010,train,0.45574862,1
21011,train,0.6052575,0
21013,train,0.30879503,1
21016,train,0.6601335,1
21020,train,0.35236397,1
21022,train,0.3076019,1
21024,train,0.6278524,0
21025,train,0.64578897,1
21026,train,0.5712141,1
21028,train,0.6320085,0
21029,train,0.4503995,0
21030,train,0.5808783,0
21031,train,0.3089516,1
21033,train,0.4174232,1
21036,train,0.54116565,0
21038,train,0.5995037,0
21040,train,0.36019588,0
21042,train,0.616503,1
21044,train,0.42633465,1
21045,train,0.6785696,1
21047,train,0.48717093,0
21048,train,0.10143349,1
21049,train,0.5300808,0
21050,train,0.29143026,1
21056,train,0.46904376,1
21057,train,0.45518532,1
21058,train,0.4460332,0
21064,train,0.25545824,1
21068,train,0.4131859,1
21071,train,0.34807023,1
21075,train,0.15971074,1
21077,train,0.72485465,1
21079,train,0.89805293,0
21083,train,0.5722528,1
21092,train,0.58030653,1
21093,train,0.59698737,0
21094,train,0.73759,0
21099,train,0.73238194,1
21107,train,0.55892956,1
21110,train,0.5215398,0
21112,train,0.7823327,0
21117,train,0.5940741,1
21121,train,0.47874975,1
21124,train,0.46014136,0
21125,train,0.6528999,0
21127,train,0.8146762,0
21128,train,0.623144,1
21129,train,0.4851181,1
21130,train,0.2087195,1
21131,train,0.6617067,0
21132,train,0.32696378,1
21134,train,0.33268103,0
21135,train,0.5102977,1
21140,train,0.7193066,0
21141,train,0.27444208,1
21154,train,0.7200742,0
21156,train,0.26696253,1
21158,train,0.75810945,0
21160,train,0.53673774,0
21173,train,0.48699054,0
21175,train,0.9128268,1
21178,train,0.5893822,1
21179,train,0.6487512,1
21180,train,0.9526693,0
21182,train,0.57277614,1
21183,train,0.20237364,1
21185,train,0.4719205,0
21189,train,0.5007874,1
21191,train,0.72331387,1
21192,train,0.22783709,1
21193,train,0.6966588,1
21195,train,0.6680763,0
21197,train,0.83948714,0
21201,train,0.92026377,0
21203,train,0.70369166,0
21204,train,0.72357905,0
21207,train,0.5275031,0
21213,train,0.75720894,0
21216,train,0.24164271,1
21217,train,0.25924656,1
21223,train,0.71198773,0
21229,train,0.15255389,1
21232,train,0.7459275,1
21234,train,0.57198334,0
21239,train,0.24442607,1
21242,train,0.46695396,0
21247,train,0.50127274,1
21253,train,0.5290459,1
21254,train,0.20136085,1
21255,train,0.5579847,1
21256,train,0.33012888,1
21257,train,0.6407582,1
21258,train,0.5870769,1
21261,train,0.637882,1
21262,train,0.22514565,1
21265,train,0.94455224,0
21271,train,0.86779356,0
21276,train,0.38826558,1
21278,train,0.7442111,0
21279,train,0.66268295,1
21282,train,0.6911925,1
21283,train,0.40248916,1
21288,train,0.46963096,0
21289,train,0.52862793,1
21291,train,0.24326876,1
21293,train,0.522873,0
21294,train,0.7244616,0
21300,train,0.7114289,0
21302,train,0.75908697,0
21306,train,0.6406097,1
21307,train,0.8374911,0
21308,train,0.66230816,0
21309,train,0.25588754,1
21316,train,0.44989365,1
21317,train,0.6821647,1
21321,train,0.69771993,0
21324,train,0.45587438,1
21325,train,0.5243275,0
21328,train,0.55890226,1
21330,train,0.3908079,1
21331,train,0.66041803,1
21332,train,0.58315396,1
21334,train,0.6328642,1
21335,train,0.62468445,1
21337,train,0.6215046,1
21341,train,0.7093306,0
21344,train,0.24651633,1
21345,train,0.66167444,1
21350,train,0.6561453,0
21353,train,0.4328178,1
21355,train,0.52798617,0
21357,train,0.14657667,1
21358,train,0.42889693,1
21360,train,0.37877733,0
21364,train,0.41328743,1
21366,train,0.83465755,1
21367,train,0.4588149,1
21369,train,0.68551475,0
21371,train,0.7042524,1
21372,train,0.5789038,0
21374,train,0.5798189,1
21375,train,0.31661606,1
21376,train,0.38128015,1
21377,train,0.27473977,1
21380,train,0.22378361,1
21381,train,0.4962008,0
21382,train,0.8961237,0
21383,train,0.28325546,1
21384,train,0.48149633,1
21385,train,0.7040828,1
21386,train,0.17035247,1
21390,train,0.66464937,1
21391,train,0.51754546,1
21394,train,0.5077277,1
21397,train,0.5837979,1
21403,train,0.86371666,0
21404,train,0.45498145,1
21406,train,0.6205375,0
21411,train,0.18254215,1
21415,train,0.6118157,1
21416,train,0.6566086,1
21418,train,0.18902972,1
21420,train,0.44964644,1
21421,train,0.4999772,0
21423,train,0.4078005,0
21425,train,0.60629064,0
21426,train,0.8080325,0
21427,train,0.58097386,0
21429,train,0.25179273,1
21432,train,0.9203722,0
21434,train,0.40738073,1
21437,train,0.5803676,0
21439,train,0.53302,1
21441,train,0.1884142,1
21443,train,0.6461296,0
21444,train,0.50261265,0
21449,train,0.65892994,0
21450,train,0.5266344,1
21453,train,0.38096485,1
21454,train,0.7902848,0
21456,train,0.5985958,1
21460,train,0.14834093,1
21461,train,0.67501855,0
21468,train,0.4679474,1
21469,train,0.33792588,1
21470,train,0.20249413,1
21473,train,0.6733246,1
21476,train,0.73484117,0
21477,train,0.6136286,1
21478,train,0.39868096,1
21479,train,0.25155246,1
21483,train,0.44478872,0
21486,train,0.6987316,1
21488,train,0.24254255,1
21489,train,0.41848153,1
21491,train,0.4896923,1
21495,train,0.3423948,1
21500,train,0.66007584,1
21501,train,0.15152831,1
21503,train,0.32210344,1
21508,train,0.33827797,1
21512,train,0.35438576,1
21514,train,0.7500973,1
21523,train,0.39107504,0
21524,train,0.78604525,0
21528,train,0.39313686,1
21530,train,0.42469546,0
21531,train,0.7201771,1
21532,train,0.7848385,0
21536,train,0.3370323,1
21537,train,0.5816554,1
21538,train,0.67790765,1
21540,train,0.5139843,1
21542,train,0.49879855,1
21544,train,0.43312833,1
21545,train,0.2928934,1
21552,train,0.66299844,1
21555,train,0.7967683,1
21561,train,0.5443118,1
21565,train,0.53658915,0
21566,train,0.21249568,1
21568,train,0.36981907,1
21573,train,0.71983385,0
21577,train,0.30492437,1
21578,train,0.29901406,1
21584,train,0.29510242,1
21585,train,0.3364084,1
21586,train,0.62404454,1
21590,train,0.5027724,0
21591,train,0.5016003,1
21592,train,0.43450394,1
21594,train,0.3033878,1
21598,train,0.555551,1
21599,train,0.52621174,1
21602,train,0.58301777,1
21605,train,0.66512084,0
21607,train,0.28947845,1
21608,train,0.69240046,0
21609,train,0.52861917,1
21611,train,0.6541392,1
21618,train,0.4708432,1
21621,train,0.34286982,1
21623,train,0.49100074,0
21631,train,0.7105019,0
21632,train,0.15370522,1
21633,train,0.73163015,0
21636,train,0.6081018,1
21641,train,0.26166624,1
21642,train,0.40830904,1
21647,train,0.52955574,0
21649,train,0.24847451,1
21650,train,0.85129464,0
21654,train,0.5888354,0
21655,train,0.35020512,1
21656,train,0.57078445,1
21659,train,0.9351651,0
21660,train,0.4085699,1
21661,train,0.80415875,1
21675,train,0.64795727,0
21676,train,0.09158479,1
21677,train,0.9570744,0
21678,train,0.42014664,1
21682,train,0.62482655,1
21683,train,0.5380217,1
21684,train,0.3719217,1
21687,train,0.63284,1
21688,train,0.58234465,0
21689,train,0.73262125,0
21692,train,0.4714379,1
21696,train,0.8974744,0
21702,train,0.76316494,0
21703,train,0.33239022,1
21704,train,0.4818594,1
21705,train,0.66068584,0
21707,train,0.8087022,0
21708,train,0.18342902,1
21710,train,0.27122012,1
21711,train,0.5350584,0
21712,train,0.7723569,1
21713,train,0.45682883,1
21714,train,0.36745936,1
21716,train,0.55902773,0
21721,train,0.46119362,1
21725,train,0.35775834,1
21728,train,0.39448464,1
21730,train,0.5324542,1
21736,train,0.31602362,1
21737,train,0.52390033,0
21741,train,0.5886513,1
21744,train,0.73700774,0
21752,train,0.2968677,1
21753,train,0.33807954,1
21754,train,0.31178904,1
21755,train,0.29621577,1
21761,train,0.9794078,0
21764,train,0.36559427,1
21767,train,0.39111146,1
21769,train,0.267006,1
21774,train,0.5333203,1
21778,train,0.5263105,1
21784,train,0.67417204,1
21786,train,0.6219825,0
21789,train,0.4597827,1
21790,train,0.56313443,1
21792,train,0.7482963,0
21793,train,0.49165136,1
21796,train,0.45756507,1
21798,train,0.5970274,0
21800,train,0.49744636,0
21803,train,0.7791815,0
21804,train,0.561411,1
21805,train,0.86402303,0
21807,train,0.6771891,1
21813,train,0.5389033,1
21814,train,0.31015262,1
21815,train,0.43535614,1
21819,train,0.3652475,1
21820,train,0.6465392,0
21821,train,0.5636064,1
21836,train,0.1689612,1
21840,train,0.72658885,1
21845,train,0.67633307,0
21847,train,0.35418293,1
21850,train,0.6490973,0
21851,train,0.33621868,0
21852,train,0.4306201,1
21860,train,0.744688,0
21866,train,0.59208935,0
21867,train,0.42664918,1
21868,train,0.38991612,1
21869,train,0.61688155,0
21876,train,0.63565314,1
21880,train,0.7152528,0
21881,train,0.54438996,1
21885,train,0.67483205,1
21886,train,0.27652252,1
21887,train,0.41430178,1
21889,train,0.7274375,1
21891,train,0.5789045,0
21892,train,0.49718994,0
21895,train,0.9542072,0
21905,train,0.92987716,0
21907,train,0.24163702,1
21911,train,0.72381365,1
21915,train,0.78111774,1
21918,train,0.8764328,0
21920,train,0.575999,0
21928,train,0.36757156,1
21929,train,0.24185398,1
21934,train,0.39810756,0
21935,train,0.72476083,1
21936,train,0.7403467,0
21937,train,0.6119487,0
21940,train,0.22528505,1
21942,train,0.40474114,1
21944,train,0.4323182,1
21945,train,0.45808893,1
21946,train,0.6389882,0
21947,train,0.16123632,1
21950,train,0.36208987,1
21951,train,0.45366254,1
21952,train,0.31034166,1
21956,train,0.4912352,0
21957,train,0.38781282,0
21958,train,0.8083388,0
21959,train,0.3006231,1
21965,train,0.21117689,1
21968,train,0.7341257,0
21970,train,0.29050094,0
21972,train,0.48230824,1
21973,train,0.6056264,0
21977,train,0.3008379,1
21981,train,0.6949781,0
21983,train,0.17582625,1
21984,train,0.48505956,0
21985,train,0.8135998,0
21986,train,0.40074688,1
21988,train,0.69840777,1
21989,train,0.4334402,1
21991,train,0.525956,1
21992,train,0.7347331,0
21993,train,0.11372931,1
21994,train,0.49955648,1
21995,train,0.67387944,1
21996,train,0.47887465,0
21999,train,0.6077803,1
22000,train,0.5624792,1
22001,train,0.61473143,1
22003,train,0.22771446,1
22004,train,0.7222655,1
22007,train,0.68492246,1
22008,train,0.73947245,0
22011,train,0.88018614,0
22014,train,0.14838761,1
22018,train,0.26802045,1
22022,train,0.37519944,1
22026,train,0.7015332,1
22029,train,0.18691035,1
22030,train,0.24896355,1
22032,train,0.3408099,1
22033,train,0.4661039,0
22036,train,0.7015776,1
22037,train,0.38918018,1
22038,train,0.65117896,1
22039,train,0.2313388,1
22041,train,0.7766621,0
22045,train,0.6382773,1
22048,train,0.4865762,0
22052,train,0.8012961,0
22053,train,0.93110543,0
22055,train,0.7040969,0
22056,train,0.49098092,1
22058,train,0.7681088,0
22060,train,0.6235389,0
22061,train,0.30771786,1
22063,train,0.53305846,1
22067,train,0.73038477,0
22071,train,0.25550258,0
22075,train,0.18765002,1
22077,train,0.5190747,0
22078,train,0.40538043,1
22080,train,0.50220346,1
22082,train,0.7241669,0
22085,train,0.8547073,0
22087,train,0.39555094,1
22090,train,0.6082767,1
22097,train,0.6766283,1
22100,train,0.5997264,0
22107,train,0.3645624,0
22111,train,0.61874324,0
22113,train,0.5461143,1
22115,train,0.4886426,0
22116,train,0.37929672,1
22120,train,0.43298122,1
22121,train,0.45779836,1
22123,train,0.534683,1
22124,train,0.7048861,1
22126,train,0.9364942,0
22128,train,0.8098591,0
22129,train,0.45438862,1
22130,train,0.73547375,0
22131,train,0.3020064,1
22133,train,0.47768363,1
22134,train,0.24885684,1
22136,train,0.22906484,1
22140,train,0.34721693,1
22142,train,0.33454293,1
22143,train,0.71072125,0
22147,train,0.43160233,1
22150,train,0.31041002,1
22152,train,0.58704615,0
22153,train,0.6036632,0
22157,train,0.2554348,1
22158,train,0.45903462,1
22163,train,0.46858004,0
22164,train,0.8026588,0
22168,train,0.2711982,1
22173,train,0.94874406,0
22174,train,0.8625701,1
22175,train,0.44938493,0
22176,train,0.43839774,1
22177,train,0.58691186,1
22178,train,0.4683862,1
22181,train,0.739653,1
22182,train,0.123631805,1
22187,train,0.56420016,0
22188,train,0.51561093,1
22189,train,0.47695813,1
22190,train,0.32403603,1
22191,train,0.25695354,1
22192,train,0.49006283,1
22197,train,0.70469457,0
22198,train,0.549841,1
22206,train,0.47170943,0
22211,train,0.37852344,0
22217,train,0.67503107,0
22219,train,0.2690006,1
22220,train,0.63324636,0
22222,train,0.48656872,1
22223,train,0.21580671,1
22224,train,0.4612757,1
22226,train,0.41859367,1
22230,train,0.32806063,0
22237,train,0.755032,0
22240,train,0.62650156,1
22241,train,0.42563808,1
22246,train,0.433658,1
22247,train,0.8049747,0
22250,train,0.7791891,0
22255,train,0.6168662,0
22261,train,0.50786245,1
22265,train,0.501138,0
22275,train,0.44134364,1
22276,train,0.65259105,0
22279,train,0.5698469,1
22281,train,0.9174471,0
22282,train,0.8340889,1
22285,train,0.37519237,1
22286,train,0.53460145,1
22288,train,0.54288536,1
22291,train,0.56308806,0
22295,train,0.44176915,1
22303,train,0.5709196,0
22305,train,0.51307875,0
22306,train,0.6870493,0
22307,train,0.5213484,1
22309,train,0.5073691,1
22310,train,0.51977146,1
22312,train,0.18723223,1
22314,train,0.29475072,1
22315,train,0.37624893,1
22320,train,0.46455592,0
22321,train,0.3186954,1
22322,train,0.34118262,1
22323,train,0.73126334,0
22327,train,0.6866807,1
22329,train,0.84531945,0
22332,train,0.39649552,1
22334,train,0.57382464,0
22339,train,0.60418296,1
22342,train,0.47507334,1
22347,train,0.5201924,1
22349,train,0.4537317,1
22352,train,0.5786172,1
22354,train,0.7503689,0
22355,train,0.41038722,1
22356,train,0.77407235,0
22360,train,0.28457615,1
22361,train,0.6289937,1
22366,train,0.6281746,0
22371,train,0.33794937,1
22372,train,0.53484154,1
22373,train,0.1891126,1
22376,train,0.81566554,0
22378,train,0.7100005,0
22382,train,0.33692026,1
22383,train,0.7042713,1
22385,train,0.12956592,1
22387,train,0.58383816,0
22391,train,0.3920365,1
22396,train,0.3760807,1
22397,train,0.35503855,1
22399,train,0.7873237,0
22400,train,0.29338843,0
22408,train,0.97446376,0
22409,train,0.560627,0
22411,train,0.45065442,1
22412,train,0.4996705,1
22416,train,0.19809343,1
22417,train,0.66902906,0
22418,train,0.52459097,1
22419,train,0.60200036,1
22420,train,0.53197986,0
22426,train,0.71747094,0
22428,train,0.6708275,0
22432,train,0.77540237,1
22433,train,0.46427307,0
22434,train,0.49574357,0
22435,train,0.647335,0
22437,train,0.31078556,1
22439,train,0.43607396,1
22444,train,0.55427194,1
22445,train,0.7157677,1
22449,train,0.6188387,0
22455,train,0.518094,1
22456,train,0.6868662,0
22461,train,0.38457435,1
22463,train,0.6327143,1
22467,train,0.7616316,0
22468,train,0.7115356,0
22469,train,0.40177995,1
22472,train,0.622607,0
22473,train,0.6535876,0
22481,train,0.39446166,1
22482,train,0.48305833,1
22483,train,0.40581998,1
22492,train,0.63889295,1
22496,train,0.61437917,1
22507,train,0.7739182,0
22511,train,0.55652845,0
22514,train,0.5104595,1
22517,train,0.32306024,1
22518,train,0.45994377,1
22523,train,0.7005842,0
22527,train,0.5981584,0
22530,train,0.5245486,1
22532,train,0.7193652,0
22533,train,0.55017155,1
22537,train,0.4852192,1
22538,train,0.47774127,1
22539,train,0.13839793,1
22544,train,0.54486614,0
22549,train,0.51128924,1
22550,train,0.6378786,0
22551,train,0.81041545,0
22558,train,0.48225144,0
22560,train,0.6931577,0
22561,train,0.8217118,0
22562,train,0.58853525,0
22563,train,0.47024196,1
22564,train,0.61364174,0
22567,train,0.34281945,0
22568,train,0.732946,0
22569,train,0.6008353,0
22571,train,0.66087055,0
22573,train,0.7820652,1
22576,train,0.21207303,1
22577,train,0.6604677,0
22578,train,0.35661218,1
22581,train,0.49123618,0
22583,train,0.6990324,1
22586,train,0.5346735,1
22595,train,0.6628402,0
22600,train,0.33338895,1
22601,train,0.69590795,1
22602,train,0.73449725,0
22604,train,0.78454226,0
22605,train,0.6260657,1
22607,train,0.75324047,0
22610,train,0.50381535,0
22613,train,0.5045172,0
22617,train,0.74460155,0
22618,train,0.22729573,1
22619,train,0.39494333,0
22621,train,0.54947674,1
22622,train,0.11561976,1
22623,train,0.534504,1
22625,train,0.55027133,0
22626,train,0.21231884,1
22627,train,0.5736002,1
22630,train,0.5545947,1
22631,train,0.22122858,1
22640,train,0.56468135,0
22647,train,0.5932885,1
22650,train,0.71606,1
22651,train,0.6539618,1
22655,train,0.4614886,1
22656,train,0.6698558,1
22658,train,0.60390365,1
22659,train,0.4431342,1
22662,train,0.6400221,0
22663,train,0.13168147,1
22665,train,0.38674018,1
22668,train,0.68744916,0
22671,train,0.65678,0
22676,train,0.6577261,0
22679,train,0.27606255,1
22682,train,0.42897856,1
22685,train,0.52243054,1
22693,train,0.5906767,0
22697,train,0.66956675,0
22702,train,0.6252655,1
22705,train,0.91828394,1
22707,train,0.8562501,0
22712,train,0.37215164,1
22716,train,0.96245503,0
22718,train,0.46463132,0
22719,train,0.46037856,1
22720,train,0.53611463,0
22723,train,0.68438953,0
22725,train,0.44424817,1
22728,train,0.6637638,0
22731,train,0.44841492,1
22732,train,0.5602951,1
22736,train,0.10234691,1
22740,train,0.53658086,1
22741,train,0.4455124,1
22744,train,0.2822664,0
22745,train,0.6855238,1
22747,train,0.2154211,1
22749,train,0.33449033,1
22750,train,0.34769076,1
22751,train,0.50545293,0
22753,train,0.38381934,1
22754,train,0.56154615,1
22755,train,0.11408269,1
22757,train,0.81251025,1
22758,train,0.6055161,0
22761,train,0.4190712,0
22765,train,0.53870296,1
22766,train,0.59790105,0
22770,train,0.7731064,1
22771,train,0.3904269,1
22772,train,0.11648265,1
22774,train,0.4784707,1
22776,train,0.30463934,1
22778,train,0.2271648,1
22780,train,0.2738178,1
22786,train,0.3270296,1
22787,train,0.74272364,1
22788,train,0.56908065,0
22795,train,0.25938123,1
22796,train,0.4910079,1
22797,train,0.5085199,0
22799,train,0.26378766,1
22803,train,0.13954772,1
22805,train,0.33817893,1
22807,train,0.3812136,0
22809,train,0.4948673,1
22810,train,0.4864108,1
22812,train,0.7255789,0
22813,train,0.7340876,0
22815,train,0.44962105,0
22816,train,0.29149708,1
22824,train,0.31107086,1
22828,train,0.3591237,0
22829,train,0.92603433,0
22830,train,0.61590874,0
22832,train,0.13281696,1
22834,train,0.632463,0
22843,train,0.15805931,1
22853,train,0.6163317,1
22857,train,0.61787874,0
22863,train,0.4207314,1
22864,train,0.6095926,0
22865,train,0.65489614,0
22869,train,0.50574386,1
22871,train,0.53733474,1
22874,train,0.20237364,1
22875,train,0.5177401,1
22878,train,0.8482789,0
22884,train,0.7522585,0
22888,train,0.4436613,1
22890,train,0.64053524,0
22895,train,0.66177183,1
22896,train,0.68912405,0
22898,train,0.45408297,1
22899,train,0.6475549,0
22900,train,0.5231963,1
22901,train,0.68364006,0
22902,train,0.7959387,0
22906,train,0.50225705,1
22911,train,0.7632383,1
22913,train,0.44710723,1
22917,train,0.25861496,1
22918,train,0.41652116,1
22919,train,0.63354295,0
22922,train,0.37728658,1
22923,train,0.4801748,1
22933,train,0.76902366,0
22935,train,0.3949502,1
22937,train,0.345008,1
22941,train,0.3568115,1
22942,train,0.7798654,0
22943,train,0.44773024,0
22949,train,0.16364208,1
22952,train,0.71588016,0
22953,train,0.40134862,1
22954,train,0.48507714,1
22955,train,0.5775719,1
22960,train,0.6831344,0
22968,train,0.5016929,0
22969,train,0.3236753,1
22970,train,0.36206082,1
22975,train,0.50771004,1
22977,train,0.22370642,1
22980,train,0.6582521,0
22986,train,0.6216247,1
22991,train,0.34521386,1
22994,train,0.5817024,0
22998,train,0.27563673,1
22999,train,0.32371545,1
23001,train,0.5403222,1
23003,train,0.36107022,1
23008,train,0.5910369,0
23009,train,0.25726366,1
23015,train,0.91068786,0
23016,train,0.19634333,1
23019,train,0.35716733,1
23023,train,0.6141295,0
23026,train,0.76086676,0
23027,train,0.6373766,0
23031,train,0.5279038,0
23036,train,0.13618301,1
23037,train,0.4112582,1
23040,train,0.7266434,0
23041,train,0.6888814,1
23043,train,0.27275708,1
23045,train,0.543245,1
23046,train,0.59113777,0
23048,train,0.4737769,1
23049,train,0.7302077,0
23051,train,0.5940918,0
23055,train,0.4003259,1
23056,train,0.16040999,1
23063,train,0.9727401,0
23065,train,0.20098676,1
23066,train,0.49532527,1
23067,train,0.64968747,1
23073,train,0.52225184,0
23074,train,0.26217768,1
23075,train,0.68066365,1
23076,train,0.74116343,1
23082,train,0.5242825,1
23087,train,0.3601761,1
23090,train,0.5690711,0
23091,train,0.42497224,0
23095,train,0.43913206,1
23099,train,0.57778776,1
23102,train,0.20112082,0
23103,train,0.2994835,1
23106,train,0.7138074,0
23112,train,0.5210168,0
23113,train,0.42611125,0
23115,train,0.3803476,1
23119,train,0.6684495,1
23128,train,0.34433976,1
23132,train,0.7122037,0
23133,train,0.28751224,1
23134,train,0.316721,1
23136,train,0.11916748,1
23138,train,0.5984944,1
23142,train,0.4189292,1
23144,train,0.3962432,1
23145,train,0.50545526,1
23147,train,0.72682184,1
23150,train,0.6943124,0
23155,train,0.45945856,0
23156,train,0.3124541,1
23158,train,0.9532433,0
23159,train,0.4146173,0
23161,train,0.5254593,0
23163,train,0.21673688,1
23164,train,0.0854696,1
23165,train,0.50098556,1
23168,train,0.6365982,0
23169,train,0.46809384,1
23173,train,0.47387117,0
23183,train,0.40467393,1
23184,train,0.6840645,0
23185,train,0.31596416,1
23187,train,0.21558742,1
23188,train,0.62502706,1
23190,train,0.7041003,1
23192,train,0.19050781,1
23196,train,0.6139182,1
23198,train,0.8920775,0
23206,train,0.72671336,0
23207,train,0.4002161,1
23208,train,0.5231705,1
23209,train,0.4748902,1
23211,train,0.75661683,1
23213,train,0.7990376,0
23215,train,0.6959151,0
23220,train,0.37371793,1
23224,train,0.23036738,1
23225,train,0.44317016,1
23226,train,0.64483654,1
23229,train,0.56211483,1
23230,train,0.5202054,0
23235,train,0.54691523,1
23237,train,0.4734577,1
23238,train,0.3181915,1
23243,train,0.6289463,1
23247,train,0.33983964,0
23254,train,0.30069178,1
23255,train,0.30327293,1
23258,train,0.82381976,0
23259,train,0.65387225,1
23265,train,0.6895623,1
23269,train,0.75926685,1
23271,train,0.6687268,1
23274,train,0.85920197,0
23275,train,0.16755202,1
23283,train,0.60081154,0
23288,train,0.6429182,0
23292,train,0.2105857,1
23294,train,0.64922464,0
23298,train,0.68667746,0
23299,train,0.645414,0
23306,train,0.37861693,1
23307,train,0.5209802,1
23308,train,0.44653708,1
23310,train,0.6733507,0
23315,train,0.6440471,0
23319,train,0.114056535,1
23320,train,0.11809134,1
23323,train,0.42331573,1
23327,train,0.31440017,1
23329,train,0.22588466,1
23332,train,0.38629022,1
23335,train,0.52461964,0
23338,train,0.7964264,0
23339,train,0.39663798,1
23342,train,0.68599904,0
23349,train,0.16182172,1
23357,train,0.54620445,1
23358,train,0.6033092,1
23360,train,0.19536775,1
23361,train,0.6211438,1
23365,train,0.56890416,1
23366,train,0.23086455,1
23367,train,0.4506992,1
23369,train,0.23672977,1
23370,train,0.85856146,0
23372,train,0.2059325,1
23373,train,0.47256973,1
23376,train,0.5326726,0
23379,train,0.96528614,0
23382,train,0.45648533,1
23383,train,0.24474357,1
23384,train,0.5891649,0
23388,train,0.45832688,1
23389,train,0.38343507,1
23391,train,0.21958387,1
23394,train,0.22527806,1
23396,train,0.454447,1
23400,train,0.8483571,0
23403,train,0.6375308,0
23404,train,0.72492516,0
23405,train,0.2834629,0
23406,train,0.4702923,1
23407,train,0.20376916,1
23408,train,0.6779837,0
23409,train,0.6559214,1
23410,train,0.44052538,1
23411,train,0.5881298,1
23413,train,0.59540385,1
23415,train,0.5649379,0
23419,train,0.20761156,1
23421,train,0.37953863,0
23425,train,0.77786034,1
23428,train,0.78009784,0
23434,train,0.4325339,1
23436,train,0.6070241,0
23437,train,0.46696547,1
23440,train,0.5666226,1
23441,train,0.33182144,1
23443,train,0.62216395,1
23448,train,0.70899504,0
23450,train,0.42559427,1
23461,train,0.42154357,1
23465,train,0.16069488,1
23471,train,0.6608085,1
23472,train,0.8104134,0
23473,train,0.32322884,1
23475,train,0.52751714,1
23476,train,0.6984876,0
23483,train,0.57856464,0
23490,train,0.2993894,1
23492,train,0.41369635,1
23493,train,0.4078292,1
23494,train,0.63513863,1
23500,train,0.45234004,0
23503,train,0.6768305,1
23505,train,0.5460911,1
23507,train,0.7625,0
23511,train,0.3748807,0
23513,train,0.62174594,1
23516,train,0.43367752,1
23517,train,0.6642158,0
23523,train,0.27449492,1
23524,train,0.32537225,1
23527,train,0.741791,1
23528,train,0.1686258,1
23531,train,0.4800082,1
23533,train,0.49074048,1
23534,train,0.13113874,1
23541,train,0.77821684,0
23544,train,0.33048156,1
23549,train,0.4261543,1
23550,train,0.4736735,1
23552,train,0.9395818,0
23553,train,0.20651905,1
23556,train,0.43732712,1
23557,train,0.5455655,0
23563,train,0.7666672,0
23564,train,0.35451755,1
23566,train,0.4053403,1
23569,train,0.07944424,1
23573,train,0.3862787,1
23577,train,0.52959067,1
23578,train,0.74122113,1
23589,train,0.61484176,1
23591,train,0.66286325,0
23594,train,0.5201303,1
23595,train,0.5546926,1
23598,train,0.5397013,0
23601,train,0.35603407,1
23603,train,0.20628247,1
23604,train,0.64678866,0
23605,train,0.32794312,1
23606,train,0.6969028,1
23612,train,0.82083905,0
23616,train,0.66237736,0
23617,train,0.32029969,1
23621,train,0.38189152,1
23625,train,0.430444,1
23627,train,0.23757468,1
23628,train,0.53998154,0
23629,train,0.51645154,1
23635,train,0.6572809,0
23636,train,0.32752874,1
23641,train,0.40748963,1
23643,train,0.5288593,1
23645,train,0.4010171,1
23649,train,0.35940647,1
23650,train,0.6779203,0
23651,train,0.52920514,0
23655,train,0.6508623,0
23656,train,0.1351649,1
23657,train,0.5314854,1
23659,train,0.3958062,1
23662,train,0.4706961,0
23665,train,0.5201885,0
23667,train,0.3733182,1
23668,train,0.5026793,1
23673,train,0.45124647,0
23675,train,0.9790622,0
23678,train,0.6483865,0
23680,train,0.17177664,1
23683,train,0.7117859,1
23684,train,0.34609967,1
23685,train,0.37606183,1
23688,train,0.27985516,1
23695,train,0.27368927,1
23696,train,0.29592052,1
23698,train,0.5640024,1
23699,train,0.16768329,1
23701,train,0.7684604,0
23702,train,0.40701956,1
23706,train,0.32000905,1
23707,train,0.48444673,0
23708,train,0.75066,1
23710,train,0.4265481,1
23712,train,0.8034848,0
23716,train,0.56793016,0
23723,train,0.3155085,1
23726,train,0.35377306,1
23728,train,0.31234688,1
23730,train,0.85103434,0
23737,train,0.7213414,0
23739,train,0.20229048,1
23740,train,0.47316584,0
23746,train,0.30802062,1
23751,train,0.5637414,1
23753,train,0.33893538,1
23757,train,0.38129938,1
23760,train,0.22501998,1
23764,train,0.7548267,0
23767,train,0.6016275,1
23769,train,0.6575603,1
23770,train,0.6678234,1
23772,train,0.80362695,1
23775,train,0.6583881,1
23781,train,0.43241686,1
23784,train,0.62580806,0
23788,train,0.4907363,0
23793,train,0.12148621,1
23794,train,0.4933004,1
23796,train,0.42690566,0
23797,train,0.20622088,1
23798,train,0.36634734,1
23800,train,0.36602396,0
23802,train,0.2651414,1
23807,train,0.47814134,1
23808,train,0.9820838,0
23809,train,0.62258667,0
23811,train,0.9034277,0
23816,train,0.48396143,1
23819,train,0.8096939,1
23821,train,0.7779939,1
23822,train,0.4372502,1
23827,train,0.5035947,0
23830,train,0.5816744,1
23831,train,0.60138345,0
23832,train,0.5384905,1
23833,train,0.23433672,1
23834,train,0.4277565,1
23835,train,0.61627144,1
23836,train,0.60163134,0
23839,train,0.678726,1
23843,train,0.5768479,0
23844,train,0.381035,1
23845,train,0.5226053,0
23847,train,0.1413326,1
23850,train,0.2876048,1
23851,train,0.15362316,1
23853,train,0.72016335,0
23856,train,0.432463,1
23857,train,0.3847949,1
23860,train,0.5346153,1
23863,train,0.5443806,1
23864,train,0.54226375,0
23865,train,0.51986074,0
23867,train,0.6496456,1
23870,train,0.20158243,1
23871,train,0.39981848,1
23874,train,0.7399438,0
23877,train,0.31522325,1
23882,train,0.23037872,1
23885,train,0.9408547,0
23886,train,0.7731462,0
23887,train,0.7413962,0
23890,train,0.7597057,0
23891,train,0.77335566,0
23893,train,0.5235773,0
23896,train,0.6069766,0
23899,train,0.28580433,0
23902,train,0.4191386,1
23904,train,0.30217353,0
23908,train,0.15012021,1
23911,train,0.7070027,0
23914,train,0.33707318,1
23920,train,0.32005888,1
23923,train,0.7434086,0
23925,train,0.85452485,0
23927,train,0.4448737,1
23933,train,0.90233463,0
23940,train,0.76987845,0
23941,train,0.5587994,1
23948,train,0.2983828,1
23954,train,0.29381275,1
23959,train,0.54115015,1
23962,train,0.25287053,1
23963,train,0.5400035,1
23964,train,0.6675466,0
23966,train,0.37739536,1
23968,train,0.58801746,0
23971,train,0.6218153,0
23978,train,0.37484106,1
23979,train,0.6085013,0
23980,train,0.65793365,0
23985,train,0.6921108,1
23988,train,0.4847333,1
23989,train,0.95010227,0
23990,train,0.34244844,1
23991,train,0.48171455,0
23992,train,0.57819605,0
23996,train,0.66843665,0
24002,train,0.3637014,1
24007,train,0.32379007,1
24009,train,0.60873955,1
24012,train,0.48197663,0
24013,train,0.28637052,1
24015,train,0.44390783,1
24016,train,0.35365158,1
24022,train,0.532046,1
24026,train,0.9617491,0
24027,train,0.1743262,1
24028,train,0.6868316,1
24031,train,0.21819288,1
24032,train,0.508715,0
24034,train,0.54038775,0
24036,train,0.5085,1
24037,train,0.43761504,1
24039,train,0.5619878,1
24040,train,0.08862783,1
24041,train,0.486513,1
24042,train,0.1701774,1
24048,train,0.36292025,1
24050,train,0.3495408,1
24054,train,0.6090756,1
24057,train,0.34625256,1
24059,train,0.1405424,1
24060,train,0.64778805,1
24063,train,0.15811464,1
24064,train,0.4204777,1
24067,train,0.10641353,1
24069,train,0.7854196,1
24070,train,0.52758074,0
24071,train,0.435125,1
24072,train,0.2165245,1
24078,train,0.5465017,1
24081,train,0.6400249,1
24082,train,0.28948054,1
24085,train,0.7021675,0
24086,train,0.36787328,1
24087,train,0.7747054,0
24089,train,0.6325483,0
24093,train,0.39978707,1
24094,train,0.36428967,0
24098,train,0.5494309,0
24099,train,0.56948775,0
24100,train,0.5356219,1
24106,train,0.075057305,1
24109,train,0.38901305,1
24110,train,0.47779247,1
24113,train,0.48819202,1
24114,train,0.3155902,0
24115,train,0.8124094,1
24117,train,0.40323713,1
24122,train,0.16668667,1
24123,train,0.53905255,0
24124,train,0.46349707,1
24126,train,0.49533117,1
24127,train,0.42935854,1
24138,train,0.44029644,1
24145,train,0.44685104,1
24146,train,0.33824992,1
24148,train,0.61022955,0
24149,train,0.079516776,1
24151,train,0.66670096,0
24153,train,0.17307836,1
24156,train,0.5116377,0
24158,train,0.5627549,1
24159,train,0.72921187,0
24161,train,0.57021797,1
24165,train,0.5699676,0
24168,train,0.45639023,1
24169,train,0.4457858,1
24175,train,0.5712639,1
24176,train,0.18859734,1
24177,train,0.91185653,0
24180,train,0.94605947,0
24182,train,0.543194,0
24184,train,0.40308306,1
24186,train,0.1894032,1
24191,train,0.3965772,0
24192,train,0.42475823,1
24193,train,0.18863286,1
24196,train,0.48473477,1
24197,train,0.40753385,1
24198,train,0.53678656,0
24200,train,0.48614326,1
24204,train,0.59835064,0
24208,train,0.56907165,0
24209,train,0.49212226,0
24213,train,0.22813185,1
24215,train,0.33172482,1
24218,train,0.9168504,0
24220,train,0.5315555,1
24229,train,0.64276063,0
24232,train,0.26114687,1
24233,train,0.6963394,0
24236,train,0.38671947,1
24238,train,0.5425499,0
24242,train,0.594702,0
24249,train,0.2371707,1
24252,train,0.69671226,0
24254,train,0.35358423,0
24256,train,0.8151634,0
24257,train,0.6099138,0
24258,train,0.42300752,1
24265,train,0.69474024,0
24267,train,0.21625067,1
24272,train,0.637858,1
24275,train,0.31120136,1
24278,train,0.3894191,1
24281,train,0.44141164,1
24285,train,0.7138622,1
24286,train,0.64020264,1
24288,train,0.28675693,1
24291,train,0.6016031,0
24294,train,0.5165531,0
24295,train,0.5198702,0
24298,train,0.27176237,1
24299,train,0.28187716,1
24301,train,0.2620002,1
24304,train,0.6428482,0
24316,train,0.55791456,0
24318,train,0.5015444,1
24319,train,0.52925783,0
24320,train,0.26892737,1
24321,train,0.6675519,0
24323,train,0.34284288,1
24328,train,0.6441418,1
24329,train,0.6869371,1
24338,train,0.6064958,0
24340,train,0.25799173,1
24341,train,0.8138584,0
24345,train,0.48013645,0
24346,train,0.21553297,1
24350,train,0.61688936,0
24353,train,0.5004907,1
24354,train,0.49781886,0
24356,train,0.80452365,0
24359,train,0.5111465,0
24361,train,0.73231715,0
24363,train,0.27402917,1
24366,train,0.55647564,0
24368,train,0.14041728,0
24375,train,0.24557683,1
24376,train,0.68533105,0
24378,train,0.7548897,0
24381,train,0.54668856,1
24382,train,0.58792514,1
24384,train,0.23042604,1
24385,train,0.7830167,0
24386,train,0.436563,0
24387,train,0.500589,1
24392,train,0.4956916,1
24395,train,0.6185487,1
24399,train,0.7136009,0
24403,train,0.7057468,0
24404,train,0.49913368,1
24405,train,0.5880332,1
24406,train,0.8278334,1
24408,train,0.35899416,1
24410,train,0.6036482,1
24417,train,0.75331306,0
24418,train,0.6426045,1
24419,train,0.53694654,1
24421,train,0.7230306,0
24422,train,0.7352775,0
24423,train,0.717861,1
24424,train,0.8220344,0
24427,train,0.50602376,1
24430,train,0.439316,1
24432,train,0.26794246,1
24434,train,0.5228963,1
24435,train,0.46988413,1
24439,train,0.36334208,1
24442,train,0.29341975,1
24446,train,0.5157204,0
24447,train,0.22231628,1
24448,train,0.5430909,0
24449,train,0.21689746,1
24458,train,0.5110472,0
24459,train,0.68936783,0
24460,train,0.3617782,1
24461,train,0.3161663,1
24462,train,0.22857137,1
24463,train,0.6103324,0
24466,train,0.67511874,1
24469,train,0.25513104,1
24470,train,0.10067154,1
24474,train,0.47587657,1
24487,train,0.6346649,0
24491,train,0.5355086,0
24493,train,0.46622762,1
24495,train,0.55861235,1
24502,train,0.6445126,1
24503,train,0.42946225,1
24504,train,0.29318696,1
24505,train,0.63467336,1
24511,train,0.7120946,0
24514,train,0.5575134,0
24515,train,0.7177002,0
24518,train,0.73172385,1
24519,train,0.51040053,0
24525,train,0.67276,0
24526,train,0.92083836,0
24528,train,0.38998124,1
24537,train,0.6858994,0
24538,train,0.36300397,1
24540,train,0.66024363,0
24542,train,0.18126634,1
24545,train,0.6264097,1
24547,train,0.8924957,0
24548,train,0.34160557,0
24549,train,0.7091311,1
24551,train,0.4369833,1
24552,train,0.73663217,1
24553,train,0.7019556,1
24554,train,0.80253315,1
24557,train,0.7340564,1
24559,train,0.17387274,1
24562,train,0.8346008,0
24564,train,0.64586973,0
24566,train,0.52830213,0
24570,train,0.43271047,1
24571,train,0.55064493,1
24574,train,0.43314564,1
24575,train,0.732517,0
24578,train,0.43449178,1
24579,train,0.56480736,1
24589,train,0.3249072,1
24590,train,0.21543477,1
24592,train,0.7674298,0
24593,train,0.7413298,0
24597,train,0.33795848,0
24601,train,0.33395174,1
24604,train,0.4343372,1
24609,train,0.23578729,1
24610,train,0.3564621,1
24611,train,0.42993495,1
24612,train,0.63058484,1
24616,train,0.5101773,1
24617,train,0.30373383,1
24620,train,0.5843843,0
24621,train,0.71928984,0
24624,train,0.7150295,0
24631,train,0.6830529,1
24635,train,0.7272585,0
24636,train,0.43336323,0
24637,train,0.4164667,1
24640,train,0.5317131,0
24641,train,0.16718349,1
24642,train,0.7510891,1
24644,train,0.43350998,1
24645,train,0.530064,0
24649,train,0.67162675,0
24650,train,0.2747614,1
24654,train,0.8432453,0
24658,train,0.3881818,1
24662,train,0.72056454,0
24665,train,0.5702396,1
24666,train,0.90305036,0
24679,train,0.37639722,0
24680,train,0.14312881,1
24682,train,0.45055804,1
24684,train,0.6277323,1
24687,train,0.62925863,0
24689,train,0.52845323,1
24693,train,0.22588749,1
24694,train,0.5726617,1
24698,train,0.7572502,1
24700,train,0.6328358,0
24701,train,0.48185325,1
24703,train,0.38808417,1
24705,train,0.12325161,1
24706,train,0.50121236,1
24708,train,0.7164862,1
24710,train,0.26250446,1
24712,train,0.6121961,1
24713,train,0.59050536,1
24715,train,0.2652893,1
24717,train,0.57091683,1
24718,train,0.7297231,0
24724,train,0.20142616,1
24729,train,0.24668135,1
24730,train,0.1718519,1
24731,train,0.7228996,0
24734,train,0.39337665,1
24735,train,0.15921998,1
24736,train,0.33598733,1
24738,train,0.64498967,1
24739,train,0.64522123,0
24740,train,0.17711768,1
24742,train,0.55568236,1
24743,train,0.37018752,1
24745,train,0.6939083,0
24747,train,0.6184654,0
24748,train,0.5545555,1
24749,train,0.16344813,1
24755,train,0.54054946,1
24756,train,0.49638516,0
24763,train,0.817897,0
24766,train,0.4705646,1
24768,train,0.61728764,0
24771,train,0.18448557,1
24773,train,0.4636777,0
24776,train,0.1596998,1
24781,train,0.49824372,1
24782,train,0.5977265,0
24784,train,0.16440067,1
24786,train,0.41896835,1
24788,train,0.70294493,0
24790,train,0.3005219,1
24794,train,0.29189393,1
24796,train,0.35554072,1
24797,train,0.5597523,1
24801,train,0.36567268,1
24804,train,0.47697747,1
24818,train,0.39165893,1
24819,train,0.31712675,1
24820,train,0.36986205,1
24822,train,0.70727473,0
24824,train,0.56720114,0
24833,train,0.55082446,1
24834,train,0.53287226,1
24838,train,0.16911936,1
24839,train,0.63751227,1
24840,train,0.52455676,1
24842,train,0.9290981,0
24843,train,0.6221139,0
24847,train,0.66274935,1
24848,train,0.50538397,0
24852,train,0.46162707,0
24855,train,0.62134534,1
24861,train,0.60574514,1
24864,train,0.6260147,0
24869,train,0.13584302,1
24879,train,0.6981123,1
24883,train,0.5970592,0
24884,train,0.6319851,0
24886,train,0.6546955,0
24887,train,0.36030674,1
24892,train,0.5108307,0
24897,train,0.7804524,0
24898,train,0.52116615,0
24899,train,0.23460884,1
24900,train,0.7420159,1
24901,train,0.92756927,0
24905,train,0.73619837,0
24906,train,0.8013551,0
24912,train,0.6966085,1
24917,train,0.48095554,0
24920,train,0.22219779,1
24921,train,0.1076247,1
24925,train,0.59152293,1
24927,train,0.6874821,0
24930,train,0.90274197,0
24931,train,0.6602091,1
24933,train,0.36598727,1
24936,train,0.6120162,0
24939,train,0.66372925,0
24944,train,0.90906274,0
24946,train,0.53912944,1
24947,train,0.15241596,1
24948,train,0.73034436,0
24951,train,0.39578095,1
24953,train,0.572012,0
24954,train,0.9373889,0
24955,train,0.6633427,1
24957,train,0.5499289,1
24958,train,0.591825,0
24960,train,0.6155186,0
24964,train,0.526797,1
24967,train,0.7248907,0
24968,train,0.32778415,1
24970,train,0.4808061,0
24971,train,0.42198846,1
24973,train,0.550737,1
24974,train,0.49023128,0
24975,train,0.5213462,1
24976,train,0.35106868,0
24978,train,0.6399282,0
24980,train,0.6759565,0
24981,train,0.4563603,1
24984,train,0.50732887,0
24986,train,0.49688146,1
24988,train,0.24397051,1
24989,train,0.39567164,0
24991,train,0.417048,1
24992,train,0.96173096,0
24993,train,0.40647534,1
24994,train,0.55635667,1
24996,train,0.3346753,0
24997,train,0.5651969,1
24998,train,0.46025878,1
25002,train,0.6192653,1
25006,train,0.4291811,1
25007,train,0.9543645,0
25012,train,0.64401597,1
25014,train,0.46358174,1
25016,train,0.66134536,0
25017,train,0.74540585,1
25019,train,0.52744865,0
25020,train,0.2489037,1
25021,train,0.21758893,1
25022,train,0.3593282,1
25029,train,0.5694511,1
25030,train,0.41369116,1
25031,train,0.42929247,1
25032,train,0.52808446,1
25033,train,0.7918797,0
25034,train,0.36891565,1
25035,train,0.8916458,0
25036,train,0.68806183,0
25038,train,0.35866657,0
25039,train,0.5345241,1
25041,train,0.5255561,1
25045,train,0.44160506,1
25046,train,0.32909057,1
25047,train,0.9446335,0
25049,train,0.24413835,1
25053,train,0.48208636,1
25055,train,0.103892505,1
25058,train,0.7522069,0
25060,train,0.689801,0
25064,train,0.36122236,1
25066,train,0.09362637,1
25067,train,0.81041175,0
25068,train,0.18157105,1
25073,train,0.5089629,1
25078,train,0.571255,1
25086,train,0.21845064,1
25093,train,0.74223065,0
25094,train,0.22630453,1
25101,train,0.30933484,1
25102,train,0.73130345,0
25104,train,0.856782,0
25105,train,0.3937945,1
25109,train,0.6542307,0
25110,train,0.32998398,1
25112,train,0.67619497,1
25113,train,0.72045106,0
25114,train,0.7551741,0
25117,train,0.50436985,1
25119,train,0.52910984,0
25122,train,0.3173186,1
25123,train,0.42487055,1
25128,train,0.48843953,1
25131,train,0.5133828,1
25132,train,0.6701107,1
25133,train,0.16978814,1
25134,train,0.5988867,0
25137,train,0.736474,0
25140,train,0.49864432,1
25141,train,0.44763646,1
25144,train,0.2712565,1
25152,train,0.72474813,1
25154,train,0.98378223,0
25157,train,0.55087364,1
25158,train,0.21307273,1
25159,train,0.30403575,0
25164,train,0.76065326,0
25165,train,0.51157236,0
25166,train,0.8067142,1
25169,train,0.27261543,1
25174,train,0.34928083,1
25175,train,0.4718284,1
25176,train,0.25909308,1
25180,train,0.47144747,0
25181,train,0.30726528,1
25182,train,0.697237,0
25183,train,0.5317545,1
25190,train,0.50415087,0
25191,train,0.3539393,1
25194,train,0.49242878,1
25198,train,0.61336875,1
25202,train,0.46917084,1
25204,train,0.53347915,1
25206,train,0.21197733,1
25209,train,0.2759052,1
25218,train,0.40682775,1
25221,train,0.2375835,1
25222,train,0.5208111,0
25228,train,0.117061615,1
25231,train,0.29559454,1
25236,train,0.62472683,1
25238,train,0.869964,0
25240,train,0.53141785,1
25241,train,0.61158586,0
25242,train,0.30163324,1
25246,train,0.55184,0
25249,train,0.27503142,1
25250,train,0.17309818,1
25253,train,0.42575887,1
25254,train,0.19010669,1
25263,train,0.664668,0
25264,train,0.39162537,1
25268,train,0.52556866,0
25270,train,0.7716233,0
25275,train,0.25723943,1
25277,train,0.21368997,1
25278,train,0.26357317,1
25280,train,0.37337378,1
25281,train,0.72965056,0
25282,train,0.41740328,1
25287,train,0.359302,1
25289,train,0.4950592,1
25290,train,0.60737956,1
25292,train,0.68078035,1
25296,train,0.90283245,0
25298,train,0.22748283,1
25300,train,0.61052084,0
25303,train,0.37891304,1
25304,train,0.49970374,1
25307,train,0.37858844,1
25308,train,0.22588223,1
25310,train,0.7342529,0
25314,train,0.59712595,1
25315,train,0.36689153,1
25320,train,0.36146787,1
25323,train,0.5174088,0
25324,train,0.34503007,1
25326,train,0.20286736,1
25328,train,0.58883137,1
25329,train,0.7289577,0
25331,train,0.33944136,0
25336,train,0.87707734,0
25337,train,0.59219915,0
25339,train,0.38844603,0
25342,train,0.6472017,0
25345,train,0.78216785,1
25349,train,0.542394,0
25352,train,0.3381725,1
25355,train,0.39536652,1
25360,train,0.41346434,1
25361,train,0.51390535,1
25362,train,0.5820258,0
25363,train,0.5139234,1
25368,train,0.23374502,1
25369,train,0.5343642,1
25371,train,0.4396791,1
25373,train,0.49240598,0
25374,train,0.9089072,0
25375,train,0.59947985,0
25380,train,0.5354056,0
25381,train,0.7314161,1
25386,train,0.3907889,1
25387,train,0.14368612,1
25389,train,0.20459868,1
25392,train,0.55479836,0
25402,train,0.18146887,1
25404,train,0.65414125,1
25405,train,0.5885777,0
25409,train,0.42918545,1
25413,train,0.55496186,1
25415,train,0.50916183,0
25416,train,0.3690228,1
25417,train,0.54795706,1
25420,train,0.129174,1
25423,train,0.1884454,1
25426,train,0.5167429,0
25427,train,0.5484935,0
25429,train,0.34029326,1
25432,train,0.5133657,0
25433,train,0.4292372,1
25434,train,0.7148638,1
25440,train,0.7170184,0
25442,train,0.39132512,1
25443,train,0.32924864,0
25447,train,0.6008316,1
25448,train,0.3566033,1
25450,train,0.5294757,1
25452,train,0.38400075,1
25453,train,0.35626778,1
25457,train,0.97303885,0
25459,train,0.6267117,0
25461,train,0.50124496,1
25462,train,0.38747412,1
25464,train,0.5657683,1
25466,train,0.19770288,1
25470,train,0.6300574,1
25472,train,0.64498943,0
25473,train,0.23872317,1
25474,train,0.72145355,0
25482,train,0.18569542,1
25483,train,0.19836545,1
25484,train,0.5146633,1
25485,train,0.38594386,1
25486,train,0.6318315,0
25488,train,0.3299661,0
25490,train,0.624987,1
25492,train,0.2060752,1
25495,train,0.5263125,0
25499,train,0.77546257,0
25501,train,0.6061429,1
25503,train,0.54682004,1
25504,train,0.47897935,0
25505,train,0.7293756,1
25507,train,0.604736,1
25508,train,0.61387223,0
25509,train,0.96146387,0
25512,train,0.29055664,1
25516,train,0.7882235,0
25517,train,0.6571292,1
25522,train,0.7967665,0
25523,train,0.658934,0
25526,train,0.7286404,0
25527,train,0.5535517,0
25529,train,0.8374523,0
25530,train,0.32586452,1
25536,train,0.7247582,1
25543,train,0.7211867,0
25544,train,0.5867024,1
25545,train,0.21681413,1
25548,train,0.26578382,1
25551,train,0.62488145,1
25554,train,0.40207744,1
25559,train,0.42796925,1
25560,train,0.6551826,1
25562,train,0.19962734,1
25565,train,0.27175674,1
25569,train,0.38500085,1
25573,train,0.61884123,0
25575,train,0.6161551,1
25576,train,0.20626016,1
25578,train,0.5312393,1
25581,train,0.24419528,1
25585,train,0.54111516,0
25588,train,0.5050779,1
25596,train,0.39293578,1
25597,train,0.5339288,0
25601,train,0.90011543,0
25602,train,0.5551938,1
25603,train,0.39022303,1
25604,train,0.6154874,1
25605,train,0.36143753,0
25606,train,0.22710052,1
25607,train,0.6284169,1
25609,train,0.47176155,1
25611,train,0.40011746,0
25614,train,0.6994497,1
25615,train,0.5808769,1
25616,train,0.4574168,1
25617,train,0.23015966,1
25618,train,0.65723705,1
25622,train,0.6427027,1
25628,train,0.91813326,0
25634,train,0.3691083,1
25639,train,0.6366831,1
25641,train,0.39590937,1
25645,train,0.53469056,0
25646,train,0.6848424,1
25651,train,0.79885876,0
25653,train,0.110519476,1
25654,train,0.62925786,0
25657,train,0.56754994,1
25659,train,0.78431183,1
25660,train,0.7013597,0
25661,train,0.5243785,1
25665,train,0.60553604,0
25667,train,0.16147505,1
25669,train,0.43464142,1
25671,train,0.6630054,0
25673,train,0.92331177,0
25674,train,0.5236381,0
25675,train,0.41916275,1
25679,train,0.44200012,1
25680,train,0.3495472,1
25681,train,0.44721654,1
25682,train,0.30071977,1
25683,train,0.53508663,1
25686,train,0.18775943,1
25687,train,0.5286519,1
25688,train,0.6798067,1
25690,train,0.59762424,0
25691,train,0.43610492,0
25692,train,0.4403277,1
25693,train,0.5768224,0
25697,train,0.16699483,1
25698,train,0.7214343,0
25699,train,0.5309737,1
25702,train,0.27012828,1
25704,train,0.6372511,1
25705,train,0.18775883,1
25707,train,0.68288064,1
25713,train,0.7413022,0
25714,train,0.63697296,0
25717,train,0.44566536,1
25718,train,0.50895864,1
25719,train,0.42911118,1
25721,train,0.68344074,0
25724,train,0.47745004,0
25725,train,0.37730348,0
25726,train,0.31210008,1
25731,train,0.49924102,1
25732,train,0.53921705,1
25734,train,0.36795148,1
25737,train,0.106440164,1
25742,train,0.9313075,0
25745,train,0.5384375,1
25750,train,0.41653123,1
25751,train,0.62220883,0
25756,train,0.5745054,1
25758,train,0.50758314,1
25763,train,0.31351927,1
25766,train,0.4839388,1
25769,train,0.64428765,0
25773,train,0.23581564,1
25775,train,0.14321303,1
25776,train,0.39554197,1
25777,train,0.42749152,1
25778,train,0.5133681,1
25780,train,0.39381206,1
25781,train,0.40606874,1
25782,train,0.57268447,1
25784,train,0.6067509,0
25787,train,0.7563794,0
25801,train,0.23907363,1
25803,train,0.35586208,1
25805,train,0.60283124,0
25809,train,0.22777726,1
25812,train,0.27494565,1
25813,train,0.51047915,1
25819,train,0.4293956,1
25820,train,0.239866,1
25821,train,0.49958524,1
25825,train,0.25337237,1
25827,train,0.32775304,1
25828,train,0.7974905,1
25829,train,0.61658275,1
25831,train,0.24158905,1
25832,train,0.82648325,0
25833,train,0.51957184,0
25834,train,0.4344699,1
25835,train,0.5450561,1
25842,train,0.57667804,0
25844,train,0.5765459,1
25845,train,0.57237846,1
25846,train,0.67241025,1
25847,train,0.7112409,0
25849,train,0.8824366,0
25850,train,0.44289055,1
25855,train,0.64336544,0
25858,train,0.17773546,1
25859,train,0.59715134,0
25861,train,0.1397702,1
25862,train,0.749514,0
25864,train,0.27762473,1
25865,train,0.46784592,1
25872,train,0.29356122,1
25873,train,0.5978505,0
25874,train,0.18928328,1
25876,train,0.41778257,0
25878,train,0.5772871,0
25883,train,0.90682715,0
25884,train,0.60418284,1
25886,train,0.38105533,1
25892,train,0.10792451,1
25893,train,0.43188062,1
25898,train,0.64283466,0
25899,train,0.9426562,0
25901,train,0.4742118,1
25902,train,0.8561059,1
25907,train,0.718669,0
25908,train,0.6290119,0
25913,train,0.43554607,1
25914,train,0.525798,1
25915,train,0.5170845,1
25917,train,0.6505279,1
25920,train,0.6823764,0
25926,train,0.527481,0
25929,train,0.3503852,1
25932,train,0.35317242,1
25933,train,0.48955223,1
25934,train,0.52620006,0
25935,train,0.6534113,1
25937,train,0.2528093,1
25938,train,0.23481983,1
25939,train,0.7441681,0
25940,train,0.5127646,0
25942,train,0.15826574,1
25943,train,0.5117972,1
25946,train,0.6555949,1
25949,train,0.78317195,0
25955,train,0.92720777,0
25960,train,0.9697789,0
25961,train,0.8088668,0
25966,train,0.2989359,1
25968,train,0.33102655,0
25975,train,0.6795702,1
25976,train,0.36143705,1
25980,train,0.3498391,1
25981,train,0.525237,0
25983,train,0.35486862,1
25984,train,0.3279761,1
25985,train,0.4976803,1
25991,train,0.6647127,1
25993,train,0.36673668,1
26000,train,0.52854204,1
26004,train,0.7120076,1
26005,train,0.603862,1
26006,train,0.4083552,1
26008,train,0.5400278,0
26011,train,0.629882,0
26017,train,0.376973,1
26018,train,0.4966604,1
26024,train,0.51763284,0
26025,train,0.7433408,0
26026,train,0.7033408,0
26027,train,0.5832476,0
26028,train,0.71618354,1
26032,train,0.38171288,0
26034,train,0.14887768,1
26035,train,0.36430293,1
26036,train,0.6779771,0
26042,train,0.53117853,1
26043,train,0.33294672,1
26048,train,0.41133657,1
26049,train,0.7296977,0
26052,train,0.53468853,0
26053,train,0.4500221,1
26056,train,0.70983744,0
26068,train,0.49289244,0
26069,train,0.1977486,1
26072,train,0.34167284,1
26073,train,0.803419,0
26076,train,0.60665506,1
26086,train,0.61483973,0
26087,train,0.897664,0
26088,train,0.5746504,0
26090,train,0.48996565,1
26094,train,0.17644693,1
26095,train,0.3058839,1
26096,train,0.50974435,0
26097,train,0.89327043,0
26098,train,0.8083048,0
26099,train,0.5019892,1
26101,train,0.21644892,1
26106,train,0.62960845,0
26108,train,0.7748395,0
26111,train,0.7878521,1
26114,train,0.17342706,1
26116,train,0.52657783,1
26119,train,0.6676756,1
26124,train,0.50366986,1
26125,train,0.42477095,1
26128,train,0.5742811,1
26140,train,0.7674243,0
26144,train,0.7454669,1
26145,train,0.8175347,0
26146,train,0.73912096,0
26148,train,0.3701702,1
26152,train,0.8137994,1
26155,train,0.4259384,1
26158,train,0.7108323,0
26164,train,0.6467508,1
26168,train,0.57375866,1
26169,train,0.5344355,1
26170,train,0.424519,1
26173,train,0.35858393,1
26175,train,0.4512467,0
26176,train,0.55084205,1
26177,train,0.67647856,0
26182,train,0.30315873,1
26183,train,0.7750766,0
26191,train,0.4864584,1
26195,train,0.17008035,1
26196,train,0.5804493,0
26200,train,0.41625553,1
26202,train,0.82232803,1
26203,train,0.2796093,1
26207,train,0.30224568,1
26209,train,0.76459855,0
26210,train,0.95867145,0
26212,train,0.42783055,0
26215,train,0.5487666,0
26218,train,0.59055173,1
26221,train,0.28625253,1
26222,train,0.68169713,0
26223,train,0.43657082,0
26224,train,0.8430329,0
26225,train,0.09863914,1
26227,train,0.46222165,0
26228,train,0.7891032,0
26230,train,0.5763442,1
26234,train,0.7698649,0
26236,train,0.5869936,0
26238,train,0.75361216,0
26239,train,0.5144262,0
26240,train,0.2616219,1
26243,train,0.8840767,0
26245,train,0.70738405,0
26247,train,0.7736231,0
26249,train,0.84452844,0
26250,train,0.93572706,0
26251,train,0.268054,1
26254,train,0.6106973,1
26255,train,0.9454874,0
26256,train,0.29765514,1
26260,train,0.7071254,0
26261,train,0.27080923,1
26264,train,0.5970755,1
26265,train,0.91737115,0
26266,train,0.7682175,0
26268,train,0.23591468,1
26269,train,0.9763624,0
26273,train,0.4639121,1
26275,train,0.51630175,0
26276,train,0.42370582,1
26278,train,0.6620569,1
26279,train,0.55510587,0
26281,train,0.94719607,0
26282,train,0.52415174,0
26283,train,0.8127047,0
26286,train,0.7796103,0
26287,train,0.46734434,0
26290,train,0.84966826,0
26292,train,0.7868659,0
26293,train,0.72185004,0
26295,train,0.58309877,0
26297,train,0.92797303,0
26298,train,0.4853598,0
26302,train,0.72050816,0
26304,train,0.28471994,1
26305,train,0.28871962,1
26307,train,0.55136025,1
26308,train,0.5549141,1
26309,train,0.94786155,0
26313,train,0.817769,0
26315,train,0.3766756,1
26318,train,0.84605837,0
26321,train,0.8553499,0
26322,train,0.887251,0
26325,train,0.44816005,1
26327,train,0.48457634,0
26328,train,0.5716912,1
26329,train,0.9081765,0
26331,train,0.47669616,0
26332,train,0.81060946,0
26334,train,0.52567357,0
26336,train,0.8878336,1
26339,train,0.527939,1
26344,train,0.488434,0
26346,train,0.9191039,0
26349,train,0.4666916,1
26350,train,0.35364002,1
26351,train,0.93432665,0
26354,train,0.67623544,0
26356,train,0.8372414,0
26357,train,0.82986933,0
26358,train,0.87523067,1
26361,train,0.7943609,0
26362,train,0.81229055,0
26364,train,0.64254797,0
26365,train,0.8115144,0
26366,train,0.8241465,0
26367,train,0.75835395,0
26368,train,0.8591691,0
26369,train,0.49831286,1
26371,train,0.81358975,0
26372,train,0.5553109,1
26376,train,0.91432935,0
26377,train,0.7896352,1
26381,train,0.86640996,0
26382,train,0.8827772,0
26384,train,0.539774,1
26385,train,0.886623,0
26386,train,0.36393487,1
26387,train,0.830401,0
26388,train,0.5829698,0
26389,train,0.7679678,0
26390,train,0.8025957,0
26393,train,0.6000318,1
26400,train,0.45893252,1
26401,train,0.79215515,0
26402,train,0.51461613,0
26404,train,0.51055545,0
26405,train,0.794985,0
26408,train,0.90981394,0
26410,train,0.76830703,0
26412,train,0.33690327,1
26414,train,0.26495057,1
26415,train,0.66046387,1
26416,train,0.43898505,1
26420,train,0.50882894,1
26421,train,0.8402526,0
26422,train,0.42083713,1
26425,train,0.5473175,1
26427,train,0.90551287,1
26428,train,0.4416664,1
26433,train,0.1450604,1
26435,train,0.86617607,0
26437,train,0.64370066,0
26438,train,0.2568249,1
26439,train,0.9200087,0
26440,train,0.33381286,1
26441,train,0.66079056,0
26443,train,0.28621045,1
26447,train,0.5606625,0
26449,train,0.7234839,1
26450,train,0.6373582,1
26452,train,0.21171519,1
26455,train,0.45007464,1
26456,train,0.46673292,0
26458,train,0.79642725,1
26459,train,0.79861873,1
26463,train,0.47190347,0
26465,train,0.5778028,0
26470,train,0.6950797,0
26473,train,0.46276233,1
26474,train,0.65618867,1
26481,train,0.48944712,0
26484,train,0.6472223,1
26485,train,0.77616066,0
26487,train,0.62335116,1
26490,train,0.46847877,1
26491,train,0.4378306,1
26496,train,0.20135826,1
26499,train,0.5350969,0
26501,train,0.5367135,1
26505,train,0.507345,1
26510,train,0.54095525,0
26511,train,0.3090839,1
26513,train,0.5353287,1
26514,train,0.40586564,0
26518,train,0.27536905,1
26521,train,0.53977984,1
26522,train,0.23016848,1
26525,train,0.4740102,0
26526,train,0.35448945,1
26535,train,0.3410509,1
26537,train,0.46459714,1
26539,train,0.58634114,1
26541,train,0.45945713,1
26542,train,0.50194025,0
26543,train,0.7569723,0
26545,train,0.7722175,1
26549,train,0.31875458,1
26550,train,0.3170088,1
26552,train,0.54317415,1
26555,train,0.2949913,1
26556,train,0.4938791,1
26558,train,0.33873725,1
26560,train,0.3283753,1
26563,train,0.26133814,1
26566,train,0.3005521,1
26567,train,0.48273194,0
26568,train,0.77980256,0
26572,train,0.20889966,1
26573,train,0.41026613,1
26574,train,0.17901157,1
26575,train,0.8167586,0
26577,train,0.60169536,0
26581,train,0.5999066,0
26586,train,0.25174645,1
26587,train,0.5249582,1
26592,train,0.24096055,1
26595,train,0.91362196,0
26598,train,0.6752101,0
26599,train,0.31854394,1
26600,train,0.1408991,1
26602,train,0.23741338,1
26603,train,0.10504362,1
26604,train,0.32965118,1
26606,train,0.45623335,0
26608,train,0.68085265,1
26609,train,0.1476088,1
26610,train,0.17745803,1
26611,train,0.31417552,1
26612,train,0.72918034,0
26613,train,0.5179588,1
26616,train,0.5228823,1
26617,train,0.580147,1
26619,train,0.24385472,1
26620,train,0.21281597,1
26623,train,0.5656599,0
26624,train,0.3658735,1
26625,train,0.31876042,1
26627,train,0.2754707,1
26630,train,0.2342793,1
26633,train,0.4899646,1
26634,train,0.4598341,1
26637,train,0.14108855,1
26640,train,0.51807344,0
26644,train,0.59741306,0
26645,train,0.6205175,0
26649,train,0.8094448,0
26650,train,0.5248788,1
26651,train,0.4346959,0
26653,train,0.21005656,1
26655,train,0.63384557,0
26660,train,0.7726765,0
26661,train,0.95605266,0
26662,train,0.43505898,1
26664,train,0.9532173,0
26668,train,0.15079045,1
26669,train,0.5735058,0
26670,train,0.64702624,0
26671,train,0.41255257,0
26672,train,0.25329244,1
26678,train,0.17908102,1
26680,train,0.6229253,0
26681,train,0.5975593,0
26682,train,0.61930037,0
26683,train,0.6278122,0
26685,train,0.3940545,1
26690,train,0.2315014,1
26691,train,0.36035627,1
26693,train,0.31187317,1
26695,train,0.7052885,0
26696,train,0.17878252,1
26703,train,0.26228258,1
26704,train,0.23434776,1
26705,train,0.7210017,0
26709,train,0.20686604,0
26717,train,0.23835035,1
26719,train,0.36811993,0
26720,train,0.5884332,0
26723,train,0.7896283,0
26727,train,0.2086662,1
26728,train,0.5917437,0
26729,train,0.9394302,0
26730,train,0.23532987,1
26732,train,0.6747895,0
26734,train,0.49755248,0
26735,train,0.7399693,0
26737,train,0.68607277,0
26741,train,0.8074655,0
26742,train,0.17912276,1
26743,train,0.1934458,1
26745,train,0.43573293,0
26746,train,0.20224339,1
26748,train,0.56186223,0
26751,train,0.62129694,0
26752,train,0.4949053,1
26753,train,0.9789019,0
26757,train,0.6380557,1
26759,train,0.7150989,0
26760,train,0.5216382,0
26761,train,0.47917217,1
26763,train,0.57442904,1
26764,train,0.9669658,1
26765,train,0.28614417,1
26766,train,0.5050395,0
26768,train,0.3564802,1
26769,train,0.64910835,1
26771,train,0.28858212,1
26772,train,0.3993173,1
26777,train,0.214636,1
26778,train,0.32589662,0
26779,train,0.48752427,0
26780,train,0.37577993,1
26787,train,0.38251108,1
26791,train,0.46715668,1
26793,train,0.56550103,1
26794,train,0.684728,1
26795,train,0.5487686,0
26796,train,0.5179312,1
26800,train,0.4491156,0
26801,train,0.43309158,1
26804,train,0.60455453,0
26809,train,0.4619671,0
26810,train,0.78131086,0
26812,train,0.4806595,1
26814,train,0.25983834,1
26817,train,0.58510506,0
26819,train,0.51341325,0
26820,train,0.37250683,1
26824,train,0.6071522,0
26825,train,0.5680335,1
26826,train,0.3347703,1
26827,train,0.77196586,0
26829,train,0.75711465,1
26831,train,0.6657961,0
26832,train,0.52582866,1
26833,train,0.3293947,0
26835,train,0.57744104,1
26837,train,0.61026436,0
26838,train,0.7105005,1
26839,train,0.76770765,0
26840,train,0.20387691,1
26841,train,0.71677655,0
26843,train,0.40776348,1
26846,train,0.8698088,0
26849,train,0.56148684,1
26851,train,0.7654043,1
26852,train,0.34325337,1
26853,train,0.5855513,0
26855,train,0.85002244,1
26856,train,0.3804913,1
26860,train,0.5662341,0
26862,train,0.42427465,1
26864,train,0.8852732,0
26869,train,0.29049337,1
26873,train,0.8848575,0
26877,train,0.37238798,1
26878,train,0.22000031,1
26880,train,0.93014556,0
26884,train,0.5340632,0
26890,train,0.52182704,1
26893,train,0.49691084,0
26901,train,0.2647877,0
26905,train,0.53116655,1
26911,train,0.72608703,1
26913,train,0.61815435,1
26914,train,0.369205,1
26915,train,0.29425436,1
26917,train,0.48140422,0
26918,train,0.9453577,0
26922,train,0.50811785,0
26927,train,0.523941,0
26928,train,0.60702443,1
26929,train,0.33226407,1
26930,train,0.5438475,1
26933,train,0.9183209,0
26937,train,0.5989738,0
26939,train,0.29389033,1
26940,train,0.22739136,1
26942,train,0.7227035,0
26945,train,0.43615735,0
26947,train,0.4933696,1
26948,train,0.4954739,1
26950,train,0.24497229,1
26958,train,0.6297284,1
26960,train,0.50242186,1
26962,train,0.9293731,0
26965,train,0.34426177,1
26969,train,0.56341356,1
26971,train,0.95551616,0
26973,train,0.29773042,1
26974,train,0.90965223,0
26975,train,0.6996646,0
26976,train,0.9166406,0
26977,train,0.21319559,1
26978,train,0.51590216,0
26979,train,0.7239146,0
26980,train,0.54243404,1
26981,train,0.5205642,1
26982,train,0.30510485,1
26987,train,0.422461,0
26988,train,0.46164143,1
26989,train,0.3473479,1
26990,train,0.20785543,1
26992,train,0.6181324,0
26994,train,0.40430543,1
26995,train,0.54017776,1
26996,train,0.53861153,1
26997,train,0.46194974,1
26998,train,0.60331637,0
26999,train,0.9833296,0
27002,train,0.5590357,1
27003,train,0.5320251,0
27005,train,0.6362012,0
27007,train,0.531942,1
27010,train,0.43661875,0
27013,train,0.28897825,1
27015,train,0.5267475,1
27016,train,0.42710447,1
27018,train,0.27204853,1
27021,train,0.5582194,0
27023,train,0.51598924,1
27024,train,0.5491526,0
27025,train,0.51142347,0
27026,train,0.4077171,0
27027,train,0.58504033,0
27028,train,0.592639,0
27029,train,0.7574781,1
27030,train,0.6066928,1
27031,train,0.53036135,0
27032,train,0.40252492,1
27036,train,0.39908528,1
27037,train,0.58470535,1
27039,train,0.33497238,1
27043,train,0.5200703,0
27044,train,0.41008627,0
27045,train,0.4367744,0
27046,train,0.37427405,0
27047,train,0.72876143,1
27048,train,0.5809769,1
27049,train,0.6609319,0
27056,train,0.7273195,0
27057,train,0.4651042,0
27059,train,0.55787706,0
27061,train,0.52518326,1
27063,train,0.6586512,0
27066,train,0.31586766,1
27067,train,0.6098481,0
27070,train,0.5018369,1
27072,train,0.5906901,0
27076,train,0.4433291,1
27079,train,0.1611384,1
27080,train,0.23127641,1
27082,train,0.4935469,1
27085,train,0.19565424,0
27088,train,0.887641,0
27090,train,0.53240216,0
27091,train,0.52706456,1
27094,train,0.42919326,1
27095,train,0.898306,0
27096,train,0.36018857,0
27097,train,0.47807088,1
27098,train,0.5052657,0
27101,train,0.33348954,1
27102,train,0.45373198,1
27104,train,0.45174837,0
27108,train,0.69096273,1
27109,train,0.72665066,0
27110,train,0.4787316,1
27112,train,0.40810284,0
27114,train,0.4705591,0
27118,train,0.3878565,1
27122,train,0.5173631,0
27125,train,0.5807429,1
27127,train,0.9594312,0
27131,train,0.7739138,1
27132,train,0.49411243,0
27133,train,0.20913829,1
27134,train,0.7874393,0
27135,train,0.44803187,1
27137,train,0.52759403,1
27139,train,0.24747625,1
27141,train,0.60210526,0
27142,train,0.2860167,1
27145,train,0.5482847,1
27147,train,0.5049089,0
27148,train,0.52589685,1
27152,train,0.62755615,1
27154,train,0.44302028,1
27156,train,0.6117009,0
27158,train,0.18693916,1
27159,train,0.7737585,1
27161,train,0.3204971,1
27162,train,0.6517177,0
27164,train,0.55425924,0
27170,train,0.8036311,0
27171,train,0.426495,1
27175,train,0.35363218,1
27176,train,0.5781769,1
27178,train,0.49881944,1
27179,train,0.23092374,1
27180,train,0.78767145,0
27181,train,0.22688273,1
27182,train,0.32526,1
27184,train,0.5553609,1
27185,train,0.5637432,0
27187,train,0.23386073,1
27189,train,0.640904,0
27190,train,0.1600066,1
27191,train,0.5802983,0
27193,train,0.57715034,1
27196,train,0.21544304,1
27199,train,0.4365766,1
27200,train,0.19064666,1
27202,train,0.82928544,0
27203,train,0.52382636,1
27204,train,0.9249934,0
27214,train,0.37158066,0
27216,train,0.18452215,1
27217,train,0.5398122,0
27218,train,0.89211106,0
27219,train,0.21085341,1
27230,train,0.49826485,1
27232,train,0.8219429,0
27233,train,0.4220852,0
27235,train,0.6492398,0
27241,train,0.8832395,0
27244,train,0.43667853,1
27246,train,0.13680848,1
27248,train,0.5269118,0
27249,train,0.29089558,1
27252,train,0.6525018,0
27253,train,0.7232221,0
27254,train,0.61054105,0
27257,train,0.7247587,0
27261,train,0.57138306,1
27263,train,0.6164393,1
27267,train,0.6818317,0
27268,train,0.593965,0
27270,train,0.2890491,1
27274,train,0.6634539,0
27275,train,0.93592453,0
27278,train,0.16468091,1
27279,train,0.53542095,1
27286,train,0.45849034,0
27291,train,0.60332894,0
27292,train,0.5807958,0
27294,train,0.62202436,1
27297,train,0.49818027,0
27298,train,0.4885959,0
27301,train,0.92400736,0
27303,train,0.3578513,0
27305,train,0.19159819,1
27306,train,0.32360977,0
27311,train,0.2671408,1
27316,train,0.5739108,0
27317,train,0.6339779,0
27320,train,0.5641208,1
27322,train,0.50524145,0
27323,train,0.74445724,0
27325,train,0.5923874,0
27327,train,0.47663623,1
27330,train,0.5965295,0
27331,train,0.9157613,0
27334,train,0.55024683,0
27335,train,0.34600294,1
27336,train,0.2642867,0
27338,train,0.6485458,0
27339,train,0.92600846,0
27340,train,0.42262772,1
27341,train,0.63534653,0
27342,train,0.4507809,0
27343,train,0.73428905,1
27345,train,0.93390703,0
27346,train,0.45320478,1
27347,train,0.45753053,1
27351,train,0.7235499,0
27352,train,0.30547065,0
27353,train,0.47929028,1
27354,train,0.57815766,0
27358,train,0.38844797,1
27360,train,0.3918351,1
27361,train,0.22981687,0
27365,train,0.24035078,1
27369,train,0.50464976,0
27374,train,0.44511425,0
27378,train,0.61699486,1
27379,train,0.30306786,1
27380,train,0.7033113,0
27386,train,0.4946893,1
27387,train,0.6617626,0
27392,train,0.48222366,1
27394,train,0.751743,0
27396,train,0.5809303,1
27398,train,0.71252656,0
27399,train,0.76054454,0
27401,train,0.47569838,1
27406,train,0.59855795,0
27408,train,0.4833669,1
27412,train,0.5223775,1
27414,train,0.5588527,1
27416,train,0.43528432,1
27418,train,0.73138124,0
27420,train,0.6385204,0
27423,train,0.3555599,0
27426,train,0.46947056,1
27428,train,0.5261041,0
27432,train,0.5700255,0
27433,train,0.6913546,1
27434,train,0.73268205,1
27435,train,0.36347106,0
27436,train,0.522066,1
27439,train,0.25857416,1
27440,train,0.2014639,1
27441,train,0.3921803,0
27443,train,0.604642,0
27445,train,0.7087676,1
27451,train,0.58568424,1
27453,train,0.7036554,0
27455,train,0.4178713,0
27456,train,0.7505973,0
27460,train,0.5021151,0
27462,train,0.76756126,0
27467,train,0.72377855,0
27472,train,0.11127616,1
27474,train,0.7223849,0
27477,train,0.5154236,0
27481,train,0.26468387,1
27482,train,0.37494546,1
27484,train,0.58569264,0
27487,train,0.2270853,1
27488,train,0.53729683,1
27490,train,0.56155473,0
27494,train,0.54462427,1
27496,train,0.51120305,1
27497,train,0.18083784,1
27502,train,0.7413549,0
27503,train,0.40699056,0
27504,train,0.6955314,0
27505,train,0.47626692,1
27506,train,0.43086794,1
27508,train,0.32805786,1
27509,train,0.61059314,1
27511,train,0.20331728,1
27514,train,0.12448453,1
27515,train,0.7056288,0
27517,train,0.7217646,0
27519,train,0.7298385,1
27523,train,0.4677327,1
27524,train,0.15960118,1
27528,train,0.6303561,0
27535,train,0.28923133,1
27538,train,0.3688456,1
27539,train,0.42811933,1
27542,train,0.6263355,1
27543,train,0.52846724,0
27544,train,0.66173387,0
27546,train,0.290433,1
27547,train,0.88226634,0
27554,train,0.35029873,1
27558,train,0.2822637,1
27561,train,0.5937959,0
27562,train,0.3374039,1
27563,train,0.18374084,1
27573,train,0.36287805,0
27574,train,0.130413,1
27579,train,0.6415135,0
27582,train,0.9489442,0
27585,train,0.21280496,1
27586,train,0.42974243,1
27589,train,0.5242066,1
27590,train,0.20106794,1
27591,train,0.7226837,1
27593,train,0.4130372,1
27595,train,0.5483729,0
27596,train,0.5330307,0
27597,train,0.4886972,1
27599,train,0.42339295,0
27600,train,0.61432093,0
27603,train,0.31033653,1
27606,train,0.49693877,0
27608,train,0.32111233,1
27610,train,0.54642713,0
27613,train,0.5905763,0
27616,train,0.47696027,1
27617,train,0.5031554,1
27619,train,0.80861145,0
27622,train,0.30799186,1
27624,train,0.20950277,1
27625,train,0.6450398,0
27632,train,0.50340414,1
27634,train,0.2335664,1
27636,train,0.3982647,0
27637,train,0.4317054,1
27638,train,0.40332595,1
27639,train,0.73933196,1
27640,train,0.6734068,1
27644,train,0.8331227,0
27645,train,0.3233178,1
27648,train,0.9401986,0
27649,train,0.39387098,1
27650,train,0.31966686,1
27653,train,0.41864225,1
27655,train,0.25585577,1
27656,train,0.58237624,1
27657,train,0.44795355,0
27660,train,0.7253287,1
27661,train,0.060645763,1
27662,train,0.74342155,0
27669,train,0.9290175,0
27673,train,0.52740824,1
27674,train,0.6894911,0
27676,train,0.6784366,0
27677,train,0.3965291,1
27685,train,0.41144451,1
27686,train,0.74028546,0
27687,train,0.56188995,1
27691,train,0.5410687,1
27692,train,0.8507155,0
27693,train,0.26967782,1
27696,train,0.71369207,0
27699,train,0.57449293,0
27703,train,0.15702608,1
27704,train,0.9544547,0
27705,train,0.34437424,1
27709,train,0.56150466,1
27715,train,0.15390697,1
27716,train,0.5163413,1
27717,train,0.5006003,1
27718,train,0.91968817,0
27720,train,0.40437028,1
27722,train,0.5277967,0
27726,train,0.3732444,1
27731,train,0.67729425,0
27732,train,0.6874559,1
27734,train,0.4777207,0
27735,train,0.6422039,1
27736,train,0.3558387,1
27737,train,0.5820028,0
27738,train,0.41216847,1
27745,train,0.72567785,1
27747,train,0.4857796,1
27749,train,0.16737607,1
27750,train,0.6943059,1
27753,train,0.5332546,0
27760,train,0.758102,1
27764,train,0.6159591,0
27766,train,0.548149,0
27767,train,0.54251117,0
27773,train,0.7080341,1
27783,train,0.47631598,1
27785,train,0.7821181,0
27790,train,0.30522433,1
27792,train,0.63886243,1
27793,train,0.61544466,1
27794,train,0.42544618,1
27796,train,0.6915735,0
27797,train,0.84321654,0
27801,train,0.5226505,0
27804,train,0.30166334,0
27807,train,0.49669197,0
27812,train,0.50482386,0
27814,train,0.5153617,1
27815,train,0.7160699,1
27816,train,0.16132632,1
27818,train,0.17010266,1
27822,train,0.38751107,1
27823,train,0.42916474,1
27824,train,0.816029,1
27826,train,0.5124942,1
27827,train,0.6265263,0
27829,train,0.7353739,0
27830,train,0.35506383,1
27831,train,0.6182903,0
27832,train,0.747668,0
27834,train,0.61392343,1
27835,train,0.20201667,1
27837,train,0.51410896,0
27839,train,0.6340863,1
27840,train,0.11442529,1
27841,train,0.41984835,1
27843,train,0.62982404,1
27845,train,0.18780354,1
27849,train,0.6343746,1
27850,train,0.5597597,0
27851,train,0.66003335,0
27853,train,0.6034386,1
27856,train,0.6229722,0
27857,train,0.220272,1
27858,train,0.31407595,1
27860,train,0.71100575,1
27863,train,0.20942773,1
27865,train,0.24814864,1
27867,train,0.38169277,1
27870,train,0.8547841,0
27871,train,0.37922397,1
27873,train,0.7053883,1
27874,train,0.788254,1
27876,train,0.4484886,0
27877,train,0.61795235,1
27879,train,0.7652703,1
27882,train,0.30065787,1
27886,train,0.19112185,1
27888,train,0.26771015,1
27889,train,0.4946873,0
27894,train,0.66929406,0
27896,train,0.45981473,1
27897,train,0.85449934,1
27901,train,0.8625362,0
27907,train,0.5790295,0
27910,train,0.26095283,1
27916,train,0.41394645,1
27917,train,0.14584099,1
27918,train,0.7007246,0
27920,train,0.6970462,0
27922,train,0.5839079,1
27924,train,0.20357002,0
27928,train,0.36144382,0
27932,train,0.4997983,0
27934,train,0.3487897,1
27935,train,0.76562005,1
27937,train,0.3185357,0
27939,train,0.49156702,1
27941,train,0.6147127,0
27946,train,0.65388,1
27947,train,0.54759896,1
27950,train,0.3828535,1
27951,train,0.21332394,1
27952,train,0.22114393,1
27954,train,0.26217258,0
27955,train,0.30346715,0
27956,train,0.80634737,0
27958,train,0.6943759,0
27961,train,0.63112825,0
27967,train,0.53376985,0
27970,train,0.3616405,1
27973,train,0.22125238,1
27976,train,0.47413048,0
27978,train,0.31502202,1
27979,train,0.16204013,1
27980,train,0.24002936,1
27983,train,0.7300046,0
27985,train,0.16949567,1
27986,train,0.53748274,1
27988,train,0.30363494,1
27990,train,0.63166136,1
27993,train,0.25121927,1
27996,train,0.20089221,1
27997,train,0.7131883,0
27999,train,0.64230776,1
28001,train,0.25252628,1
28002,train,0.44543082,0
28003,train,0.8546118,0
28004,train,0.48429987,0
28005,train,0.49639332,1
28006,train,0.51018804,1
28007,train,0.15535574,1
28008,train,0.95592487,0
28010,train,0.7847068,0
28011,train,0.5185145,0
28012,train,0.66707826,0
28014,train,0.5418517,1
28018,train,0.35821623,1
28019,train,0.45190963,1
28021,train,0.6933129,1
28023,train,0.7039298,1
28027,train,0.738647,1
28032,train,0.449266,1
28033,train,0.3950064,1
28035,train,0.18353577,1
28036,train,0.24820691,1
28039,train,0.38031653,1
28040,train,0.47313455,1
28044,train,0.31379232,0
28049,train,0.6816981,0
28053,train,0.36024332,1
28054,train,0.66083074,0
28055,train,0.42583567,0
28058,train,0.37204662,1
28059,train,0.16276191,1
28060,train,0.29046825,1
28062,train,0.48611486,1
28063,train,0.5616605,0
28066,train,0.91841066,0
28071,train,0.40836737,1
28075,train,0.6725618,1
28076,train,0.1766981,1
28079,train,0.26096708,1
28080,train,0.70339894,0
28087,train,0.6867213,0
28090,train,0.69609684,0
28092,train,0.41221666,1
28093,train,0.5530475,0
28094,train,0.2508113,1
28095,train,0.5076966,0
28097,train,0.5324171,1
28098,train,0.4237887,1
28099,train,0.8470718,1
28100,train,0.39898005,1
28101,train,0.13910702,1
28103,train,0.774686,1
28107,train,0.31534046,1
28108,train,0.6300837,0
28110,train,0.14231345,0
28112,train,0.7151376,0
28113,train,0.6946962,0
28114,train,0.8589219,0
28117,train,0.53529066,1
28118,train,0.6810074,0
28120,train,0.55702597,1
28121,train,0.13728663,1
28122,train,0.84042525,0
28123,train,0.73868793,0
28126,train,0.5684751,1
28128,train,0.36716813,1
28129,train,0.49712574,1
28133,train,0.61352944,0
28134,train,0.36360705,1
28135,train,0.6562845,1
28136,train,0.1686007,1
28137,train,0.5768081,1
28140,train,0.72521067,1
28141,train,0.67367846,0
28142,train,0.72729254,1
28144,train,0.8654158,0
28145,train,0.48856348,1
28147,train,0.6592991,0
28149,train,0.273824,1
28150,train,0.9291144,0
28151,train,0.6186764,0
28153,train,0.788611,1
28154,train,0.7001901,0
28156,train,0.7936251,1
28159,train,0.27496693,1
28160,train,0.71206045,0
28162,train,0.5084278,0
28166,train,0.6053425,0
28168,train,0.21058193,1
28170,train,0.66934556,1
28172,train,0.25832897,1
28173,train,0.77680326,0
28175,train,0.4306691,1
28179,train,0.28840402,0
28180,train,0.2451951,0
28183,train,0.7430854,0
28184,train,0.25771016,1
28185,train,0.9106433,0
28187,train,0.33587384,1
28188,train,0.31732714,1
28189,train,0.7143031,1
28191,train,0.7919751,0
28193,train,0.55022246,1
28194,train,0.47139844,0
28195,train,0.536132,0
28197,train,0.68102753,0
28199,train,0.67247856,0
28200,train,0.33084625,1
28202,train,0.65883404,1
28205,train,0.50252146,0
28209,train,0.72792506,0
28211,train,0.12419049,1
28214,train,0.6828515,1
28215,train,0.21857195,1
28217,train,0.13062398,1
28219,train,0.4111853,1
28220,train,0.316398,1
28221,train,0.4998034,0
28222,train,0.70190483,0
28226,train,0.5268575,1
28228,train,0.30584186,1
28229,train,0.31685132,1
28233,train,0.8183441,0
28235,train,0.507436,1
28239,train,0.31907868,1
28240,train,0.6289678,0
28241,train,0.7975436,0
28242,train,0.75517464,0
28245,train,0.5333238,0
28247,train,0.3379115,1
28249,train,0.38794512,1
28250,train,0.4364017,0
28251,train,0.567113,1
28252,train,0.5643959,1
28255,train,0.5084722,1
28256,train,0.19336838,1
28257,train,0.6723844,0
28258,train,0.37231448,1
28259,train,0.35199106,1
28260,train,0.25524265,1
28262,train,0.6605308,0
28264,train,0.53548586,0
28265,train,0.7908952,1
28266,train,0.7262685,0
28267,train,0.4929222,1
28271,train,0.4971513,1
28272,train,0.3532553,1
28273,train,0.66037995,0
28274,train,0.22445017,1
28278,train,0.2061511,1
28279,train,0.33698872,1
28282,train,0.5885157,1
28283,train,0.49698374,1
28284,train,0.5416048,1
28286,train,0.62763757,1
28288,train,0.15454899,1
28290,train,0.5223431,0
28291,train,0.7124654,1
28292,train,0.5195173,1
28294,train,0.4999057,1
28295,train,0.44244444,0
28297,train,0.5271194,0
28299,train,0.12801336,1
28302,train,0.5651793,1
28306,train,0.60821885,1
28307,train,0.8034393,0
28309,train,0.39010027,1
28310,train,0.3899722,0
28311,train,0.74022907,1
28313,train,0.23201242,1
28316,train,0.52955055,1
28317,train,0.17721635,1
28319,train,0.27965483,1
28322,train,0.5252282,0
28323,train,0.24011625,0
28324,train,0.5705556,1
28326,train,0.18268512,1
28331,train,0.6155594,1
28332,train,0.6992532,1
28337,train,0.6202202,0
28338,train,0.7270971,0
28340,train,0.4876148,1
28342,train,0.8284765,1
28343,train,0.66347784,0
28349,train,0.26998696,1
28350,train,0.81242025,0
28356,train,0.45420334,1
28358,train,0.41304177,1
28359,train,0.6745439,0
28360,train,0.09174926,1
28362,train,0.3036591,1
28365,train,0.6539843,0
28366,train,0.101909764,1
28367,train,0.7022835,1
28369,train,0.49291962,1
28372,train,0.59072274,0
28373,train,0.53203964,0
28374,train,0.6822164,1
28375,train,0.6149582,1
28379,train,0.29328993,1
28380,train,0.14047338,1
28381,train,0.2492329,1
28382,train,0.8976947,0
28383,train,0.7174242,0
28384,train,0.17495437,1
28386,train,0.17385875,1
28391,train,0.58607274,0
28392,train,0.523005,1
28394,train,0.5649349,1
28395,train,0.23501241,1
28396,train,0.2539945,1
28397,train,0.66966957,0
28398,train,0.5983598,1
28400,train,0.76352686,0
28402,train,0.64803386,1
28403,train,0.51752853,1
28404,train,0.45564237,1
28405,train,0.2405678,1
28408,train,0.5490469,0
28413,train,0.24536276,1
28414,train,0.31138748,0
28415,train,0.6663709,1
28416,train,0.4589447,1
28419,train,0.7256682,0
28420,train,0.5263616,1
28423,train,0.5101248,1
28425,train,0.8597415,0
28426,train,0.8993905,0
28427,train,0.82170373,1
28429,train,0.5511775,0
28430,train,0.7761856,0
28431,train,0.37555343,1
28432,train,0.55890334,1
28433,train,0.19936489,1
28434,train,0.26615953,1
28438,train,0.8556334,0
28444,train,0.60568976,1
28449,train,0.6988121,0
28450,train,0.8237983,0
28452,train,0.38910854,1
28455,train,0.46109194,1
28458,train,0.78631395,0
28459,train,0.34919646,1
28461,train,0.61244315,0
28464,train,0.95506716,0
28466,train,0.36163932,1
28467,train,0.69040495,1
28468,train,0.6068209,0
28470,train,0.411971,1
28473,train,0.7660695,1
28474,train,0.95654774,0
28477,train,0.34757057,1
28482,train,0.6106536,1
28485,train,0.7172469,0
28487,train,0.30791205,1
28488,train,0.53088814,1
28492,train,0.4665397,0
28494,train,0.8121687,0
28496,train,0.41422588,1
28497,train,0.45190656,0
28502,train,0.24555145,1
28503,train,0.54901314,1
28504,train,0.8739837,1
28505,train,0.5900803,1
28507,train,0.37692377,1
28508,train,0.736741,1
28509,train,0.43034112,1
28513,train,0.4231513,1
28516,train,0.21827942,1
28518,train,0.17047817,1
28520,train,0.1281464,1
28521,train,0.5577183,0
28522,train,0.24239601,1
28525,train,0.667136,1
28527,train,0.32570395,1
28528,train,0.26859665,1
28533,train,0.54928917,1
28535,train,0.52518356,1
28536,train,0.21155591,1
28538,train,0.30093795,0
28540,train,0.37848845,1
28542,train,0.75932616,1
28543,train,0.76151544,1
28546,train,0.39264536,1
28547,train,0.55775106,1
28548,train,0.53413004,1
28550,train,0.8023961,0
28552,train,0.34573635,1
28553,train,0.25717163,1
28555,train,0.6984857,0
28557,train,0.5215773,0
28558,train,0.5544642,1
28563,train,0.95184326,0
28571,train,0.51116085,1
28572,train,0.6724556,0
28575,train,0.49657327,1
28577,train,0.65705526,0
28579,train,0.51612544,1
28580,train,0.33355266,1
28581,train,0.5182425,1
28583,train,0.59948826,1
28585,train,0.72927135,1
28586,train,0.5274763,0
28587,train,0.23766162,1
28592,train,0.15783125,1
28593,train,0.68512875,1
28594,train,0.7590959,0
28596,train,0.36033893,1
28597,train,0.29211318,1
28598,train,0.81608063,0
28599,train,0.5775068,0
28603,train,0.4356633,0
28604,train,0.43090045,1
28605,train,0.6700986,0
28607,train,0.61170894,0
28611,train,0.7774364,0
28613,train,0.26672038,1
28621,train,0.33526975,1
28622,train,0.67560875,0
28623,train,0.46313104,1
28624,train,0.60556555,0
28625,train,0.59377384,0
28626,train,0.6559602,0
28627,train,0.7485999,1
28629,train,0.99021786,0
28630,train,0.2756862,1
28632,train,0.26058832,1
28633,train,0.7784459,1
28635,train,0.7018034,1
28636,train,0.5442893,0
28638,train,0.41877592,1
28640,train,0.4775081,0
28641,train,0.9163101,0
28642,train,0.594457,1
28644,train,0.52472335,0
28649,train,0.25699604,1
28650,train,0.55767864,0
28651,train,0.67732674,0
28652,train,0.42557734,1
28655,train,0.8377386,0
28656,train,0.30618158,1
28657,train,0.33301818,1
28658,train,0.59880614,1
28660,train,0.33874995,0
28661,train,0.56928134,1
28663,train,0.49747476,1
28666,train,0.34209982,1
28667,train,0.67237365,1
28668,train,0.70272624,0
28670,train,0.5608783,1
28671,train,0.60026425,1
28675,train,0.49414748,1
28683,train,0.64284736,0
28688,train,0.7204842,1
28689,train,0.2916552,1
28693,train,0.63704884,0
28694,train,0.5232973,1
28696,train,0.30981508,1
28699,train,0.43143487,0
28700,train,0.3115603,1
28701,train,0.6841364,1
28703,train,0.14316197,1
28704,train,0.6846518,0
28706,train,0.17805235,1
28708,train,0.9279803,0
28709,train,0.24985155,0
28710,train,0.88860357,0
28716,train,0.37342706,1
28717,train,0.5774911,1
28719,train,0.69720113,1
28720,train,0.77194446,0
28721,train,0.75415146,0
28726,train,0.3888106,1
28728,train,0.23642604,1
28730,train,0.53837955,1
28735,train,0.4027036,1
28738,train,0.329727,1
28740,train,0.5918563,1
28741,train,0.63344854,0
28742,train,0.6566584,0
28743,train,0.528941,1
28744,train,0.7447657,0
28745,train,0.614255,1
28746,train,0.6922154,0
28748,train,0.63319814,1
28749,train,0.5318317,1
28753,train,0.47525913,0
28755,train,0.71554893,0
28756,train,0.49689978,0
28757,train,0.6609634,1
28758,train,0.580837,1
28759,train,0.5786128,1
28760,train,0.6530033,1
28761,train,0.7781813,0
28763,train,0.4595484,1
28765,train,0.92991346,0
28773,train,0.5837811,0
28776,train,0.69878536,1
28779,train,0.69081897,0
28784,train,0.6715902,0
28789,train,0.6712218,0
28790,train,0.23644353,1
28791,train,0.7123379,1
28798,train,0.23033096,1
28799,train,0.70987135,0
28802,train,0.39935222,1
28804,train,0.71835476,1
28806,train,0.60979223,0
28808,train,0.54199356,0
28809,train,0.7238055,1
28814,train,0.4224208,1
28816,train,0.31090757,0
28817,train,0.5277065,0
28818,train,0.63851064,1
28821,train,0.722076,0
28823,train,0.83042943,1
28826,train,0.79490244,1
28828,train,0.690134,1
28830,train,0.63306963,0
28832,train,0.48855394,0
28837,train,0.25713748,1
28839,train,0.68369764,0
28840,train,0.7320212,0
28844,train,0.63572043,0
28847,train,0.67092496,0
28848,train,0.77698284,1
28856,train,0.3610044,0
28858,train,0.84212005,0
28859,train,0.7863426,0
28860,train,0.501755,1
28863,train,0.5287624,1
28864,train,0.44449148,1
28865,train,0.51092786,0
28867,train,0.4603916,0
28869,train,0.64250326,1
28870,train,0.93454087,0
28872,train,0.6403214,1
28873,train,0.30664852,1
28874,train,0.24863057,1
28876,train,0.40514222,1
28877,train,0.73913246,0
28879,train,0.31097835,0
28881,train,0.39149645,1
28883,train,0.66670394,0
28884,train,0.5811678,0
28885,train,0.6717279,1
28886,train,0.5539336,1
28888,train,0.69670075,1
28890,train,0.28135788,1
28892,train,0.43063143,0
28900,train,0.39539063,1
28903,train,0.32894477,1
28908,train,0.7763275,1
28909,train,0.5938956,0
28910,train,0.5916002,0
28913,train,0.41986594,0
28914,train,0.32176447,1
28915,train,0.4084907,1
28917,train,0.5774765,1
28924,train,0.17815249,0
28927,train,0.63729656,1
28928,train,0.42469913,0
28931,train,0.3154116,1
28932,train,0.75437176,1
28935,train,0.5279941,0
28937,train,0.82890105,0
28938,train,0.28128904,1
28940,train,0.43485805,1
28943,train,0.5024768,0
28944,train,0.4221766,1
28952,train,0.45971105,0
28955,train,0.69520706,0
28957,train,0.511259,1
28960,train,0.84501445,1
28962,train,0.7268733,0
28965,train,0.42471275,1
28967,train,0.4945817,0
28968,train,0.64788353,0
28969,train,0.73024803,0
28970,train,0.4365935,1
28971,train,0.8881463,1
28972,train,0.7385706,0
28973,train,0.7676599,1
28974,train,0.6178788,1
28977,train,0.5060129,1
28985,train,0.7609705,0
28987,train,0.6648867,0
28992,train,0.5951659,1
28997,train,0.621279,1
28998,train,0.3217998,1
29003,train,0.4656565,0
29007,train,0.81266063,0
29011,train,0.8823989,0
29014,train,0.46592355,1
29017,train,0.29461113,1
29019,train,0.51496625,0
29024,train,0.21395227,1
29028,train,0.38583955,0
29029,train,0.6810195,0
29030,train,0.39511418,1
29033,train,0.4962371,0
29034,train,0.37547788,1
29035,train,0.53963196,0
29040,train,0.16720235,1
29042,train,0.47249755,0
29054,train,0.3131416,1
29059,train,0.59640497,1
29063,train,0.6344431,1
29065,train,0.19499622,1
29066,train,0.6135169,0
29071,train,0.51250845,0
29074,train,0.6137339,0
29076,train,0.5780934,1
29078,train,0.6754033,0
29079,train,0.5934457,1
29080,train,0.41245502,0
29085,train,0.6046077,0
29090,train,0.09560262,1
29094,train,0.9606027,0
29095,train,0.52628326,0
29098,train,0.7044979,0
29100,train,0.19401428,1
29101,train,0.45789158,0
29103,train,0.3999124,0
29106,train,0.62421983,1
29108,train,0.37511304,1
29111,train,0.56965035,0
29112,train,0.77411705,0
29114,train,0.72609895,1
29118,train,0.3666117,1
29128,train,0.63076013,1
29129,train,0.7022803,1
29131,train,0.31247914,1
29133,train,0.29716578,1
29136,train,0.6148989,0
29141,train,0.51528597,0
29142,train,0.55565363,1
29145,train,0.12782839,1
29146,train,0.5910679,1
29147,train,0.81057405,0
29149,train,0.5050297,1
29150,train,0.4453523,1
29151,train,0.13980012,1
29153,train,0.7359593,0
29155,train,0.7609892,0
29159,train,0.5087518,1
29161,train,0.48286015,0
29163,train,0.2809915,1
29165,train,0.60949314,0
29166,train,0.6054556,0
29168,train,0.5113885,0
29170,train,0.92361146,0
29171,train,0.6415133,0
29173,train,0.5820516,1
29174,train,0.5581261,0
29176,train,0.64638376,0
29177,train,0.4455218,1
29181,train,0.39640456,1
29183,train,0.41271886,1
29186,train,0.6539014,1
29191,train,0.61082023,1
29200,train,0.57115537,1
29201,train,0.51168406,1
29202,train,0.90518826,0
29204,train,0.65031606,1
29205,train,0.6419432,0
29207,train,0.7374818,1
29208,train,0.84456676,0
29210,train,0.3359088,0
29211,train,0.3512952,1
29213,train,0.7740992,0
29214,train,0.7113683,1
29218,train,0.4944785,1
29219,train,0.5517317,1
29223,train,0.535116,1
29227,train,0.24074176,1
29229,train,0.5952352,0
29230,train,0.725816,0
29231,train,0.5280655,0
29233,train,0.7593325,0
29235,train,0.379652,1
29237,train,0.8359461,0
29238,train,0.79898566,0
29240,train,0.64205736,0
29242,train,0.64593613,1
29244,train,0.72867113,0
29245,train,0.1433839,1
29250,train,0.5239726,0
29253,train,0.6078704,0
29255,train,0.6613785,1
29256,train,0.7416516,1
29257,train,0.9575049,0
29258,train,0.45315844,1
29259,train,0.59299266,1
29261,train,0.5416775,1
29262,train,0.681559,1
29264,train,0.5237087,0
29266,train,0.5241898,0
29267,train,0.7324846,0
29269,train,0.45701623,1
29271,train,0.6370451,0
29272,train,0.32433474,1
29274,train,0.96834546,0
29278,train,0.48034638,1
29279,train,0.67486364,0
29280,train,0.7595218,0
29282,train,0.71864265,0
29286,train,0.5795536,0
29288,train,0.37666848,1
29289,train,0.46270686,1
29293,train,0.6477765,0
29296,train,0.5096378,1
29297,train,0.6446462,1
29299,train,0.50472075,0
29304,train,0.39805543,1
29305,train,0.7354311,0
29306,train,0.91465896,0
29309,train,0.1886563,1
29310,train,0.5468096,1
29311,train,0.62057316,0
29312,train,0.4047999,1
29313,train,0.46116546,1
29317,train,0.53382313,1
29319,train,0.44468218,0
29320,train,0.6750367,1
29323,train,0.5020674,0
29324,train,0.4121492,0
29326,train,0.56729144,1
29327,train,0.69141763,0
29328,train,0.74193376,0
29329,train,0.527127,0
29333,train,0.0948604,1
29337,train,0.16328898,1
29339,train,0.5212787,0
29341,train,0.25362653,1
29345,train,0.6342908,0
29346,train,0.33393344,1
29347,train,0.34642848,1
29349,train,0.5822943,0
29351,train,0.30745304,1
29353,train,0.29747725,1
29356,train,0.32431915,1
29358,train,0.21446925,1
29361,train,0.80171883,0
29362,train,0.5573976,1
29365,train,0.42694554,1
29367,train,0.1706306,1
29375,train,0.1577919,1
29376,train,0.4538815,1
29378,train,0.7233074,0
29379,train,0.70139444,0
29384,train,0.72714174,0
29385,train,0.5008251,1
29386,train,0.21692468,1
29387,train,0.8158942,0
29388,train,0.3855995,1
29391,train,0.36982092,1
29392,train,0.13166127,1
29395,train,0.7846645,0
29396,train,0.61315763,0
29399,train,0.4371318,1
29400,train,0.6396695,0
29401,train,0.68409896,0
29404,train,0.8191124,0
29407,train,0.94266576,0
29408,train,0.45228332,0
29409,train,0.32947475,0
29416,train,0.6268908,0
29424,train,0.41648895,1
29425,train,0.689408,0
29429,train,0.39412305,1
29431,train,0.39968765,1
29432,train,0.38574797,1
29436,train,0.51428753,0
29437,train,0.67837185,0
29439,train,0.70277154,0
29440,train,0.18191789,1
29441,train,0.51232463,1
29442,train,0.24305409,1
29443,train,0.3511642,1
29444,train,0.24394251,1
29448,train,0.52707565,0
29449,train,0.55609417,1
29452,train,0.5073035,1
29453,train,0.60220826,1
29455,train,0.19937634,1
29456,train,0.35461023,1
29460,train,0.51131934,1
29461,train,0.17519595,1
29463,train,0.61233884,0
29466,train,0.68654865,0
29469,train,0.8305039,0
29470,train,0.7171809,1
29471,train,0.64712936,0
29472,train,0.30996257,1
29473,train,0.63496965,0
29475,train,0.7287767,0
29478,train,0.7444079,1
29481,train,0.25485432,1
29482,train,0.7970375,0
29484,train,0.6876593,0
29485,train,0.9361199,0
29486,train,0.6891654,0
29488,train,0.38495606,1
29489,train,0.41609192,1
29490,train,0.5051295,0
29492,train,0.46072477,1
29494,train,0.5217179,1
29502,train,0.24824253,1
29504,train,0.5421417,1
29507,train,0.41181675,1
29508,train,0.46219024,1
29511,train,0.80141807,0
29512,train,0.5384557,0
29516,train,0.5570766,0
29521,train,0.43975925,1
29523,train,0.7891814,0
29524,train,0.1758621,1
29528,train,0.5328247,1
29529,train,0.67459166,1
29531,train,0.18062906,1
29534,train,0.51811904,1
29535,train,0.2598502,1
29543,train,0.5336651,0
29544,train,0.51039815,1
29545,train,0.14032292,1
29546,train,0.29368806,1
29549,train,0.59703636,1
29550,train,0.18896078,1
29551,train,0.45229632,1
29555,train,0.5386324,1
29556,train,0.2893891,1
29559,train,0.61157686,0
29562,train,0.7071566,1
29565,train,0.44566053,0
29567,train,0.22895424,1
29570,train,0.4076765,1
29571,train,0.7909777,0
29574,train,0.30729502,1
29579,train,0.28011954,1
29580,train,0.5575288,1
29582,train,0.4176086,1
29584,train,0.46255147,1
29586,train,0.51502025,0
29587,train,0.4771878,1
29588,train,0.51324004,1
29590,train,0.6966959,0
29592,train,0.4793822,1
29595,train,0.25210354,1
29598,train,0.82184577,1
29599,train,0.41090393,0
29603,train,0.6164641,1
29606,train,0.6521576,1
29607,train,0.7822936,1
29610,train,0.3309676,0
29613,train,0.63702,1
29617,train,0.1969443,1
29621,train,0.5904203,0
29622,train,0.7845827,1
29623,train,0.29849306,1
29628,train,0.553109,1
29629,train,0.74164885,0
29630,train,0.91175103,0
29631,train,0.4723266,1
29632,train,0.6064968,1
29634,train,0.52598566,0
29641,train,0.20233673,1
29642,train,0.6383925,1
29644,train,0.5025948,1
29645,train,0.77768666,1
29646,train,0.6958822,0
29647,train,0.88106406,0
29649,train,0.7939392,0
29656,train,0.57088506,1
29657,train,0.5592027,0
29658,train,0.9110726,0
29660,train,0.27965477,1
29661,train,0.30286506,1
29662,train,0.7578631,1
29663,train,0.8708942,0
29664,train,0.48432538,1
29667,train,0.9020758,0
29669,train,0.51719797,1
29670,train,0.62919325,1
29671,train,0.3017788,0
29673,train,0.530196,1
29674,train,0.65330905,0
29678,train,0.6815622,1
29679,train,0.79946005,0
29680,train,0.23178263,1
29683,train,0.4221627,1
29690,train,0.51408935,0
29691,train,0.6154248,1
29693,train,0.57321405,1
29695,train,0.69244987,0
29699,train,0.5862084,1
29701,train,0.574416,1
29702,train,0.6860949,0
29704,train,0.49545148,0
29705,train,0.6576537,1
29708,train,0.67110485,1
29709,train,0.6397349,0
29710,train,0.5254291,0
29711,train,0.7961182,1
29712,train,0.49348262,1
29716,train,0.7812123,0
29717,train,0.36950594,1
29719,train,0.6145742,0
29720,train,0.53911203,1
29721,train,0.5983312,1
29725,train,0.46240902,1
29727,train,0.28354114,1
29728,train,0.5378804,0
29729,train,0.61928874,1
29730,train,0.28813198,1
29731,train,0.6343765,1
29732,train,0.35135195,1
29735,train,0.66065586,0
29737,train,0.90731275,0
29739,train,0.7957014,0
29742,train,0.6436817,0
29746,train,0.7147822,0
29749,train,0.8652376,0
29754,train,0.52007306,1
29755,train,0.4050946,1
29756,train,0.7769692,0
29757,train,0.5650385,0
29758,train,0.4807116,1
29762,train,0.6164614,0
29767,train,0.53116757,0
29772,train,0.36839786,1
29775,train,0.20250916,1
29781,train,0.7590147,0
29783,train,0.70586896,1
29785,train,0.48489746,1
29786,train,0.58908176,0
29789,train,0.70512944,0
29790,train,0.7602396,0
29792,train,0.90358865,0
29794,train,0.6438136,0
29798,train,0.22711027,1
29799,train,0.6147942,1
29800,train,0.1518783,1
29802,train,0.74636275,0
29805,train,0.665137,1
29806,train,0.5118314,1
29807,train,0.8208136,1
29808,train,0.61263627,0
29810,train,0.20887765,1
29811,train,0.6492944,0
29812,train,0.36386114,1
29813,train,0.506572,0
29814,train,0.69841784,0
29816,train,0.5408632,1
29821,train,0.24958017,1
29828,train,0.69489557,0
29836,train,0.42219666,1
29837,train,0.54957736,0
29840,train,0.7359528,0
29841,train,0.25753605,1
29842,train,0.33285332,0
29846,train,0.34441438,1
29851,train,0.55870706,0
29853,train,0.6515131,0
29854,train,0.57426894,1
29855,train,0.4121511,1
29857,train,0.44789177,1
29858,train,0.22540995,1
29861,train,0.76840144,0
29862,train,0.55991805,0
29863,train,0.5265121,1
29864,train,0.5114485,1
29865,train,0.7064862,0
29866,train,0.4081888,1
29869,train,0.4736182,1
29872,train,0.6547009,0
29873,train,0.48765236,1
29874,train,0.5736091,0
29876,train,0.595084,0
29878,train,0.90607995,0
29882,train,0.42806882,1
29883,train,0.6566711,0
29886,train,0.3922869,0
29887,train,0.5219602,0
29888,train,0.32327738,1
29890,train,0.5254788,1
29891,train,0.466305,1
29894,train,0.26137182,1
29896,train,0.63527995,1
29898,train,0.39372975,1
29899,train,0.33466086,1
29900,train,0.77276653,0
29902,train,0.24691904,1
29903,train,0.56815517,0
29906,train,0.43974796,1
29907,train,0.31324717,1
29910,train,0.5512882,0
29911,train,0.5886738,1
29912,train,0.7657904,0
29917,train,0.71225876,0
29919,train,0.5910579,0
29922,train,0.63907564,0
29928,train,0.38686708,1
29930,train,0.42320246,1
29932,train,0.7499565,1
29933,train,0.4208866,1
29935,train,0.36043918,1
29936,train,0.6039245,0
29940,train,0.754947,0
29942,train,0.4873547,0
29944,train,0.48860735,1
29946,train,0.90650505,0
29947,train,0.2348877,1
29952,train,0.65326923,0
29953,train,0.78244215,0
29958,train,0.4066225,1
29959,train,0.47675171,1
29964,train,0.52755594,0
29965,train,0.74677837,1
29966,train,0.8773843,0
29967,train,0.61788315,1
29968,train,0.33327517,1
29969,train,0.3049463,1
29971,train,0.5603045,1
29974,train,0.45865378,1
29976,train,0.16717932,1
29978,train,0.4063753,1
29981,train,0.40583003,0
29982,train,0.88282084,0
29985,train,0.13790083,1
29989,train,0.89052296,0
29993,train,0.6691747,0
29998,train,0.3477101,1
30000,train,0.5068727,1
30001,train,0.44725975,1
30003,train,0.5497926,0
30005,train,0.41271344,1
30006,train,0.459299,1
30008,train,0.18716286,1
30011,train,0.5227746,1
30012,train,0.50539035,1
30013,train,0.61539716,0
30014,train,0.7076532,0
30025,train,0.49812752,1
30028,train,0.22197677,1
30030,train,0.40250918,1
30031,train,0.6995331,1
30035,train,0.2526719,1
30038,train,0.71627957,0
30040,train,0.68242717,1
30041,train,0.67647076,0
30042,train,0.5254432,1
30045,train,0.31337574,1
30048,train,0.60179913,0
30051,train,0.24842735,1
30053,train,0.73496807,0
30056,train,0.6825395,1
30057,train,0.6320942,0
30061,train,0.6651813,0
30062,train,0.29392642,1
30065,train,0.35379207,1
30069,train,0.48079035,1
30070,train,0.73835397,0
30072,train,0.91972435,0
30074,train,0.28465572,1
30080,train,0.5559442,0
30087,train,0.43174785,0
30088,train,0.19246717,1
30090,train,0.67808485,1
30091,train,0.48975027,0
30096,train,0.5593192,0
30099,train,0.72602403,0
30101,train,0.5319771,1
30102,train,0.47004476,1
30103,train,0.5121114,0
30104,train,0.5086322,1
30105,train,0.740498,1
30106,train,0.54676604,0
30109,train,0.64224625,0
30110,train,0.2788352,1
30112,train,0.23214686,1
30114,train,0.7014637,0
30115,train,0.61777043,1
30119,train,0.8328682,0
30122,train,0.73612434,1
30128,train,0.31539255,1
30129,train,0.2976436,1
30131,train,0.6043481,0
30132,train,0.19497527,1
30134,train,0.50324553,0
30135,train,0.62054104,0
30138,train,0.715723,0
30139,train,0.41896802,1
30140,train,0.6413253,1
30141,train,0.76822484,0
30143,train,0.33638978,0
30144,train,0.5120582,1
30147,train,0.40822875,1
30148,train,0.56248313,1
30149,train,0.23714635,1
30152,train,0.71426713,0
30153,train,0.39042893,1
30157,train,0.55586445,0
30160,train,0.1501137,1
30161,train,0.92475635,0
30164,train,0.30937937,0
30165,train,0.32972905,1
30166,train,0.450915,0
30171,train,0.5627353,1
30172,train,0.58941406,0
30176,train,0.3406025,1
30179,train,0.37208787,1
30180,train,0.5024015,1
30186,train,0.6115938,0
30187,train,0.5727825,0
30188,train,0.33362493,1
30189,train,0.7523009,0
30190,train,0.49127522,1
30193,train,0.9217199,0
30194,train,0.36483562,1
30195,train,0.39858714,1
30200,train,0.48386553,1
30204,train,0.20700702,1
30205,train,0.5618487,1
30206,train,0.5506115,0
30207,train,0.28382638,1
30208,train,0.39344546,1
30211,train,0.4054337,1
30213,train,0.71948934,0
30215,train,0.3611978,1
30216,train,0.6915204,0
30218,train,0.25953382,1
30219,train,0.62636507,0
30220,train,0.28093812,1
30224,train,0.30468646,1
30232,train,0.58922213,1
30233,train,0.3915788,1
30234,train,0.7312284,1
30235,train,0.5334289,0
30236,train,0.71452457,1
30237,train,0.5468599,1
30239,train,0.61723197,0
30240,train,0.41398433,1
30244,train,0.29100165,1
30245,train,0.8279084,0
30246,train,0.45995402,1
30247,train,0.6653381,0
30252,train,0.6051997,0
30254,train,0.32448545,1
30256,train,0.45909092,1
30259,train,0.45784554,0
30261,train,0.45992017,1
30265,train,0.5406827,1
30267,train,0.3248006,1
30269,train,0.68410075,0
30270,train,0.5064807,1
30272,train,0.33485788,1
30273,train,0.3410765,1
30275,train,0.7100009,1
30278,train,0.20062551,1
30284,train,0.44515073,1
30285,train,0.15905091,1
30286,train,0.63038695,0
30287,train,0.18582244,1
30290,train,0.4833745,1
30291,train,0.25287235,1
30292,train,0.3226273,1
30293,train,0.379298,1
30294,train,0.1848431,1
30296,train,0.74269956,1
30297,train,0.9050706,0
30299,train,0.2181943,1
30300,train,0.3962075,1
30301,train,0.7893903,0
30306,train,0.3268027,1
30308,train,0.79615057,0
30311,train,0.31393895,1
30312,train,0.82926583,0
30313,train,0.3850018,1
30316,train,0.6569076,0
30317,train,0.493658,0
30318,train,0.3481962,1
30319,train,0.5287357,0
30324,train,0.44464132,1
30325,train,0.43004686,0
30326,train,0.25118214,1
30327,train,0.51232857,0
30328,train,0.22679536,1
30332,train,0.7072564,0
30334,train,0.46125057,1
30336,train,0.6185522,0
30337,train,0.5496684,0
30338,train,0.7175076,1
30339,train,0.6031025,0
30340,train,0.28315154,0
30341,train,0.7418957,1
30342,train,0.7636518,0
30346,train,0.59773225,1
30349,train,0.5939542,0
30350,train,0.7585045,1
30351,train,0.3244423,0
30357,train,0.5287031,1
30359,train,0.8013527,0
30361,train,0.64592427,1
30363,train,0.46432477,1
30365,train,0.66707444,0
30366,train,0.7188035,0
30367,train,0.6324435,0
30368,train,0.56578827,0
30369,train,0.22903703,0
30370,train,0.81311834,0
30371,train,0.43093026,0
30376,train,0.2691222,1
30380,train,0.38287774,1
30381,train,0.4395839,0
30383,train,0.3333618,1
30384,train,0.42768434,1
30385,train,0.2836048,1
30386,train,0.50427276,1
30387,train,0.51710904,1
30391,train,0.25703865,1
30393,train,0.27721533,1
30394,train,0.52921414,0
30395,train,0.7585468,0
30396,train,0.4068125,1
30398,train,0.20759702,1
30403,train,0.6739057,0
30404,train,0.64569366,1
30405,train,0.8778711,0
30407,train,0.48361662,1
30408,train,0.55705696,0
30409,train,0.35897487,1
30412,train,0.6888754,0
30413,train,0.39523453,1
30419,train,0.42060018,0
30427,train,0.5066453,1
30428,train,0.29085377,1
30429,train,0.645038,1
30430,train,0.49264285,0
30431,train,0.3215717,1
30435,train,0.35150877,1
30436,train,0.7049002,0
30437,train,0.6237805,0
30438,train,0.6902574,1
30439,train,0.940803,0
30444,train,0.4800276,1
30447,train,0.33758992,1
30448,train,0.68316483,0
30451,train,0.41406706,1
30455,train,0.67071414,1
30457,train,0.5131261,0
30458,train,0.873943,0
30459,train,0.38661072,1
30460,train,0.56839055,1
30464,train,0.73264563,0
30469,train,0.5076923,1
30470,train,0.8011932,0
30471,train,0.5933251,1
30472,train,0.72095895,0
30475,train,0.821617,0
30477,train,0.69642264,0
30478,train,0.5483697,0
30479,train,0.80318123,0
30480,train,0.30864164,1
30481,train,0.6247061,0
30485,train,0.62063134,1
30488,train,0.67500585,0
30489,train,0.54323107,0
30491,train,0.74068546,0
30492,train,0.6488768,0
30497,train,0.3825492,1
30500,train,0.515442,1
30501,train,0.45474428,1
30503,train,0.67011786,0
30504,train,0.24523361,0
30505,train,0.5962748,1
30507,train,0.23630749,1
30511,train,0.24848324,1
30512,train,0.4073492,1
30513,train,0.71350354,0
30514,train,0.6093542,0
30516,train,0.2102337,1
30517,train,0.5075239,1
30518,train,0.21695031,1
30523,train,0.67666554,0
30524,train,0.7914249,0
30525,train,0.44318232,1
30526,train,0.5165835,1
30528,train,0.588364,0
30530,train,0.31559315,1
30531,train,0.15905875,1
30535,train,0.5206094,1
30537,train,0.56988513,0
30539,train,0.24393104,1
30543,train,0.4427289,1
30545,train,0.49655357,1
30548,train,0.43797404,1
30549,train,0.66247845,1
30553,train,0.6591472,0
30555,train,0.6826761,0
30556,train,0.45472383,1
30561,train,0.56556284,0
30562,train,0.5228439,1
30563,train,0.58820987,1
30564,train,0.223517,1
30566,train,0.7138092,0
30568,train,0.4943651,0
30571,train,0.29686353,1
30573,train,0.5771317,1
30578,train,0.43493474,0
30579,train,0.2740652,1
30581,train,0.3088336,1
30584,train,0.50760376,0
30588,train,0.49578992,0
30589,train,0.7093306,0
30591,train,0.42812216,1
30593,train,0.6006291,0
30596,train,0.16127911,1
30598,train,0.75994766,0
30600,train,0.7185427,1
30602,train,0.62029636,0
30603,train,0.5182806,0
30606,train,0.35760897,1
30607,train,0.6062872,1
30608,train,0.49227154,1
30609,train,0.22661184,1
30610,train,0.5770557,0
30614,train,0.7352929,1
30615,train,0.9410181,0
30616,train,0.40885037,1
30619,train,0.46120912,1
30620,train,0.52531916,0
30622,train,0.41649845,1
30624,train,0.3478077,1
30625,train,0.8052688,0
30627,train,0.267468,1
30628,train,0.5196131,1
30629,train,0.37013236,1
30630,train,0.65183365,0
30634,train,0.48264682,1
30635,train,0.72012746,0
30636,train,0.42826614,1
30637,train,0.39984417,1
30638,train,0.3613849,1
30639,train,0.097497955,1
30640,train,0.3911409,1
30641,train,0.77530545,1
30642,train,0.63209784,0
30645,train,0.72192925,1
30648,train,0.5081954,1
30649,train,0.29405412,1
30651,train,0.41805083,1
30652,train,0.22239256,1
30653,train,0.5923849,1
30654,train,0.57193565,1
30656,train,0.35306346,1
30657,train,0.28486502,1
30659,train,0.27225423,1
30662,train,0.58452165,1
30666,train,0.70017606,1
30671,train,0.58435893,0
30673,train,0.87268156,0
30676,train,0.7436162,1
30677,train,0.5653018,1
30681,train,0.71062565,0
30682,train,0.48623943,1
30683,train,0.81731015,1
30684,train,0.6747503,1
30685,train,0.45959216,1
30687,train,0.6621618,0
30689,train,0.47882393,1
30692,train,0.60897213,0
30695,train,0.43723637,1
30697,train,0.1959485,1
30708,train,0.60379255,1
30709,train,0.3876295,0
30710,train,0.68786544,1
30713,train,0.5614626,0
30717,train,0.73969805,0
30718,train,0.55336493,1
30721,train,0.4082066,1
30722,train,0.62776005,1
30723,train,0.7362749,0
30726,train,0.61296016,0
30727,train,0.44508722,1
30729,train,0.56309295,0
30731,train,0.5011265,1
30732,train,0.7434717,1
30740,train,0.35453123,1
30743,train,0.5319439,1
30744,train,0.5884021,0
30745,train,0.68157583,1
30747,train,0.7001235,1
30749,train,0.50284857,1
30750,train,0.7024231,0
30754,train,0.37561584,1
30755,train,0.2681327,1
30759,train,0.34997502,1
30766,train,0.49069533,1
30767,train,0.43085563,1
30768,train,0.42333543,0
30769,train,0.54153967,1
30771,train,0.27434668,1
30773,train,0.66438746,0
30775,train,0.7418522,0
30779,train,0.6975258,0
30780,train,0.55396616,1
30781,train,0.4748502,1
30785,train,0.42185742,0
30786,train,0.28203827,1
30789,train,0.67899215,1
30790,train,0.695046,0
30791,train,0.70179904,1
30795,train,0.51591504,1
30798,train,0.47619,1
30801,train,0.73758346,0
30804,train,0.6047223,0
30805,train,0.47614965,1
30808,train,0.25937334,1
30811,train,0.55427366,0
30814,train,0.5447335,1
30815,train,0.4951262,0
30817,train,0.6557879,1
30819,train,0.38472867,1
30820,train,0.56835383,1
30822,train,0.56857026,0
30825,train,0.35432407,1
30827,train,0.5166361,0
30828,train,0.86600006,0
30829,train,0.9443808,0
30831,train,0.4064286,1
30832,train,0.44654366,0
30833,train,0.50674427,0
30835,train,0.37275034,1
30837,train,0.53016293,0
30839,train,0.8642566,0
30840,train,0.66102374,0
30843,train,0.72413224,0
30846,train,0.26982194,1
30850,train,0.79202324,0
30852,train,0.6015159,0
30854,train,0.5164731,0
30855,train,0.18319532,1
30858,train,0.10724021,1
30860,train,0.33315486,1
30865,train,0.74329424,0
30866,train,0.22517574,1
30868,train,0.19170228,1
30869,train,0.5838734,0
30870,train,0.37461743,0
30871,train,0.50911844,0
30874,train,0.42687663,1
30876,train,0.82856774,0
30879,train,0.4639385,0
30882,train,0.6713951,1
30885,train,0.20655659,1
30887,train,0.31188026,1
30890,train,0.751287,0
30893,train,0.6176233,0
30898,train,0.5831702,1
30899,train,0.4933007,1
30903,train,0.7740026,0
30904,train,0.7298018,0
30906,train,0.7415836,0
30907,train,0.6808893,1
30910,train,0.62199235,0
30915,train,0.6199331,0
30917,train,0.87058574,0
30918,train,0.4824371,1
30919,train,0.5718084,1
30923,train,0.24855262,1
30925,train,0.4646378,0
30926,train,0.1853291,1
30929,train,0.7812786,0
30932,train,0.5567137,1
30938,train,0.4190325,1
30940,train,0.6437248,0
30942,train,0.25789252,1
30947,train,0.5266216,1
30949,train,0.4531655,1
30952,train,0.5237098,1
30956,train,0.70732903,0
30958,train,0.17779997,1
30959,train,0.89659613,0
30962,train,0.65760094,0
30966,train,0.6208212,0
30975,train,0.29717365,1
30977,train,0.60993296,1
30978,train,0.6356532,0
30979,train,0.62917095,0
30981,train,0.22020237,1
30982,train,0.43007115,0
30983,train,0.63753706,0
30984,train,0.958493,0
30985,train,0.14233638,1
30988,train,0.43988827,0
30990,train,0.27746025,1
30991,train,0.6394536,1
30993,train,0.37697607,1
30994,train,0.23995657,1
31001,train,0.77249527,0
31008,train,0.41466802,0
31011,train,0.37864313,0
31012,train,0.76408124,0
31013,train,0.3525079,1
31014,train,0.20121403,1
31015,train,0.9573039,0
31016,train,0.2700486,1
31021,train,0.20689122,1
31022,train,0.30306453,1
31023,train,0.267259,1
31024,train,0.631215,0
31027,train,0.3329905,1
31033,train,0.3307323,1
31034,train,0.6862677,0
31035,train,0.32330382,1
31039,train,0.41214973,1
31041,train,0.24927956,1
31043,train,0.46665937,1
31046,train,0.59566885,1
31047,train,0.43964276,1
31048,train,0.81978685,0
31049,train,0.88561237,0
31050,train,0.5321718,1
31051,train,0.5748364,1
31052,train,0.68366253,0
31054,train,0.83920246,0
31057,train,0.6897415,0
31061,train,0.2811675,1
31062,train,0.7448708,0
31064,train,0.297037,1
31069,train,0.49818525,1
31071,train,0.63762057,0
31072,train,0.48764777,0
31074,train,0.7904585,0
31076,train,0.60949874,0
31078,train,0.57638246,1
31079,train,0.74950176,0
31080,train,0.735586,0
31085,train,0.35340264,1
31089,train,0.5234509,0
31090,train,0.15524444,1
31092,train,0.56057775,1
31094,train,0.70654947,0
31098,train,0.46890742,1
31099,train,0.56940955,1
31100,train,0.40870893,1
31102,train,0.87893265,0
31103,train,0.7049828,0
31104,train,0.48532197,1
31105,train,0.37317076,1
31107,train,0.6217734,0
31109,train,0.28928307,1
31113,train,0.46473774,1
31121,train,0.55249673,1
31123,train,0.42905858,1
31125,train,0.5518747,0
31127,train,0.5118772,1
31129,train,0.19075818,1
31132,train,0.23785798,1
31134,train,0.9183033,0
31135,train,0.67765325,0
31137,train,0.65661806,0
31139,train,0.63335,0
31141,train,0.7328721,0
31145,train,0.5346922,0
31148,train,0.36909217,1
31150,train,0.4151541,1
31151,train,0.5693775,1
31153,train,0.28819337,1
31155,train,0.37343946,1
31156,train,0.61824393,1
31157,train,0.36085194,1
31158,train,0.6796228,0
31160,train,0.50820506,1
31161,train,0.54939437,0
31163,train,0.5938936,1
31165,train,0.72351074,0
31170,train,0.49432075,1
31172,train,0.47754624,1
31173,train,0.5691359,0
31175,train,0.5401621,1
31179,train,0.69246006,0
31212,train,0.66715646,0
31213,train,0.3045005,1
31214,train,0.60694176,1
31215,train,0.66315615,1
31219,train,0.37095854,1
31223,train,0.4798705,1
31226,train,0.47153133,1
31229,train,0.52217525,1
31232,train,0.6865887,0
31236,train,0.48942846,1
31238,train,0.59903526,0
31239,train,0.38746,1
31241,train,0.6036821,0
31243,train,0.947784,0
31244,train,0.42257392,1
31245,train,0.5468253,1
31246,train,0.29922077,1
31247,train,0.28906146,1
31250,train,0.27719492,1
31253,train,0.76463175,0
31254,train,0.45409682,1
31255,train,0.51308125,1
31258,train,0.27826723,1
31259,train,0.62939876,1
31264,train,0.1350037,1
31265,train,0.661337,0
31266,train,0.8815103,1
31267,train,0.63117874,1
31268,train,0.8114953,0
31270,train,0.5078804,0
31274,train,0.4892816,1
31276,train,0.2293461,1
31277,train,0.7922436,1
31278,train,0.57934487,0
31280,train,0.4130976,1
31281,train,0.5071303,1
31282,train,0.2625076,1
31288,train,0.5611741,0
31290,train,0.5380378,1
31296,train,0.4572095,1
31298,train,0.3864494,1
31299,train,0.63778186,0
31300,train,0.71981066,0
31301,train,0.55871797,1
31303,train,0.13080944,1
31306,train,0.6126514,1
31308,train,0.85451525,0
31310,train,0.92508984,0
31311,train,0.6202985,0
31313,train,0.16730969,1
31315,train,0.75225544,0
31316,train,0.29882458,1
31317,train,0.49717888,0
31318,train,0.20442294,0
31320,train,0.8536153,0
31321,train,0.4278609,1
31324,train,0.75495124,1
31325,train,0.23133324,1
31326,train,0.5298504,1
31327,train,0.41652215,1
31329,train,0.3444701,1
31335,train,0.3551733,1
31336,train,0.6129179,0
31337,train,0.3097121,1
31345,train,0.6854824,0
31346,train,0.3946199,0
31348,train,0.6292089,1
31350,train,0.39630762,0
31352,train,0.5410926,0
31355,train,0.547485,0
31356,train,0.70305145,1
31358,train,0.5585784,0
31359,train,0.5216887,1
31360,train,0.23019964,1
31361,train,0.42758343,1
31365,train,0.4111652,1
31367,train,0.6439281,0
31368,train,0.95044,0
31371,train,0.643891,1
31373,train,0.67484325,0
31375,train,0.47433406,1
31377,train,0.72934395,1
31384,train,0.442218,0
31385,train,0.54693216,1
31388,train,0.4460848,1
31389,train,0.48743498,1
31396,train,0.63988984,0
31397,train,0.3253457,1
31399,train,0.7257103,1
31401,train,0.39012232,1
31404,train,0.49926308,1
31405,train,0.43560067,1
31407,train,0.73806465,0
31409,train,0.44449598,1
31412,train,0.29694557,1
31413,train,0.4371054,0
31416,train,0.64320076,0
31418,train,0.58080465,0
31422,train,0.3146115,1
31423,train,0.48993805,1
31424,train,0.49470288,1
31427,train,0.1655865,1
31429,train,0.5371437,0
31438,train,0.2543857,1
31442,train,0.64285004,0
31443,train,0.33073866,0
31444,train,0.37332082,1
31445,train,0.6537859,1
31449,train,0.43781492,0
31450,train,0.24360627,1
31451,train,0.31861964,1
31454,train,0.5474906,1
31457,train,0.45453694,1
31461,train,0.6380575,1
31466,train,0.73001945,0
31469,train,0.3174234,1
31476,train,0.094037175,1
31478,train,0.40034252,0
31479,train,0.29006594,0
31482,train,0.38958424,1
31485,train,0.45040232,1
31490,train,0.28975296,1
31492,train,0.3793377,0
31495,train,0.38455138,1
31496,train,0.5042669,0
31497,train,0.44297847,0
31498,train,0.5602768,0
31499,train,0.31726152,1
31500,train,0.66685927,1
31505,train,0.70332915,0
31506,train,0.27520394,1
31508,train,0.41930065,1
31515,train,0.67397636,0
31519,train,0.7530794,0
31520,train,0.58991385,0
31521,train,0.7479084,0
31525,train,0.33821812,0
31529,train,0.27449805,1
31530,train,0.31994644,1
31531,train,0.2967102,1
31532,train,0.624676,1
31537,train,0.26453188,1
31538,train,0.51446944,0
31540,train,0.64105475,1
31542,train,0.72940844,0
31543,train,0.38677016,1
31545,train,0.4597756,1
31546,train,0.6500663,0
31547,train,0.23464665,1
31548,train,0.49170643,0
31550,train,0.764905,1
31555,train,0.19151796,1
31556,train,0.43159723,1
31557,train,0.7601576,0
31559,train,0.3076262,1
31562,train,0.6141044,0
31567,train,0.6761754,1
31568,train,0.35367903,1
31571,train,0.41991827,1
31574,train,0.4542834,1
31576,train,0.2505735,1
31578,train,0.22243062,1
31579,train,0.4560158,1
31580,train,0.29169586,1
31581,train,0.77861065,0
31584,train,0.27224636,1
31585,train,0.41699168,1
31586,train,0.3072022,1
31587,train,0.8676777,1
31588,train,0.7782661,0
31590,train,0.8133017,0
31592,train,0.3273234,0
31594,train,0.54270613,0
31595,train,0.59836125,1
31596,train,0.3875894,0
31598,train,0.49640512,1
31599,train,0.36894768,0
31601,train,0.43628982,1
31602,train,0.49061173,1
31606,train,0.15018775,1
31608,train,0.74923426,0
31610,train,0.20036757,1
31611,train,0.7522715,0
31613,train,0.58526754,0
31616,train,0.48544434,1
31617,train,0.6368898,0
31618,train,0.5319025,1
31621,train,0.18784145,1
31624,train,0.5136631,0
31625,train,0.5638645,0
31627,train,0.5043378,1
31630,train,0.53387266,0
31632,train,0.51280373,1
31638,train,0.55162144,1
31640,train,0.18801753,1
31642,train,0.7082351,1
31643,train,0.54635125,1
31644,train,0.55565786,0
31645,train,0.6447433,0
31646,train,0.65064305,0
31649,train,0.5215865,1
31650,train,0.37287384,1
31651,train,0.84741724,0
31652,train,0.71469206,1
31653,train,0.41024643,1
31655,train,0.5364462,0
31658,train,0.30640396,1
31660,train,0.6734059,1
31661,train,0.14067735,1
31662,train,0.6565474,1
31670,train,0.66750544,0
31673,train,0.62593263,1
31676,train,0.56363136,1
31679,train,0.27680084,1
31680,train,0.13412741,1
31682,train,0.40362653,1
31683,train,0.30658406,1
31684,train,0.5737404,1
31685,train,0.6713568,0
31688,train,0.7187987,1
31690,train,0.16696632,1
31694,train,0.73482895,0
31699,train,0.95436764,0
31701,train,0.8213049,0
31703,train,0.4774671,1
31710,train,0.47822788,1
31711,train,0.5687063,1
31714,train,0.5054099,1
31716,train,0.57301104,1
31717,train,0.31949484,1
31718,train,0.6337573,0
31719,train,0.31694993,1
31720,train,0.25751874,1
31722,train,0.72959524,0
31723,train,0.45221055,1
31726,train,0.5404802,0
31727,train,0.75631124,0
31728,train,0.7277414,0
31729,train,0.26485756,1
31732,train,0.79370797,0
31734,train,0.30080408,1
31735,train,0.37527603,1
31741,train,0.5038328,1
31742,train,0.79181015,0
31746,train,0.8463452,0
31749,train,0.659597,0
31751,train,0.5548564,1
31752,train,0.5940228,0
31756,train,0.5295122,1
31757,train,0.57373065,0
31758,train,0.6339793,1
31759,train,0.7135049,0
31760,train,0.6051202,0
31761,train,0.83682406,0
31762,train,0.30076262,1
31763,train,0.70922124,0
31764,train,0.52499825,1
31766,train,0.5198579,0
31769,train,0.23858961,1
31771,train,0.62876457,1
31775,train,0.6906944,1
31777,train,0.37396958,1
31781,train,0.33274326,0
31782,train,0.40765265,1
31784,train,0.5837898,1
31785,train,0.49326482,1
31786,train,0.66954523,1
31787,train,0.18170181,1
31791,train,0.5314892,1
31794,train,0.7884294,0
31796,train,0.521645,1
31797,train,0.8324075,0
31799,train,0.5193995,1
31802,train,0.27604374,1
31803,train,0.6799506,1
31808,train,0.3989486,1
31812,train,0.80808395,0
31813,train,0.1328211,1
31817,train,0.54268545,1
31820,train,0.26852942,1
31821,train,0.7897874,1
31824,train,0.6776256,0
31826,train,0.48701507,1
31827,train,0.45145848,1
31828,train,0.7999515,1
31829,train,0.76641893,1
31833,train,0.41331398,1
31835,train,0.7501401,0
31838,train,0.7771241,0
31839,train,0.31309304,1
31840,train,0.7005839,0
31841,train,0.51686454,1
31843,train,0.6913511,0
31846,train,0.3417489,1
31849,train,0.751472,0
31850,train,0.77897537,0
31852,train,0.36232206,1
31853,train,0.34259182,1
31856,train,0.65320677,0
31857,train,0.37330553,1
31863,train,0.679548,0
31865,train,0.46023682,1
31866,train,0.31184933,1
31867,train,0.55431616,1
31868,train,0.26357222,1
31869,train,0.8188644,0
31871,train,0.6271149,0
31872,train,0.69449234,1
31873,train,0.36488926,1
31878,train,0.6640512,0
31879,train,0.5362879,1
31881,train,0.8101111,0
31883,train,0.26678735,0
31893,train,0.14501579,1
31895,train,0.50286806,0
31896,train,0.24949598,1
31898,train,0.5362835,0
31905,train,0.78696704,1
31907,train,0.65065074,1
31912,train,0.3249868,1
31914,train,0.53691816,0
31916,train,0.59966373,0
31919,train,0.6665936,0
31920,train,0.3685642,1
31921,train,0.61315274,1
31922,train,0.6411613,1
31925,train,0.38166863,1
31929,train,0.50627065,1
31932,train,0.101491265,1
31933,train,0.3543379,1
31934,train,0.38189617,1
31936,train,0.6274135,0
31943,train,0.22114983,1
31944,train,0.18543945,1
31945,train,0.23064591,1
31946,train,0.71339625,0
31947,train,0.4373617,1
31948,train,0.6133426,1
31949,train,0.76017797,1
31950,train,0.4993164,1
31954,train,0.5268092,0
31955,train,0.6206575,0
31956,train,0.50560904,1
31957,train,0.41931355,1
31961,train,0.5318008,1
31962,train,0.83365744,0
31963,train,0.6789572,0
31968,train,0.75328743,1
31970,train,0.5172537,1
31971,train,0.9370014,0
31980,train,0.51176316,0
31982,train,0.40754867,1
31984,train,0.5898166,1
31985,train,0.6114902,1
31989,train,0.5907841,0
31992,train,0.65930617,1
31993,train,0.9466021,0
31994,train,0.7263188,0
31995,train,0.35265768,1
31996,train,0.7540425,0
31998,train,0.2185166,1
31999,train,0.5829496,1
32002,train,0.14691553,1
32005,train,0.2885172,1
32006,train,0.45976886,1
32007,train,0.4870384,0
32009,train,0.9558477,0
32011,train,0.7313822,1
32014,train,0.1593794,0
32016,train,0.58655787,0
32017,train,0.74326664,1
32018,train,0.64877313,0
32019,train,0.5208578,1
32021,train,0.31623253,1
32022,train,0.43946806,0
32024,train,0.4533046,0
32025,train,0.5585071,0
32026,train,0.73544115,0
32027,train,0.71251637,0
32028,train,0.50753164,1
32031,train,0.24228822,1
32032,train,0.7200899,0
32035,train,0.22701341,1
32036,train,0.5299608,1
32040,train,0.5311806,1
32041,train,0.4740581,1
32042,train,0.42881736,0
32043,train,0.55801255,1
32044,train,0.3468269,1
32046,train,0.5508058,1
32048,train,0.7725028,0
32049,train,0.44065344,1
32053,train,0.80573386,0
32056,train,0.79429257,0
32058,train,0.29280198,1
32059,train,0.6636022,0
32062,train,0.73372716,0
32063,train,0.62372684,1
32064,train,0.33869,1
32066,train,0.5263146,1
32067,train,0.6196551,0
32069,train,0.72266626,0
32071,train,0.87606764,0
32072,train,0.25606218,1
32075,train,0.6894455,0
32080,train,0.65352046,0
32082,train,0.15639402,1
32083,train,0.5436035,1
32084,train,0.25285786,1
32085,train,0.4115359,1
32087,train,0.9751933,0
32088,train,0.47676545,1
32090,train,0.9257696,0
32091,train,0.5506953,1
32093,train,0.18781956,1
32095,train,0.7532325,0
32096,train,0.62858766,0
32097,train,0.62489736,0
32099,train,0.6325523,1
32102,train,0.49786335,0
32103,train,0.50763327,1
32105,train,0.59697324,0
32106,train,0.43401906,1
32108,train,0.63798565,1
32109,train,0.30134746,1
32110,train,0.63782257,0
32117,train,0.2268493,1
32120,train,0.22940221,1
32123,train,0.626898,0
32125,train,0.7405867,0
32126,train,0.66513497,0
32127,train,0.37040222,1
32129,train,0.6395271,1
32132,train,0.496231,1
32133,train,0.6735127,0
32136,train,0.28842974,1
32137,train,0.37425914,1
32141,train,0.26314327,1
32143,train,0.48716938,1
32145,train,0.3439825,0
32146,train,0.41240367,1
32149,train,0.53055966,0
32151,train,0.6244735,1
32152,train,0.35292917,1
32154,train,0.58383113,0
32155,train,0.4405437,1
32156,train,0.24117464,1
32158,train,0.8412763,0
32161,train,0.78931695,0
32162,train,0.72950155,0
32165,train,0.5631339,1
32169,train,0.4959737,1
32171,train,0.3926464,1
32172,train,0.21407777,1
32174,train,0.41998684,1
32177,train,0.72901857,1
32178,train,0.3170889,1
32181,train,0.6155861,0
32183,train,0.59994066,0
32185,train,0.72260064,1
32187,train,0.81274915,0
32188,train,0.971073,0
32189,train,0.3943319,1
32190,train,0.6267529,0
32191,train,0.39208293,1
32192,train,0.29422158,1
32196,train,0.24991284,1
32199,train,0.4600883,0
32201,train,0.64717185,0
32208,train,0.19229491,1
32212,train,0.27347767,1
32213,train,0.69817793,1
32214,train,0.3265516,0
32218,train,0.6169827,1
32219,train,0.5632339,1
32225,train,0.37573954,1
32227,train,0.4639759,1
32229,train,0.51765496,1
32230,train,0.45768908,0
32231,train,0.49810028,0
32234,train,0.49749872,1
32237,train,0.26403135,1
32238,train,0.6720552,0
32239,train,0.3123356,1
32242,train,0.52834564,1
32243,train,0.36551723,1
32245,train,0.2309697,1
32248,train,0.5271383,0
32249,train,0.69281137,0
32252,train,0.56480134,0
32263,train,0.5611335,0
32265,train,0.54590064,1
32268,train,0.5411093,0
32271,train,0.80162793,0
32273,train,0.37624484,1
32274,train,0.81150275,0
32275,train,0.57912576,1
32276,train,0.6237297,0
32278,train,0.65110046,1
32279,train,0.49137798,0
32280,train,0.83747905,0
32285,train,0.5324296,0
32286,train,0.4296915,1
32289,train,0.6353151,0
32292,train,0.48565957,1
32296,train,0.5535028,1
32301,train,0.119512096,1
32302,train,0.297417,1
32307,train,0.55098146,0
32308,train,0.6874492,0
32310,train,0.794357,0
32312,train,0.7590858,0
32313,train,0.55914754,0
32314,train,0.23948944,1
32315,train,0.17808117,1
32316,train,0.10471057,1
32317,train,0.583573,1
32318,train,0.8407913,0
32321,train,0.8591467,0
32322,train,0.54631233,0
32323,train,0.32511088,1
32324,train,0.2635691,0
32328,train,0.2682729,1
32331,train,0.48625216,0
32335,train,0.79572517,0
32338,train,0.7507754,1
32340,train,0.5999516,1
32345,train,0.4292795,1
32347,train,0.22599319,1
32348,train,0.5134484,1
32349,train,0.37498978,1
32353,train,0.5577031,1
32354,train,0.5750576,1
32355,train,0.27441162,1
32357,train,0.15222993,1
32358,train,0.7288717,1
32363,train,0.49573585,0
32364,train,0.33453104,1
32365,train,0.44648945,0
32367,train,0.6392465,0
32371,train,0.6868601,1
32373,train,0.6671591,0
32374,train,0.63525754,1
32375,train,0.30199897,1
32376,train,0.6997476,0
32382,train,0.49046692,1
32385,train,0.26955026,1
32388,train,0.7176025,0
32391,train,0.67130697,1
32394,train,0.18804666,1
32395,train,0.13151754,1
32399,train,0.52314675,1
32400,train,0.4535999,1
32406,train,0.19549562,1
32407,train,0.870225,0
32408,train,0.548446,1
32412,train,0.2573497,1
32414,train,0.16333258,1
32416,train,0.29875195,1
32417,train,0.4614923,1
32420,train,0.49070057,1
32422,train,0.60999495,1
32426,train,0.6866913,1
32427,train,0.55206263,0
32428,train,0.5263573,1
32431,train,0.20359242,1
32436,train,0.75761396,0
32438,train,0.513632,0
32441,train,0.70620245,0
32443,train,0.63061404,1
32444,train,0.8211528,0
32445,train,0.58794266,0
32447,train,0.5311773,1
32448,train,0.39944053,1
32449,train,0.47514734,1
32452,train,0.71520954,0
32453,train,0.21482913,1
32458,train,0.57127386,1
32459,train,0.5408435,0
32460,train,0.11806094,1
32468,train,0.40084228,1
32470,train,0.5253031,1
32471,train,0.55197644,0
32473,train,0.21019025,1
32476,train,0.2143065,1
32477,train,0.5739708,0
32478,train,0.21107404,1
32479,train,0.345189,1
32482,train,0.34678647,1
32484,train,0.66169304,0
32485,train,0.67509305,0
32486,train,0.7415151,0
32487,train,0.6420321,1
32488,train,0.73361003,0
32490,train,0.352263,1
32494,train,0.7127014,0
32497,train,0.18051761,1
32498,train,0.5429832,0
32505,train,0.1199206,1
32516,train,0.3683834,1
32518,train,0.78397876,0
32521,train,0.6271339,0
32522,train,0.7740305,0
32523,train,0.54602844,0
32527,train,0.4954023,0
32528,train,0.3355169,1
32533,train,0.48850957,1
32535,train,0.64289516,1
32544,train,0.20724164,1
32546,train,0.5525737,1
32548,train,0.4212409,0
32550,train,0.5235879,1
32552,train,0.17690946,1
32553,train,0.7205513,0
32557,train,0.61927,0
32558,train,0.24937479,1
32560,train,0.5803455,0
32563,train,0.5554766,0
32566,train,0.3097948,1
32568,train,0.62854874,1
32572,train,0.5403034,1
32573,train,0.31904954,1
32574,train,0.41107258,0
32575,train,0.26527697,1
32579,train,0.4607323,1
32580,train,0.5641023,0
32581,train,0.35757527,0
32586,train,0.3158784,1
32587,train,0.96658427,0
32589,train,0.44572112,1
32593,train,0.5690119,1
32594,train,0.17330667,1
32595,train,0.33404264,0
32597,train,0.41984162,0
32602,train,0.30394566,1
32604,train,0.7262146,0
32606,train,0.2521594,1
32608,train,0.18297362,1
32611,train,0.3370438,1
32612,train,0.49811894,0
32614,train,0.77881163,0
32616,train,0.7576777,0
32617,train,0.39893493,1
32618,train,0.35955194,1
32620,train,0.4008604,1
32623,train,0.4529164,1
32624,train,0.60643405,0
32626,train,0.73987186,0
32627,train,0.4891118,1
32628,train,0.21566378,1
32632,train,0.44979215,1
32635,train,0.20691505,1
32639,train,0.28704542,1
32641,train,0.71731555,0
32644,train,0.3349099,1
32648,train,0.7956948,0
32650,train,0.548528,1
32651,train,0.467167,1
32658,train,0.34870803,1
32660,train,0.6685598,0
32662,train,0.21648957,1
32663,train,0.58394045,0
32665,train,0.79845923,0
32667,train,0.40760565,0
32670,train,0.66024435,0
32671,train,0.613586,1
32672,train,0.26459378,1
32677,train,0.6810444,0
32679,train,0.33165526,1
32688,train,0.55248815,1
32693,train,0.3999247,1
32694,train,0.54623103,0
32695,train,0.44577163,1
32697,train,0.8204609,0
32699,train,0.6242885,0
32700,train,0.5267136,0
32701,train,0.33348486,1
32702,train,0.5259397,1
32706,train,0.6216455,1
32713,train,0.7138811,1
32714,train,0.48107237,0
32715,train,0.4933994,0
32716,train,0.4866606,1
32720,train,0.64862907,0
32722,train,0.70455176,0
32724,train,0.49932745,0
32728,train,0.75775504,0
32729,train,0.22170979,1
32733,train,0.5835112,0
32738,train,0.7056436,0
32741,train,0.6547323,1
32743,train,0.7337479,0
32746,train,0.21732621,1
32750,train,0.29192126,1
32752,train,0.1052451,1
32754,train,0.29042697,0
32755,train,0.45793954,1
32757,train,0.19049762,1
32759,train,0.42597806,1
32762,train,0.39679116,1
32763,train,0.6407143,0
32764,train,0.14047354,1
32767,train,0.63548654,0
32770,train,0.42188618,0
32773,train,0.8751685,0
32775,train,0.6095845,1
32776,train,0.62774575,1
32778,train,0.71000314,0
32780,train,0.82494897,0
32781,train,0.2792991,1
32782,train,0.15327683,1
32792,train,0.5038776,0
32793,train,0.65089196,0
32797,train,0.69755095,0
32798,train,0.96136117,0
32800,train,0.35928226,1
32805,train,0.262502,1
32807,train,0.44350305,1
32809,train,0.68733996,0
32810,train,0.6362221,0
32813,train,0.65074074,0
32814,train,0.39980006,1
32815,train,0.2943107,1
32819,train,0.40683943,1
32820,train,0.38375506,1
2,val,0.43441698,0
37,val,0.7299821,1
41,val,0.31790957,1
44,val,0.4304749,0
51,val,0.37921694,0
62,val,0.5103615,1
64,val,0.4863964,1
99,val,0.21620108,1
104,val,0.47050244,1
112,val,0.4166769,1
116,val,0.53195345,0
173,val,0.69601476,1
223,val,0.2097523,1
233,val,0.23785965,1
237,val,0.6658256,0
248,val,0.36936498,1
251,val,0.097857065,1
261,val,0.16911416,1
263,val,0.49272114,1
269,val,0.2412858,1
273,val,0.9382714,0
282,val,0.57511425,0
304,val,0.6862353,1
354,val,0.53152025,1
369,val,0.5649434,1
382,val,0.78513116,0
385,val,0.33005476,1
423,val,0.6240299,1
474,val,0.92517275,1
514,val,0.49688748,1
548,val,0.6139431,0
557,val,0.70839053,0
575,val,0.774272,0
581,val,0.2710178,1
598,val,0.9358915,1
614,val,0.5870471,0
622,val,0.7247642,0
632,val,0.6557911,1
642,val,0.53493387,1
645,val,0.920323,0
676,val,0.8416226,1
678,val,0.75222564,0
688,val,0.23517163,1
689,val,0.84827083,0
690,val,0.282194,1
714,val,0.593101,1
717,val,0.5069658,0
718,val,0.40680546,1
720,val,0.23029014,1
728,val,0.5443848,1
748,val,0.7563006,1
764,val,0.4881288,0
785,val,0.23393328,1
789,val,0.7714992,1
794,val,0.69524044,0
796,val,0.5122909,1
812,val,0.53255785,1
813,val,0.8692501,0
820,val,0.6038149,1
826,val,0.4234,1
829,val,0.5496712,0
833,val,0.23106816,1
846,val,0.23467344,1
854,val,0.2818024,0
861,val,0.47336787,1
875,val,0.6147299,0
891,val,0.7490224,0
903,val,0.77349687,0
904,val,0.6044743,1
909,val,0.7096242,0
921,val,0.19984305,1
924,val,0.49155837,1
928,val,0.47725186,1
946,val,0.9435459,0
996,val,0.49165002,1
1019,val,0.5127708,1
1024,val,0.5831122,1
1033,val,0.5565349,0
1086,val,0.27099824,1
1092,val,0.7203422,0
1096,val,0.6432731,0
1113,val,0.6706341,1
1153,val,0.29207778,1
1182,val,0.47928432,0
1184,val,0.9490913,0
1192,val,0.27736142,1
1211,val,0.5870242,0
1214,val,0.49611443,0
1218,val,0.3658513,1
1246,val,0.4533762,1
1275,val,0.22585842,1
1282,val,0.32798564,1
1323,val,0.5406034,1
1334,val,0.69911003,1
1358,val,0.56213886,1
1369,val,0.20377734,1
1372,val,0.4352359,0
1389,val,0.6682844,0
1396,val,0.45478633,1
1407,val,0.7085714,0
1412,val,0.7912602,0
1425,val,0.49219057,1
1455,val,0.4109253,1
1462,val,0.4516063,1
1471,val,0.5887997,1
1496,val,0.16414149,1
1513,val,0.33401734,0
1514,val,0.44517788,1
1524,val,0.47349715,1
1534,val,0.6446547,0
1546,val,0.13586238,1
1552,val,0.18142726,1
1556,val,0.55603004,1
1557,val,0.81498885,1
1559,val,0.83115286,0
1563,val,0.6615295,0
1570,val,0.19981647,1
1578,val,0.35459742,1
1592,val,0.5404935,0
1610,val,0.783951,0
1642,val,0.30952728,1
1647,val,0.4239048,0
1656,val,0.6038624,0
1657,val,0.41539717,1
1660,val,0.3825047,1
1662,val,0.51033205,1
1699,val,0.64540416,1
1707,val,0.44829947,1
1714,val,0.76976985,0
1716,val,0.6965286,1
1722,val,0.27844065,1
1727,val,0.414896,1
1750,val,0.77430624,0
1760,val,0.16196483,1
1764,val,0.69005287,1
1773,val,0.24959244,1
1792,val,0.56316394,1
1804,val,0.4115312,1
1865,val,0.68071693,0
1882,val,0.55129075,0
1907,val,0.2396613,1
1911,val,0.44477224,1
1921,val,0.36272606,0
1923,val,0.7007058,0
1926,val,0.6094722,0
1928,val,0.45282328,1
1929,val,0.5074749,1
1974,val,0.3317006,1
1988,val,0.7614501,1
2041,val,0.31976363,1
2049,val,0.8840148,0
2077,val,0.52754325,1
2102,val,0.6185627,0
2136,val,0.44043812,0
2137,val,0.7764426,1
2170,val,0.6651505,0
2181,val,0.7922881,1
2192,val,0.21676156,1
2196,val,0.42608625,1
2233,val,0.5058908,0
2235,val,0.4554245,1
2254,val,0.62235135,0
2257,val,0.4624184,1
2271,val,0.29214132,1
2272,val,0.48971924,1
2310,val,0.36738998,1
2315,val,0.5930288,0
2344,val,0.712741,0
2358,val,0.67331284,1
2369,val,0.63720405,0
2390,val,0.532731,1
2418,val,0.2279344,1
2423,val,0.6577273,0
2443,val,0.50905156,1
2461,val,0.57316226,1
2467,val,0.5636381,1
2474,val,0.81172603,0
2475,val,0.553077,0
2486,val,0.72425115,0
2489,val,0.48536447,0
2519,val,0.495747,0
2550,val,0.5969489,1
2555,val,0.15421237,1
2558,val,0.45375016,1
2559,val,0.4503595,1
2567,val,0.612008,1
2568,val,0.32757348,1
2573,val,0.7915046,0
2592,val,0.33017623,1
2595,val,0.5303338,1
2617,val,0.36143833,0
2620,val,0.22815228,1
2621,val,0.42258924,1
2677,val,0.6730767,1
2680,val,0.55958813,1
2683,val,0.28663734,1
2693,val,0.18268035,1
2695,val,0.6154004,1
2723,val,0.34811187,1
2731,val,0.33173585,1
2740,val,0.2684863,1
2760,val,0.31436583,0
2787,val,0.6798069,1
2789,val,0.23481245,1
2810,val,0.46484607,0
2819,val,0.7039882,0
2827,val,0.7021786,1
2841,val,0.64438885,0
2851,val,0.5520975,1
2867,val,0.6669421,0
2875,val,0.35140997,1
2876,val,0.35444134,1
2884,val,0.48137414,0
2890,val,0.6839648,0
2895,val,0.64974535,1
2909,val,0.4910873,1
2940,val,0.9434829,0
2944,val,0.61636764,1
2948,val,0.4755265,1
2954,val,0.67589265,1
2966,val,0.6311907,1
2973,val,0.46452066,0
2986,val,0.82617277,0
2990,val,0.36271563,1
3026,val,0.6258697,0
3028,val,0.35760903,1
3036,val,0.2732892,0
3056,val,0.45417693,1
3059,val,0.6825282,0
3064,val,0.60727715,1
3079,val,0.7502795,0
3082,val,0.8936453,0
3084,val,0.5568255,1
3102,val,0.6238674,0
3117,val,0.75118715,1
3119,val,0.61174226,1
3132,val,0.43833768,1
3137,val,0.3387895,1
3144,val,0.83294547,0
3146,val,0.8584598,0
3167,val,0.119482405,1
3181,val,0.2737188,1
3189,val,0.6100915,0
3196,val,0.15098543,1
3208,val,0.33768702,1
3213,val,0.51661885,1
3216,val,0.53315604,1
3226,val,0.43296477,0
3245,val,0.62969834,0
3250,val,0.60468346,0
3252,val,0.33760113,1
3276,val,0.6251213,1
3314,val,0.6786876,0
3337,val,0.5077008,1
3355,val,0.46485302,1
3357,val,0.40396997,1
3359,val,0.81346965,0
3366,val,0.39482757,1
3376,val,0.5992419,1
3411,val,0.70347244,0
3417,val,0.65805554,0
3418,val,0.6871928,0
3428,val,0.33096552,1
3429,val,0.32206863,1
3439,val,0.73828834,0
3450,val,0.4152443,0
3464,val,0.40283346,1
3465,val,0.9587657,0
3473,val,0.6899337,1
3478,val,0.3872776,1
3496,val,0.54114074,0
3501,val,0.67284614,0
3504,val,0.3786525,1
3542,val,0.5969599,0
3551,val,0.6171852,0
3574,val,0.63515925,1
3575,val,0.45344916,1
3580,val,0.76085305,1
3582,val,0.40990934,1
3589,val,0.31348675,1
3603,val,0.515281,1
3606,val,0.39701566,1
3621,val,0.70540583,0
3627,val,0.60613555,0
3631,val,0.3729909,1
3637,val,0.5289002,0
3640,val,0.88823116,0
3671,val,0.65071076,1
3685,val,0.6580067,1
3686,val,0.7513121,1
3695,val,0.83332884,0
3707,val,0.40017942,1
3708,val,0.81972826,1
3711,val,0.4679492,0
3717,val,0.72569263,1
3730,val,0.44013736,0
3732,val,0.5056572,1
3743,val,0.60195464,1
3763,val,0.2554628,1
3765,val,0.20842676,1
3777,val,0.21167567,1
3786,val,0.4130588,1
3811,val,0.4992624,0
3812,val,0.5545478,0
3813,val,0.6452721,0
3824,val,0.41911197,1
3849,val,0.5881269,0
3854,val,0.5788678,1
3856,val,0.40449703,1
3863,val,0.29616347,1
3882,val,0.2630499,1
3900,val,0.49119487,0
3973,val,0.38099462,1
3979,val,0.5489066,0
3982,val,0.33788848,1
3986,val,0.89004093,0
3993,val,0.32963195,1
4000,val,0.535589,0
4005,val,0.47803205,0
4014,val,0.69240534,0
4017,val,0.6000741,1
4036,val,0.48456514,1
4037,val,0.61175436,1
4042,val,0.7074165,1
4057,val,0.61651015,0
4070,val,0.69124913,1
4077,val,0.5169274,1
4097,val,0.5934553,1
4107,val,0.19913904,1
4112,val,0.38297027,1
4115,val,0.964584,0
4124,val,0.5788529,1
4134,val,0.94761723,0
4141,val,0.28194267,1
4160,val,0.21036075,1
4169,val,0.59344405,0
4174,val,0.5822869,0
4189,val,0.43707675,1
4202,val,0.30053258,1
4207,val,0.6270913,1
4265,val,0.5195965,1
4267,val,0.5842844,0
4269,val,0.3145296,1
4275,val,0.8995388,0
4285,val,0.3305963,1
4301,val,0.5927941,1
4302,val,0.45021442,1
4305,val,0.2512785,1
4317,val,0.61735386,1
4345,val,0.52477187,1
4355,val,0.4975579,0
4362,val,0.33714783,1
4374,val,0.72552997,0
4379,val,0.506976,0
4390,val,0.6538819,0
4411,val,0.6673902,0
4423,val,0.64115006,0
4424,val,0.36102545,1
4449,val,0.2318682,1
4453,val,0.5804368,0
4477,val,0.45934045,0
4480,val,0.61239046,0
4500,val,0.5604631,0
4523,val,0.7184932,1
4537,val,0.5583226,0
4539,val,0.2717425,1
4548,val,0.37252626,0
4549,val,0.6181514,1
4552,val,0.5957631,0
4558,val,0.20014152,1
4595,val,0.24419424,1
4604,val,0.58041275,1
4619,val,0.6935596,1
4637,val,0.6705743,1
4638,val,0.28151438,1
4639,val,0.57432747,0
4643,val,0.7156415,0
4655,val,0.48450986,1
4671,val,0.3655952,1
4686,val,0.58662283,1
4693,val,0.5681528,1
4710,val,0.59200704,1
4712,val,0.33723593,1
4730,val,0.7584329,1
4744,val,0.2957276,1
4761,val,0.36797276,1
4766,val,0.70497644,0
4780,val,0.343596,1
4781,val,0.53927404,1
4807,val,0.67046744,0
4809,val,0.4384456,1
4836,val,0.6435658,0
4845,val,0.5928645,0
4852,val,0.97223604,0
4870,val,0.32214978,1
4871,val,0.56351286,0
4891,val,0.46504456,1
4897,val,0.284658,1
4899,val,0.8146595,1
4914,val,0.27602813,1
4939,val,0.58625305,0
4946,val,0.3628892,1
4950,val,0.4014794,0
4954,val,0.5978574,0
4963,val,0.71797484,0
4985,val,0.42180488,1
4992,val,0.44539005,0
4996,val,0.6963877,0
5002,val,0.42161041,1
5031,val,0.51624775,1
5061,val,0.4489479,1
5064,val,0.2302416,1
5065,val,0.088534474,1
5097,val,0.5769407,1
5101,val,0.46827242,1
5128,val,0.5266148,1
5145,val,0.92812836,0
5154,val,0.3457295,1
5177,val,0.5986498,1
5183,val,0.25397494,1
5189,val,0.8146047,0
5193,val,0.6011849,1
5217,val,0.17919551,1
5233,val,0.6818019,0
5240,val,0.75262135,0
5260,val,0.47611064,1
5295,val,0.6523045,0
5297,val,0.5022981,1
5316,val,0.537359,1
5321,val,0.60459113,0
5322,val,0.27778795,1
5325,val,0.56153715,1
5364,val,0.52861935,0
5366,val,0.26992115,1
5372,val,0.58051074,0
5379,val,0.6857555,0
5386,val,0.29546633,1
5387,val,0.8753546,0
5389,val,0.77233,0
5422,val,0.33800438,1
5428,val,0.58761704,0
5446,val,0.6318246,0
5461,val,0.7029428,1
5471,val,0.6098527,1
5473,val,0.5939304,1
5503,val,0.5086188,0
5506,val,0.53273964,1
5515,val,0.6118113,0
5518,val,0.20961097,1
5525,val,0.41728187,1
5579,val,0.57331383,1
5580,val,0.23189433,1
5593,val,0.20938344,1
5596,val,0.59349364,1
5612,val,0.57399976,1
5618,val,0.95029634,0
5628,val,0.52358854,0
5639,val,0.4981306,1
5656,val,0.62655294,0
5661,val,0.5498203,1
5682,val,0.4769395,0
5719,val,0.37162387,1
5742,val,0.6595314,1
5775,val,0.9686586,0
5778,val,0.2229584,1
5785,val,0.22330882,1
5804,val,0.5105679,1
5812,val,0.42883766,1
5826,val,0.5408307,1
5838,val,0.61062586,0
5848,val,0.8417104,0
5852,val,0.8151685,1
5857,val,0.5143485,0
5858,val,0.4122404,1
5863,val,0.63347715,1
5890,val,0.3547398,1
5909,val,0.29634252,1
5912,val,0.39506593,0
5916,val,0.1509338,1
5936,val,0.4875093,0
5937,val,0.53527004,1
5943,val,0.5199456,1
5945,val,0.74146587,0
5946,val,0.34940395,0
5950,val,0.5210409,0
5968,val,0.5595689,0
5972,val,0.825067,1
5976,val,0.7202104,0
5991,val,0.55614316,1
5995,val,0.32395634,1
6007,val,0.40618363,0
6021,val,0.586939,1
6025,val,0.97739214,0
6043,val,0.6166733,0
6060,val,0.60956556,0
6065,val,0.6645795,0
6066,val,0.70531905,0
6067,val,0.5362127,0
6087,val,0.42226377,1
6089,val,0.4870023,0
6107,val,0.60697085,1
6115,val,0.26677704,1
6119,val,0.73819655,0
6125,val,0.17713837,1
6147,val,0.29088193,1
6154,val,0.3206367,1
6166,val,0.25129333,1
6181,val,0.6160724,1
6191,val,0.6932579,0
6193,val,0.52288413,1
6195,val,0.57978904,0
6202,val,0.5732231,1
6247,val,0.19770251,1
6279,val,0.56934714,1
6281,val,0.75653666,0
6282,val,0.3792249,1
6288,val,0.6114136,1
6301,val,0.20860198,1
6304,val,0.4923674,1
6307,val,0.5281612,1
6315,val,0.32952836,1
6323,val,0.32561672,1
6337,val,0.6125418,0
6340,val,0.60222703,0
6349,val,0.21980865,1
6364,val,0.5596193,1
6369,val,0.44596997,1
6408,val,0.34068552,1
6414,val,0.3010229,0
6423,val,0.5851426,0
6436,val,0.6878798,0
6450,val,0.3683328,0
6470,val,0.12550054,1
6480,val,0.6869831,1
6505,val,0.36616623,1
6511,val,0.36570132,1
6523,val,0.2841002,1
6555,val,0.49074998,0
6556,val,0.65723383,1
6571,val,0.46441486,1
6600,val,0.45357347,1
6607,val,0.55425936,1
6610,val,0.5821837,1
6644,val,0.70110476,1
6649,val,0.42645726,1
6655,val,0.5318438,1
6669,val,0.1844488,1
6707,val,0.15146056,0
6710,val,0.6383533,1
6730,val,0.9431059,0
6766,val,0.6800731,0
6792,val,0.51810765,0
6810,val,0.46460497,0
6836,val,0.41493252,1
6865,val,0.5172165,0
6907,val,0.5078208,1
6921,val,0.79218113,1
6934,val,0.48365623,1
6948,val,0.74957496,1
6960,val,0.509881,1
6961,val,0.60946596,1
6981,val,0.41574344,0
7001,val,0.61980426,0
7010,val,0.68881243,0
7017,val,0.32070115,0
7026,val,0.53422177,0
7027,val,0.35586202,1
7067,val,0.55565447,0
7069,val,0.5303046,1
7099,val,0.7429536,1
7112,val,0.70322806,0
7115,val,0.8023813,1
7144,val,0.13686904,1
7145,val,0.27649388,1
7153,val,0.3119834,1
7155,val,0.79883933,0
7184,val,0.50034684,1
7195,val,0.12792899,1
7217,val,0.6086821,0
7218,val,0.52199924,0
7231,val,0.65492177,1
7236,val,0.8951901,0
7247,val,0.52201515,1
7252,val,0.7241311,0
7276,val,0.4066925,0
7283,val,0.41957018,0
7313,val,0.6721681,0
7317,val,0.5195786,1
7347,val,0.88142294,0
7351,val,0.48566827,1
7352,val,0.32493216,0
7368,val,0.67575514,1
7370,val,0.25771534,1
7372,val,0.7310418,1
7373,val,0.62824756,1
7379,val,0.53884506,1
7386,val,0.83189154,1
7390,val,0.76582474,0
7399,val,0.96283484,0
7406,val,0.7476256,0
7417,val,0.5045281,1
7424,val,0.7522896,0
7430,val,0.48017454,1
7440,val,0.24669267,1
7442,val,0.20100704,1
7443,val,0.6942014,0
7454,val,0.5840478,1
7462,val,0.77589095,0
7479,val,0.92850673,0
7488,val,0.633401,1
7504,val,0.5817049,0
7515,val,0.51437867,0
7516,val,0.7354871,0
7517,val,0.65691227,1
7519,val,0.6330844,0
7528,val,0.68515885,1
7538,val,0.4011273,0
7540,val,0.7720775,1
7554,val,0.62414366,1
7555,val,0.408071,0
7573,val,0.67809707,0
7580,val,0.40733522,1
7582,val,0.5806879,0
7589,val,0.5948191,0
7590,val,0.74086434,0
7595,val,0.512563,0
7612,val,0.37858292,1
7640,val,0.5457267,1
7650,val,0.43601093,0
7656,val,0.8001237,1
7680,val,0.3139489,0
7696,val,0.71450526,1
7704,val,0.81077206,0
7717,val,0.5165765,1
7722,val,0.117716245,1
7724,val,0.58140564,0
7729,val,0.5324978,0
7731,val,0.2880718,0
7753,val,0.73460174,1
7754,val,0.23820461,1
7766,val,0.7553576,1
7783,val,0.6802763,1
7785,val,0.4088277,1
7794,val,0.65484726,1
7795,val,0.4214403,1
7819,val,0.66231656,1
7828,val,0.27434784,1
7830,val,0.76613456,0
7831,val,0.4094855,1
7838,val,0.5231245,1
7840,val,0.52929014,1
7841,val,0.23785764,0
7849,val,0.63175637,1
7863,val,0.45450363,0
7865,val,0.68814856,0
7872,val,0.5672644,0
7874,val,0.42455417,1
7879,val,0.6915083,1
7897,val,0.21460366,0
7905,val,0.77050287,0
7929,val,0.34884647,0
7948,val,0.7720781,0
7967,val,0.33204666,1
7968,val,0.5216758,1
7985,val,0.81465584,0
7987,val,0.41485462,1
7991,val,0.68794084,0
7994,val,0.64768785,0
7999,val,0.6268789,0
8015,val,0.35787886,0
8016,val,0.47543603,0
8017,val,0.76539385,0
8029,val,0.68293625,0
8036,val,0.47727504,1
8042,val,0.4710184,0
8055,val,0.8540972,0
8061,val,0.460468,1
8095,val,0.14180943,1
8104,val,0.29499295,1
8125,val,0.45271543,1
8130,val,0.36050624,0
8132,val,0.529515,1
8175,val,0.4615643,1
8189,val,0.20579773,1
8202,val,0.61461085,0
8241,val,0.12103961,1
8252,val,0.3752209,1
8253,val,0.3924828,1
8254,val,0.16523215,1
8285,val,0.39443624,1
8314,val,0.72446203,0
8317,val,0.56609774,0
8321,val,0.65744656,0
8384,val,0.68659496,0
8402,val,0.42849624,1
8414,val,0.29093286,1
8436,val,0.2132572,1
8441,val,0.733664,0
8443,val,0.33795264,1
8474,val,0.5511633,0
8478,val,0.4512142,1
8481,val,0.5956276,0
8484,val,0.6442142,0
8491,val,0.3713999,1
8501,val,0.5321931,0
8504,val,0.5556931,0
8520,val,0.7640655,0
8528,val,0.55475867,0
8535,val,0.7784949,1
8538,val,0.47951365,1
8554,val,0.54767454,0
8557,val,0.7506183,0
8565,val,0.48194912,1
8574,val,0.4846821,1
8575,val,0.7350336,0
8576,val,0.49873188,0
8580,val,0.4172077,1
8586,val,0.7769442,0
8602,val,0.69104713,1
8604,val,0.31922007,1
8609,val,0.4298581,1
8626,val,0.29814887,1
8631,val,0.73352206,1
8636,val,0.5288371,1
8637,val,0.4597439,1
8646,val,0.6628289,0
8662,val,0.09949757,1
8667,val,0.20298332,1
8673,val,0.18771292,1
8687,val,0.40874726,1
8691,val,0.33190703,1
8692,val,0.6885706,1
8697,val,0.7220468,1
8701,val,0.6450846,1
8705,val,0.5166978,1
8708,val,0.37853798,1
8720,val,0.5758174,0
8729,val,0.32807413,1
8732,val,0.7268292,0
8745,val,0.74880606,0
8753,val,0.60491145,1
8757,val,0.47714916,0
8763,val,0.30043182,1
8769,val,0.6384622,0
8782,val,0.49965274,1
8785,val,0.73679125,1
8788,val,0.27449936,0
8798,val,0.6659489,0
8800,val,0.21769418,1
8815,val,0.7708937,0
8828,val,0.30987325,1
8829,val,0.5551499,1
8832,val,0.74042946,0
8842,val,0.4078308,1
8853,val,0.8191377,0
8858,val,0.3785339,0
8877,val,0.4733981,1
8878,val,0.56501794,0
8882,val,0.2816204,1
8886,val,0.6998918,0
8892,val,0.071163334,1
8899,val,0.44675606,0
8901,val,0.50256383,1
8908,val,0.6187532,1
8928,val,0.3015933,0
8936,val,0.54318863,0
8991,val,0.39640623,1
9001,val,0.1499763,1
9031,val,0.42063296,1
9032,val,0.8702958,0
9034,val,0.6874541,0
9039,val,0.09002773,0
9040,val,0.64751506,0
9048,val,0.41373158,1
9051,val,0.28259873,1
9058,val,0.2638517,1
9062,val,0.60380125,1
9067,val,0.6665686,0
9078,val,0.22302797,1
9095,val,0.42225367,1
9100,val,0.6011867,0
9107,val,0.48483333,1
9135,val,0.6072457,0
9152,val,0.6680566,0
9160,val,0.5020018,1
9167,val,0.40583858,1
9177,val,0.6710198,1
9180,val,0.782574,0
9196,val,0.64797944,0
9199,val,0.43670464,1
9210,val,0.35006124,1
9212,val,0.61112124,1
9219,val,0.33354694,1
9222,val,0.4675346,1
9226,val,0.64811456,1
9227,val,0.12154032,1
9231,val,0.39061934,1
9233,val,0.62117565,0
9239,val,0.20701002,1
9241,val,0.6789271,1
9260,val,0.5256001,0
9274,val,0.74670947,0
9282,val,0.6661313,0
9293,val,0.7308274,0
9323,val,0.31395125,1
9330,val,0.31873125,1
9344,val,0.5211368,1
9351,val,0.35787043,1
9359,val,0.7813731,0
9369,val,0.34880742,1
9376,val,0.50454843,1
9389,val,0.85199094,1
9396,val,0.16445561,1
9401,val,0.46397588,0
9438,val,0.6134636,1
9473,val,0.318125,1
9475,val,0.32612583,1
9476,val,0.662103,1
9523,val,0.31687027,1
9536,val,0.5840491,0
9565,val,0.35213584,1
9603,val,0.5802587,1
9607,val,0.5136581,1
9610,val,0.61432683,1
9631,val,0.35035008,1
9642,val,0.5877983,1
9643,val,0.59339243,1
9674,val,0.6620012,1
9707,val,0.14408572,1
9716,val,0.3449752,1
9727,val,0.3494676,1
9741,val,0.4711993,1
9751,val,0.5333598,1
9755,val,0.5103296,1
9764,val,0.34927988,1
9799,val,0.7343981,0
9830,val,0.47547096,1
9831,val,0.33485556,1
9861,val,0.67114234,1
9871,val,0.5455663,0
9872,val,0.36329058,1
9873,val,0.74332404,1
9881,val,0.51473266,1
9887,val,0.3484952,1
9889,val,0.51722854,1
9890,val,0.6221355,1
9899,val,0.521786,1
9972,val,0.4497347,1
10006,val,0.3591019,1
10008,val,0.6023463,1
10045,val,0.7606062,0
10054,val,0.28588006,1
10060,val,0.5784882,0
10061,val,0.58532315,1
10063,val,0.48344684,1
10094,val,0.19818749,1
10096,val,0.55900395,1
10106,val,0.9184664,0
10109,val,0.20377198,1
10115,val,0.7966508,0
10124,val,0.29502404,1
10145,val,0.40727112,0
10172,val,0.26261362,1
10174,val,0.5140758,0
10179,val,0.7297275,1
10193,val,0.92385304,0
10194,val,0.7346201,0
10221,val,0.66949856,0
10225,val,0.62409973,0
10229,val,0.5021742,1
10233,val,0.68459845,1
10245,val,0.35548255,1
10249,val,0.60858583,1
10262,val,0.5829721,0
10267,val,0.32593596,1
10272,val,0.6368987,0
10280,val,0.20762888,1
10286,val,0.7174207,0
10291,val,0.48416215,1
10303,val,0.78528196,1
10304,val,0.45628792,1
10313,val,0.70575523,0
10314,val,0.56560296,0
10327,val,0.37876382,1
10336,val,0.626264,0
10337,val,0.24032545,1
10338,val,0.30799505,1
10347,val,0.4131083,1
10368,val,0.585753,0
10376,val,0.3263059,1
10378,val,0.568002,0
10386,val,0.1968798,0
10398,val,0.49712145,0
10414,val,0.54268694,1
10429,val,0.49943233,1
10466,val,0.81195647,0
10476,val,0.6472016,0
10501,val,0.4546099,0
10502,val,0.40991133,1
10513,val,0.38912064,0
10516,val,0.9668043,0
10540,val,0.6459052,0
10545,val,0.7577959,0
10557,val,0.16407658,1
10579,val,0.23925471,1
10588,val,0.6747795,0
10623,val,0.1549881,1
10646,val,0.5856044,1
10652,val,0.439281,1
10653,val,0.568499,0
10663,val,0.5395689,1
10670,val,0.17268868,1
10675,val,0.7909522,0
10688,val,0.40611228,1
10692,val,0.7085248,1
10695,val,0.45916122,1
10703,val,0.7632643,0
10710,val,0.60901725,1
10712,val,0.53677356,1
10723,val,0.16581407,1
10739,val,0.06351387,1
10747,val,0.5258639,0
10755,val,0.7297277,0
10787,val,0.4462423,1
10789,val,0.9186848,0
10791,val,0.6101596,1
10793,val,0.60031676,0
10808,val,0.8174507,1
10846,val,0.6208147,0
10847,val,0.53922325,0
10858,val,0.6397623,1
10863,val,0.663356,0
10874,val,0.5262148,0
10887,val,0.35502234,1
10919,val,0.5950775,1
10923,val,0.45856854,0
10924,val,0.73617417,1
10930,val,0.28154713,1
10934,val,0.17987037,1
10935,val,0.27053493,1
10940,val,0.6501153,1
10963,val,0.28904477,1
10973,val,0.41954604,1
10995,val,0.18118028,1
11021,val,0.7814111,1
11032,val,0.8190266,0
11042,val,0.5584225,1
11065,val,0.3803652,1
11066,val,0.69994503,1
11091,val,0.73820835,0
11104,val,0.5564152,1
11119,val,0.69130725,0
11121,val,0.716113,1
11123,val,0.59056324,1
11132,val,0.5201748,0
11147,val,0.67583406,0
11150,val,0.6623955,1
11151,val,0.5358244,0
11154,val,0.80637085,0
11155,val,0.45927417,1
11175,val,0.39668804,1
11177,val,0.81137383,1
11192,val,0.6245904,1
11194,val,0.77886385,0
11259,val,0.7643998,1
11266,val,0.5305083,1
11278,val,0.3964677,1
11279,val,0.77352536,1
11281,val,0.5667032,0
11288,val,0.27945977,1
11301,val,0.53956145,0
11312,val,0.36092195,1
11316,val,0.60371286,1
11321,val,0.34338447,1
11331,val,0.5545702,0
11333,val,0.44944558,1
11350,val,0.5052863,1
11355,val,0.4180664,1
11370,val,0.33616784,1
11373,val,0.5303454,0
11384,val,0.38496685,1
11403,val,0.77304626,1
11417,val,0.2276011,1
11422,val,0.73224074,0
11423,val,0.21961851,1
11433,val,0.7789985,0
11441,val,0.6548753,1
11446,val,0.27542785,1
11463,val,0.72853893,0
11506,val,0.7637429,0
11545,val,0.6492234,1
11555,val,0.25169927,1
11558,val,0.49263632,1
11574,val,0.57776535,0
11590,val,0.67579967,1
11597,val,0.3159091,1
11604,val,0.5337558,1
11611,val,0.5479608,1
11619,val,0.25759518,1
11626,val,0.32151932,1
11636,val,0.611115,1
11638,val,0.29588303,1
11640,val,0.5769408,0
11642,val,0.5290084,1
11648,val,0.6940926,1
11670,val,0.5012854,0
11741,val,0.74733764,0
11761,val,0.65118253,1
11762,val,0.37129113,1
11764,val,0.7216895,0
11793,val,0.33173606,1
11800,val,0.46899232,1
11805,val,0.26971188,1
11814,val,0.39206874,0
11819,val,0.5276797,1
11838,val,0.50803226,1
11841,val,0.7691772,0
11905,val,0.5669274,1
11912,val,0.6460291,0
11916,val,0.24575359,1
11917,val,0.44475225,1
11920,val,0.2821554,1
11923,val,0.6571673,0
11925,val,0.8228148,0
11926,val,0.7331892,0
11934,val,0.8218705,0
11940,val,0.7659043,0
11942,val,0.6609177,0
11949,val,0.8017002,0
11951,val,0.6281191,0
11959,val,0.4009654,1
11989,val,0.61883646,1
11995,val,0.27963522,1
12017,val,0.66777796,0
12025,val,0.5239636,1
12027,val,0.4203217,1
12050,val,0.69154185,1
12053,val,0.71314484,1
12064,val,0.5533287,1
12067,val,0.7331509,0
12093,val,0.35033667,1
12101,val,0.18881954,1
12108,val,0.69622666,0
12113,val,0.95635676,0
12114,val,0.35323256,1
12116,val,0.26847404,1
12132,val,0.18628106,1
12138,val,0.65660393,0
12143,val,0.5476976,1
12147,val,0.34096316,1
12155,val,0.47470492,1
12158,val,0.50888294,1
12171,val,0.7573155,0
12180,val,0.49595404,1
12200,val,0.6088692,0
12201,val,0.6441171,0
12216,val,0.35711646,1
12219,val,0.42327592,1
12239,val,0.48407727,1
12251,val,0.23663679,1
12275,val,0.2583057,1
12304,val,0.8651759,0
12314,val,0.52203435,0
12334,val,0.62995535,1
12336,val,0.24175335,1
12337,val,0.63284713,1
12338,val,0.5376816,0
12344,val,0.6151388,1
12352,val,0.3766261,1
12358,val,0.44489205,0
12361,val,0.67732304,1
12364,val,0.31934416,1
12367,val,0.83219415,0
12403,val,0.5010141,1
12424,val,0.48413223,1
12425,val,0.5993713,1
12451,val,0.6300635,0
12460,val,0.8645087,0
12472,val,0.62423253,1
12473,val,0.25167173,1
12479,val,0.2916122,1
12483,val,0.63014513,0
12493,val,0.31653833,1
12495,val,0.64010274,1
12512,val,0.528049,0
12522,val,0.53782576,0
12537,val,0.17892992,1
12551,val,0.4402393,0
12553,val,0.6034162,0
12570,val,0.51598835,1
12578,val,0.35550717,1
12591,val,0.48355567,0
12595,val,0.34160042,1
12605,val,0.7515277,1
12615,val,0.50097895,1
12621,val,0.73267835,0
12648,val,0.3232259,1
12652,val,0.6552925,1
12659,val,0.27165556,1
12668,val,0.2026293,1
12714,val,0.5541575,1
12717,val,0.5308627,1
12723,val,0.51787204,0
12736,val,0.6079557,1
12742,val,0.5754537,0
12750,val,0.36821482,1
12776,val,0.67375994,1
12779,val,0.6715663,1
12789,val,0.49427047,1
12792,val,0.5310061,1
12805,val,0.7972961,0
12809,val,0.36084503,1
12829,val,0.3559208,1
12838,val,0.5088093,1
12843,val,0.5673949,1
12844,val,0.51951236,1
12850,val,0.4157956,0
12860,val,0.5930544,1
12867,val,0.4273451,0
12894,val,0.24681504,1
12898,val,0.7203208,0
12912,val,0.29192865,1
12918,val,0.85253686,0
12933,val,0.24429207,1
12942,val,0.1976494,1
12953,val,0.4740625,1
13001,val,0.49666172,1
13003,val,0.4865734,0
13011,val,0.47798827,0
13014,val,0.7592742,0
13045,val,0.47420532,0
13048,val,0.60563743,0
13080,val,0.4887785,0
13097,val,0.48060963,0
13113,val,0.21571124,1
13121,val,0.5302864,1
13123,val,0.6470237,0
13134,val,0.48938105,0
13136,val,0.41633925,1
13144,val,0.68143374,0
13147,val,0.43867388,1
13156,val,0.78742456,0
13162,val,0.3215462,1
13163,val,0.82936424,1
13175,val,0.5226909,1
13189,val,0.9450658,0
13209,val,0.36733285,0
13215,val,0.58608955,1
13216,val,0.27422374,1
13239,val,0.21332477,1
13256,val,0.6118106,0
13257,val,0.542394,1
13259,val,0.6816801,0
13261,val,0.44933298,1
13284,val,0.7707823,0
13293,val,0.35584682,1
13307,val,0.21476652,1
13312,val,0.49381927,1
13317,val,0.45698416,0
13329,val,0.42108878,0
13335,val,0.420773,1
13341,val,0.721598,1
13372,val,0.4864025,1
13374,val,0.54473686,1
13402,val,0.16772974,1
13411,val,0.578834,0
13427,val,0.5694945,1
13431,val,0.26218215,1
13438,val,0.5442911,1
13452,val,0.6013727,0
13457,val,0.6441948,1
13477,val,0.43523338,1
13486,val,0.10810304,1
13499,val,0.7944758,0
13501,val,0.72483975,0
13510,val,0.45297578,0
13514,val,0.70430505,1
13523,val,0.175575,1
13525,val,0.712662,0
13530,val,0.8028161,0
13531,val,0.86944383,1
13568,val,0.5091479,1
13574,val,0.45289153,1
13583,val,0.4782134,0
13591,val,0.4436923,1
13618,val,0.6896374,0
13625,val,0.18851553,1
13628,val,0.70133317,0
13641,val,0.5272215,1
13646,val,0.5719772,1
13656,val,0.4985433,1
13680,val,0.571249,1
13682,val,0.4515693,1
13695,val,0.16442205,1
13712,val,0.76248336,0
13714,val,0.33957285,1
13730,val,0.48494023,1
13731,val,0.66551197,0
13747,val,0.463372,0
13757,val,0.47983247,1
13759,val,0.72040814,1
13760,val,0.5058269,0
13763,val,0.31972256,1
13767,val,0.68780935,1
13772,val,0.4429436,1
13773,val,0.60470873,0
13781,val,0.5444151,1
13796,val,0.22181848,1
13813,val,0.71473336,1
13814,val,0.18167113,1
13816,val,0.57533884,0
13821,val,0.5880994,0
13836,val,0.54784316,1
13838,val,0.39426866,1
13843,val,0.37477058,1
13845,val,0.27196732,1
13879,val,0.5549202,1
13885,val,0.1332961,1
13928,val,0.45667922,0
13939,val,0.25443584,1
13949,val,0.8422174,1
13960,val,0.7354641,0
13966,val,0.77972674,0
13968,val,0.44472146,1
13970,val,0.9017722,0
13971,val,0.46597347,1
13982,val,0.42305055,1
13987,val,0.68017477,0
13996,val,0.7249178,1
13998,val,0.29946768,1
14002,val,0.67888266,1
14022,val,0.59418947,1
14043,val,0.1098833,1
14044,val,0.38258982,1
14054,val,0.20891747,1
14065,val,0.74333525,0
14083,val,0.6240455,0
14086,val,0.5666816,1
14097,val,0.7284212,0
14105,val,0.57049257,0
14114,val,0.38808075,1
14128,val,0.30121696,0
14145,val,0.44679132,0
14150,val,0.51664,0
14165,val,0.3798035,1
14182,val,0.5709991,0
14185,val,0.372801,1
14195,val,0.6821646,1
14201,val,0.62427014,0
14222,val,0.19853875,1
14239,val,0.68941003,0
14247,val,0.5739174,1
14251,val,0.37344432,1
14257,val,0.67695475,1
14265,val,0.25617883,1
14268,val,0.4262543,1
14271,val,0.44228694,1
14280,val,0.8164734,0
14293,val,0.50817096,0
14296,val,0.26145875,0
14302,val,0.51066315,1
14322,val,0.6797052,1
14341,val,0.4390211,1
14348,val,0.74859893,0
14371,val,0.9295378,0
14390,val,0.7051373,1
14399,val,0.61230475,0
14403,val,0.22070396,1
14406,val,0.4148757,1
14414,val,0.29041892,1
14415,val,0.2674847,1
14417,val,0.4598776,1
14436,val,0.43745017,1
14437,val,0.20301616,1
14443,val,0.64799154,0
14444,val,0.31335443,1
14447,val,0.3204565,1
14449,val,0.18932737,1
14458,val,0.30776587,1
14489,val,0.17431764,1
14499,val,0.5084898,1
14509,val,0.5981739,1
14525,val,0.4063436,1
14530,val,0.77790976,0
14543,val,0.35253763,1
14577,val,0.19991346,1
14578,val,0.7040651,0
14585,val,0.9227595,0
14586,val,0.76353014,1
14587,val,0.5276248,0
14593,val,0.27295864,1
14610,val,0.27366745,1
14616,val,0.34182048,1
14627,val,0.5522555,0
14643,val,0.2884952,1
14664,val,0.4467576,1
14676,val,0.9273737,0
14695,val,0.33872747,1
14767,val,0.6673902,1
14769,val,0.51166654,1
14776,val,0.5982388,1
14778,val,0.8055229,1
14791,val,0.7146413,0
14795,val,0.5479464,1
14797,val,0.3986164,0
14809,val,0.6746143,1
14813,val,0.36822167,0
14816,val,0.21686259,1
14836,val,0.78844064,1
14838,val,0.54558176,1
14865,val,0.96029085,0
14872,val,0.46974084,0
14875,val,0.67837226,0
14881,val,0.7764157,0
14904,val,0.7920874,0
14906,val,0.5337374,1
14909,val,0.4502784,1
14919,val,0.7337746,0
14922,val,0.34979558,1
14928,val,0.2661613,1
14991,val,0.2557443,1
14992,val,0.35276657,0
14997,val,0.5805639,0
15012,val,0.66082096,0
15017,val,0.32938656,1
15021,val,0.8277459,0
15042,val,0.6299089,0
15056,val,0.6785388,0
15097,val,0.33435553,0
15104,val,0.4861331,1
15121,val,0.45384493,0
15149,val,0.60152185,1
15150,val,0.4602159,1
15165,val,0.6451155,1
15212,val,0.34596878,0
15215,val,0.5078227,1
15216,val,0.40041837,0
15220,val,0.50767016,1
15240,val,0.46647704,1
15249,val,0.6336346,0
15254,val,0.3716908,1
15261,val,0.5202152,1
15272,val,0.525669,0
15292,val,0.22270553,1
15299,val,0.6225111,1
15302,val,0.7392017,0
15326,val,0.4922665,0
15336,val,0.49546543,1
15339,val,0.6037892,0
15346,val,0.7801311,0
15356,val,0.37311456,0
15367,val,0.34485605,1
15388,val,0.7440778,0
15389,val,0.6775993,1
15407,val,0.7202132,0
15415,val,0.5829147,1
15456,val,0.5098372,1
15467,val,0.13919128,1
15474,val,0.60628664,0
15476,val,0.3606678,1
15478,val,0.56009376,1
15481,val,0.75202096,1
15487,val,0.62710744,0
15499,val,0.51931363,0
15501,val,0.26906723,1
15508,val,0.87831515,0
15527,val,0.6153035,1
15534,val,0.598148,0
15546,val,0.23501311,1
15547,val,0.81307054,1
15555,val,0.6028314,0
15570,val,0.5746763,0
15582,val,0.688472,0
15610,val,0.5013745,1
15621,val,0.570156,0
15624,val,0.7209519,0
15642,val,0.46098548,1
15662,val,0.7280076,1
15670,val,0.6167044,1
15674,val,0.32454538,1
15703,val,0.5272045,1
15705,val,0.7132259,1
15707,val,0.44347423,1
15722,val,0.5369309,0
15734,val,0.38444284,0
15740,val,0.7067481,0
15742,val,0.39634854,0
15745,val,0.6470863,0
15747,val,0.68293005,0
15754,val,0.52045923,1
15756,val,0.43581352,0
15766,val,0.67301744,1
15774,val,0.46478146,1
15783,val,0.8083748,0
15785,val,0.46345603,1
15806,val,0.16155584,1
15828,val,0.5410076,0
15834,val,0.6724691,0
15855,val,0.6136423,0
15859,val,0.55824244,0
15872,val,0.6917961,0
15875,val,0.3361852,0
15876,val,0.73512423,1
15885,val,0.19904509,0
15887,val,0.5141947,0
15921,val,0.65669554,0
15954,val,0.5432054,1
15974,val,0.2979775,1
15976,val,0.7280583,1
15987,val,0.38996223,0
15989,val,0.317641,1
15990,val,0.55843234,0
15994,val,0.664523,0
16000,val,0.5423306,0
16002,val,0.6305813,1
16011,val,0.6008995,0
16016,val,0.7759351,0
16037,val,0.54147446,1
16096,val,0.47113577,0
16108,val,0.68636984,1
16128,val,0.50089973,1
16141,val,0.6717251,0
16143,val,0.54917926,0
16145,val,0.43506834,1
16146,val,0.72419506,1
16147,val,0.6922738,1
16150,val,0.6982388,0
16167,val,0.5016796,0
16191,val,0.66239774,1
16194,val,0.59856004,1
16215,val,0.73526543,0
16231,val,0.4899904,1
16236,val,0.77159715,0
16282,val,0.37092665,1
16323,val,0.5243927,0
16329,val,0.19578472,0
16339,val,0.616786,0
16356,val,0.26406634,1
16365,val,0.5435896,0
16373,val,0.36747447,1
16379,val,0.13663632,1
16383,val,0.6291566,0
16387,val,0.7632834,0
16400,val,0.7196536,0
16444,val,0.43127653,1
16445,val,0.64067715,0
16452,val,0.35182896,1
16453,val,0.40296757,1
16471,val,0.6037423,0
16477,val,0.49855128,0
16482,val,0.37338504,1
16499,val,0.57578206,0
16512,val,0.32034722,1
16515,val,0.13517483,1
16536,val,0.5890717,0
16557,val,0.5554689,1
16573,val,0.7493699,0
16585,val,0.19871552,1
16630,val,0.4076371,1
16638,val,0.30186316,0
16644,val,0.51613086,1
16653,val,0.513811,0
16662,val,0.6828605,0
16675,val,0.1233114,1
16676,val,0.72254544,1
16684,val,0.61019295,0
16698,val,0.17330936,1
16701,val,0.7171348,0
16722,val,0.55468726,1
16726,val,0.61994797,1
16728,val,0.39244083,1
16744,val,0.37188104,1
16747,val,0.6890573,0
16751,val,0.5137973,1
16757,val,0.15748972,1
16758,val,0.71534187,1
16763,val,0.38545504,1
16767,val,0.34818074,1
16776,val,0.62250155,0
16781,val,0.37365958,0
16782,val,0.53868324,0
16823,val,0.19253361,1
16825,val,0.6374911,0
16833,val,0.50080436,1
16837,val,0.9017527,1
16843,val,0.9105642,0
16847,val,0.2906252,1
16852,val,0.52225536,1
16857,val,0.40103975,1
16919,val,0.24709238,0
16922,val,0.76352745,1
16931,val,0.32107982,1
16935,val,0.72311753,0
16948,val,0.4435434,1
16971,val,0.21455403,1
16974,val,0.369237,0
16976,val,0.6791035,0
16980,val,0.73213834,0
17011,val,0.32902604,1
17015,val,0.43783966,1
17025,val,0.37827125,1
17029,val,0.23517716,1
17032,val,0.20809768,1
17040,val,0.38585052,1
17051,val,0.62916815,0
17053,val,0.2977906,1
17057,val,0.8585827,0
17060,val,0.58588165,1
17079,val,0.41237465,0
17142,val,0.51850003,1
17154,val,0.8131926,1
17159,val,0.5457929,0
17162,val,0.66948277,1
17179,val,0.3056818,0
17190,val,0.5640042,0
17192,val,0.5723848,1
17198,val,0.45123345,0
17202,val,0.6236227,0
17203,val,0.22046569,1
17231,val,0.60779256,0
17233,val,0.7563055,0
17238,val,0.60744494,0
17257,val,0.5471871,0
17268,val,0.7802044,0
17269,val,0.5985137,1
17275,val,0.7031867,0
17276,val,0.48543218,1
17278,val,0.77627057,1
17283,val,0.28209612,1
17299,val,0.5302515,0
17311,val,0.55049896,0
17318,val,0.38605568,0
17344,val,0.6144425,1
17345,val,0.39790872,0
17367,val,0.65014833,1
17369,val,0.35765463,1
17374,val,0.78772664,0
17402,val,0.717924,1
17405,val,0.8536179,0
17417,val,0.5210663,0
17420,val,0.70382386,1
17432,val,0.5602298,0
17433,val,0.74192345,1
17437,val,0.5337553,0
17439,val,0.70498335,0
17443,val,0.71938354,1
17445,val,0.5720423,1
17455,val,0.49599665,1
17460,val,0.44453534,1
17462,val,0.79131013,0
17486,val,0.639621,1
17499,val,0.5900179,1
17508,val,0.59956145,1
17517,val,0.5981915,0
17523,val,0.5550385,0
17536,val,0.6509343,1
17538,val,0.55945045,0
17550,val,0.26267278,1
17558,val,0.54448426,1
17580,val,0.46038875,0
17584,val,0.49773353,1
17587,val,0.6778956,0
17595,val,0.568247,0
17601,val,0.934069,1
17613,val,0.6565693,1
17622,val,0.62953275,0
17628,val,0.5265195,0
17683,val,0.48895535,1
17686,val,0.6314621,1
17695,val,0.82927716,0
17696,val,0.360297,1
17698,val,0.5897807,0
17712,val,0.46714357,0
17728,val,0.49584648,0
17740,val,0.504404,0
17766,val,0.5693156,0
17793,val,0.66747934,1
17803,val,0.29625088,0
17816,val,0.5987204,1
17818,val,0.52959883,1
17861,val,0.58494145,0
17862,val,0.57987833,1
17870,val,0.44941944,1
17875,val,0.53577757,0
17882,val,0.29221907,0
17905,val,0.8308152,1
17919,val,0.71488863,0
17921,val,0.43652123,1
17929,val,0.6454289,1
17948,val,0.2517539,0
17953,val,0.7354188,0
17959,val,0.6377895,0
18013,val,0.52026683,1
18027,val,0.9726418,0
18031,val,0.20494428,1
18036,val,0.50614786,0
18053,val,0.78346556,1
18054,val,0.6215565,1
18059,val,0.09633739,1
18066,val,0.5784854,0
18080,val,0.75182104,0
18093,val,0.56347585,1
18113,val,0.8585673,0
18121,val,0.2612265,0
18126,val,0.52477264,1
18136,val,0.65777683,0
18139,val,0.18607324,1
18140,val,0.7136178,1
18157,val,0.37179914,1
18169,val,0.443414,0
18171,val,0.44984642,1
18173,val,0.36120394,1
18175,val,0.65031016,0
18177,val,0.5022027,0
18188,val,0.12696974,1
18194,val,0.19394852,0
18215,val,0.30820072,1
18225,val,0.7909579,0
18227,val,0.65333295,1
18240,val,0.33500895,0
18250,val,0.8004107,1
18255,val,0.5930365,1
18263,val,0.49690777,1
18284,val,0.8118373,1
18302,val,0.6333602,0
18333,val,0.8264316,1
18347,val,0.78653115,0
18363,val,0.49337193,0
18387,val,0.42384672,0
18398,val,0.82182735,0
18409,val,0.7217678,1
18419,val,0.20200323,1
18422,val,0.56463754,1
18423,val,0.5366885,1
18428,val,0.55888206,1
18458,val,0.34283376,0
18459,val,0.7164486,1
18469,val,0.28354645,0
18497,val,0.65730447,1
18519,val,0.81414485,1
18584,val,0.6794458,0
18600,val,0.32463327,1
18603,val,0.14131989,1
18605,val,0.47751343,0
18629,val,0.42180815,1
18631,val,0.66517633,1
18633,val,0.31626037,1
18646,val,0.6710431,0
18649,val,0.70935255,0
18657,val,0.21592498,1
18662,val,0.8193922,1
18681,val,0.6952837,0
18694,val,0.6381981,1
18709,val,0.5755144,0
18717,val,0.5697683,0
18718,val,0.75058275,1
18731,val,0.51705915,0
18744,val,0.8271481,1
18760,val,0.63270175,0
18764,val,0.20015007,1
18786,val,0.411896,1
18788,val,0.48506278,1
18794,val,0.48052645,0
18800,val,0.55559665,1
18802,val,0.40306497,1
18805,val,0.63279444,0
18858,val,0.47497436,1
18861,val,0.3928657,1
18863,val,0.76526624,0
18877,val,0.5690987,1
18883,val,0.7436694,0
18897,val,0.64528745,1
18900,val,0.65352726,0
18910,val,0.4577044,0
18911,val,0.37337363,1
18932,val,0.6069786,1
18941,val,0.426976,1
18942,val,0.36455026,1
18944,val,0.7323501,1
18950,val,0.58708966,0
18963,val,0.49390146,0
18969,val,0.4507469,1
18971,val,0.54589385,1
18972,val,0.52924323,0
18980,val,0.69534546,0
18985,val,0.46381265,1
18990,val,0.5225367,1
18995,val,0.5524143,1
19000,val,0.5456856,1
19005,val,0.702774,0
19015,val,0.46791282,1
19026,val,0.6273365,1
19045,val,0.6947182,1
19047,val,0.4966016,0
19064,val,0.5895284,1
19075,val,0.54411256,1
19113,val,0.5009434,1
19117,val,0.79482675,1
19120,val,0.75159836,0
19141,val,0.43965057,1
19148,val,0.64129126,1
19149,val,0.5243975,1
19150,val,0.8223998,0
19162,val,0.6152287,0
19163,val,0.4242628,0
19164,val,0.7106306,0
19176,val,0.49493358,1
19193,val,0.24032198,1
19208,val,0.6358898,1
19212,val,0.35007656,1
19227,val,0.535029,1
19237,val,0.47033677,1
19257,val,0.55333203,1
19262,val,0.6751364,0
19268,val,0.32533777,0
19271,val,0.7223909,0
19287,val,0.53752977,1
19294,val,0.7340828,0
19299,val,0.20230666,1
19310,val,0.5050709,0
19320,val,0.6377418,1
19353,val,0.5039326,1
19356,val,0.61915916,1
19375,val,0.62731135,1
19401,val,0.4552975,1
19414,val,0.18762097,1
19440,val,0.5220155,1
19448,val,0.3100548,1
19463,val,0.9549632,0
19472,val,0.29156366,1
19476,val,0.4943315,1
19483,val,0.6293852,0
19498,val,0.67996234,0
19508,val,0.4972894,1
19520,val,0.33945316,1
19524,val,0.81253713,1
19539,val,0.2832871,1
19547,val,0.7323371,1
19551,val,0.7971153,0
19564,val,0.70992064,1
19579,val,0.638424,0
19586,val,0.8812819,0
19597,val,0.44013336,1
19610,val,0.45056137,1
19619,val,0.6465341,0
19622,val,0.7385447,0
19656,val,0.68231153,0
19674,val,0.68974364,0
19679,val,0.18042997,1
19683,val,0.4866797,1
19697,val,0.6347149,1
19701,val,0.53913563,1
19703,val,0.38805595,1
19711,val,0.29479718,1
19714,val,0.44098705,1
19724,val,0.52429163,0
19728,val,0.60582113,0
19730,val,0.64287305,0
19742,val,0.69481015,0
19753,val,0.52233344,0
19761,val,0.58848053,0
19776,val,0.3338436,1
19783,val,0.39619106,1
19795,val,0.40934134,1
19797,val,0.6759606,0
19804,val,0.95721346,0
19816,val,0.93482894,0
19824,val,0.19562271,1
19825,val,0.816879,0
19883,val,0.46496543,1
19891,val,0.71075886,0
19893,val,0.3208706,0
19907,val,0.5112497,1
19916,val,0.42155144,0
19919,val,0.74430156,1
19924,val,0.48506743,0
19935,val,0.64468604,0
19945,val,0.44575873,1
19947,val,0.62415254,1
19965,val,0.5851906,0
19967,val,0.30889907,1
19969,val,0.2869165,1
19978,val,0.6529714,1
19980,val,0.5732895,0
19985,val,0.47020233,0
19986,val,0.6723729,0
19987,val,0.7283662,0
19993,val,0.7724884,0
20020,val,0.92059296,0
20021,val,0.5176502,1
20030,val,0.48269898,1
20040,val,0.44961324,1
20042,val,0.6092814,1
20053,val,0.6480836,0
20060,val,0.81918615,0
20076,val,0.55662906,1
20097,val,0.7701479,0
20102,val,0.68135875,0
20104,val,0.6143516,1
20116,val,0.43118832,0
20127,val,0.535428,1
20133,val,0.5697679,1
20150,val,0.66787386,0
20151,val,0.42740905,0
20152,val,0.5539436,1
20185,val,0.22775015,1
20195,val,0.47665548,1
20211,val,0.462949,0
20212,val,0.5041442,1
20227,val,0.6291893,0
20239,val,0.5036188,1
20244,val,0.8370753,0
20246,val,0.6773879,0
20260,val,0.098328024,1
20287,val,0.1469744,1
20302,val,0.22490971,1
20312,val,0.5307166,0
20328,val,0.74838805,0
20337,val,0.931107,0
20340,val,0.7964665,0
20341,val,0.6250036,1
20372,val,0.40767935,1
20373,val,0.25461128,1
20374,val,0.48380837,0
20381,val,0.4687646,1
20392,val,0.48720285,1
20400,val,0.791639,0
20404,val,0.51704925,1
20415,val,0.20462923,1
20477,val,0.5108193,1
20484,val,0.3227886,1
20499,val,0.61170954,0
20506,val,0.66419464,0
20537,val,0.48747066,1
20540,val,0.16390206,1
20589,val,0.71798456,1
20595,val,0.5550489,1
20599,val,0.5249319,1
20603,val,0.4071188,0
20622,val,0.13404794,1
20641,val,0.5179441,1
20643,val,0.505879,1
20667,val,0.60485375,1
20679,val,0.503673,1
20687,val,0.69159186,1
20694,val,0.44558036,1
20698,val,0.42867216,1
20706,val,0.5967048,0
20708,val,0.30099124,1
20718,val,0.094716944,1
20721,val,0.5262279,0
20729,val,0.73490816,0
20731,val,0.2842583,1
20732,val,0.7682202,0
20739,val,0.371553,1
20765,val,0.9121319,0
20801,val,0.2823084,1
20803,val,0.52735585,1
20817,val,0.56073135,1
20827,val,0.65772516,1
20841,val,0.4194133,1
20885,val,0.5398249,1
20895,val,0.52365273,1
20901,val,0.5392307,1
20920,val,0.47573957,1
20947,val,0.2189888,1
20981,val,0.46953207,1
20984,val,0.7409447,1
20990,val,0.72573763,0
21000,val,0.5701286,1
21003,val,0.36117947,0
21004,val,0.31618991,1
21018,val,0.57069105,1
21023,val,0.5260155,0
21034,val,0.3982168,1
21041,val,0.5352135,0
21043,val,0.26983055,0
21052,val,0.22537088,1
21065,val,0.27341905,1
21072,val,0.5549528,1
21084,val,0.5489925,1
21085,val,0.19080237,1
21098,val,0.8046006,0
21103,val,0.5093311,1
21136,val,0.6904417,1
21153,val,0.39129236,0
21159,val,0.73744965,0
21164,val,0.6494676,0
21165,val,0.3419334,0
21169,val,0.2025272,1
21174,val,0.32306695,1
21225,val,0.41048786,1
21237,val,0.6314103,0
21250,val,0.24325854,1
21274,val,0.31604335,1
21343,val,0.97958744,0
21349,val,0.5830887,1
21395,val,0.5375783,1
21408,val,0.74596375,0
21410,val,0.114164,1
21419,val,0.20223579,1
21422,val,0.5317,1
21430,val,0.59929174,0
21431,val,0.52210444,1
21435,val,0.72705317,0
21438,val,0.63242644,0
21445,val,0.10885465,1
21451,val,0.65414965,0
21463,val,0.69710666,0
21475,val,0.79435086,0
21485,val,0.91403604,1
21509,val,0.5772114,1
21511,val,0.56789947,1
21572,val,0.64207566,0
21576,val,0.47002017,1
21582,val,0.3401562,1
21600,val,0.93503547,0
21663,val,0.69510496,0
21669,val,0.5053812,1
21673,val,0.33897892,1
21709,val,0.30342457,1
21733,val,0.5214911,0
21740,val,0.27578807,1
21748,val,0.92106533,0
21765,val,0.6139045,1
21771,val,0.3935282,1
21781,val,0.6457193,0
21787,val,0.20693673,1
21811,val,0.29619852,1
21817,val,0.67557466,0
21833,val,0.5505873,1
21835,val,0.5435412,1
21855,val,0.13020329,1
21859,val,0.39930412,1
21864,val,0.56222284,0
21890,val,0.52612704,1
21893,val,0.5056058,0
21900,val,0.40521315,0
21909,val,0.3412566,0
21910,val,0.72734916,0
21938,val,0.74184525,0
21976,val,0.555143,0
21987,val,0.48990008,1
21990,val,0.5083884,1
21997,val,0.7309758,0
22006,val,0.60222095,0
22010,val,0.48795497,1
22013,val,0.65811044,0
22017,val,0.6538997,0
22027,val,0.7132057,0
22070,val,0.5034015,1
22084,val,0.82613045,0
22119,val,0.63869727,0
22127,val,0.49041212,0
22132,val,0.5832316,1
22149,val,0.2797461,1
22160,val,0.4884761,1
22169,val,0.5758393,1
22196,val,0.47841957,0
22207,val,0.6387818,0
22209,val,0.64061576,0
22225,val,0.6883589,1
22227,val,0.19165313,1
22233,val,0.2830434,1
22234,val,0.39303616,1
22235,val,0.4254872,1
22239,val,0.62627006,1
22266,val,0.31181398,1
22269,val,0.39775512,0
22283,val,0.6425219,0
22302,val,0.688218,0
22313,val,0.6760772,0
22343,val,0.45389828,0
22344,val,0.3125177,1
22368,val,0.6445402,1
22374,val,0.7044246,0
22403,val,0.55013216,0
22429,val,0.7939184,1
22442,val,0.28152645,1
22450,val,0.45434636,1
22453,val,0.6988133,0
22486,val,0.5188595,1
22493,val,0.702077,1
22500,val,0.46545562,1
22526,val,0.41174558,0
22535,val,0.44140872,1
22536,val,0.786053,0
22543,val,0.57500386,1
22545,val,0.3563208,0
22553,val,0.63896537,0
22556,val,0.28522566,1
22557,val,0.36481032,1
22574,val,0.44358024,1
22590,val,0.60908693,1
22628,val,0.39247936,1
22674,val,0.48679715,0
22691,val,0.43423983,1
22695,val,0.94007903,0
22699,val,0.48416075,0
22700,val,0.41689673,0
22706,val,0.5069225,1
22727,val,0.7552938,0
22764,val,0.25789264,1
22769,val,0.24613203,1
22783,val,0.13019495,1
22814,val,0.52033323,0
22820,val,0.37404433,1
22821,val,0.59462106,1
22823,val,0.4822889,1
22838,val,0.5870972,1
22840,val,0.48184446,1
22842,val,0.51360905,0
22851,val,0.50533456,1
22852,val,0.62960994,1
22856,val,0.4128633,1
22870,val,0.39277434,1
22881,val,0.46771485,1
22889,val,0.68889445,0
22893,val,0.6965933,0
22912,val,0.46126637,1
22920,val,0.12696743,1
22932,val,0.17133331,1
22936,val,0.41356108,0
22945,val,0.6970448,0
22958,val,0.3971815,1
22961,val,0.5053879,1
22974,val,0.44256753,1
22982,val,0.3589255,1
22987,val,0.6756349,0
22988,val,0.74548286,1
22989,val,0.175158,1
22992,val,0.7924242,0
23010,val,0.18316002,1
23013,val,0.35096696,1
23024,val,0.28403327,1
23050,val,0.51814526,0
23079,val,0.548139,0
23080,val,0.47126698,0
23098,val,0.60871655,1
23108,val,0.63002986,1
23121,val,0.7026288,0
23131,val,0.32409123,1
23139,val,0.5637475,1
23153,val,0.56793964,0
23160,val,0.37108856,1
23167,val,0.52650386,1
23174,val,0.3931137,1
23182,val,0.5293028,0
23189,val,0.43131986,1
23257,val,0.6896227,1
23260,val,0.6995342,0
23261,val,0.5193106,1
23262,val,0.22713722,1
23266,val,0.57861316,0
23273,val,0.72327495,1
23312,val,0.58678716,0
23313,val,0.6294911,1
23344,val,0.12595509,1
23345,val,0.5247873,0
23348,val,0.6935593,1
23393,val,0.6437242,1
23422,val,0.71782684,0
23429,val,0.6617643,0
23438,val,0.12871873,1
23458,val,0.39188334,0
23499,val,0.83195984,0
23509,val,0.7004579,0
23510,val,0.3312309,1
23526,val,0.25774032,1
23561,val,0.497657,1
23581,val,0.40051827,1
23593,val,0.3225996,1
23599,val,0.29910842,1
23613,val,0.50743276,1
23626,val,0.50069636,1
23646,val,0.33352476,1
23648,val,0.82050735,1
23658,val,0.5067581,0
23676,val,0.666392,1
23686,val,0.23371966,1
23687,val,0.54949534,1
23689,val,0.80490625,0
23697,val,0.84000915,0
23714,val,0.49883145,1
23731,val,0.7028642,1
23738,val,0.3281079,1
23762,val,0.5417246,1
23768,val,0.5678535,0
23782,val,0.33430207,1
23786,val,0.4517698,1
23801,val,0.59977525,0
23815,val,0.6621952,0
23820,val,0.27899325,1
23825,val,0.32605517,1
23826,val,0.49599078,1
23828,val,0.6262099,1
23875,val,0.6557951,0
23894,val,0.7647454,0
23905,val,0.403115,0
23912,val,0.48929134,0
23934,val,0.61523265,1
23936,val,0.4976822,1
23949,val,0.39175057,1
23974,val,0.6253107,0
23976,val,0.93894553,0
23987,val,0.64931566,1
23994,val,0.65578634,0
23997,val,0.52981186,1
24030,val,0.39155692,1
24061,val,0.49051136,0
24066,val,0.6872623,1
24084,val,0.3112526,1
24090,val,0.28069454,1
24091,val,0.6653832,1
24095,val,0.77539796,0
24105,val,0.46069995,1
24129,val,0.7131513,0
24142,val,0.30519238,0
24199,val,0.50795805,1
24206,val,0.8500901,0
24212,val,0.19358903,1
24219,val,0.4537163,0
24243,val,0.6351678,1
24289,val,0.9452644,0
24307,val,0.697848,1
24310,val,0.7993645,0
24324,val,0.36046943,1
24348,val,0.40252036,0
24362,val,0.3163837,1
24365,val,0.52236295,1
24391,val,0.63965565,1
24402,val,0.97811323,0
24441,val,0.30703834,1
24454,val,0.651043,0
24465,val,0.4450962,1
24475,val,0.529146,0
24477,val,0.7984179,0
24494,val,0.50184286,1
24506,val,0.7227867,0
24521,val,0.692476,0
24527,val,0.7705394,0
24541,val,0.9059163,0
24550,val,0.60423255,0
24594,val,0.31183448,0
24596,val,0.4331104,1
24602,val,0.82989144,0
24603,val,0.5734971,0
24622,val,0.45108584,1
24647,val,0.4973376,1
24653,val,0.6055203,1
24709,val,0.39350888,1
24741,val,0.586346,1
24774,val,0.63977516,0
24807,val,0.7947131,0
24808,val,0.077739894,1
24810,val,0.753793,0
24817,val,0.75427496,0
24825,val,0.5777382,0
24851,val,0.42975593,0
24875,val,0.56445813,1
24878,val,0.9084404,1
24880,val,0.50683224,1
24882,val,0.35595956,1
24909,val,0.36658528,1
24926,val,0.23985748,1
24950,val,0.6689445,1
24956,val,0.5467515,1
24961,val,0.5702779,1
24979,val,0.25348634,1
24982,val,0.25565714,1
25000,val,0.40034622,1
25001,val,0.20138617,1
25015,val,0.4863224,1
25042,val,0.49168614,0
25070,val,0.5145593,0
25071,val,0.26638824,1
25077,val,0.26198187,1
25085,val,0.702403,1
25091,val,0.77302986,1
25098,val,0.28889203,1
25138,val,0.6394768,1
25150,val,0.93858594,0
25151,val,0.5016907,0
25167,val,0.526898,1
25173,val,0.63831097,0
25178,val,0.6307797,1
25179,val,0.58787084,0
25200,val,0.119917914,1
25212,val,0.8142565,0
25214,val,0.30004358,1
25225,val,0.46714437,1
25251,val,0.33229664,1
25271,val,0.8117357,0
25291,val,0.6704221,1
25312,val,0.5159553,1
25343,val,0.38476095,1
25347,val,0.5255166,0
25376,val,0.6357104,1
25383,val,0.3035706,1
25395,val,0.08824731,1
25398,val,0.35717377,1
25410,val,0.7397054,0
25438,val,0.167544,1
25465,val,0.6603691,0
25469,val,0.69132566,1
25477,val,0.32801113,1
25478,val,0.71677184,0
25511,val,0.33725402,1
25513,val,0.489018,1
25532,val,0.2161212,1
25534,val,0.5976916,0
25550,val,0.5311675,1
25561,val,0.7622349,0
25571,val,0.6938363,0
25572,val,0.53508806,1
25620,val,0.31718567,1
25624,val,0.711096,0
25632,val,0.7023622,0
25633,val,0.18014751,1
25637,val,0.5257557,1
25662,val,0.7355791,0
25676,val,0.60348916,0
25708,val,0.48555642,0
25711,val,0.5043371,1
25716,val,0.68897116,0
25739,val,0.65248036,1
25748,val,0.8227512,0
25753,val,0.9295594,0
25761,val,0.22441246,1
25768,val,0.49536785,1
25779,val,0.6137657,0
25795,val,0.21817,1
25796,val,0.08971204,1
25810,val,0.60561216,0
25811,val,0.51124394,0
25817,val,0.77974826,0
25823,val,0.53623706,0
25836,val,0.75298715,1
25837,val,0.9463992,0
25851,val,0.55581874,1
25854,val,0.5222538,1
25867,val,0.54452366,0
25868,val,0.38862354,1
25869,val,0.5252524,1
25887,val,0.9267412,0
25890,val,0.37721306,1
25896,val,0.85222286,0
25903,val,0.5992537,0
25928,val,0.4727364,0
25930,val,0.09984147,1
25944,val,0.77980393,0
25947,val,0.67497504,1
25958,val,0.6892006,1
25964,val,0.43304098,0
25974,val,0.21033253,1
25987,val,0.19211662,1
25990,val,0.7808235,0
25995,val,0.22532827,1
25996,val,0.2658422,1
25999,val,0.2593281,1
26001,val,0.35598972,1
26003,val,0.7302425,0
26009,val,0.5180101,1
26013,val,0.37503308,0
26047,val,0.5085589,0
26057,val,0.52760524,1
26121,val,0.45135817,0
26122,val,0.5306024,1
26134,val,0.60426146,1
26163,val,0.48851317,0
26171,val,0.69037485,1
26184,val,0.38253307,1
26219,val,0.3468915,1
26241,val,0.87390417,0
26258,val,0.39839393,1
26267,val,0.6867578,1
26270,val,0.7816388,0
26274,val,0.84094137,0
26277,val,0.38787863,1
26285,val,0.26672134,1
26300,val,0.31701815,1
26320,val,0.86959225,0
26323,val,0.21603848,1
26330,val,0.61091936,1
26352,val,0.938346,0
26355,val,0.5230928,1
26374,val,0.6959183,0
26392,val,0.68893796,1
26398,val,0.6084764,0
26419,val,0.65514624,1
26424,val,0.5203683,0
26430,val,0.57624525,1
26431,val,0.8777468,0
26436,val,0.7289329,0
26445,val,0.85037994,1
26446,val,0.68281794,1
26451,val,0.33911762,1
26454,val,0.53004605,0
26460,val,0.7389513,0
26471,val,0.67413414,0
26477,val,0.4188264,1
26486,val,0.3876818,1
26494,val,0.32831568,1
26504,val,0.3602281,1
26508,val,0.36758935,1
26516,val,0.50141215,1
26517,val,0.6735783,1
26520,val,0.30666316,1
26538,val,0.49844405,1
26551,val,0.5360569,0
26557,val,0.4400134,1
26569,val,0.33910924,1
26571,val,0.39768982,0
26583,val,0.2004654,1
26601,val,0.6687069,0
26614,val,0.19448534,1
26628,val,0.85914946,0
26632,val,0.7679313,0
26642,val,0.114045545,1
26647,val,0.13589823,1
26654,val,0.6641121,1
26675,val,0.5850637,1
26677,val,0.5011254,1
26688,val,0.76160485,0
26689,val,0.7271146,0
26692,val,0.2922536,1
26694,val,0.6837656,0
26697,val,0.88970524,0
26707,val,0.06613116,1
26710,val,0.58372635,1
26711,val,0.44330716,0
26712,val,0.5610263,0
26713,val,0.38723162,0
26715,val,0.8882118,0
26716,val,0.26169312,0
26725,val,0.59879065,1
26726,val,0.12402408,1
26758,val,0.23594692,1
26773,val,0.5336965,0
26776,val,0.40399548,1
26785,val,0.23969659,1
26786,val,0.6333878,1
26792,val,0.6525519,0
26799,val,0.34819087,1
26802,val,0.5135207,1
26805,val,0.51373976,0
26813,val,0.40925103,1
26822,val,0.34094036,1
26850,val,0.19865112,1
26863,val,0.19203788,1
26866,val,0.8594002,0
26867,val,0.6404144,0
26881,val,0.31406024,1
26898,val,0.6979183,0
26902,val,0.4850114,1
26904,val,0.44194317,0
26912,val,0.5252158,0
26920,val,0.351478,1
26924,val,0.62435967,0
26925,val,0.66477424,0
26938,val,0.5315029,1
26951,val,0.37736645,1
26961,val,0.6532871,1
26966,val,0.4726712,1
27000,val,0.5159736,0
27012,val,0.45198014,1
27019,val,0.57683176,0
27033,val,0.5487518,1
27041,val,0.40305886,1
27050,val,0.6767293,0
27054,val,0.9889932,0
27064,val,0.6248315,0
27075,val,0.64639395,0
27083,val,0.62823695,0
27089,val,0.48983312,0
27092,val,0.618629,1
27113,val,0.46605244,0
27120,val,0.6941649,0
27123,val,0.4021615,1
27151,val,0.56631,0
27165,val,0.5695176,0
27167,val,0.5870009,0
27172,val,0.8181344,0
27173,val,0.48648342,1
27192,val,0.48176205,0
27206,val,0.59631747,1
27210,val,0.5682364,0
27211,val,0.545762,0
27223,val,0.48446453,0
27231,val,0.6917729,0
27236,val,0.3925603,1
27238,val,0.15921405,1
27239,val,0.6284383,1
27247,val,0.89331156,0
27260,val,0.5745976,1
27262,val,0.52272326,0
27269,val,0.52596974,1
27271,val,0.5738036,1
27273,val,0.5936836,0
27302,val,0.49854767,0
27304,val,0.4721198,1
27307,val,0.40496916,1
27319,val,0.2386289,1
27350,val,0.7345771,0
27355,val,0.36542898,1
27363,val,0.34761253,1
27388,val,0.508277,1
27395,val,0.70286953,0
27444,val,0.4165916,1
27450,val,0.60083073,0
27454,val,0.6787341,0
27457,val,0.74123114,1
27466,val,0.6014529,0
27468,val,0.38094696,1
27469,val,0.15063268,1
27476,val,0.6420416,0
27507,val,0.55856967,0
27529,val,0.50260395,1
27533,val,0.6623289,0
27545,val,0.8406498,0
27549,val,0.543122,1
27564,val,0.50805146,1
27602,val,0.5295739,1
27620,val,0.3955455,1
27627,val,0.16435821,1
27654,val,0.4938897,0
27664,val,0.30525908,1
27666,val,0.97069305,0
27675,val,0.5267723,1
27678,val,0.6382611,0
27683,val,0.4162367,1
27689,val,0.501856,1
27690,val,0.5259463,1
27719,val,0.46075362,1
27748,val,0.41010496,1
27758,val,0.5802051,1
27761,val,0.3027715,1
27774,val,0.517527,1
27780,val,0.4379375,1
27788,val,0.44362062,0
27802,val,0.3638133,1
27808,val,0.71583474,0
27817,val,0.18059094,1
27819,val,0.36549687,1
27821,val,0.60549355,1
27844,val,0.36473784,1
27848,val,0.3713907,1
27859,val,0.46446112,1
27864,val,0.53106713,1
27875,val,0.28373805,1
27881,val,0.7116868,1
27883,val,0.13679771,1
27884,val,0.4601411,1
27887,val,0.5917175,1
27909,val,0.29221365,1
27923,val,0.6605609,0
27926,val,0.43993193,1
27930,val,0.53258646,1
27944,val,0.7155979,0
27945,val,0.5151953,0
27971,val,0.9439945,0
27972,val,0.42289042,1
27974,val,0.54380715,1
27981,val,0.45971307,1
27991,val,0.29104903,1
28015,val,0.8032786,1
28022,val,0.68943626,0
28025,val,0.26509202,1
28041,val,0.6626978,0
28042,val,0.7797339,0
28043,val,0.6348868,0
28045,val,0.44245678,0
28057,val,0.74992317,1
28068,val,0.17758353,1
28069,val,0.34508967,1
28085,val,0.47167537,1
28091,val,0.56390697,1
28096,val,0.7810241,1
28111,val,0.29141933,1
28116,val,0.580013,0
28132,val,0.6968152,0
28143,val,0.29488257,1
28157,val,0.33016658,1
28164,val,0.5289189,0
28174,val,0.32562748,1
28178,val,0.22676323,1
28196,val,0.18587533,0
28201,val,0.22019029,1
28236,val,0.24061334,1
28285,val,0.7975763,1
28293,val,0.54203933,0
28304,val,0.5212687,1
28308,val,0.5297112,1
28315,val,0.24942474,1
28327,val,0.7302071,0
28333,val,0.46312892,1
28335,val,0.7258044,0
28347,val,0.9457736,0
28348,val,0.38983488,1
28354,val,0.5448395,0
28368,val,0.46409324,1
28387,val,0.5720609,0
28406,val,0.7199926,0
28407,val,0.6111481,1
28409,val,0.448691,1
28411,val,0.7712028,1
28480,val,0.5289666,1
28483,val,0.18459223,1
28491,val,0.5951667,0
28498,val,0.8057617,1
28511,val,0.4681,1
28514,val,0.30106184,1
28515,val,0.19980972,1
28526,val,0.66991967,0
28551,val,0.09787995,1
28554,val,0.3803249,1
28564,val,0.5369741,0
28565,val,0.5013638,1
28567,val,0.52821106,0
28600,val,0.82090324,1
28614,val,0.46036717,0
28618,val,0.5866434,1
28619,val,0.5152861,0
28646,val,0.58675486,1
28686,val,0.6555708,0
28687,val,0.27917388,1
28714,val,0.69591224,0
28718,val,0.82910705,0
28725,val,0.3197935,1
28752,val,0.73040175,1
28764,val,0.59427345,1
28767,val,0.14764233,1
28768,val,0.2474731,1
28771,val,0.5712424,1
28778,val,0.79249823,0
28797,val,0.46386445,0
28824,val,0.4229795,1
28853,val,0.81936985,1
28868,val,0.42717373,1
28891,val,0.1927639,1
28894,val,0.649844,0
28896,val,0.65030617,1
28918,val,0.23797755,1
28930,val,0.35696375,0
28936,val,0.578741,1
28950,val,0.5754278,0
28958,val,0.53723794,1
28963,val,0.3913042,1
28964,val,0.88879794,1
28995,val,0.18954614,1
29013,val,0.599876,0
29015,val,0.41651046,0
29018,val,0.51883096,0
29027,val,0.44273496,1
29039,val,0.5111201,0
29052,val,0.33278793,1
29053,val,0.5552267,1
29060,val,0.23383161,1
29061,val,0.60751754,0
29067,val,0.66957796,1
29084,val,0.7531375,1
29087,val,0.75339234,0
29093,val,0.35903004,0
29102,val,0.7197174,1
29105,val,0.6629006,1
29117,val,0.5014119,0
29126,val,0.22158171,1
29127,val,0.9123401,0
29130,val,0.35894173,1
29138,val,0.6686435,0
29144,val,0.63661,1
29152,val,0.62482744,0
29157,val,0.6466477,0
29164,val,0.73853326,1
29175,val,0.9452365,0
29180,val,0.89719784,0
29209,val,0.5309113,1
29228,val,0.682012,1
29241,val,0.58644587,0
29243,val,0.50412357,0
29252,val,0.5714843,1
29260,val,0.5701038,0
29275,val,0.51838267,1
29277,val,0.65017074,0
29281,val,0.56366384,1
29292,val,0.6172513,0
29295,val,0.90317607,0
29300,val,0.6277307,0
29301,val,0.6639918,0
29314,val,0.52904147,1
29315,val,0.4738269,1
29318,val,0.43077716,1
29322,val,0.41462305,0
29325,val,0.9882903,0
29330,val,0.5966092,0
29344,val,0.41440573,1
29348,val,0.36553073,1
29363,val,0.32994172,1
29371,val,0.39871252,1
29380,val,0.68939275,1
29382,val,0.5001185,0
29383,val,0.39840487,0
29393,val,0.6578735,0
29413,val,0.77032614,0
29417,val,0.68253946,0
29418,val,0.3428057,1
29422,val,0.88412184,0
29427,val,0.4116273,1
29434,val,0.731737,1
29462,val,0.59270173,1
29468,val,0.21665117,1
29487,val,0.7893901,0
29501,val,0.4218303,1
29505,val,0.6699461,1
29510,val,0.5219315,1
29515,val,0.34156135,1
29520,val,0.7272855,1
29522,val,0.30735898,1
29526,val,0.61202306,1
29530,val,0.25543582,1
29538,val,0.5058207,1
29540,val,0.6503755,1
29552,val,0.84088993,0
29557,val,0.7308207,1
29573,val,0.8746595,0
29576,val,0.42577708,1
29596,val,0.45602995,1
29604,val,0.88259053,0
29605,val,0.52843356,1
29616,val,0.5473053,1
29633,val,0.6742448,0
29643,val,0.48886466,0
29651,val,0.2207895,1
29655,val,0.58070254,0
29659,val,0.47002432,1
29677,val,0.394499,1
29686,val,0.71655554,0
29700,val,0.48657718,0
29706,val,0.8744907,0
29723,val,0.39662886,1
29738,val,0.3367844,1
29744,val,0.46008042,0
29752,val,0.56773496,1
29763,val,0.6284882,0
29766,val,0.28462565,1
29776,val,0.74615926,0
29780,val,0.8683133,0
29782,val,0.5670991,1
29795,val,0.66991514,0
29797,val,0.83884645,0
29803,val,0.92546654,1
29823,val,0.8672747,0
29831,val,0.71333086,1
29834,val,0.53427666,1
29875,val,0.9397061,0
29895,val,0.56925315,1
29905,val,0.49489626,1
29923,val,0.44127944,0
29927,val,0.42613333,0
29945,val,0.73673236,0
29949,val,0.27424285,1
29950,val,0.49675685,0
29977,val,0.45091474,1
29979,val,0.30628276,1
29984,val,0.7072902,1
29986,val,0.53349715,1
30009,val,0.5779943,0
30027,val,0.8199769,0
30039,val,0.5091083,1
30046,val,0.25027886,1
30054,val,0.5185082,1
30066,val,0.4939442,1
30067,val,0.57398486,0
30077,val,0.7597196,0
30083,val,0.66171694,0
30092,val,0.42517537,1
30100,val,0.5369212,0
30118,val,0.6297876,1
30167,val,0.24454215,1
30174,val,0.31811836,1
30185,val,0.22355622,1
30196,val,0.3247605,1
30202,val,0.4855506,0
30212,val,0.68136084,0
30214,val,0.27593595,1
30221,val,0.18945129,1
30222,val,0.7724323,0
30229,val,0.6626215,0
30238,val,0.6797342,0
30241,val,0.4357472,1
30243,val,0.53398037,0
30249,val,0.78012866,0
30250,val,0.53068,1
30257,val,0.5651886,0
30274,val,0.6893443,1
30283,val,0.66146415,1
30303,val,0.3857319,1
30314,val,0.3834261,1
30315,val,0.45735314,1
30322,val,0.48912692,0
30329,val,0.4682614,1
30358,val,0.6493177,0
30360,val,0.4255437,1
30374,val,0.35588923,0
30375,val,0.60596836,1
30377,val,0.36709768,1
30378,val,0.7356402,0
30382,val,0.47219172,1
30389,val,0.25468835,1
30417,val,0.7388767,1
30425,val,0.47756553,0
30456,val,0.9468104,0
30462,val,0.5712172,0
30466,val,0.32265452,1
30486,val,0.46375182,1
30522,val,0.57386523,1
30527,val,0.43830678,0
30536,val,0.5705633,0
30541,val,0.29247725,0
30551,val,0.51152396,1
30552,val,0.34532234,1
30558,val,0.7698635,0
30572,val,0.4891752,1
30575,val,0.70749944,1
30582,val,0.6737355,1
30604,val,0.8118147,0
30613,val,0.45149162,1
30617,val,0.29949948,1
30646,val,0.48438957,1
30655,val,0.7125546,0
30725,val,0.7650857,0
30736,val,0.4037448,0
30751,val,0.46111295,0
30753,val,0.7991977,1
30763,val,0.30956328,0
30770,val,0.54493606,0
30794,val,0.80717283,1
30809,val,0.5934829,1
30810,val,0.46791577,0
30851,val,0.4989325,1
30856,val,0.37221476,1
30861,val,0.41714624,0
30867,val,0.31974202,1
30880,val,0.7629618,0
30881,val,0.38786367,1
30883,val,0.6264809,1
30896,val,0.30053264,1
30900,val,0.72053015,1
30912,val,0.68764955,0
30920,val,0.5999186,1
30924,val,0.3359128,0
30927,val,0.20025899,1
30937,val,0.18585354,1
30948,val,0.6364083,1
30954,val,0.42961514,1
30969,val,0.59213215,0
30986,val,0.43116784,1
31025,val,0.7460206,1
31036,val,0.24443187,1
31037,val,0.6102657,0
31066,val,0.7950006,0
31073,val,0.51320916,1
31075,val,0.52137256,1
31091,val,0.40360624,1
31093,val,0.2700111,1
31115,val,0.38260674,1
31117,val,0.4343835,1
31119,val,0.93595237,0
31120,val,0.59974515,0
31133,val,0.6259353,0
31142,val,0.7981555,0
31143,val,0.4431538,1
31149,val,0.3511867,1
31167,val,0.7589297,0
31177,val,0.5764646,1
31211,val,0.14510386,1
31221,val,0.51433843,1
31228,val,0.49672955,0
31240,val,0.51193243,1
31242,val,0.8143097,0
31251,val,0.74937296,0
31261,val,0.6948078,1
31273,val,0.36128494,1
31286,val,0.4537368,1
31287,val,0.300165,1
31295,val,0.31982005,1
31309,val,0.43012124,1
31323,val,0.38181996,1
31328,val,0.60424143,1
31341,val,0.49266335,1
31344,val,0.42061934,1
31354,val,0.25526422,1
31364,val,0.34474602,1
31381,val,0.5710416,0
31411,val,0.52053165,1
31414,val,0.4700293,1
31417,val,0.63649875,0
31419,val,0.7626683,0
31421,val,0.593071,0
31432,val,0.7326653,0
31436,val,0.47759926,1
31452,val,0.50471175,0
31468,val,0.7114694,0
31509,val,0.7144967,0
31513,val,0.7949561,1
31516,val,0.7031955,0
31524,val,0.1852992,1
31536,val,0.8383225,0
31569,val,0.11079418,1
31575,val,0.7672992,0
31577,val,0.65155727,0
31593,val,0.732111,0
31615,val,0.42334324,1
31620,val,0.10163938,1
31629,val,0.31820762,1
31631,val,0.32700807,1
31633,val,0.7695496,0
31641,val,0.9292862,0
31663,val,0.69422376,0
31665,val,0.6162529,0
31674,val,0.29235637,1
31687,val,0.270068,0
31691,val,0.58297086,0
31697,val,0.73240703,0
31707,val,0.5817251,0
31715,val,0.22353196,1
31724,val,0.69518304,0
31738,val,0.1899975,1
31739,val,0.5331561,1
31743,val,0.1416181,1
31747,val,0.36985338,0
31772,val,0.25616756,1
31776,val,0.5827467,1
31804,val,0.5033067,1
31807,val,0.26955912,0
31825,val,0.5395936,0
31842,val,0.14016582,1
31847,val,0.10882981,1
31851,val,0.57840073,0
31859,val,0.5451498,1
31870,val,0.54079515,1
31880,val,0.46224174,0
31894,val,0.20820707,1
31909,val,0.8885894,0
31924,val,0.7103769,0
31928,val,0.87656796,0
31941,val,0.49986216,0
31951,val,0.5946147,0
31960,val,0.37522075,1
31967,val,0.58545774,1
31969,val,0.62404037,0
31986,val,0.59804827,0
32003,val,0.4678978,1
32038,val,0.54560286,1
32051,val,0.76771355,1
32052,val,0.72716945,0
32055,val,0.32009143,1
32081,val,0.35455632,0
32122,val,0.26255128,1
32134,val,0.1583132,1
32135,val,0.6827109,0
32142,val,0.30011666,1
32159,val,0.1948514,1
32164,val,0.34481004,1
32176,val,0.52721167,1
32182,val,0.76767373,1
32193,val,0.3918766,1
32194,val,0.6341456,0
32210,val,0.3717371,1
32215,val,0.32156172,1
32233,val,0.80740947,0
32254,val,0.7258007,0
32255,val,0.18968086,1
32256,val,0.17891838,1
32257,val,0.28182152,1
32258,val,0.63577926,0
32260,val,0.82331765,0
32264,val,0.19740653,1
32281,val,0.6205235,1
32291,val,0.61564714,0
32293,val,0.4670899,1
32306,val,0.60635805,1
32311,val,0.8630813,0
32319,val,0.28545296,1
32326,val,0.740872,0
32339,val,0.58386576,1
32351,val,0.53641564,0
32352,val,0.7330616,0
32360,val,0.60770535,0
32361,val,0.7177885,1
32368,val,0.48401076,1
32381,val,0.35145482,1
32405,val,0.8190965,0
32434,val,0.17417999,1
32437,val,0.7309258,1
32450,val,0.71950436,1
32455,val,0.6812349,0
32456,val,0.41374183,1
32461,val,0.6158883,0
32492,val,0.24597356,1
32499,val,0.3239104,1
32503,val,0.47207588,0
32512,val,0.30201542,0
32517,val,0.14300077,1
32524,val,0.48726875,1
32541,val,0.51367736,0
32547,val,0.4185467,1
32554,val,0.63359076,0
32556,val,0.44888252,0
32564,val,0.6626958,0
32605,val,0.17249125,1
32615,val,0.38006482,1
32619,val,0.633507,0
32637,val,0.44933802,0
32640,val,0.8165968,0
32664,val,0.46824905,1
32669,val,0.44655532,1
32681,val,0.4551415,0
32684,val,0.11704052,1
32707,val,0.113996096,1
32710,val,0.49055973,0
32718,val,0.6177827,0
32735,val,0.93486756,0
32751,val,0.55985457,1
32769,val,0.18074556,1
32772,val,0.6778926,0
32784,val,0.34605718,1
32796,val,0.5804676,1
32802,val,0.35800555,1
32808,val,0.5511758,0
32816,val,0.4748718,1
9,test,0.51149184,0
13,test,0.9397816,1
16,test,0.9377914,0
23,test,0.6633322,0
24,test,0.5946409,0
25,test,0.36809564,1
35,test,0.55632,1
69,test,0.5049531,0
81,test,0.5197818,1
85,test,0.55961174,0
89,test,0.48185682,1
105,test,0.42963535,1
132,test,0.44499257,1
142,test,0.42673707,0
147,test,0.16781066,1
153,test,0.5879514,0
181,test,0.4915888,0
188,test,0.6711527,1
193,test,0.7353688,0
194,test,0.42229605,1
202,test,0.54901344,0
204,test,0.58169186,0
218,test,0.266578,1
219,test,0.54820913,1
277,test,0.6155999,0
278,test,0.38014996,1
281,test,0.11182649,1
315,test,0.5692667,1
329,test,0.83458793,1
337,test,0.33300945,1
345,test,0.8759999,1
347,test,0.5538237,1
351,test,0.1711093,1
358,test,0.7898325,1
371,test,0.6444474,0
381,test,0.5211059,1
387,test,0.50742704,0
431,test,0.60715944,0
454,test,0.34957737,0
469,test,0.5227662,1
487,test,0.6635805,1
506,test,0.4609165,0
515,test,0.50577146,1
542,test,0.19904314,1
630,test,0.4024396,0
682,test,0.5637984,1
691,test,0.7222741,0
696,test,0.31775334,0
703,test,0.42749894,0
712,test,0.30981213,1
715,test,0.43028417,1
733,test,0.53454345,1
735,test,0.5861827,1
739,test,0.32259142,1
743,test,0.65712386,0
750,test,0.44995564,1
759,test,0.5843937,1
760,test,0.25366256,1
761,test,0.23477544,1
770,test,0.34373719,1
778,test,0.50285894,1
817,test,0.54387045,0
848,test,0.64074314,0
886,test,0.97024876,0
912,test,0.20832013,1
957,test,0.48857072,1
977,test,0.5781201,1
994,test,0.60037977,1
1014,test,0.7275585,0
1020,test,0.30421662,1
1028,test,0.85023,1
1036,test,0.7191787,1
1041,test,0.5953334,0
1061,test,0.61611575,1
1076,test,0.46521187,1
1078,test,0.64946723,0
1083,test,0.64387834,0
1091,test,0.30552354,1
1104,test,0.62786573,1
1106,test,0.57309455,0
1111,test,0.17687091,1
1112,test,0.5946908,0
1115,test,0.26834694,1
1137,test,0.65190935,0
1142,test,0.73167264,0
1143,test,0.49716637,1
1160,test,0.58785737,1
1164,test,0.45671442,1
1186,test,0.6747761,1
1187,test,0.62571865,0
1224,test,0.77057165,0
1237,test,0.63139474,1
1241,test,0.37215957,1
1242,test,0.61329323,0
1248,test,0.5701449,1
1252,test,0.32998025,1
1254,test,0.4977082,0
1286,test,0.5351733,0
1310,test,0.59001756,0
1317,test,0.41335824,0
1325,test,0.5961233,0
1328,test,0.6781874,1
1330,test,0.4873339,0
1340,test,0.3345373,1
1346,test,0.5371874,1
1352,test,0.56660616,0
1364,test,0.3669422,1
1383,test,0.870849,1
1391,test,0.71660775,0
1402,test,0.4976842,1
1416,test,0.6539311,0
1424,test,0.5092607,0
1427,test,0.51396793,1
1431,test,0.40977567,0
1442,test,0.6477097,0
1449,test,0.4214685,0
1482,test,0.5834941,0
1512,test,0.5493011,0
1529,test,0.36703038,1
1540,test,0.2426244,1
1547,test,0.38254213,1
1571,test,0.45797515,1
1588,test,0.61247987,0
1675,test,0.72879535,0
1685,test,0.39730722,0
1689,test,0.47952193,0
1696,test,0.53063744,0
1704,test,0.7883378,1
1708,test,0.58178467,1
1742,test,0.50878346,1
1753,test,0.6140903,1
1769,test,0.4117951,1
1776,test,0.53808904,1
1777,test,0.5642113,1
1796,test,0.726627,0
1806,test,0.61942774,0
1808,test,0.3893526,0
1814,test,0.6969721,1
1818,test,0.30390674,1
1834,test,0.36891663,1
1836,test,0.6636165,1
1846,test,0.536913,1
1866,test,0.7200786,0
1883,test,0.3092626,1
1893,test,0.6861467,0
1894,test,0.79040897,0
1895,test,0.3594726,1
1899,test,0.3135281,1
1906,test,0.550783,1
1939,test,0.69655895,0
1944,test,0.7085541,0
1976,test,0.52301246,0
1978,test,0.16193093,1
2010,test,0.41711536,1
2017,test,0.64128053,1
2018,test,0.6654386,0
2021,test,0.60397035,0
2037,test,0.68366075,1
2045,test,0.38209462,1
2062,test,0.75101906,0
2088,test,0.88697684,1
2097,test,0.8099847,0
2098,test,0.33544585,1
2125,test,0.48023233,1
2129,test,0.8268723,0
2135,test,0.2860424,1
2148,test,0.27163666,1
2163,test,0.6822294,1
2210,test,0.117577106,1
2211,test,0.68031853,1
2238,test,0.25026914,1
2239,test,0.4431357,1
2249,test,0.61803466,0
2260,test,0.7706303,1
2282,test,0.23214407,1
2287,test,0.57874244,0
2295,test,0.6914056,0
2300,test,0.7875442,0
2321,test,0.5792968,0
2354,test,0.29385993,1
2366,test,0.45720917,1
2370,test,0.3227256,1
2378,test,0.7997598,0
2381,test,0.2412926,1
2399,test,0.2690186,1
2417,test,0.46626127,1
2429,test,0.24626642,1
2430,test,0.5487771,0
2431,test,0.5224372,1
2438,test,0.55427206,0
2449,test,0.1869596,1
2453,test,0.35368952,1
2468,test,0.48963723,0
2492,test,0.42672586,1
2504,test,0.53233117,0
2505,test,0.8116981,0
2506,test,0.5654174,1
2510,test,0.4693566,1
2512,test,0.3457383,1
2517,test,0.520045,1
2525,test,0.30596706,1
2530,test,0.61207646,1
2532,test,0.6964597,0
2533,test,0.57260454,0
2540,test,0.41801032,0
2556,test,0.34120896,1
2557,test,0.35347533,1
2578,test,0.31310186,1
2594,test,0.5816491,1
2603,test,0.24262539,1
2605,test,0.50295174,1
2609,test,0.9308051,0
2632,test,0.3097212,1
2634,test,0.749957,1
2648,test,0.6827228,0
2658,test,0.40294933,1
2664,test,0.9471398,0
2671,test,0.62249404,1
2699,test,0.40241757,1
2708,test,0.65346014,0
2715,test,0.31470093,1
2727,test,0.80974275,0
2738,test,0.3604761,1
2761,test,0.7590902,1
2766,test,0.55872214,1
2783,test,0.42678082,1
2784,test,0.49273643,0
2785,test,0.8017961,0
2829,test,0.42964852,1
2849,test,0.57782567,0
2864,test,0.5004066,0
2879,test,0.612807,0
2887,test,0.5394763,1
2904,test,0.6894814,0
2920,test,0.3975063,1
2926,test,0.17272107,1
2928,test,0.7426374,0
2943,test,0.76284814,1
2950,test,0.5504499,1
2979,test,0.59480506,1
2989,test,0.5944741,0
2995,test,0.5076174,1
3002,test,0.3929587,1
3043,test,0.6955345,0
3103,test,0.5826036,0
3111,test,0.6603725,0
3116,test,0.58984864,1
3120,test,0.23896633,1
3126,test,0.49289513,1
3150,test,0.3977667,1
3169,test,0.74497503,1
3191,test,0.44223666,0
3194,test,0.28234303,1
3200,test,0.468926,1
3210,test,0.490205,1
3217,test,0.40650368,0
3234,test,0.5313119,0
3261,test,0.44093534,0
3281,test,0.3314872,1
3309,test,0.652437,0
3311,test,0.6055279,1
3335,test,0.67529905,0
3358,test,0.46052676,0
3374,test,0.7249882,0
3393,test,0.58483005,0
3406,test,0.6523183,1
3419,test,0.7254473,0
3435,test,0.5715557,0
3456,test,0.57716686,0
3512,test,0.49614888,1
3521,test,0.7521305,1
3532,test,0.61153716,0
3534,test,0.6531614,0
3569,test,0.4602983,0
3578,test,0.75126,0
3591,test,0.15349436,1
3611,test,0.5875345,0
3624,test,0.46653306,0
3649,test,0.45749003,0
3662,test,0.11704441,1
3663,test,0.58965856,1
3667,test,0.49687824,0
3678,test,0.73094976,1
3701,test,0.5176972,1
3705,test,0.48269272,0
3718,test,0.8101594,0
3734,test,0.2200948,1
3753,test,0.63966906,0
3778,test,0.51295006,0
3823,test,0.45633027,1
3847,test,0.47129983,1
3853,test,0.2873658,0
3862,test,0.334345,1
3870,test,0.5985544,0
3877,test,0.6609305,0
3880,test,0.66177326,0
3883,test,0.7715697,0
3906,test,0.8076707,0
3931,test,0.4996755,1
3934,test,0.4297457,1
3946,test,0.21548936,1
3952,test,0.3993505,1
3958,test,0.58767927,1
3974,test,0.5312728,1
3987,test,0.5599459,1
3989,test,0.26079348,1
4007,test,0.16454147,1
4022,test,0.6410435,1
4041,test,0.48957106,0
4060,test,0.75850594,1
4075,test,0.6245809,1
4101,test,0.5498769,1
4105,test,0.7693776,0
4110,test,0.36089763,1
4132,test,0.5144316,1
4135,test,0.8499644,1
4142,test,0.417653,1
4147,test,0.95022553,0
4161,test,0.8784316,1
4170,test,0.47519153,0
4185,test,0.44789985,1
4197,test,0.61183083,0
4237,test,0.7629166,0
4248,test,0.5997073,0
4253,test,0.5777076,0
4273,test,0.70342493,0
4277,test,0.19901632,1
4296,test,0.58488345,0
4307,test,0.43312255,1
4324,test,0.5549411,0
4333,test,0.665462,0
4354,test,0.5777195,0
4357,test,0.48559573,0
4368,test,0.6309266,0
4373,test,0.4417122,1
4386,test,0.3776679,1
4389,test,0.8568674,1
4400,test,0.7182869,1
4413,test,0.6120828,0
4414,test,0.5610832,0
4417,test,0.78589463,0
4425,test,0.5448591,0
4441,test,0.68316567,0
4465,test,0.7016359,1
4471,test,0.7416008,1
4486,test,0.7330697,0
4497,test,0.7295557,1
4499,test,0.6216319,0
4502,test,0.53574175,1
4503,test,0.6943882,0
4509,test,0.51775974,1
4516,test,0.8196425,0
4532,test,0.6783957,1
4562,test,0.80531996,1
4567,test,0.7203404,0
4571,test,0.882864,0
4576,test,0.33410713,0
4581,test,0.29650792,1
4602,test,0.53269136,1
4606,test,0.634105,0
4609,test,0.26161146,0
4615,test,0.6898698,0
4624,test,0.5761484,1
4630,test,0.66910017,0
4635,test,0.4359926,1
4636,test,0.81579876,0
4642,test,0.9457409,0
4645,test,0.41024584,1
4653,test,0.50095546,1
4667,test,0.53863376,0
4699,test,0.30587137,1
4700,test,0.52906835,1
4719,test,0.82257915,0
4720,test,0.23025629,1
4721,test,0.7264296,0
4728,test,0.16452615,1
4732,test,0.6432002,1
4738,test,0.5069759,1
4741,test,0.47423655,0
4747,test,0.33192217,1
4756,test,0.41152146,0
4764,test,0.73406523,0
4773,test,0.23525517,1
4776,test,0.7209049,1
4784,test,0.58481675,0
4808,test,0.3830968,1
4862,test,0.23822206,1
4863,test,0.20401897,1
4880,test,0.48680153,1
4888,test,0.29352188,1
4903,test,0.2640394,1
4908,test,0.6631487,0
4941,test,0.5854744,1
4957,test,0.8127387,1
4961,test,0.31481504,1
4978,test,0.65285176,0
4983,test,0.29243538,1
4984,test,0.42536885,1
5005,test,0.22185466,1
5011,test,0.6131717,0
5012,test,0.35926023,1
5044,test,0.5771861,0
5047,test,0.7819267,0
5062,test,0.6693224,0
5073,test,0.74261916,0
5085,test,0.55192095,1
5102,test,0.29824537,1
5115,test,0.52344984,1
5167,test,0.8247963,1
5179,test,0.59172213,1
5184,test,0.31399348,1
5192,test,0.3007254,1
5224,test,0.32699436,1
5228,test,0.27695873,1
5248,test,0.7228019,0
5252,test,0.6339651,1
5282,test,0.5111688,1
5335,test,0.698508,0
5343,test,0.34494427,1
5345,test,0.77833676,0
5354,test,0.51754594,1
5357,test,0.6039342,0
5368,test,0.7018251,0
5410,test,0.67639357,0
5435,test,0.59457755,0
5436,test,0.23866224,0
5457,test,0.3931145,1
5542,test,0.6794145,1
5545,test,0.36885664,1
5550,test,0.52746314,1
5565,test,0.5339926,1
5568,test,0.72660965,0
5595,test,0.68284994,0
5613,test,0.5356851,0
5641,test,0.46905378,1
5653,test,0.6275417,1
5683,test,0.18219924,1
5686,test,0.5733394,0
5724,test,0.8177053,0
5748,test,0.38146722,1
5764,test,0.31985843,1
5772,test,0.5105616,1
5773,test,0.5671644,0
5790,test,0.6025404,0
5791,test,0.29881352,1
5806,test,0.15426224,0
5810,test,0.4282684,1
5811,test,0.77459526,0
5836,test,0.81158864,1
5845,test,0.39612415,1
5846,test,0.5476278,1
5854,test,0.65451723,0
5861,test,0.5674413,1
5869,test,0.331403,1
5872,test,0.7501422,0
5889,test,0.45437488,0
5895,test,0.550611,1
5901,test,0.6707466,0
5906,test,0.48892245,0
5919,test,0.39377645,1
5933,test,0.5470928,1
5948,test,0.51308125,1
5958,test,0.16453974,1
5960,test,0.6755877,0
5966,test,0.5565185,1
5969,test,0.5273922,0
5970,test,0.23201603,1
5990,test,0.7766256,0
6006,test,0.7224146,0
6010,test,0.592452,1
6034,test,0.51866925,1
6040,test,0.68608403,0
6081,test,0.57753384,1
6086,test,0.6347466,0
6090,test,0.12915249,1
6098,test,0.8106791,0
6109,test,0.576966,0
6118,test,0.5164287,1
6142,test,0.68617874,0
6152,test,0.58833593,1
6160,test,0.16424023,1
6170,test,0.69464535,0
6186,test,0.4377535,0
6199,test,0.7446427,1
6224,test,0.44688606,1
6235,test,0.30543587,1
6243,test,0.6560879,0
6245,test,0.417668,0
6254,test,0.41024393,1
6258,test,0.5733021,1
6262,test,0.36531493,1
6264,test,0.925861,0
6265,test,0.6186498,1
6285,test,0.5595999,1
6295,test,0.6046148,0
6313,test,0.5756035,0
6338,test,0.7196743,0
6348,test,0.55730647,1
6353,test,0.661567,0
6356,test,0.42285573,1
6373,test,0.2459154,1
6399,test,0.46028212,0
6418,test,0.69451475,0
6420,test,0.17415497,1
6426,test,0.52736926,0
6438,test,0.2770709,1
6441,test,0.74877685,1
6454,test,0.43363437,1
6464,test,0.5912715,0
6474,test,0.47760266,0
6476,test,0.16882846,1
6532,test,0.28391635,1
6534,test,0.6041456,1
6584,test,0.44265664,0
6601,test,0.42128402,1
6654,test,0.36755994,1
6667,test,0.56176054,0
6671,test,0.57151914,1
6692,test,0.48649815,1
6705,test,0.5891044,0
6729,test,0.32003877,1
6786,test,0.39657104,1
6787,test,0.5920685,0
6799,test,0.80047476,0
6809,test,0.15755956,1
6825,test,0.4929922,1
6827,test,0.45671317,1
6831,test,0.57890403,0
6864,test,0.33036187,1
6871,test,0.7827386,0
6885,test,0.9206544,0
6904,test,0.29670018,1
6916,test,0.4496446,0
6919,test,0.39791247,0
6931,test,0.46444625,0
6940,test,0.34360304,1
6945,test,0.40720123,1
6983,test,0.7322567,0
6992,test,0.5813738,0
7005,test,0.5688721,0
7014,test,0.90381354,0
7048,test,0.48257855,1
7053,test,0.5589,0
7057,test,0.43367723,1
7072,test,0.6738816,1
7084,test,0.3196953,0
7114,test,0.93159276,1
7122,test,0.48377678,1
7124,test,0.4275104,1
7160,test,0.7727486,1
7161,test,0.58854115,1
7165,test,0.40353018,1
7171,test,0.21407257,1
7172,test,0.33087006,1
7191,test,0.66642666,1
7200,test,0.50421786,0
7208,test,0.7584834,0
7223,test,0.6943183,0
7225,test,0.5740541,0
7228,test,0.42077062,1
7232,test,0.5572895,0
7243,test,0.80211496,0
7262,test,0.77077633,1
7264,test,0.66045994,1
7267,test,0.5958464,1
7274,test,0.71293926,1
7281,test,0.53293556,1
7287,test,0.54879475,0
7304,test,0.7303269,1
7308,test,0.49950626,0
7311,test,0.6929012,0
7320,test,0.8329585,0
7326,test,0.56990063,1
7364,test,0.6376581,0
7365,test,0.766103,1
7380,test,0.29713032,1
7394,test,0.32698834,1
7395,test,0.5737109,1
7397,test,0.6621292,1
7404,test,0.38012552,0
7418,test,0.34788474,1
7420,test,0.7213703,0
7433,test,0.5130438,0
7435,test,0.6092223,0
7438,test,0.25110176,1
7477,test,0.30071434,0
7478,test,0.5721113,1
7487,test,0.3910934,0
7506,test,0.81279856,1
7512,test,0.5593898,0
7532,test,0.63142467,0
7537,test,0.45978326,0
7542,test,0.6704628,0
7548,test,0.26704803,0
7556,test,0.5201391,1
7577,test,0.3487421,1
7578,test,0.69691414,0
7579,test,0.71889013,0
7585,test,0.70468664,1
7592,test,0.5825888,0
7594,test,0.7664905,0
7602,test,0.91645473,0
7605,test,0.32559627,1
7610,test,0.47910303,0
7626,test,0.3890911,0
7651,test,0.5964402,0
7655,test,0.8826996,1
7682,test,0.65570873,1
7698,test,0.6081668,0
7711,test,0.5492496,0
7712,test,0.75181174,1
7719,test,0.52456,1
7737,test,0.6096211,0
7738,test,0.56693155,1
7757,test,0.6804906,0
7806,test,0.6751881,0
7833,test,0.5425588,0
7839,test,0.54203576,0
7847,test,0.60211533,0
7853,test,0.58034086,1
7854,test,0.40686274,0
7855,test,0.38059387,1
7862,test,0.54162925,1
7873,test,0.39578435,0
7880,test,0.71888494,1
7900,test,0.48188883,1
7902,test,0.5929209,1
7919,test,0.5266829,0
7922,test,0.46101797,0
7934,test,0.56903225,0
7954,test,0.32755476,0
7961,test,0.28883314,1
7970,test,0.530203,0
7971,test,0.3957707,1
7975,test,0.5389828,0
8034,test,0.2897741,1
8041,test,0.4488269,1
8050,test,0.36260712,1
8074,test,0.45009458,1
8075,test,0.51590014,0
8086,test,0.19413485,1
8089,test,0.4747707,1
8094,test,0.29367924,1
8098,test,0.5084432,1
8101,test,0.328471,1
8107,test,0.26954663,1
8147,test,0.55603576,1
8151,test,0.6081034,1
8161,test,0.59504366,1
8171,test,0.40078962,1
8180,test,0.5222839,0
8198,test,0.26862502,0
8199,test,0.20108257,1
8204,test,0.2563492,1
8219,test,0.5222277,0
8223,test,0.6097268,0
8235,test,0.69341034,0
8239,test,0.79350245,0
8250,test,0.7339111,0
8262,test,0.8001035,0
8263,test,0.50379,1
8272,test,0.39454776,1
8274,test,0.33589798,1
8275,test,0.37093186,1
8278,test,0.627546,1
8291,test,0.67181873,0
8297,test,0.4167497,1
8304,test,0.7638768,0
8343,test,0.79592717,0
8359,test,0.599289,0
8371,test,0.38407996,1
8378,test,0.41665953,1
8381,test,0.84759337,1
8422,test,0.55364865,0
8430,test,0.7728801,1
8439,test,0.52813536,0
8444,test,0.293852,1
8450,test,0.6217105,1
8462,test,0.27283347,1
8479,test,0.29759237,1
8500,test,0.6114239,0
8514,test,0.49812263,1
8521,test,0.5312177,0
8522,test,0.8459122,0
8525,test,0.44501102,1
8526,test,0.45618218,1
8531,test,0.74058145,0
8532,test,0.95790786,0
8534,test,0.35672963,1
8536,test,0.8855686,1
8543,test,0.3091726,1
8581,test,0.4349548,1
8583,test,0.29676932,1
8593,test,0.47527897,0
8594,test,0.6142917,0
8606,test,0.70516974,0
8630,test,0.6223444,1
8642,test,0.20749736,1
8643,test,0.2755067,1
8649,test,0.35148513,0
8665,test,0.77666074,0
8703,test,0.4200385,1
8714,test,0.5166359,0
8715,test,0.525562,1
8722,test,0.24799196,1
8743,test,0.77790576,0
8750,test,0.3806067,1
8752,test,0.13242239,1
8768,test,0.75074255,1
8779,test,0.54233855,0
8781,test,0.57003665,1
8783,test,0.42909032,0
8786,test,0.72295946,0
8820,test,0.37046614,1
8822,test,0.22484802,0
8826,test,0.4661073,0
8831,test,0.5062539,1
8833,test,0.21444772,1
8836,test,0.6945295,0
8844,test,0.5168187,0
8846,test,0.35874298,0
8847,test,0.6645835,0
8849,test,0.44949657,0
8856,test,0.50242704,0
8863,test,0.5301746,0
8864,test,0.58297527,0
8874,test,0.5207667,1
8883,test,0.4520569,1
8896,test,0.5717129,1
8898,test,0.5886922,0
8900,test,0.75312775,0
8919,test,0.76948303,0
8922,test,0.15492429,1
8932,test,0.3824325,0
8933,test,0.1633042,1
8948,test,0.61120147,1
8951,test,0.31054917,1
8952,test,0.70045763,1
8958,test,0.76605487,0
8959,test,0.46562347,1
8964,test,0.58676374,1
8970,test,0.28547722,1
8980,test,0.20931943,1
8997,test,0.27574095,1
9000,test,0.48739985,1
9005,test,0.5928078,1
9012,test,0.629043,1
9030,test,0.55003154,1
9046,test,0.559168,1
9056,test,0.7818052,0
9072,test,0.14750773,1
9093,test,0.51519626,1
9098,test,0.6745532,0
9111,test,0.66772723,0
9118,test,0.34817082,1
9130,test,0.66027397,0
9131,test,0.18573937,1
9158,test,0.474596,0
9173,test,0.447875,1
9185,test,0.71927816,0
9189,test,0.6233842,1
9209,test,0.51227814,0
9217,test,0.6352406,1
9229,test,0.41871622,0
9232,test,0.7024019,0
9237,test,0.32717523,1
9240,test,0.6389568,1
9244,test,0.5179572,1
9246,test,0.38197732,1
9261,test,0.46141177,1
9268,test,0.7317961,0
9276,test,0.88838637,0
9281,test,0.48688963,1
9288,test,0.3182462,1
9291,test,0.18317696,1
9301,test,0.3515488,1
9310,test,0.7121488,0
9333,test,0.65229744,0
9380,test,0.5719633,1
9383,test,0.7294614,1
9398,test,0.49250287,0
9413,test,0.44564983,1
9418,test,0.23988545,1
9424,test,0.7252832,1
9430,test,0.2950081,1
9432,test,0.4938947,0
9433,test,0.7659226,0
9447,test,0.6341526,0
9453,test,0.313182,1
9455,test,0.5732801,0
9456,test,0.41323933,1
9478,test,0.46567902,1
9479,test,0.37751305,1
9491,test,0.53472006,0
9495,test,0.18537618,1
9496,test,0.27851048,0
9499,test,0.5003914,1
9501,test,0.63672304,1
9503,test,0.6684263,1
9504,test,0.46059668,1
9506,test,0.55958736,0
9542,test,0.75128907,0
9545,test,0.48448697,1
9546,test,0.34443277,1
9568,test,0.25976336,1
9589,test,0.5496611,1
9590,test,0.6424281,0
9597,test,0.35073242,1
9608,test,0.77272177,1
9627,test,0.76396286,1
9639,test,0.75383776,1
9650,test,0.29065803,1
9668,test,0.5433029,1
9677,test,0.22364877,1
9689,test,0.94948685,0
9693,test,0.65225625,1
9699,test,0.7777801,0
9715,test,0.66176677,1
9720,test,0.41050985,0
9725,test,0.67226624,0
9749,test,0.86942255,1
9767,test,0.557909,0
9773,test,0.725167,0
9781,test,0.31658393,1
9795,test,0.25155225,1
9798,test,0.28498262,1
9801,test,0.3507122,1
9808,test,0.7395849,0
9819,test,0.44228303,0
9822,test,0.57497257,1
9826,test,0.3167759,1
9844,test,0.43735263,0
9858,test,0.5405244,1
9888,test,0.5692517,1
9894,test,0.23250866,1
9902,test,0.60253024,1
9909,test,0.38345668,1
9910,test,0.79782665,0
9922,test,0.34884155,1
9923,test,0.53022146,0
9938,test,0.29102597,1
9939,test,0.30146584,1
9941,test,0.24278343,1
9946,test,0.4078278,0
9947,test,0.45751384,1
9951,test,0.42027223,1
9954,test,0.38534847,0
9961,test,0.2809826,0
9970,test,0.44107717,1
9971,test,0.50319463,1
10000,test,0.5253043,1
10032,test,0.2516368,1
10036,test,0.36985445,1
10039,test,0.5717597,0
10062,test,0.62558436,0
10066,test,0.80859274,1
10086,test,0.9665922,0
10134,test,0.68953174,0
10171,test,0.39856347,1
10177,test,0.32731265,1
10202,test,0.36664608,0
10208,test,0.28009823,1
10214,test,0.58568597,0
10216,test,0.33423853,1
10219,test,0.6585049,0
10254,test,0.42219228,1
10257,test,0.20410256,1
10266,test,0.5036548,1
10300,test,0.520687,1
10302,test,0.099488035,1
10310,test,0.45337096,1
10318,test,0.50140333,1
10319,test,0.8218003,0
10323,test,0.38793674,1
10331,test,0.981561,0
10340,test,0.7685825,1
10384,test,0.63669366,0
10402,test,0.36618924,1
10406,test,0.4280712,1
10467,test,0.40955222,1
10486,test,0.7417294,0
10493,test,0.24730395,1
10535,test,0.46113923,1
10584,test,0.616855,0
10587,test,0.63708764,1
10610,test,0.70993596,1
10618,test,0.7242995,0
10621,test,0.65743446,0
10644,test,0.32850647,1
10645,test,0.43734002,0
10698,test,0.56396663,0
10714,test,0.6588773,0
10722,test,0.6908184,1
10724,test,0.20986056,1
10737,test,0.32094002,1
10742,test,0.84654385,1
10748,test,0.38603,1
10752,test,0.42035055,1
10766,test,0.64897984,0
10769,test,0.6848401,1
10779,test,0.3394969,1
10790,test,0.5264159,0
10813,test,0.3626741,1
10829,test,0.6065319,0
10831,test,0.17055772,1
10836,test,0.638829,0
10842,test,0.6276965,0
10845,test,0.41205862,1
10954,test,0.45784554,1
10960,test,0.5038758,1
10992,test,0.51881427,0
10997,test,0.4894235,1
11002,test,0.28975105,1
11025,test,0.3365234,1
11037,test,0.40108865,0
11041,test,0.63770497,1
11044,test,0.47382808,0
11046,test,0.42035604,1
11052,test,0.76872,0
11071,test,0.50102615,1
11077,test,0.4003318,1
11079,test,0.1759321,1
11097,test,0.18968023,1
11107,test,0.5416038,1
11128,test,0.28699264,1
11160,test,0.7423857,0
11176,test,0.47687632,0
11182,test,0.16351195,1
11183,test,0.6702762,0
11187,test,0.27995443,1
11204,test,0.51294965,0
11212,test,0.45047015,1
11229,test,0.52281487,1
11234,test,0.47175017,1
11242,test,0.7691213,1
11243,test,0.72910243,1
11261,test,0.6145579,1
11264,test,0.59775025,0
11285,test,0.6487251,0
11287,test,0.58087856,0
11319,test,0.25734866,1
11322,test,0.75092995,1
11325,test,0.32437426,1
11336,test,0.14953272,1
11360,test,0.56620586,1
11375,test,0.4621118,0
11385,test,0.42274094,0
11396,test,0.5430624,1
11425,test,0.6544424,1
11429,test,0.71587014,0
11431,test,0.5899885,0
11440,test,0.4792546,1
11491,test,0.49462646,0
11514,test,0.69236463,1
11524,test,0.7313972,0
11526,test,0.35171548,1
11528,test,0.16112834,1
11554,test,0.3279213,1
11578,test,0.6841453,1
11580,test,0.7785921,0
11585,test,0.38796365,1
11593,test,0.31223258,1
11600,test,0.4530333,1
11615,test,0.47469544,1
11620,test,0.56442696,0
11643,test,0.7287326,0
11661,test,0.7862376,0
11671,test,0.5659217,1
11685,test,0.7827557,0
11700,test,0.8994152,1
11717,test,0.5103416,0
11722,test,0.26148164,1
11730,test,0.78451335,0
11739,test,0.5045711,1
11754,test,0.12188374,1
11755,test,0.67426556,0
11756,test,0.5762257,1
11760,test,0.39660287,1
11787,test,0.51874626,1
11801,test,0.14108698,1
11807,test,0.80476314,1
11812,test,0.8808751,0
11829,test,0.4524899,1
11834,test,0.43445855,0
11836,test,0.3739372,1
11855,test,0.39363545,0
11862,test,0.49770156,1
11867,test,0.3659132,1
11872,test,0.4981496,0
11873,test,0.8495787,1
11875,test,0.728522,0
11876,test,0.9462695,0
11883,test,0.29367006,1
11888,test,0.23073551,1
11892,test,0.5822497,0
11898,test,0.22840428,1
11909,test,0.42363462,1
11918,test,0.66820455,0
11921,test,0.5275044,1
11935,test,0.4037212,1
11937,test,0.70931274,1
11938,test,0.3891066,1
11952,test,0.75504416,0
11962,test,0.52946633,1
11964,test,0.73543763,0
11969,test,0.20147316,1
11972,test,0.91575533,0
11984,test,0.3630912,0
12003,test,0.5956248,1
12016,test,0.3761295,1
12020,test,0.48374563,1
12038,test,0.62938875,1
12045,test,0.5945686,0
12068,test,0.708966,1
12069,test,0.59890693,0
12084,test,0.5794536,1
12086,test,0.6840372,0
12112,test,0.5036718,1
12129,test,0.5954032,1
12130,test,0.6613973,1
12135,test,0.24279694,1
12145,test,0.5117638,0
12160,test,0.81042814,0
12166,test,0.30638093,1
12170,test,0.32250533,1
12215,test,0.8836961,0
12222,test,0.2995812,1
12232,test,0.59530324,0
12233,test,0.24066556,1
12252,test,0.28064796,1
12253,test,0.9560605,0
12262,test,0.7734808,1
12264,test,0.27020422,1
12282,test,0.8482023,0
12321,test,0.5106742,0
12325,test,0.49968016,1
12332,test,0.16468577,1
12340,test,0.65098274,1
12342,test,0.31581813,1
12346,test,0.7000644,1
12365,test,0.27734855,1
12394,test,0.3773142,1
12405,test,0.10543522,1
12413,test,0.25328028,1
12414,test,0.5958402,0
12435,test,0.6454801,1
12436,test,0.29427662,1
12454,test,0.4801295,1
12470,test,0.6421526,1
12474,test,0.27312818,1
12478,test,0.8074736,1
12481,test,0.28485686,1
12485,test,0.35165364,0
12486,test,0.33215386,1
12525,test,0.20224537,1
12526,test,0.49756718,0
12533,test,0.58981234,1
12535,test,0.72921926,1
12548,test,0.2050698,1
12557,test,0.26490587,1
12581,test,0.75222117,0
12596,test,0.53929085,1
12617,test,0.3374071,0
12619,test,0.6668277,0
12627,test,0.6827334,0
12636,test,0.46532613,1
12661,test,0.3846559,1
12676,test,0.46130753,0
12684,test,0.36753032,1
12703,test,0.49066225,1
12707,test,0.4296822,1
12708,test,0.4135419,1
12733,test,0.6965838,1
12737,test,0.5321414,1
12768,test,0.6088312,0
12781,test,0.7916787,0
12783,test,0.4056528,1
12794,test,0.44489616,1
12803,test,0.7663595,1
12810,test,0.37059835,1
12812,test,0.46412337,1
12819,test,0.6284119,1
12831,test,0.5992623,0
12856,test,0.6693541,0
12865,test,0.6992733,1
12883,test,0.5674242,1
12890,test,0.34234774,1
12899,test,0.44243065,0
12914,test,0.3266051,1
12925,test,0.49322817,1
12927,test,0.40674144,1
12937,test,0.62682414,1
12938,test,0.27622783,1
12949,test,0.75287616,1
12960,test,0.44068074,0
12964,test,0.46350613,1
12967,test,0.8507238,0
12972,test,0.75460446,0
12976,test,0.8120397,1
12981,test,0.17464167,1
12983,test,0.75869066,0
12986,test,0.34845018,1
13009,test,0.12235551,1
13042,test,0.63220125,1
13064,test,0.061030462,1
13065,test,0.86142284,0
13074,test,0.74537456,1
13093,test,0.47264886,1
13095,test,0.41704154,1
13104,test,0.37711015,0
13108,test,0.43895647,0
13112,test,0.473145,0
13143,test,0.32714498,1
13164,test,0.51019627,1
13165,test,0.26490843,1
13188,test,0.9143019,0
13199,test,0.18123895,1
13204,test,0.47762984,1
13206,test,0.36993134,1
13217,test,0.7167234,0
13218,test,0.633073,0
13228,test,0.15915641,1
13285,test,0.25644103,1
13300,test,0.263067,1
13316,test,0.23712745,1
13321,test,0.5095395,0
13344,test,0.15315472,1
13368,test,0.79614973,0
13371,test,0.35976255,1
13373,test,0.4187751,0
13399,test,0.7919291,0
13407,test,0.56220156,1
13414,test,0.6228955,0
13426,test,0.6296901,1
13430,test,0.67300946,1
13441,test,0.5281748,0
13459,test,0.65659845,0
13460,test,0.15288907,1
13496,test,0.2931698,1
13503,test,0.762056,0
13506,test,0.6715024,0
13521,test,0.342058,1
13553,test,0.8875886,0
13554,test,0.90401125,0
13555,test,0.08065095,1
13557,test,0.5566692,1
13558,test,0.16385062,1
13565,test,0.7316425,0
13582,test,0.32634464,1
13587,test,0.55752057,1
13597,test,0.35409302,0
13639,test,0.3377826,1
13660,test,0.46844637,0
13663,test,0.43136567,1
13665,test,0.7459141,0
13679,test,0.46898907,1
13687,test,0.43232244,0
13690,test,0.6168859,0
13703,test,0.43125534,1
13713,test,0.5944015,1
13723,test,0.5322322,1
13726,test,0.47948867,1
13749,test,0.3089285,1
13755,test,0.60789585,0
13783,test,0.7840549,0
13794,test,0.21646908,1
13800,test,0.47446176,1
13807,test,0.6011074,1
13809,test,0.8137603,0
13834,test,0.74498004,0
13860,test,0.26375604,1
13873,test,0.4799337,1
13883,test,0.60705644,1
13896,test,0.30671418,0
13900,test,0.5944899,1
13908,test,0.5483492,0
13913,test,0.55190885,0
13924,test,0.48670524,0
13929,test,0.70615363,0
13933,test,0.7499044,1
13936,test,0.42597955,1
13964,test,0.6749152,1
13977,test,0.49920896,1
13980,test,0.510274,1
14007,test,0.74300975,0
14025,test,0.47600654,1
14046,test,0.20321631,1
14048,test,0.13170584,1
14066,test,0.61220485,0
14075,test,0.35889637,1
14082,test,0.72544694,0
14092,test,0.3971378,1
14094,test,0.094633274,1
14098,test,0.61389387,0
14100,test,0.63602716,0
14107,test,0.21229433,1
14135,test,0.21001995,1
14142,test,0.7109318,0
14147,test,0.49477816,1
14155,test,0.4444532,1
14176,test,0.5094422,1
14178,test,0.72314036,0
14202,test,0.62613213,1
14215,test,0.87517065,0
14244,test,0.30054057,1
14245,test,0.50264597,1
14258,test,0.31102094,1
14263,test,0.50732297,0
14313,test,0.8061255,0
14316,test,0.20791848,1
14319,test,0.14746484,1
14328,test,0.21250543,1
14347,test,0.80426407,0
14374,test,0.70150685,1
14391,test,0.61254305,0
14393,test,0.43654448,1
14396,test,0.38381633,1
14400,test,0.7467259,0
14412,test,0.38079357,1
14423,test,0.37831384,1
14446,test,0.72527033,0
14450,test,0.44035685,1
14456,test,0.6494501,0
14470,test,0.48333746,1
14471,test,0.18504056,1
14500,test,0.85361564,0
14510,test,0.4010037,1
14531,test,0.783534,0
14535,test,0.57656217,1
14542,test,0.6537726,0
14566,test,0.5003659,1
14571,test,0.65344256,0
14580,test,0.6513055,0
14584,test,0.64927274,1
14595,test,0.5234773,0
14621,test,0.21932928,1
14624,test,0.6345638,1
14628,test,0.83523285,0
14631,test,0.51374996,1
14650,test,0.67877537,0
14654,test,0.57855064,0
14657,test,0.5393917,0
14660,test,0.30657935,1
14682,test,0.20465672,1
14705,test,0.89277714,0
14709,test,0.34250546,1
14717,test,0.65394485,0
14746,test,0.16525109,1
14754,test,0.4189195,1
14768,test,0.33481833,0
14771,test,0.61548615,0
14775,test,0.71730757,1
14782,test,0.7525465,0
14789,test,0.60941476,1
14790,test,0.5607606,1
14802,test,0.64422876,1
14810,test,0.35271335,1
14818,test,0.4447591,1
14856,test,0.38530394,1
14864,test,0.6201918,1
14869,test,0.3267575,0
14885,test,0.35873988,1
14886,test,0.5100668,1
14929,test,0.21932162,1
14932,test,0.6021162,0
14942,test,0.3885236,1
14945,test,0.41435248,1
14952,test,0.36276335,0
14954,test,0.266561,1
14962,test,0.7238407,1
14967,test,0.25730345,1
14978,test,0.95397866,0
14981,test,0.3147233,1
14988,test,0.14949043,1
14990,test,0.37060645,1
15013,test,0.71396375,0
15022,test,0.2698528,1
15037,test,0.2330288,1
15054,test,0.7739009,0
15093,test,0.58446956,1
15094,test,0.18494658,1
15095,test,0.67366505,0
15098,test,0.27711916,1
15099,test,0.48011822,1
15100,test,0.61126214,1
15109,test,0.796675,0
15127,test,0.87194645,0
15142,test,0.8219404,1
15163,test,0.58667624,1
15180,test,0.39992362,1
15186,test,0.28680828,1
15188,test,0.28560922,1
15200,test,0.5457794,0
15209,test,0.85337377,0
15211,test,0.6910021,0
15230,test,0.6785357,1
15258,test,0.7732914,0
15259,test,0.40979972,1
15275,test,0.3099755,1
15280,test,0.407383,1
15290,test,0.74773675,0
15303,test,0.4894618,1
15305,test,0.20525244,1
15317,test,0.354256,1
15322,test,0.5667593,0
15325,test,0.83641714,0
15329,test,0.6972883,0
15331,test,0.7544851,0
15335,test,0.32094583,0
15338,test,0.5207386,0
15343,test,0.53678864,1
15358,test,0.23635714,1
15363,test,0.70445603,0
15371,test,0.4914533,1
15378,test,0.74669796,0
15382,test,0.3735735,1
15401,test,0.6150093,0
15405,test,0.36282706,1
15422,test,0.5437706,0
15431,test,0.74346346,1
15438,test,0.65687007,1
15449,test,0.44410494,1
15452,test,0.3252062,1
15455,test,0.5969529,1
15457,test,0.3826764,0
15460,test,0.22451729,1
15466,test,0.45627877,1
15475,test,0.6956692,1
15486,test,0.77473384,0
15506,test,0.5350869,0
15511,test,0.4164616,1
15541,test,0.32343248,1
15544,test,0.44824898,0
15545,test,0.50334996,0
15551,test,0.70625055,0
15557,test,0.62993896,0
15560,test,0.60575825,0
15565,test,0.6293889,1
15584,test,0.5913874,0
15587,test,0.4563507,1
15591,test,0.6481673,1
15594,test,0.34137177,1
15595,test,0.42258918,0
15601,test,0.57758594,1
15620,test,0.5630547,0
15657,test,0.6037892,1
15660,test,0.5231085,1
15667,test,0.77811074,1
15684,test,0.5321721,0
15688,test,0.67254496,1
15690,test,0.6306053,1
15691,test,0.4980694,0
15694,test,0.67972416,1
15695,test,0.9506429,1
15702,test,0.708033,0
15710,test,0.7558707,1
15725,test,0.72182363,1
15768,test,0.6472367,1
15790,test,0.6656656,1
15794,test,0.4983388,0
15813,test,0.5652199,0
15817,test,0.61693686,0
15848,test,0.5108743,0
15856,test,0.6115909,0
15857,test,0.5087603,0
15860,test,0.87349,0
15867,test,0.68322945,1
15928,test,0.46239522,1
15939,test,0.37527928,0
15940,test,0.70421046,1
15961,test,0.46896857,0
15968,test,0.60315627,0
15972,test,0.7023044,1
15980,test,0.5005091,1
15985,test,0.82073694,1
16006,test,0.7381774,0
16008,test,0.7781583,0
16009,test,0.3040196,1
16032,test,0.6546686,1
16044,test,0.7741189,1
16080,test,0.73788637,1
16086,test,0.8136011,0
16093,test,0.40014917,1
16098,test,0.48971012,1
16110,test,0.5244226,1
16135,test,0.58513993,0
16155,test,0.7133023,1
16161,test,0.65685165,1
16183,test,0.42483953,1
16190,test,0.5806026,0
16195,test,0.48591143,1
16204,test,0.7999433,1
16220,test,0.55686355,0
16234,test,0.29253247,1
16244,test,0.8953793,0
16259,test,0.5960749,0
16260,test,0.13274306,1
16267,test,0.68467176,0
16268,test,0.50124174,0
16278,test,0.08191876,1
16287,test,0.33679366,1
16290,test,0.1364277,1
16294,test,0.36369225,1
16310,test,0.243954,1
16311,test,0.3212166,0
16358,test,0.14284164,1
16360,test,0.7509319,0
16361,test,0.4554522,0
16374,test,0.37715057,1
16375,test,0.5758604,0
16382,test,0.29276296,1
16396,test,0.7347897,0
16398,test,0.6465281,0
16420,test,0.30294457,1
16428,test,0.33412525,1
16455,test,0.44548854,0
16459,test,0.6627658,0
16460,test,0.6057543,0
16465,test,0.6333553,0
16479,test,0.25362533,1
16490,test,0.9046081,0
16496,test,0.6121408,0
16501,test,0.61263317,0
16518,test,0.23388074,1
16519,test,0.5430078,1
16520,test,0.56072253,1
16534,test,0.51947886,1
16549,test,0.59845716,0
16572,test,0.5888748,0
16575,test,0.2727772,1
16591,test,0.17920068,1
16592,test,0.745286,1
16594,test,0.32113695,1
16598,test,0.6999593,0
16603,test,0.66948575,1
16622,test,0.15595157,1
16631,test,0.53394264,0
16634,test,0.26787543,1
16647,test,0.48709273,0
16672,test,0.41173235,1
16687,test,0.37457904,1
16711,test,0.62845033,1
16719,test,0.47898525,1
16734,test,0.61360896,1
16735,test,0.3308842,1
16755,test,0.6077943,0
16756,test,0.77615345,1
16768,test,0.5779547,1
16772,test,0.2730703,0
16775,test,0.5257186,1
16790,test,0.7447231,0
16792,test,0.43049026,0
16812,test,0.59255356,0
16846,test,0.2620692,1
16849,test,0.6144647,1
16868,test,0.38071248,1
16876,test,0.5734356,0
16877,test,0.21758717,1
16879,test,0.19159986,1
16889,test,0.37810725,1
16892,test,0.40663454,0
16896,test,0.62329125,1
16928,test,0.29962686,1
16929,test,0.50419647,1
16934,test,0.732935,1
16936,test,0.21086004,1
16938,test,0.5224104,0
16947,test,0.7985599,0
16999,test,0.5280305,1
17003,test,0.24199072,1
17007,test,0.71729934,0
17017,test,0.5828827,0
17033,test,0.3893011,1
17041,test,0.46687368,0
17055,test,0.7118979,0
17069,test,0.3856726,0
17085,test,0.14797066,1
17086,test,0.18536747,1
17097,test,0.5484584,1
17139,test,0.07025199,1
17178,test,0.74381363,0
17195,test,0.60164624,1
17197,test,0.47681105,0
17199,test,0.41797987,1
17212,test,0.7932313,1
17214,test,0.56822526,0
17217,test,0.4547566,0
17219,test,0.8187238,0
17245,test,0.7733367,0
17248,test,0.54241997,0
17250,test,0.54002553,0
17256,test,0.4614924,0
17258,test,0.8833385,0
17273,test,0.485205,0
17287,test,0.77323514,1
17301,test,0.6914735,1
17304,test,0.69948107,1
17320,test,0.22439034,0
17326,test,0.5363134,0
17327,test,0.5971701,0
17331,test,0.49805078,0
17341,test,0.6217769,0
17348,test,0.44331732,1
17359,test,0.45709294,1
17365,test,0.62973017,0
17372,test,0.79438055,0
17388,test,0.584509,1
17391,test,0.44287562,0
17419,test,0.6751862,0
17425,test,0.20459169,0
17428,test,0.85680294,0
17434,test,0.35228452,0
17459,test,0.7223528,1
17481,test,0.666112,1
17489,test,0.59967756,0
17501,test,0.7626622,0
17506,test,0.43746468,1
17511,test,0.43935543,1
17519,test,0.81753445,0
17524,test,0.58750683,1
17528,test,0.42546454,0
17535,test,0.6576812,0
17539,test,0.3712577,0
17544,test,0.73240346,0
17552,test,0.7946971,0
17557,test,0.45016944,0
17566,test,0.6636196,1
17573,test,0.42343977,1
17577,test,0.41240087,0
17579,test,0.3511404,0
17582,test,0.43932986,0
17583,test,0.532222,0
17591,test,0.8013403,0
17611,test,0.46207595,0
17612,test,0.38423392,0
17631,test,0.54634994,1
17638,test,0.74002194,0
17643,test,0.85330963,0
17655,test,0.10641217,1
17656,test,0.46688524,0
17660,test,0.42137927,1
17661,test,0.58463144,0
17668,test,0.53251874,0
17670,test,0.4671219,0
17680,test,0.3440817,1
17699,test,0.6716977,0
17706,test,0.42710567,0
17725,test,0.53364813,0
17730,test,0.67116064,1
17731,test,0.60768795,0
17741,test,0.54840285,1
17749,test,0.91301316,0
17786,test,0.42685014,0
17787,test,0.7217086,1
17795,test,0.5731015,1
17822,test,0.6939071,0
17831,test,0.5305967,1
17835,test,0.6579293,1
17839,test,0.70425725,1
17896,test,0.6861755,1
17899,test,0.37444323,1
17928,test,0.7838562,1
17934,test,0.610405,1
17935,test,0.7815932,1
17942,test,0.7227979,1
17955,test,0.41399297,1
17966,test,0.57021993,0
17969,test,0.61635417,1
17973,test,0.5129726,1
17975,test,0.61864716,1
17994,test,0.52771086,1
17999,test,0.5910215,0
18002,test,0.37800863,1
18009,test,0.53024507,1
18012,test,0.64270633,0
18021,test,0.59593105,1
18022,test,0.72702277,1
18042,test,0.63673717,0
18051,test,0.9078086,1
18068,test,0.279701,1
18077,test,0.22851722,1
18081,test,0.35437584,1
18108,test,0.5014676,1
18129,test,0.65049064,0
18131,test,0.4648842,1
18162,test,0.6626914,0
18164,test,0.5556475,0
18192,test,0.7311735,0
18198,test,0.31192872,1
18206,test,0.45377082,1
18209,test,0.6871451,0
18217,test,0.31278846,1
18220,test,0.4646132,1
18246,test,0.45594615,0
18252,test,0.4908906,0
18268,test,0.7556309,1
18281,test,0.5440807,1
18301,test,0.6272841,0
18319,test,0.569017,1
18334,test,0.61778116,1
18337,test,0.6240718,1
18338,test,0.4970647,1
18341,test,0.7057045,1
18343,test,0.4556515,1
18351,test,0.5143211,0
18365,test,0.59979707,1
18377,test,0.49959195,1
18405,test,0.4931782,1
18408,test,0.40059146,1
18416,test,0.45846817,0
18418,test,0.84152323,0
18420,test,0.5783662,0
18440,test,0.45510012,0
18449,test,0.5066943,1
18457,test,0.6937502,0
18464,test,0.44595814,1
18471,test,0.57435995,0
18472,test,0.53251475,1
18482,test,0.7033174,1
18515,test,0.19013366,1
18516,test,0.30005902,1
18521,test,0.37201217,1
18532,test,0.5799175,0
18541,test,0.32661486,1
18549,test,0.50250953,1
18559,test,0.6453614,0
18562,test,0.54547536,0
18570,test,0.8371728,0
18585,test,0.5923491,1
18588,test,0.6646234,1
18599,test,0.2540457,1
18635,test,0.5732995,0
18642,test,0.43192834,1
18664,test,0.30040753,1
18680,test,0.22131509,1
18692,test,0.53213626,0
18693,test,0.77734643,1
18695,test,0.28896648,1
18700,test,0.7494975,0
18712,test,0.39130816,0
18726,test,0.5915479,0
18753,test,0.27826315,1
18781,test,0.5955992,0
18782,test,0.7074319,0
18792,test,0.40659335,1
18798,test,0.32659546,1
18808,test,0.4654407,1
18812,test,0.7848604,0
18814,test,0.09652192,1
18817,test,0.3124407,1
18830,test,0.4763637,1
18842,test,0.6350561,1
18855,test,0.5519406,0
18865,test,0.7404783,0
18866,test,0.75972337,1
18870,test,0.34581757,1
18881,test,0.33131233,1
18888,test,0.22252917,1
18889,test,0.6046917,1
18895,test,0.2816928,1
18896,test,0.7262076,0
18899,test,0.81592834,1
18927,test,0.13997158,1
18938,test,0.48745605,0
18939,test,0.80005425,0
18961,test,0.57941324,1
18965,test,0.43261617,1
18973,test,0.5340867,1
18977,test,0.68822235,0
18978,test,0.44878882,0
18979,test,0.5470103,0
18984,test,0.596347,0
18989,test,0.8062955,1
18991,test,0.66770166,0
18997,test,0.49206105,1
19022,test,0.6403358,1
19042,test,0.9111152,1
19048,test,0.64002395,1
19073,test,0.6683368,1
19081,test,0.4230587,0
19087,test,0.36903134,0
19108,test,0.71451664,0
19124,test,0.54771703,1
19139,test,0.42399028,0
19143,test,0.7452534,1
19153,test,0.43430948,0
19154,test,0.40853968,0
19156,test,0.6377992,1
19169,test,0.55586773,0
19179,test,0.7288328,0
19186,test,0.847646,1
19190,test,0.41274297,1
19206,test,0.5059108,0
19207,test,0.30863708,0
19214,test,0.7606587,0
19216,test,0.842829,0
19223,test,0.533656,0
19229,test,0.46788046,0
19233,test,0.3784179,1
19255,test,0.5020462,1
19263,test,0.5366869,1
19264,test,0.6424918,0
19313,test,0.590325,0
19338,test,0.6006733,1
19345,test,0.5375722,1
19347,test,0.5044807,1
19370,test,0.7113442,0
19372,test,0.46817312,0
19373,test,0.58776194,0
19381,test,0.651834,1
19394,test,0.70214784,1
19398,test,0.75370157,0
19411,test,0.43870425,0
19424,test,0.5287322,0
19426,test,0.2619049,1
19432,test,0.8376713,1
19437,test,0.38660046,1
19450,test,0.29868558,1
19456,test,0.90503484,0
19459,test,0.318214,1
19460,test,0.39849523,1
19464,test,0.8991069,0
19479,test,0.8531364,0
19487,test,0.29600912,1
19497,test,0.48135054,1
19504,test,0.79637074,0
19513,test,0.39426026,1
19527,test,0.7243247,0
19532,test,0.571489,1
19536,test,0.7287402,0
19538,test,0.28843117,0
19556,test,0.096384235,1
19561,test,0.90204906,0
19583,test,0.5064443,0
19589,test,0.6087044,1
19592,test,0.32028583,1
19595,test,0.47007683,1
19596,test,0.2363996,1
19616,test,0.57516146,1
19617,test,0.736362,1
19618,test,0.30020568,1
19620,test,0.7149902,0
19623,test,0.56116223,1
19636,test,0.8442216,0
19639,test,0.6308599,1
19664,test,0.8194641,1
19666,test,0.22645769,1
19669,test,0.9215492,0
19699,test,0.7220761,0
19731,test,0.54758424,0
19734,test,0.41446126,0
19747,test,0.63013405,1
19762,test,0.51037484,1
19763,test,0.5863909,0
19766,test,0.4206025,0
19787,test,0.8103194,0
19799,test,0.72879916,0
19806,test,0.7477825,0
19846,test,0.34235114,1
19864,test,0.6681424,0
19878,test,0.74428666,1
19884,test,0.19742034,1
19888,test,0.68793255,0
19890,test,0.5851616,1
19892,test,0.5846209,1
19902,test,0.7913754,0
19903,test,0.6897051,0
19909,test,0.84509057,0
19928,test,0.38037494,1
19938,test,0.6871755,1
19955,test,0.30233702,0
19957,test,0.65842736,1
19960,test,0.38494942,1
19963,test,0.38933173,1
19968,test,0.7457547,0
19976,test,0.49928653,1
19984,test,0.74578357,0
19998,test,0.39657176,0
20019,test,0.7451623,0
20022,test,0.5033635,0
20028,test,0.9356171,0
20048,test,0.69110584,0
20074,test,0.50693434,1
20077,test,0.25220543,1
20079,test,0.7256527,0
20088,test,0.5799345,0
20101,test,0.41506985,0
20106,test,0.5703117,1
20109,test,0.6120667,1
20119,test,0.43841192,1
20120,test,0.6999036,1
20123,test,0.7177599,0
20136,test,0.7467985,1
20144,test,0.42570823,1
20146,test,0.5512563,1
20177,test,0.61781037,1
20180,test,0.38056067,1
20196,test,0.47425935,1
20204,test,0.23153043,1
20219,test,0.6246204,0
20280,test,0.5917552,1
20291,test,0.30853477,1
20310,test,0.6935125,0
20316,test,0.65392965,1
20335,test,0.5974016,0
20383,test,0.6792682,1
20384,test,0.70741427,1
20403,test,0.52490556,0
20405,test,0.7260097,1
20414,test,0.7383889,1
20426,test,0.37781838,1
20439,test,0.2160434,1
20453,test,0.7442732,0
20488,test,0.65222603,1
20495,test,0.6982342,1
20497,test,0.4111939,1
20527,test,0.6911718,0
20539,test,0.68735856,0
20545,test,0.52104354,1
20549,test,0.43307832,1
20553,test,0.7559834,0
20554,test,0.624304,1
20590,test,0.56200033,1
20596,test,0.22982563,1
20612,test,0.6368778,0
20617,test,0.5218484,0
20627,test,0.50147927,1
20656,test,0.6645609,0
20666,test,0.5128333,1
20668,test,0.3537922,1
20672,test,0.21051054,1
20677,test,0.5047558,1
20697,test,0.48540312,1
20713,test,0.24076219,1
20733,test,0.82873034,0
20734,test,0.58833134,1
20736,test,0.4596003,0
20745,test,0.22209258,1
20746,test,0.7180884,0
20754,test,0.5386737,1
20763,test,0.40706164,1
20764,test,0.28734583,1
20775,test,0.5703153,0
20795,test,0.4282783,1
20798,test,0.35424146,1
20836,test,0.5350611,0
20865,test,0.7187186,0
20881,test,0.09820942,1
20884,test,0.5481966,0
20932,test,0.6243775,0
20936,test,0.23057494,1
20956,test,0.71788377,0
20960,test,0.32231623,1
20994,test,0.7572009,0
21059,test,0.6954021,0
21070,test,0.33964384,1
21074,test,0.37194926,1
21089,test,0.36376405,1
21100,test,0.50560117,0
21101,test,0.26591265,1
21102,test,0.58290416,0
21108,test,0.475813,1
21115,test,0.7313757,0
21126,test,0.23243436,1
21142,test,0.5074178,1
21149,test,0.51940644,1
21184,test,0.36665893,1
21186,test,0.14806801,1
21187,test,0.7585018,0
21208,test,0.31298444,1
21209,test,0.6262392,1
21235,test,0.37229136,0
21238,test,0.50739294,0
21246,test,0.3790054,1
21248,test,0.5954766,1
21266,test,0.94773304,0
21270,test,0.68227226,0
21272,test,0.36146435,1
21280,test,0.7534907,1
21281,test,0.6455438,0
21292,test,0.094607264,1
21305,test,0.60533434,0
21320,test,0.4897678,1
21323,test,0.16607127,1
21329,test,0.44953004,1
21336,test,0.3433959,1
21363,test,0.63858765,1
21370,test,0.723714,0
21387,test,0.60239536,1
21417,test,0.80979943,0
21442,test,0.31186128,0
21462,test,0.2823054,1
21466,test,0.5170695,0
21471,test,0.7583378,1
21502,test,0.2474381,1
21505,test,0.5331615,1
21507,test,0.29159302,1
21513,test,0.8012924,0
21525,test,0.70361656,0
21527,test,0.5927177,1
21533,test,0.61780405,1
21546,test,0.60545427,0
21638,test,0.5220586,1
21651,test,0.5524657,0
21691,test,0.37579203,1
21722,test,0.63203883,0
21726,test,0.64869916,1
21729,test,0.25631753,1
21738,test,0.71195894,0
21745,test,0.57732344,1
21749,test,0.7482261,0
21756,test,0.2969932,1
21760,test,0.6117181,0
21763,test,0.5257875,0
21775,test,0.22434402,1
21779,test,0.48491842,1
21785,test,0.36121923,0
21791,test,0.25744256,1
21801,test,0.6759912,0
21824,test,0.24132024,1
21826,test,0.729605,1
21831,test,0.9652996,1
21843,test,0.22615974,1
21858,test,0.48652422,1
21870,test,0.4416625,1
21879,test,0.35154775,1
21924,test,0.68584764,0
21948,test,0.39184606,0
21960,test,0.13635339,1
21969,test,0.21168748,0
21980,test,0.7990849,0
22009,test,0.12502308,1
22015,test,0.5364815,1
22020,test,0.54179335,1
22035,test,0.62963253,0
22050,test,0.53613913,1
22064,test,0.5070065,0
22065,test,0.92294264,0
22068,test,0.3638125,1
22081,test,0.5735128,1
22092,test,0.39858508,0
22106,test,0.70667714,0
22112,test,0.47408584,1
22145,test,0.5178419,0
22155,test,0.37432295,1
22156,test,0.24836972,1
22161,test,0.23813334,1
22185,test,0.6507377,1
22194,test,0.45725366,1
22199,test,0.6160292,1
22202,test,0.16261375,1
22243,test,0.57812965,1
22248,test,0.5249513,0
22252,test,0.65557486,0
22253,test,0.7993967,0
22274,test,0.50570995,1
22278,test,0.8592904,0
22287,test,0.70751655,0
22290,test,0.64260304,0
22301,test,0.6149867,1
22324,test,0.52178496,0
22331,test,0.36410576,1
22357,test,0.7489177,1
22392,test,0.51277405,0
22394,test,0.7942822,0
22413,test,0.37074834,0
22415,test,0.09988809,1
22421,test,0.44630218,1
22424,test,0.25489908,1
22438,test,0.5352564,0
22440,test,0.12507498,1
22470,test,0.6013351,1
22489,test,0.72163635,0
22494,test,0.72877955,0
22501,test,0.5191153,1
22503,test,0.7027925,1
22506,test,0.5020653,1
22520,test,0.54378355,0
22531,test,0.70009637,0
22534,test,0.39167684,1
22542,test,0.81707233,0
22559,test,0.32476148,1
22565,test,0.31051427,1
22570,test,0.14244351,1
22580,test,0.70569587,1
22588,test,0.3935703,1
22593,test,0.6030814,0
22603,test,0.39332628,0
22608,test,0.72836024,0
22616,test,0.50653726,1
22657,test,0.55682683,0
22688,test,0.35323453,1
22730,test,0.35683054,1
22734,test,0.67477304,0
22756,test,0.35591373,1
22760,test,0.42852265,1
22775,test,0.31486344,1
22781,test,0.530589,1
22782,test,0.37623176,1
22789,test,0.622225,0
22792,test,0.56434643,1
22827,test,0.67608166,0
22846,test,0.2629843,1
22847,test,0.5395849,1
22854,test,0.6746945,0
22859,test,0.4595518,0
22861,test,0.69754595,0
22862,test,0.3445627,1
22883,test,0.47818214,1
22903,test,0.28693715,1
22904,test,0.5625389,1
22924,test,0.36179188,1
22926,test,0.32401028,0
22928,test,0.23149614,1
22951,test,0.56820613,0
22956,test,0.7085216,0
22964,test,0.4375559,1
22965,test,0.19055836,1
22976,test,0.3250157,1
22981,test,0.5774015,0
22995,test,0.29287794,1
22996,test,0.497197,1
23011,test,0.40394214,1
23017,test,0.67988086,0
23025,test,0.49719945,1
23044,test,0.31359047,1
23083,test,0.4088734,1
23110,test,0.3523428,1
23149,test,0.45832652,0
23154,test,0.158964,1
23180,test,0.35018924,1
23186,test,0.68149126,1
23197,test,0.3998252,1
23212,test,0.7444004,0
23216,test,0.5367738,1
23219,test,0.50886136,1
23227,test,0.79756707,1
23253,test,0.2882832,1
23289,test,0.66290253,1
23304,test,0.7284658,0
23328,test,0.6123733,1
23354,test,0.3460363,1
23355,test,0.6992493,0
23395,test,0.7637483,1
23399,test,0.60456395,1
23426,test,0.63685143,1
23431,test,0.35559386,1
23451,test,0.40674052,1
23457,test,0.32384273,1
23462,test,0.61445117,0
23480,test,0.7071995,1
23488,test,0.6894378,0
23491,test,0.5275554,1
23496,test,0.34936085,0
23506,test,0.31846243,1
23512,test,0.5974399,0
23515,test,0.19691789,1
23537,test,0.5025884,0
23542,test,0.6778516,0
23570,test,0.7061438,1
23584,test,0.17157584,1
23596,test,0.37067926,1
23608,test,0.24100137,1
23622,test,0.5994403,0
23644,test,0.51223594,1
23666,test,0.32549325,1
23677,test,0.7169967,0
23682,test,0.49520162,1
23690,test,0.7898234,0
23692,test,0.40283498,1
23736,test,0.6633094,0
23747,test,0.7305236,0
23771,test,0.58463204,0
23773,test,0.48358098,1
23776,test,0.8071601,0
23790,test,0.2710662,1
23792,test,0.6417804,0
23813,test,0.4871269,1
23841,test,0.5311696,0
23861,test,0.5254263,0
23868,test,0.36870748,1
23910,test,0.38998035,0
23913,test,0.72337925,0
23926,test,0.5982258,0
23938,test,0.74927187,1
23947,test,0.80172247,1
23950,test,0.57321703,0
23958,test,0.7615917,0
23960,test,0.22306508,1
23982,test,0.17558303,1
24023,test,0.5978069,0
24051,test,0.26061675,1
24062,test,0.594903,0
24116,test,0.52186114,0
24121,test,0.24222969,1
24147,test,0.78485096,1
24150,test,0.6091864,1
24162,test,0.75682384,1
24185,test,0.50100964,0
24195,test,0.19231202,1
24207,test,0.41879967,1
24223,test,0.55674046,1
24247,test,0.5342844,1
24264,test,0.36377507,1
24274,test,0.650767,1
24306,test,0.6666213,0
24314,test,0.65599513,1
24326,test,0.68249756,1
24337,test,0.9315953,0
24349,test,0.8745209,1
24357,test,0.6085444,0
24358,test,0.11554772,1
24360,test,0.32911846,1
24370,test,0.46356758,1
24379,test,0.5133966,1
24407,test,0.23303822,1
24420,test,0.4282337,1
24444,test,0.3119065,1
24450,test,0.64910424,1
24455,test,0.32199743,1
24471,test,0.18437001,1
24480,test,0.7101073,0
24496,test,0.49534082,0
24508,test,0.52912265,0
24510,test,0.110098206,1
24513,test,0.5376994,0
24523,test,0.6099596,0
24539,test,0.43981877,1
24558,test,0.26723233,1
24563,test,0.5714361,0
24565,test,0.4545912,1
24572,test,0.26991868,1
24576,test,0.24018352,1
24580,test,0.53692913,0
24605,test,0.49201024,1
24607,test,0.5445515,1
24625,test,0.38588145,0
24627,test,0.7805588,0
24659,test,0.9262097,0
24677,test,0.24011354,1
24683,test,0.55546683,0
24692,test,0.709929,1
24696,test,0.4937113,0
24699,test,0.7195115,0
24721,test,0.21085289,1
24752,test,0.49134967,1
24753,test,0.3782349,1
24765,test,0.6889276,0
24779,test,0.5395936,1
24799,test,0.5260836,1
24815,test,0.5023107,0
24826,test,0.16147496,1
24837,test,0.69633734,0
24841,test,0.599492,1
24849,test,0.7232529,0
24885,test,0.6980755,0
24891,test,0.7049219,1
24902,test,0.45690802,1
24904,test,0.8993879,1
24910,test,0.8022216,1
24916,test,0.45880303,1
24922,test,0.478713,1
24952,test,0.5257621,1
24962,test,0.479351,1
25061,test,0.7203752,0
25075,test,0.60816073,0
25088,test,0.6483089,0
25095,test,0.39855093,0
25108,test,0.6462684,1
25121,test,0.19020262,1
25124,test,0.55480665,0
25129,test,0.6739244,0
25136,test,0.5913294,1
25145,test,0.626538,0
25155,test,0.6213284,0
25160,test,0.7380496,0
25185,test,0.43671218,1
25188,test,0.6861767,0
25199,test,0.382609,1
25201,test,0.3799532,1
25220,test,0.56438136,1
25239,test,0.7204829,0
25285,test,0.46997142,1
25294,test,0.26523983,1
25299,test,0.681437,0
25313,test,0.689568,0
25333,test,0.32741475,1
25335,test,0.461558,1
25350,test,0.5052303,1
25353,test,0.4891251,1
25356,test,0.40429607,1
25364,test,0.779818,0
25377,test,0.7049749,0
25390,test,0.94357574,0
25401,test,0.6843217,0
25407,test,0.6634619,1
25418,test,0.5398534,1
25446,test,0.5685826,0
25451,test,0.39004478,1
25454,test,0.5737176,1
25463,test,0.5027396,1
25493,test,0.4610502,1
25496,test,0.15095873,1
25514,test,0.20377246,1
25519,test,0.65637946,0
25555,test,0.26395988,1
25557,test,0.5161726,0
25567,test,0.38471013,1
25587,test,0.7830297,0
25595,test,0.50014395,1
25629,test,0.6367815,1
25631,test,0.18805328,1
25652,test,0.646599,1
25672,test,0.27004346,1
25696,test,0.61489445,0
25712,test,0.30663818,1
25727,test,0.43430692,1
25730,test,0.6262877,1
25735,test,0.4086274,0
25741,test,0.76967627,1
25749,test,0.71390694,1
25752,test,0.65967435,0
25772,test,0.6384102,1
25774,test,0.50191116,0
25798,test,0.5796763,1
25830,test,0.170715,1
25856,test,0.64029485,0
25895,test,0.2830119,1
25912,test,0.89061666,1
25936,test,0.45282075,1
25948,test,0.5784527,1
25951,test,0.24450879,1
25952,test,0.63276917,0
25954,test,0.7202416,0
25967,test,0.6543798,1
26023,test,0.18948434,1
26029,test,0.6479423,0
26044,test,0.630694,0
26060,test,0.49643415,1
26093,test,0.82269645,1
26110,test,0.23451948,1
26112,test,0.30002698,1
26156,test,0.62564,1
26161,test,0.40666252,1
26172,test,0.21168528,1
26201,test,0.8964553,0
26214,test,0.53188914,1
26233,test,0.8788843,0
26242,test,0.69903874,1
26257,test,0.94009936,0
26259,test,0.47966003,1
26262,test,0.44300222,1
26284,test,0.31391326,1
26299,test,0.74106413,0
26310,test,0.8369714,0
26317,test,0.6026701,0
26335,test,0.8144624,0
26337,test,0.15215029,1
26342,test,0.30781898,1
26347,test,0.65133506,1
26363,test,0.50144404,1
26379,test,0.4010666,0
26407,test,0.32230842,1
26409,test,0.9243217,0
26417,test,0.8173455,0
26423,test,0.78255343,1
26426,test,0.5882987,0
26442,test,0.10616397,1
26457,test,0.30765626,1
26464,test,0.72638375,0
26469,test,0.50604063,1
26479,test,0.57129806,0
26482,test,0.29133287,1
26495,test,0.5620044,1
26506,test,0.53803635,1
26512,test,0.69294643,0
26553,test,0.45285976,1
26559,test,0.16675429,1
26561,test,0.40940008,0
26565,test,0.6153743,0
26588,test,0.31924832,1
26594,test,0.7093822,1
26596,test,0.53600395,0
26618,test,0.61001015,1
26621,test,0.50290793,1
26641,test,0.434015,1
26646,test,0.5902917,1
26657,test,0.27485967,1
26676,test,0.53978455,1
26687,test,0.5075608,1
26699,test,0.5883904,0
26700,test,0.69059306,0
26701,test,0.22921191,1
26718,test,0.4664456,1
26747,test,0.701721,0
26750,test,0.4977705,1
26770,test,0.30322808,1
26782,test,0.5469303,0
26797,test,0.18402767,1
26798,test,0.6329606,1
26806,test,0.31583738,1
26823,test,0.50006384,1
26834,test,0.52723783,1
26836,test,0.3688216,0
26848,test,0.5428304,0
26854,test,0.52350986,1
26861,test,0.43225196,1
26871,test,0.6760095,1
26874,test,0.5778639,0
26875,test,0.60481226,1
26883,test,0.2656021,1
26885,test,0.58132666,0
26887,test,0.5849285,0
26889,test,0.61224765,0
26896,test,0.51658446,1
26897,test,0.4864155,1
26919,test,0.61427695,0
26931,test,0.6574056,0
26935,test,0.68839806,0
26943,test,0.5347949,0
26952,test,0.65706664,0
26954,test,0.4651465,1
26955,test,0.3458096,1
26959,test,0.5000124,0
26963,test,0.518031,1
26964,test,0.69242114,1
26968,test,0.97599775,0
26972,test,0.5078596,0
26984,test,0.43630704,1
26991,test,0.54201734,0
27004,test,0.69583935,1
27038,test,0.537392,1
27040,test,0.59407544,1
27051,test,0.36217564,1
27058,test,0.65827835,0
27060,test,0.92940307,0
27071,test,0.3585003,1
27078,test,0.6331386,1
27081,test,0.20843096,1
27117,test,0.5926657,0
27119,test,0.6989216,1
27124,test,0.6283169,0
27144,test,0.3475019,1
27146,test,0.78408456,0
27153,test,0.8164271,1
27183,test,0.45056888,1
27195,test,0.40174568,1
27198,test,0.6412443,0
27201,test,0.27866524,0
27209,test,0.70749533,0
27227,test,0.3258728,1
27234,test,0.4002925,1
27240,test,0.479837,1
27243,test,0.50707453,0
27256,test,0.5684326,1
27259,test,0.7646793,1
27264,test,0.3341651,1
27265,test,0.80835664,0
27272,test,0.69528085,0
27281,test,0.4195549,1
27283,test,0.15629333,1
27284,test,0.5135047,0
27289,test,0.67864704,1
27290,test,0.6991959,0
27295,test,0.40532,1
27296,test,0.50062555,0
27315,test,0.6199644,0
27318,test,0.24417089,1
27321,test,0.61278546,0
27324,test,0.17049742,1
27329,test,0.24925786,1
27332,test,0.59039515,0
27349,test,0.3787165,0
27359,test,0.41289008,0
27370,test,0.6263545,1
27375,test,0.5598677,1
27385,test,0.52223337,1
27391,test,0.5914596,0
27402,test,0.53045434,1
27427,test,0.48602638,0
27430,test,0.6798555,1
27446,test,0.2862099,1
27448,test,0.28180888,1
27465,test,0.7087839,1
27473,test,0.59527373,0
27500,test,0.6767161,1
27501,test,0.51801306,1
27518,test,0.47071892,1
27526,test,0.67941236,1
27530,test,0.63994837,0
27534,test,0.48247918,0
27552,test,0.2638815,1
27555,test,0.7205222,0
27557,test,0.11933137,1
27584,test,0.63519186,1
27605,test,0.3977153,1
27612,test,0.5258777,1
27630,test,0.20086601,1
27631,test,0.27101523,1
27633,test,0.5627025,1
27647,test,0.5505478,1
27651,test,0.48206112,1
27652,test,0.88199735,1
27658,test,0.6009547,0
27671,test,0.622523,0
27672,test,0.18783234,1
27680,test,0.36609495,1
27698,test,0.47505057,0
27707,test,0.7103199,0
27711,test,0.5384483,0
27712,test,0.64617354,1
27714,test,0.584991,0
27730,test,0.613147,0
27756,test,0.23674785,1
27771,test,0.45571232,1
27772,test,0.17522474,1
27775,test,0.5279228,1
27781,test,0.19051097,1
27787,test,0.73046315,0
27795,test,0.44574192,1
27842,test,0.25426766,1
27892,test,0.57150114,1
27893,test,0.3270585,1
27898,test,0.7631289,1
27911,test,0.17211168,0
27912,test,0.6558536,1
27914,test,0.46370354,1
27919,test,0.5912722,0
27929,test,0.70646584,0
27953,test,0.8499409,1
27957,test,0.14687729,1
27959,test,0.6898701,0
27963,test,0.46879926,0
27965,test,0.7826392,1
27975,test,0.78550917,1
27987,test,0.4619225,1
27989,test,0.4925032,1
27995,test,0.40277582,1
27998,test,0.152635,1
28000,test,0.2987251,1
28009,test,0.18035157,1
28016,test,0.14359356,1
28020,test,0.53252214,0
28037,test,0.5883195,1
28047,test,0.5218033,1
28052,test,0.57903075,0
28067,test,0.72916013,0
28070,test,0.53706914,0
28078,test,0.6360942,0
28081,test,0.17257774,1
28083,test,0.5659133,0
28089,test,0.25843826,1
28106,test,0.14914945,1
28119,test,0.44241413,1
28124,test,0.78568995,0
28127,test,0.1369224,1
28130,test,0.4933257,1
28148,test,0.37862256,1
28165,test,0.5146438,1
28167,test,0.2204365,1
28198,test,0.32177874,1
28203,test,0.7925836,0
28207,test,0.43503729,1
28223,test,0.4321656,1
28227,test,0.40864575,1
28244,test,0.7942475,0
28269,test,0.7406827,0
28287,test,0.59961474,1
28334,test,0.5245187,1
28345,test,0.4432048,0
28352,test,0.5119042,1
28399,test,0.78516835,1
28401,test,0.23004442,1
28422,test,0.37016433,1
28436,test,0.23681694,1
28437,test,0.3701755,1
28446,test,0.5297229,1
28451,test,0.9040362,0
28454,test,0.4430571,1
28456,test,0.69057167,1
28462,test,0.45739055,1
28471,test,0.8415983,1
28475,test,0.34380463,1
28476,test,0.6184439,1
28478,test,0.3940371,1
28486,test,0.33693215,1
28490,test,0.26863736,1
28501,test,0.2029869,1
28517,test,0.3307757,1
28523,test,0.5834226,1
28534,test,0.34467378,1
28559,test,0.25336933,1
28582,test,0.492697,1
28595,test,0.69778585,0
28608,test,0.5249649,1
28628,test,0.9199872,0
28645,test,0.22141482,1
28662,test,0.88724756,0
28672,test,0.4334276,1
28679,test,0.4682398,0
28680,test,0.413218,1
28682,test,0.62303436,0
28685,test,0.62102795,0
28722,test,0.6528299,0
28724,test,0.3242643,1
28731,test,0.5609981,1
28733,test,0.6859898,1
28739,test,0.23116139,1
28747,test,0.6120093,0
28772,test,0.53502387,0
28780,test,0.61164075,0
28788,test,0.7012977,1
28793,test,0.6148401,1
28800,test,0.3716522,1
28801,test,0.8109318,1
28805,test,0.32687265,0
28815,test,0.6402507,1
28820,test,0.40591425,1
28831,test,0.77618206,0
28833,test,0.590269,1
28841,test,0.6949302,0
28845,test,0.9296383,1
28880,test,0.6537698,0
28889,test,0.95350856,0
28898,test,0.7758874,1
28899,test,0.61901224,1
28902,test,0.5702931,1
28905,test,0.6769208,0
28921,test,0.51647794,0
28922,test,0.37665996,1
28923,test,0.8012185,0
28925,test,0.9058464,1
28942,test,0.5320311,1
28959,test,0.77490705,1
28986,test,0.914292,0
29020,test,0.69601506,1
29021,test,0.4332745,1
29038,test,0.54321927,0
29057,test,0.53093183,1
29096,test,0.6291637,0
29104,test,0.4202897,0
29121,test,0.61488056,0
29134,test,0.65236443,1
29140,test,0.5592672,1
29143,test,0.5925681,1
29167,test,0.810361,0
29169,test,0.7394474,1
29178,test,0.4840744,1
29184,test,0.9260516,0
29185,test,0.47795194,0
29187,test,0.24859916,1
29188,test,0.89309776,0
29197,test,0.6895945,0
29215,test,0.4812647,0
29220,test,0.62262523,0
29222,test,0.58475333,0
29226,test,0.3336227,1
29232,test,0.602877,1
29247,test,0.40610915,1
29273,test,0.64197147,1
29336,test,0.62593,0
29350,test,0.39680916,1
29357,test,0.7127616,0
29359,test,0.31737614,1
29369,test,0.345404,1
29373,test,0.36385432,1
29381,test,0.42155606,1
29403,test,0.83308715,0
29410,test,0.5976429,0
29414,test,0.16310254,1
29421,test,0.7668517,1
29428,test,0.36876637,1
29430,test,0.677738,1
29447,test,0.16673282,1
29454,test,0.2628944,1
29474,test,0.78737044,0
29480,test,0.4207138,1
29509,test,0.38806987,1
29519,test,0.58299685,1
29532,test,0.74330014,1
29547,test,0.55630106,1
29548,test,0.33255002,1
29564,test,0.67323947,0
29568,test,0.30508697,1
29572,test,0.5009325,1
29581,test,0.9360695,0
29615,test,0.805621,1
29624,test,0.50048816,1
29627,test,0.41493008,1
29637,test,0.8565391,0
29639,test,0.5806454,0
29640,test,0.35573342,1
29650,test,0.4363662,1
29653,test,0.82482433,0
29654,test,0.50573134,1
29665,test,0.69731,0
29681,test,0.41864958,0
29684,test,0.6009004,1
29685,test,0.49480173,0
29697,test,0.6370546,0
29698,test,0.2652609,1
29707,test,0.3886405,1
29733,test,0.77269214,1
29740,test,0.5357555,1
29745,test,0.60606015,0
29750,test,0.606339,0
29759,test,0.71734184,0
29760,test,0.455789,1
29761,test,0.9230057,0
29765,test,0.6704416,1
29773,test,0.9092156,0
29804,test,0.43134177,1
29817,test,0.5966271,0
29819,test,0.7465358,0
29829,test,0.26426733,1
29835,test,0.6827666,0
29850,test,0.35812986,1
29859,test,0.6723668,0
29884,test,0.27616647,1
29893,test,0.4317423,0
29909,test,0.32958508,1
29913,test,0.5273058,0
29916,test,0.75451016,0
29920,test,0.52009165,1
29924,test,0.4896609,0
29939,test,0.7710768,0
29957,test,0.6378616,1
29960,test,0.63217306,1
29962,test,0.41106442,1
29970,test,0.4427832,1
29972,test,0.20233367,1
29973,test,0.34629288,1
29991,test,0.54276067,0
29996,test,0.19567564,1
29999,test,0.76026344,1
30004,test,0.6848752,1
30015,test,0.5406032,0
30018,test,0.16678333,1
30023,test,0.56812376,1
30036,test,0.34956768,1
30044,test,0.8208562,1
30050,test,0.38839406,1
30055,test,0.8079971,0
30073,test,0.24044855,1
30079,test,0.3866814,1
30081,test,0.41323012,1
30089,test,0.5481944,1
30120,test,0.33744228,1
30130,test,0.28300613,1
30154,test,0.59151953,0
30156,test,0.6062834,0
30158,test,0.71148276,0
30163,test,0.38935634,1
30169,test,0.5650553,1
30170,test,0.41415077,1
30181,test,0.35984433,0
30209,test,0.44922763,1
30231,test,0.4579947,1
30251,test,0.6725791,0
30253,test,0.4970505,0
30255,test,0.34456366,1
30262,test,0.3125625,1
30263,test,0.27980113,1
30266,test,0.72597814,0
30281,test,0.5635078,0
30282,test,0.6159572,0
30298,test,0.3135404,1
30305,test,0.66850543,0
30310,test,0.41341388,1
30333,test,0.6051234,1
30364,test,0.6815734,0
30373,test,0.6036837,0
30379,test,0.4429485,1
30400,test,0.6491394,0
30406,test,0.6737856,1
30422,test,0.46426806,1
30442,test,0.36596185,1
30446,test,0.7547253,0
30449,test,0.48014838,1
30453,test,0.79061407,0
30463,test,0.41753936,1
30465,test,0.6259397,0
30476,test,0.77312565,0
30493,test,0.40166885,1
30494,test,0.47073317,1
30498,test,0.70549965,0
30510,test,0.51200366,1
30520,test,0.7172178,0
30534,test,0.3624743,1
30542,test,0.42359334,1
30544,test,0.69916713,0
30560,test,0.5147233,1
30574,test,0.59959674,0
30586,test,0.25264478,1
30592,test,0.47263744,0
30644,test,0.19767413,1
30661,test,0.3341752,1
30688,test,0.2792002,1
30691,test,0.5324458,0
30693,test,0.7960627,1
30701,test,0.40977588,1
30704,test,0.7328538,0
30712,test,0.46162283,1
30719,test,0.4205152,1
30720,test,0.5057072,1
30728,test,0.65713894,1
30730,test,0.5939736,0
30737,test,0.4911515,0
30799,test,0.47988582,0
30800,test,0.51542044,1
30816,test,0.3736013,1
30818,test,0.9737775,0
30824,test,0.4194949,1
30841,test,0.5789229,1
30847,test,0.2208503,1
30859,test,0.16086172,1
30872,test,0.45049706,1
30892,test,0.43260852,0
30894,test,0.792815,0
30905,test,0.35810345,1
30908,test,0.28467464,1
30916,test,0.9714996,0
30945,test,0.5867112,1
30946,test,0.8088677,0
30953,test,0.5193293,0
30955,test,0.69263685,1
30961,test,0.4273749,1
30968,test,0.65229887,0
30971,test,0.35768446,0
30974,test,0.5865774,0
30980,test,0.41785538,0
30992,test,0.68979514,1
30996,test,0.31862357,0
31000,test,0.48798138,1
31006,test,0.49602407,1
31010,test,0.3945776,1
31053,test,0.7529786,0
31055,test,0.31374618,1
31070,test,0.6007115,1
31082,test,0.6586266,0
31083,test,0.3692707,1
31096,test,0.9771413,0
31097,test,0.73151034,0
31112,test,0.49696434,1
31114,test,0.39151472,1
31118,test,0.42502585,1
31122,test,0.501958,1
31126,test,0.76226526,0
31128,test,0.612303,1
31136,test,0.9671727,0
31152,test,0.41090077,1
31154,test,0.22855376,1
31164,test,0.5718961,0
31166,test,0.8205261,0
31218,test,0.5953186,1
31227,test,0.6664094,0
31233,test,0.49276215,1
31234,test,0.43877625,1
31235,test,0.6565931,0
31269,test,0.34573048,1
31285,test,0.17423016,1
31291,test,0.67364997,1
31302,test,0.32954323,1
31312,test,0.66913736,0
31319,test,0.21213807,1
31332,test,0.549705,0
31339,test,0.6028591,1
31342,test,0.3631913,0
31366,test,0.62362194,1
31370,test,0.6911736,1
31372,test,0.7088971,1
31382,test,0.5792922,1
31383,test,0.5934275,1
31420,test,0.43569437,1
31426,test,0.7743152,1
31433,test,0.46508685,1
31441,test,0.45242912,1
31447,test,0.70396304,0
31456,test,0.2640187,0
31458,test,0.22889957,1
31460,test,0.47032705,1
31465,test,0.6376547,1
31471,test,0.627027,0
31474,test,0.60711485,0
31480,test,0.735726,0
31484,test,0.5614055,1
31488,test,0.47523856,1
31501,test,0.6081846,1
31507,test,0.6999779,0
31511,test,0.52013075,0
31517,test,0.25460684,1
31522,test,0.548917,1
31533,test,0.5151293,1
31551,test,0.6989697,0
31566,test,0.48110068,1
31573,test,0.6041369,1
31597,test,0.5492505,1
31605,test,0.30434462,1
31622,test,0.6257144,0
31626,test,0.8960292,0
31628,test,0.4540509,0
31635,test,0.20569758,1
31664,test,0.6615227,0
31672,test,0.3154582,1
31708,test,0.5632246,1
31725,test,0.68199456,1
31740,test,0.1341399,0
31744,test,0.59627104,1
31748,test,0.8590804,0
31750,test,0.2836737,0
31767,test,0.30119854,1
31778,test,0.32511616,1
31783,test,0.07793416,1
31811,test,0.3895651,0
31831,test,0.27391925,1
31836,test,0.5324887,0
31860,test,0.7650961,0
31877,test,0.13763231,0
31882,test,0.86086273,1
31886,test,0.3591476,1
31901,test,0.38094833,1
31902,test,0.6524266,1
31903,test,0.67619234,0
31908,test,0.5965809,0
31917,test,0.2678678,1
31935,test,0.5319562,1
31937,test,0.789422,0
31958,test,0.27478847,1
31959,test,0.21331918,1
31976,test,0.25028765,1
31988,test,0.6048552,1
31990,test,0.70899254,0
32010,test,0.21282145,1
32013,test,0.45275515,0
32030,test,0.8589893,0
32033,test,0.6782917,1
32034,test,0.6727641,0
32045,test,0.45220828,1
32050,test,0.5739378,1
32100,test,0.28169274,1
32111,test,0.9477625,0
32119,test,0.45136502,0
32128,test,0.34628123,1
32130,test,0.6555168,0
32140,test,0.4149442,1
32144,test,0.26416084,1
32153,test,0.5722337,0
32160,test,0.30315778,1
32168,test,0.36275604,1
32186,test,0.76802677,0
32198,test,0.6545402,0
32207,test,0.762576,0
32209,test,0.40438676,0
32221,test,0.77069044,0
32224,test,0.5303815,1
32228,test,0.21051085,1
32236,test,0.69774234,1
32240,test,0.57052094,1
32241,test,0.5638489,1
32250,test,0.35318488,1
32251,test,0.301372,1
32253,test,0.29262155,1
32277,test,0.4189702,1
32283,test,0.35860258,1
32284,test,0.5028376,1
32290,test,0.5546648,1
32294,test,0.57011396,1
32298,test,0.7649399,0
32325,test,0.3706346,1
32336,test,0.5654125,1
32337,test,0.19020972,1
32344,test,0.4753048,1
32350,test,0.46350783,1
32372,test,0.38309845,1
32377,test,0.4490748,0
32378,test,0.71781564,0
32379,test,0.2393997,1
32393,test,0.6699576,0
32409,test,0.3662674,0
32411,test,0.5948558,0
32423,test,0.6146914,0
32424,test,0.5718089,1
32435,test,0.47269052,0
32440,test,0.1912909,1
32446,test,0.10538196,1
32457,test,0.68471324,1
32462,test,0.13665529,1
32463,test,0.22688814,1
32472,test,0.7266191,0
32474,test,0.24804302,1
32480,test,0.7226487,1
32481,test,0.28102186,1
32491,test,0.5322346,0
32493,test,0.73415637,0
32500,test,0.24147618,1
32511,test,0.2819287,1
32526,test,0.89870375,0
32534,test,0.355988,1
32537,test,0.83940446,0
32542,test,0.21079287,1
32551,test,0.43301395,1
32577,test,0.6594317,0
32601,test,0.38227785,1
32610,test,0.7508196,0
32630,test,0.19124572,1
32634,test,0.13106757,1
32642,test,0.5855832,1
32643,test,0.16061483,1
32653,test,0.20306522,1
32674,test,0.27196008,1
32678,test,0.36441576,1
32680,test,0.32049224,1
32686,test,0.873177,1
32690,test,0.8094945,0
32696,test,0.20505172,1
32698,test,0.7153927,0
32703,test,0.8023073,0
32708,test,0.68294424,1
32711,test,0.52697694,0
32719,test,0.8761767,0
32731,test,0.74102795,1
32742,test,0.79126656,0
32749,test,0.50400585,0
32756,test,0.236321,0
32760,test,0.3882533,1
32761,test,0.38234392,1
32783,test,0.26812044,1
32785,test,0.2931007,1
32786,test,0.33540404,1
32787,test,0.3898259,1
32803,test,0.36219966,1
