master_index,y_true,proba_risk,split
1,0,0.3975992206029992,train
2,0,0.3563693538838558,val
7,1,0.1554835064722958,train
9,0,0.3352009654929853,test
11,1,0.0963485585664678,train
13,1,0.7066385752488682,test
16,0,0.8549412271336134,test
17,1,0.4606583923784295,train
18,1,0.3035553509233435,train
20,1,0.095201034736273,train
22,1,0.3596859844835604,train
23,0,0.5679562378258378,test
24,0,0.6534830595975014,test
25,1,0.2202180915935152,test
27,1,0.1159650658811557,train
28,0,0.6780423028931275,train
30,0,0.8821457615092579,train
31,0,0.864353175314922,train
32,1,0.2947400120503851,train
35,1,0.6052298312729136,test
37,1,0.6061007742587208,val
41,1,0.2659848789235388,val
43,1,0.1603494947342562,train
44,0,0.3227656296292734,val
47,1,0.1408228452815901,train
50,1,0.2933322910149875,train
51,0,0.3516249117219311,val
52,1,0.0531314856880761,train
54,1,0.1344442535744635,train
56,1,0.1408313111331901,train
58,1,0.2921051168552065,train
59,0,0.7886514837569418,train
61,1,0.1902666203166619,train
62,1,0.3312031040934237,val
64,1,0.3236358133868032,val
66,0,0.5488080906041336,train
69,0,0.617525037470531,test
71,1,0.446510931129587,train
77,1,0.4942956081052517,train
78,0,0.9000717234698401,train
81,1,0.1588846834118392,test
82,0,0.4285167574452513,train
83,1,0.1416281939343474,train
85,0,0.5165416166145922,test
87,1,0.5983917284350804,train
89,1,0.3029978129011751,test
90,0,0.4759754536073644,train
93,1,0.2154419954382557,train
95,1,0.2179190780264357,train
96,1,0.1296089387014187,train
99,1,0.2392719348353249,val
100,1,0.544489733026461,train
101,1,0.1625807378393252,train
103,1,0.1395850258922908,train
104,1,0.4541001580984954,val
105,1,0.2461409991926407,test
107,0,0.3055627692726699,train
109,1,0.3022985357469377,train
111,0,0.7287187977693321,train
112,1,0.2921675036436917,val
114,0,0.7030067150801802,train
115,1,0.3245168416492057,train
116,0,0.7364408709025958,val
118,0,0.5997076807991932,train
121,0,0.4450514964665031,train
125,0,0.8458446112778222,train
126,1,0.2230031214227866,train
127,1,0.4146529020389824,train
128,0,0.7036328137527097,train
130,1,0.1994377316224569,train
131,1,0.1515050613702511,train
132,1,0.5329858606635909,test
134,0,0.8643623979210622,train
135,1,0.2409339320560225,train
139,1,0.1933790429753723,train
142,0,0.5565386254921465,test
147,1,0.1694034000821174,test
148,1,0.2114444728468902,train
149,1,0.1020393736390032,train
153,0,0.4195173107295693,test
157,0,0.7582978315078912,train
161,0,0.8792653956831484,train
162,1,0.1693676837447156,train
167,1,0.4515644496224476,train
168,1,0.1967772204491883,train
169,0,0.7216449671026327,train
171,1,0.4010443737856008,train
173,1,0.6403307922072374,val
175,0,0.5742175058737777,train
178,0,0.6048951399715735,train
181,0,0.4336425793963747,test
188,1,0.1092358663623974,test
189,1,0.2373544344471191,train
190,0,0.9253965806020082,train
193,0,0.4530003036738455,test
194,1,0.1974615443655916,test
195,0,0.2892126782243036,train
197,1,0.2934327557604075,train
199,1,0.1891394645771508,train
202,0,0.4573108370278727,test
203,0,0.395985158405651,train
204,0,0.7686320316573001,test
205,0,0.5944114958698856,train
207,0,0.5576710508635931,train
211,1,0.3819601247129033,train
213,1,0.5807810508880704,train
214,0,0.6077186749720951,train
217,1,0.3822321471410498,train
218,1,0.0653436062618479,test
219,1,0.4565050615242559,test
223,1,0.1355083343904456,val
224,1,0.3877452136576741,train
226,1,0.1894334235181646,train
227,0,0.6879958823523556,train
229,1,0.6180205862236927,train
232,1,0.0977252785355313,train
233,1,0.05449811929619,val
235,0,0.3592219957887838,train
237,0,0.3815891126917381,val
238,0,0.8524918313810184,train
241,1,0.5330160419736987,train
247,0,0.7111031238203792,train
248,1,0.3407731395954811,val
250,0,0.5894955794393615,train
251,1,0.1222135029113985,val
254,0,0.1691904712050449,train
256,0,0.497245484649111,train
261,1,0.0858898697024929,val
263,1,0.313532673473829,val
265,0,0.8170431913658052,train
267,1,0.0966386421303926,train
269,1,0.1673533223233961,val
273,0,0.8952763252952549,val
274,1,0.1155741503591044,train
277,0,0.2691882050817192,test
278,1,0.446757503038492,test
281,1,0.1366361115308086,test
282,0,0.7253426874699489,val
283,1,0.3387911416202432,train
284,0,0.575761639605679,train
285,0,0.257764954962689,train
286,1,0.4672162810910193,train
287,1,0.0797611568179629,train
288,1,0.3058582358485501,train
291,1,0.2687542149631057,train
296,1,0.1744958401541414,train
297,1,0.128368737846494,train
299,1,0.3535330559801088,train
302,1,0.3407862740158551,train
304,1,0.53205885364769,val
314,1,0.2865561527478143,train
315,1,0.5158939961158155,test
318,1,0.1856410972771263,train
325,1,0.4211722078532599,train
329,1,0.3598273293499587,test
332,1,0.6407024842389678,train
333,1,0.4768699002287613,train
335,1,0.2441574131377377,train
337,1,0.1345972625334436,test
339,1,0.3592349063215047,train
340,1,0.3805551510569349,train
342,0,0.4846685605450733,train
344,1,0.4487631882271814,train
345,1,0.708076543968901,test
347,1,0.255799766094844,test
349,1,0.0209577165772355,train
350,0,0.6998078496461908,train
351,1,0.0172773071411653,test
354,1,0.3442156171478043,val
358,1,0.8631351664779117,test
359,1,0.4256485415901847,train
361,1,0.622456833618954,train
362,1,0.3321968879786777,train
364,1,0.1976468127633677,train
365,1,0.3850940081497568,train
367,1,0.2477770140488733,train
368,1,0.0227759382259525,train
369,1,0.1718576864541876,val
371,0,0.3920348212278568,test
372,1,0.2133643531491788,train
374,0,0.3511937923390763,train
376,0,0.2544691837274067,train
377,0,0.7543514586070521,train
379,1,0.2112680890191803,train
381,1,0.748703452674979,test
382,0,0.3391131906444407,val
383,0,0.6359701996678695,train
384,1,0.2097324168926357,train
385,1,0.2502960398521533,val
387,0,0.2981500169759216,test
388,1,0.6439956495061263,train
393,0,0.7079722371164423,train
394,1,0.8553964049231995,train
396,0,0.4865585385752758,train
397,0,0.8277069292377529,train
402,1,0.1345094588312788,train
403,1,0.45498111902055,train
405,1,0.1552491764379815,train
407,0,0.3165693770458639,train
408,1,0.0627646048504201,train
410,0,0.4246846493731965,train
411,1,0.1650373874573547,train
413,0,0.4142348215830566,train
416,1,0.2207747429418635,train
421,1,0.1748277411091432,train
423,1,0.7294167595701162,val
426,1,0.0803313642066538,train
428,1,0.232381664673529,train
429,1,0.0311389312209936,train
430,0,0.617021161773391,train
431,0,0.4055802217419969,test
432,1,0.5907636924845324,train
433,0,0.4103821258089367,train
437,1,0.2774692774523269,train
441,1,0.1453592879792521,train
444,1,0.342787536607703,train
445,1,0.0378127999551429,train
450,1,0.2792287873895249,train
452,0,0.2923668395878923,train
454,0,0.3226502355398808,test
455,1,0.3376845573391395,train
461,0,0.604338983801417,train
462,1,0.1839564218108631,train
467,0,0.6779850448861839,train
469,1,0.3262801602734139,test
474,1,0.92830842108089,val
476,0,0.8685795801644303,train
477,1,0.3160492393110445,train
478,0,0.489920158923802,train
479,1,0.284342092135167,train
482,0,0.3766055493292889,train
485,0,0.4788381520508511,train
486,0,0.8540077879441588,train
487,1,0.6809669913669955,test
489,0,0.4253670603842995,train
493,1,0.1804433225565896,train
494,1,0.5032438835161996,train
496,0,0.43336519743011,train
499,0,0.8544395953142552,train
503,0,0.3397785980493416,train
504,1,0.3033556070674658,train
506,0,0.4270203752316698,test
507,0,0.2426749791228094,train
510,1,0.381737981503517,train
513,0,0.3589043382536102,train
514,1,0.0103030040303186,val
515,1,0.308657675240218,test
522,0,0.1927104755208368,train
524,1,0.3514265822957055,train
528,1,0.4575590628889889,train
530,1,0.4975029711264122,train
533,0,0.6954286304491732,train
536,1,0.3747128989116354,train
538,1,0.4791689238497775,train
539,1,0.0941907613601992,train
541,1,0.2219427076132929,train
542,1,0.0436603895835137,test
544,1,0.7231365966875949,train
548,0,0.6252019875826116,val
549,0,0.7130672745466016,train
550,1,0.2300155304143539,train
553,0,0.5135164154158167,train
554,1,0.1965182754019321,train
555,1,0.1756834564474103,train
556,0,0.7482034389256749,train
557,0,0.6402220220790249,val
558,0,0.5613721864115779,train
559,1,0.3452202023799012,train
560,0,0.8428655409760067,train
561,1,0.5611654511125008,train
562,1,0.3353799883404357,train
564,1,0.1156128967582436,train
565,0,0.8361426884822971,train
566,0,0.4185649155305436,train
567,0,0.7773908238463172,train
570,1,0.3517855097436729,train
572,0,0.2700937321599855,train
574,1,0.3513630960726932,train
575,0,0.7976708945227248,val
576,1,0.0974491858415488,train
578,1,0.1145773555001402,train
579,0,0.6746053324760504,train
580,0,0.8955426969774152,train
581,1,0.1360685467377332,val
582,0,0.6894106351948427,train
585,1,0.1531113850826123,train
586,0,0.4022779403032468,train
589,1,0.5529808669037353,train
591,1,0.2110183686406236,train
592,0,0.3926528426778521,train
593,0,0.4452477836448637,train
598,1,0.2220775933181858,val
599,1,0.11020583958319,train
602,0,0.4366235387241336,train
604,1,0.2313974901653892,train
605,0,0.6757030860906145,train
607,1,0.6139690518062937,train
610,1,0.2114181740467705,train
614,0,0.0988398862388556,val
615,1,0.160972167078331,train
617,0,0.3697736745815982,train
622,0,0.5663140471925863,val
623,1,0.1351858193532995,train
630,0,0.1082034439839845,test
631,1,0.2691223793130705,train
632,1,0.6744124812664452,val
634,1,0.3378484110629575,train
636,1,0.184256187373647,train
640,0,0.5448696733438139,train
641,1,0.5788728399390521,train
642,1,0.7647446408876638,val
644,1,0.4997333025354488,train
645,0,0.6063390796387133,val
647,1,0.1411941030093738,train
648,0,0.3485487493277666,train
649,1,0.1327839779584293,train
650,1,0.0785964730712102,train
653,1,0.3573384827462712,train
655,1,0.207537594542981,train
656,1,0.0634281533365427,train
657,1,0.1185128895752901,train
660,1,0.2178273475081531,train
661,1,0.0740357974540404,train
662,1,0.2008750388281525,train
663,0,0.6189531004273179,train
666,1,0.2568631529236912,train
667,1,0.4284022942436947,train
669,0,0.6684896542259904,train
671,1,0.2492328385793895,train
673,0,0.4605993829114264,train
674,0,0.4783592966827131,train
675,1,0.3261903214147906,train
676,1,0.5941655546112997,val
678,0,0.4127857978041136,val
681,1,0.0455562164167135,train
682,1,0.5685394812443294,test
684,1,0.2707278387852099,train
688,1,0.1469502535091635,val
689,0,0.83656067661243,val
690,1,0.0374722400691823,val
691,0,0.6463357308415876,test
693,1,0.3157491163591219,train
695,1,0.3966489985459406,train
696,0,0.3604097838851094,test
698,1,0.3507252587836582,train
702,1,0.5352765719744432,train
703,0,0.0717659886583125,test
704,1,0.2591670695584374,train
705,1,0.2796269027344723,train
706,1,0.4373520715801157,train
709,1,0.2967118995718498,train
710,1,0.5532802395709912,train
711,1,0.3631935777354749,train
712,1,0.1060783486516825,test
714,1,0.4958551259879724,val
715,1,0.2404357622519225,test
716,1,0.1644574615319114,train
717,0,0.4379967322088213,val
718,1,0.3361300328940598,val
719,1,0.1972488998922916,train
720,1,0.1011610755664674,val
722,1,0.1524781252838872,train
723,1,0.3955387394630387,train
728,1,0.551011325480533,val
733,1,0.624009687253883,test
735,1,0.209022502519696,test
736,0,0.6406833143234351,train
739,1,0.1064926268392215,test
742,0,0.539995457669235,train
743,0,0.5509891651343313,test
747,1,0.4698437371696976,train
748,1,0.7922978378619787,val
749,0,0.3459291923722895,train
750,1,0.0785976090648714,test
751,1,0.1234325579614523,train
754,1,0.1968643948959244,train
755,1,0.2307887622202349,train
757,0,0.7883582767531504,train
758,0,0.6847758395473913,train
759,1,0.2999150393066302,test
760,1,0.0204874472162293,test
761,1,0.6527672833267424,test
764,0,0.5817401027634989,val
767,1,0.1085562492277768,train
770,1,0.4609246582000663,test
771,1,0.1699967969598157,train
775,0,0.7125663595166212,train
776,1,0.0923672698479296,train
777,1,0.5396267614102646,train
778,1,0.8946532604138122,test
780,1,0.055821461945842,train
781,0,0.1404929645107683,train
782,0,0.3147709240952455,train
783,1,0.5236599161684048,train
785,1,0.2040342725513754,val
787,1,0.1961737440889392,train
789,1,0.7204653682639403,val
792,0,0.7049506927008964,train
793,0,0.4379176452682779,train
794,0,0.7453734558933509,val
795,0,0.6780301207148174,train
796,1,0.6805478893033103,val
799,1,0.2638024625603768,train
803,1,0.2351383659637612,train
804,1,0.0839709779438914,train
807,1,0.096571844807961,train
808,1,0.2875175418439494,train
809,1,0.560728119140437,train
810,1,0.5274075196484783,train
812,1,0.3765849537915646,val
813,0,0.8595104313351233,val
814,1,0.1571113273884645,train
815,1,0.5016436275192673,train
817,0,0.4403708126766288,test
820,1,0.6407517434010953,val
821,0,0.8129150058600556,train
823,1,0.2367683472599459,train
824,1,0.1336943707770813,train
826,1,0.1884977438404972,val
829,0,0.3873327779306752,val
831,0,0.5282977839808076,train
833,1,0.2266668419748162,val
834,1,0.074643194649823,train
835,0,0.4757100438913495,train
837,1,0.2892155720366681,train
838,0,0.8155866667794672,train
839,1,0.0587991376135235,train
840,1,0.0213892176578454,train
843,1,0.0915764770424285,train
845,0,0.6694719188780317,train
846,1,0.0462471948114836,val
847,1,0.3504993586717235,train
848,0,0.0979238134129442,test
849,1,0.0897387290442484,train
851,1,0.0398935846735339,train
854,0,0.3259891600281799,val
855,1,0.2515055333739212,train
858,0,0.4193189088575551,train
860,0,0.8095542522736204,train
861,1,0.2843809186622736,val
863,1,0.2059953515834396,train
864,1,0.2310221661135414,train
865,1,0.1522210153228557,train
867,0,0.1816041741074446,train
869,1,0.1730578460688774,train
870,1,0.4223023717121809,train
873,1,0.1500685635476779,train
875,0,0.9837165825013768,val
878,1,0.1735369446528256,train
880,1,0.2992066238947558,train
882,0,0.9319010668643462,train
884,1,0.4096475807084134,train
886,0,0.9140665229944988,test
891,0,0.9193826073825024,val
895,0,0.8755809168806142,train
901,0,0.7315632645226688,train
903,0,0.5952980008703845,val
904,1,0.9143524791185532,val
909,0,0.5148158236040916,val
911,1,0.3379972516436053,train
912,1,0.2758882040847332,test
916,0,0.6041678074025192,train
917,0,0.5548398872404804,train
921,1,0.2632759127698664,val
924,1,0.2309417498043147,val
926,1,0.6192072796252097,train
927,0,0.4373663521482351,train
928,1,0.2947656213836919,val
929,1,0.082004709639324,train
930,0,0.42056928316249,train
933,1,0.3183728945171988,train
934,0,0.3655634947439204,train
940,1,0.0961609982335975,train
941,1,0.1724320166529899,train
942,1,0.1656012275832694,train
944,1,0.3558260564090468,train
945,1,0.119992885387858,train
946,0,0.8645325143250732,val
947,0,0.9072317679236852,train
949,0,0.7877451155904067,train
951,1,0.1021476889726259,train
952,0,0.848387303714093,train
957,1,0.5430462418782717,test
961,0,0.599487330409775,train
963,0,0.7277470270520761,train
965,0,0.5415549444130492,train
966,0,0.5298434014045269,train
968,0,0.8317923118607393,train
969,1,0.0996798658508634,train
971,1,0.1534661618379089,train
973,1,0.4286757613263484,train
974,0,0.5194612186631823,train
976,1,0.0110469102628518,train
977,1,0.400045262335767,test
980,0,0.8452656683802234,train
981,1,0.2118122005242325,train
985,1,0.0539895710879858,train
987,0,0.0529062126689841,train
988,1,0.0506201956495593,train
990,1,0.4885592655716455,train
993,1,0.6192915702809172,train
994,1,0.7207564281700265,test
995,1,0.2038486982315528,train
996,1,0.3435919431915052,val
998,1,0.6333334016511294,train
1004,0,0.6716804684253137,train
1006,0,0.6974536488474554,train
1009,1,0.2889935415219572,train
1012,0,0.4135032808941031,train
1014,0,0.8039787803980628,test
1015,1,0.2635222602376781,train
1019,1,0.4368105014094019,val
1020,1,0.1194947562203345,test
1021,1,0.7872123141500534,train
1022,1,0.1195799379080778,train
1024,1,0.1838094954426083,val
1028,1,0.4221031059604623,test
1030,0,0.7553870790991065,train
1032,0,0.6766158652854595,train
1033,0,0.5030837907915457,val
1035,1,0.2203727884470357,train
1036,1,0.7629766021251103,test
1039,1,0.4507773239184134,train
1041,0,0.7889458567739039,test
1042,0,0.4571793675314758,train
1045,1,0.649939600283765,train
1046,1,0.3015775936650089,train
1050,1,0.3391846996138745,train
1051,1,0.3192615815505587,train
1052,1,0.183876121613248,train
1054,1,0.4576466171949539,train
1056,0,0.422150320831989,train
1057,0,0.4945423755687601,train
1058,1,0.252838055232053,train
1061,1,0.6801060514861902,test
1062,1,0.046075366374475,train
1063,1,0.1116859170188214,train
1064,0,0.7308283166016388,train
1067,1,0.5213945360905625,train
1071,1,0.4962315664717943,train
1073,1,0.1395265850826663,train
1074,1,0.3753517518538983,train
1075,0,0.7144874736542207,train
1076,1,0.6015415863355071,test
1077,0,0.5512581573430873,train
1078,0,0.710452950522825,test
1079,0,0.5483788102022331,train
1082,0,0.2581894951548956,train
1083,0,0.4636320680361282,test
1085,1,0.196226691838103,train
1086,1,0.5749588940541228,val
1091,1,0.074241752463069,test
1092,0,0.8600520075186792,val
1093,1,0.421211428629419,train
1096,0,0.864027387758002,val
1097,0,0.2990223243242208,train
1098,0,0.712104774938681,train
1099,0,0.5281887922838444,train
1104,1,0.0721514372780959,test
1105,1,0.0238617082892432,train
1106,0,0.5324158083923947,test
1110,1,0.213567369552325,train
1111,1,0.2303995422700044,test
1112,0,0.3116909817351746,test
1113,1,0.0586612395802511,val
1114,1,0.210547067172072,train
1115,1,0.1370323569942455,test
1118,0,0.3554791972847876,train
1120,1,0.1373317269398022,train
1123,1,0.6001935939199644,train
1125,0,0.3490463764751306,train
1126,0,0.3955034655729676,train
1128,1,0.2823803566239213,train
1129,0,0.5775605599936656,train
1131,1,0.1375005209035222,train
1132,0,0.5525432277600936,train
1137,0,0.2956807253596307,test
1138,1,0.1435568663220453,train
1140,0,0.4606675612301288,train
1142,0,0.4783009942368783,test
1143,1,0.3689508548083274,test
1144,1,0.2748290207630617,train
1146,1,0.5758745875958147,train
1150,1,0.1356481680169973,train
1153,1,0.101811425290452,val
1155,1,0.0757217791047345,train
1156,0,0.6410729739326897,train
1157,0,0.3311521677466753,train
1160,1,0.2718930899901384,test
1161,1,0.3626210528950271,train
1164,1,0.3234869198534852,test
1165,1,0.1581767366956787,train
1166,0,0.5044449163094997,train
1168,0,0.5499737396276358,train
1169,0,0.6393538954020859,train
1173,1,0.121379596207982,train
1174,1,0.5541150171054762,train
1178,0,0.3326066735443659,train
1179,1,0.408232569718171,train
1181,0,0.7682747390422673,train
1182,0,0.5212784259950651,val
1184,0,0.9881075230336976,val
1185,1,0.3798533730498989,train
1186,1,0.3881783286628839,test
1187,0,0.4256599136736803,test
1188,1,0.3722631975779784,train
1189,1,0.145062602930025,train
1190,1,0.4583191147392677,train
1192,1,0.017590298117633,val
1195,0,0.2811185692385979,train
1196,0,0.4840139770444897,train
1197,1,0.2492659750118947,train
1198,0,0.2474866838803968,train
1200,1,0.0995838475406289,train
1201,0,0.6382466234201651,train
1202,0,0.3218041003845479,train
1205,1,0.3905336330638471,train
1209,0,0.4630163728935464,train
1211,0,0.649649901520291,val
1212,0,0.7083258875261398,train
1213,0,0.6699991853287863,train
1214,0,0.376663851361305,val
1218,1,0.2458807870074543,val
1224,0,0.6702269280993023,test
1228,1,0.1323408471111608,train
1230,1,0.2953893635153209,train
1231,0,0.7112605113328883,train
1232,0,0.4499659470745509,train
1234,1,0.2730168341406301,train
1236,0,0.4891866402155868,train
1237,1,0.2095120865871333,test
1238,0,0.830061794498741,train
1241,1,0.3387920881030768,test
1242,0,0.4317023390294712,test
1246,1,0.4669047409373738,val
1248,1,0.2769357697020972,test
1249,1,0.3235234803761762,train
1252,1,0.2055957714869749,test
1254,0,0.2312791585725611,test
1255,0,0.5389815298491613,train
1256,1,0.0667359906424703,train
1261,1,0.0204650405754033,train
1264,1,0.3357997131690127,train
1268,1,0.1485694663545717,train
1275,1,0.1207038685602138,val
1277,1,0.1916720683064928,train
1279,1,0.535572756977059,train
1281,1,0.1902183014983517,train
1282,1,0.1109995955127938,val
1284,1,0.3835364648084937,train
1286,0,0.4432313593717114,test
1287,0,0.2558539379824565,train
1288,1,0.2488888404812932,train
1290,1,0.0032173301691751,train
1291,0,0.9423101553418574,train
1292,1,0.0775996758951635,train
1293,1,0.2755739015618588,train
1295,1,0.1420443130569583,train
1296,1,0.0997590460557128,train
1300,1,0.1304801891139602,train
1302,0,0.8124257874036018,train
1305,0,0.8128754787029063,train
1310,0,0.5387608295915001,test
1313,1,0.0764383051421453,train
1317,0,0.074878410402416,test
1318,0,0.2676483277285648,train
1323,1,0.4244108383321879,val
1324,0,0.4952332635904494,train
1325,0,0.4487340042161334,test
1328,1,0.6326446620192934,test
1329,0,0.8018379889088447,train
1330,0,0.2727308913708194,test
1334,1,0.7658607678819725,val
1335,0,0.8825953445533264,train
1336,1,0.0416246409080024,train
1339,1,0.3020002026447226,train
1340,1,0.1808963016957885,test
1341,1,0.0469680108888664,train
1342,0,0.4509753613630273,train
1345,0,0.3459400816770023,train
1346,1,0.4988437458286865,test
1347,0,0.4123140886847218,train
1350,1,0.1030699368314743,train
1351,1,0.1643087668551929,train
1352,0,0.1853875661432573,test
1353,1,0.2237531151106314,train
1355,1,0.1724337669571138,train
1356,1,0.2406187028594492,train
1358,1,0.9999966907653616,val
1360,1,0.6439962596550713,train
1361,1,0.0765607028719954,train
1364,1,0.362859583724307,test
1365,1,0.0592972232060825,train
1366,0,0.6194573147400106,train
1369,1,0.1411809788027096,val
1371,1,0.3351079240522873,train
1372,0,0.362830090513808,val
1374,0,0.6131105571125368,train
1375,1,0.1330691758619524,train
1377,1,0.4280916570847061,train
1380,1,0.3143903601760076,train
1381,0,0.670473102565804,train
1382,0,0.6627734285382154,train
1383,1,0.596156585564363,test
1385,0,0.285394846012033,train
1386,0,0.8847669580424037,train
1387,0,0.6850834188488535,train
1389,0,0.5445635651447287,val
1390,0,0.5261842591195498,train
1391,0,0.5100346252516981,test
1392,1,0.0048550138295117,train
1394,1,0.0160765740271813,train
1396,1,0.3591531260781434,val
1397,1,0.0878772515766008,train
1402,1,0.399446191266862,test
1403,0,0.4858918271571762,train
1407,0,0.6587576300743021,val
1411,0,0.7387707572745106,train
1412,0,0.6542448256273659,val
1413,1,0.744748796020821,train
1414,0,0.6649697843640537,train
1416,0,0.4488753373671881,test
1418,0,0.6735312086605916,train
1423,0,0.7089694521990221,train
1424,0,0.7849450778725051,test
1425,1,0.3297736658641076,val
1426,1,0.1339054855837335,train
1427,1,0.2767452692374288,test
1428,1,0.2601697208688911,train
1431,0,0.0848216710652682,test
1432,0,0.5772413941192385,train
1433,1,0.2494970887801275,train
1434,1,0.3348836151152364,train
1435,0,0.4992942475853436,train
1442,0,0.9538304807632836,test
1443,1,0.1030464212136491,train
1446,1,0.1104184355907662,train
1449,0,0.0916330938625955,test
1451,0,0.6138573007947568,train
1453,1,0.4872941142003573,train
1455,1,0.1434094583536478,val
1456,1,0.2558229492108105,train
1459,0,0.5588822827394873,train
1460,1,0.0450046663464596,train
1462,1,0.3039964280690609,val
1464,0,0.7391017442071381,train
1465,1,0.3012144948343186,train
1466,1,0.2424429328879108,train
1467,1,0.1127892447465496,train
1468,1,0.1277742955848609,train
1469,0,0.7799302320354059,train
1470,1,0.22114970068228,train
1471,1,0.2816002897418203,val
1472,1,0.0545610901805702,train
1473,0,0.7109939766673712,train
1474,1,0.2373522656964576,train
1476,1,0.2707704459201554,train
1477,0,0.6726428885322862,train
1478,0,0.6854800754762258,train
1480,0,0.6047085112660245,train
1481,1,0.153116621336968,train
1482,0,0.3580645521660561,test
1484,0,0.7191691939390185,train
1486,1,0.1075274662787378,train
1488,1,0.6781057511549847,train
1489,0,0.1924566970804406,train
1493,0,0.8020295972582334,train
1495,1,0.1200666320899408,train
1496,1,0.0762774855713156,val
1497,1,0.3090602628313084,train
1498,1,0.1155278378035967,train
1501,1,0.7623721222120184,train
1503,0,0.6735478493397455,train
1504,1,0.55561955743166,train
1505,1,0.0562066942715885,train
1506,0,0.9404773136424835,train
1509,1,0.2958408521427405,train
1510,0,0.5503350236415576,train
1512,0,0.45799919066667,test
1513,0,0.3048775604820303,val
1514,1,0.162097227183003,val
1517,1,0.0688886486392168,train
1518,0,0.4753733025130692,train
1520,1,0.4336256197732447,train
1524,1,0.1475398398437789,val
1526,0,0.4845147013372981,train
1528,0,0.6037140903029008,train
1529,1,0.3759970903828588,test
1531,1,0.0881988000696174,train
1532,1,0.3104419944660087,train
1534,0,0.1793988053939716,val
1536,1,0.3825890587300165,train
1537,1,0.2569796129179694,train
1540,1,0.372743910029347,test
1541,0,0.6483239900785946,train
1542,1,0.5543805673231237,train
1545,1,0.4975347918096032,train
1546,1,0.2381243377333711,val
1547,1,0.2950188086648462,test
1548,1,0.2669148116324874,train
1550,1,0.1934440995190033,train
1551,0,0.6510013936037924,train
1552,1,0.4008940003224633,val
1554,1,0.4212214511969354,train
1555,0,0.2409151296963959,train
1556,1,0.4531738079948726,val
1557,1,0.7339532288290437,val
1559,0,0.8756088032320469,val
1561,1,0.3196271698087725,train
1562,1,0.5706001804666128,train
1563,0,0.4812403499918918,val
1567,0,0.620373346392346,train
1569,1,0.1898968559655095,train
1570,1,0.2585537729716837,val
1571,1,0.1893459191597649,test
1574,0,0.6461441179248384,train
1578,1,0.3843981267516831,val
1580,1,0.407796198975407,train
1581,0,0.5344599756750793,train
1583,1,0.4481757268257981,train
1584,0,0.9234623174647864,train
1585,1,0.528217735567081,train
1586,1,0.2221402363867153,train
1588,0,0.6493071727863489,test
1589,1,0.8645347054054098,train
1590,1,0.1358868220048916,train
1591,1,0.3271022819885744,train
1592,0,0.2769046403969996,val
1593,0,0.4601358556976019,train
1596,1,0.4313816231780061,train
1602,1,0.3264250190359995,train
1604,0,0.2327976564505015,train
1607,1,0.1085882224999513,train
1610,0,0.4974324750147474,val
1612,0,0.4692343708821002,train
1613,1,0.1483319776039348,train
1619,1,0.0626495347017939,train
1622,1,0.1604756252105729,train
1626,0,0.4862311286930322,train
1628,1,0.4261003476958536,train
1630,0,0.4886322196991309,train
1631,0,0.7393356609468058,train
1632,1,0.2732033090489821,train
1633,0,0.7620467442111757,train
1634,1,0.2233875316827853,train
1642,1,0.0700624465672417,val
1645,0,0.4347795559526615,train
1647,0,0.2395566611343952,val
1648,1,0.4748731121286169,train
1650,1,0.5516093797625925,train
1651,0,0.5576928011020521,train
1652,1,0.644730298784713,train
1655,1,0.2541414106325002,train
1656,0,0.4488395217578,val
1657,1,0.31019564218575,val
1658,1,0.3063696966837703,train
1659,0,0.6029511473597221,train
1660,1,0.260065128593102,val
1661,0,0.408832675241352,train
1662,1,0.6964399227475861,val
1663,1,0.2359732391096178,train
1664,1,0.0649925055983606,train
1666,0,0.2829101270781476,train
1667,1,0.2585161977675485,train
1669,0,0.6071397310829671,train
1671,0,0.4157299666114619,train
1672,1,0.2228789867733011,train
1675,0,0.8675812566521381,test
1676,0,0.6861557583629265,train
1678,1,0.162782120425588,train
1682,1,0.2207040106284963,train
1685,0,0.520345667435016,test
1688,1,0.8005267443448552,train
1689,0,0.3368912839016137,test
1690,0,0.2274860592444492,train
1693,1,0.0620521941415641,train
1695,0,0.2682425527837091,train
1696,0,0.428713356971213,test
1698,1,0.1559312609954232,train
1699,1,0.8105668188098055,val
1702,1,0.0873253489638169,train
1704,1,0.929640434210744,test
1705,0,0.6622517992568284,train
1707,1,0.236415711029112,val
1708,1,0.0388786826067171,test
1709,1,0.1579662019021809,train
1710,0,0.9032991430252406,train
1711,0,0.4801436636814132,train
1714,0,0.6663151374425225,val
1715,1,0.4561065791685682,train
1716,1,0.3551990274328708,val
1720,1,0.1878526428750222,train
1722,1,0.188510832575549,val
1723,1,0.3723708732652733,train
1724,1,0.1161887864119152,train
1725,1,0.3899098755093251,train
1727,1,0.469928247316182,val
1729,1,0.1857998270217037,train
1730,1,0.1915757228063144,train
1732,1,0.1227278015498894,train
1734,1,0.2126006625385936,train
1735,0,0.7041275238048504,train
1737,0,0.8744894745558832,train
1739,0,0.5074783023248285,train
1741,0,0.3093916484068355,train
1742,1,0.1258738704030552,test
1746,0,0.7169851263006557,train
1747,0,0.7606132484241502,train
1750,0,0.4352019020300408,val
1753,1,0.0742073458411749,test
1755,1,0.8059861656075205,train
1758,1,0.3933542793856662,train
1760,1,0.1640736352172537,val
1761,0,0.7316912843505143,train
1763,0,0.2684875638984446,train
1764,1,0.7262385892291525,val
1767,0,0.3977061331498129,train
1769,1,0.5907655859281344,test
1773,1,0.1933149671831487,val
1775,1,0.4017926982526822,train
1776,1,0.4256285988077694,test
1777,1,0.5990544372547327,test
1781,1,0.626306570821104,train
1782,0,0.5985894340703536,train
1783,1,0.3611822085804427,train
1786,1,0.1629986583455829,train
1792,1,0.4396481773709196,val
1796,0,0.3222400257135476,test
1798,1,0.5331091549681126,train
1799,1,0.0709942267121981,train
1800,0,0.9703818776627536,train
1802,0,0.6658476333452868,train
1803,0,0.9068203213694552,train
1804,1,0.2874917293158953,val
1805,0,0.889121192261529,train
1806,0,0.1756317333599487,test
1807,0,0.4470273675043212,train
1808,0,0.3943273856981114,test
1810,0,0.3614737305835167,train
1813,1,0.3491741869695314,train
1814,1,0.5310748422770517,test
1815,1,0.4609989691545753,train
1816,0,0.5333975911021556,train
1817,1,0.3198774671486536,train
1818,1,0.3131885008561522,test
1820,1,0.198494783897057,train
1821,0,0.5878310677637486,train
1823,1,0.3112465896734847,train
1826,0,0.8609864641053706,train
1828,1,0.051718034314914,train
1832,0,0.9352351385933844,train
1834,1,0.0894319118518428,test
1836,1,0.2694093297736204,test
1839,0,0.4357786144558835,train
1844,0,0.5044442231668291,train
1845,0,0.8569966361953787,train
1846,1,0.0891153819662406,test
1852,1,0.3887872743868914,train
1855,1,0.2968309347995223,train
1858,1,0.0364550806020298,train
1859,0,0.4449385522120375,train
1862,1,0.2245817908378986,train
1863,1,0.6813793016156334,train
1865,0,0.706235448542734,val
1866,0,0.7536699054242599,test
1867,0,0.9318620871669347,train
1871,1,0.2047132511623259,train
1872,1,0.1222432047113192,train
1879,0,0.4572677607925227,train
1880,0,0.6721966691993655,train
1882,0,0.0490519964210449,val
1883,1,0.1376053761444372,test
1884,1,0.0199756900635267,train
1886,0,0.4613327010393654,train
1887,0,0.4405920560988731,train
1888,0,0.7703132033605689,train
1889,1,0.1871445902960283,train
1891,0,0.9161166701156168,train
1893,0,0.8142131324720223,test
1894,0,0.3694018853266049,test
1895,1,0.32332853574698,test
1899,1,0.2299086881257427,test
1900,1,0.4272601353990433,train
1902,0,0.615177658204431,train
1904,0,0.7412802409694271,train
1906,1,0.5171827691479413,test
1907,1,0.0653707126214474,val
1909,1,0.2988658183669167,train
1911,1,0.3009325146426567,val
1919,1,0.3947832957614839,train
1921,0,0.4932767843259075,val
1922,0,0.6246910874497111,train
1923,0,0.3868429587488503,val
1925,1,0.281330912763613,train
1926,0,0.5619716824110643,val
1928,1,0.1856391637626212,val
1929,1,0.5233585770184029,val
1930,1,0.2026240083281765,train
1931,0,0.260029228795835,train
1933,1,0.122555320631837,train
1934,0,0.9417527630093396,train
1935,1,0.6587896078909403,train
1936,1,0.134656850441189,train
1939,0,0.4993687172158724,test
1942,1,0.0664586784031764,train
1944,0,0.8815253904632284,test
1946,1,0.1051076115916127,train
1953,0,0.5331900350630052,train
1955,1,0.3592045276907805,train
1958,0,0.5932515309909994,train
1960,0,0.8888804755305882,train
1966,0,0.6561712755261598,train
1967,1,0.4580104471832255,train
1969,1,0.1178600057963448,train
1974,1,0.1562438577379825,val
1976,0,0.4402481105014092,test
1978,1,0.0389253577856603,test
1981,0,0.6072624345159676,train
1983,1,0.2411924071770633,train
1984,1,0.1439798711242594,train
1988,1,0.3740624624345617,val
1996,1,0.14862110573815,train
1998,1,0.0293439212379421,train
2006,1,0.4596017525925857,train
2008,0,0.7765365541872309,train
2009,1,0.1424085552116821,train
2010,1,0.3678054379106205,test
2015,1,0.2038603173390677,train
2017,1,0.4857196551053145,test
2018,0,0.1016608241948128,test
2019,1,0.4112066866253845,train
2020,1,0.5360066759389275,train
2021,0,0.2864958545772528,test
2023,0,0.5332749601857367,train
2025,1,0.2594202251544576,train
2028,1,0.1325387633964165,train
2029,0,0.7153751697540213,train
2031,1,0.1274655526817237,train
2032,0,0.5691345265623765,train
2034,0,0.519993116912894,train
2036,1,0.1273545727790568,train
2037,1,0.2099343158867485,test
2039,1,0.2575920026414259,train
2041,1,0.2359358387841904,val
2044,1,0.8314297239376913,train
2045,1,0.1962851848026893,test
2047,1,0.1864498946701014,train
2049,0,0.7959124825604489,val
2050,1,0.183958112415116,train
2054,0,0.680547815075893,train
2056,1,0.4630968405357275,train
2058,1,0.0844277902902297,train
2060,0,0.7510369024705009,train
2062,0,0.8230068142054786,test
2064,1,0.5203838100388137,train
2066,1,0.2418189421577881,train
2068,1,0.2360620390441975,train
2069,1,0.1936313960132474,train
2071,0,0.3134857946484255,train
2072,0,0.4699610795570521,train
2074,1,0.7496854834315096,train
2077,1,0.4466601266419123,val
2079,1,0.330963939486965,train
2085,0,0.5434444250533634,train
2088,1,0.9260806857001236,test
2090,1,0.1871006142631101,train
2094,1,0.5227029439247588,train
2095,1,0.2705997350485402,train
2096,0,0.6176093639066879,train
2097,0,0.5588299528829106,test
2098,1,0.1469328111594878,test
2100,0,0.6494688391398584,train
2102,0,0.29371167484055,val
2106,0,0.3763070380239501,train
2108,0,0.6315425211048885,train
2109,1,0.5687214416386777,train
2112,0,0.455947216956582,train
2114,0,0.8906772014013074,train
2116,1,0.2438212491214952,train
2117,0,0.7159117378228685,train
2118,1,0.3167276950586797,train
2120,0,0.6709799693637875,train
2124,0,0.6430932868413128,train
2125,1,0.2290650977518344,test
2128,1,0.5642515375573278,train
2129,0,0.4588703938166975,test
2131,0,0.285674864839144,train
2132,0,0.612469078474148,train
2134,0,0.7715302853050018,train
2135,1,0.1329265049381716,test
2136,0,0.0990354188791782,val
2137,1,0.525263167177065,val
2141,0,0.8994442666081113,train
2143,0,0.4442999523037785,train
2144,0,0.4832432287874557,train
2148,1,0.2937144167156028,test
2151,0,0.7610255879014678,train
2157,0,0.523102318936969,train
2161,0,0.6242690299359859,train
2163,1,0.047205681827908,test
2165,1,0.3720205762460713,train
2166,0,0.878022815195473,train
2167,0,0.5813133465264092,train
2168,0,0.4460254595989341,train
2170,0,0.5417163299686596,val
2171,1,0.2922061345072052,train
2174,0,0.3461381179415584,train
2176,1,0.202899608349182,train
2181,1,0.5954689368938685,val
2182,0,0.3613750071601265,train
2183,0,0.3200676844876359,train
2186,1,0.1837049944171921,train
2192,1,0.0590273697880076,val
2193,0,0.4373907410257457,train
2194,1,0.169307414615528,train
2196,1,0.4565915058574976,val
2197,1,0.1847113749992038,train
2205,0,0.6248538379369538,train
2208,0,0.5715329579678825,train
2210,1,0.1145692173353569,test
2211,1,0.3657041149178438,test
2212,1,0.2369953949292358,train
2215,0,0.8595821825137819,train
2221,0,0.7544764567738245,train
2222,0,0.3275120901195365,train
2223,1,0.2559802917571382,train
2225,0,0.3355639981804154,train
2226,0,0.3960557802646849,train
2229,0,0.3105254072861696,train
2231,1,0.2324845958941208,train
2233,0,0.3123346067317775,val
2234,1,0.1308066022425688,train
2235,1,0.3043276482672581,val
2236,1,0.4298358077880767,train
2237,1,0.0633206663279576,train
2238,1,0.1224077390077196,test
2239,1,0.3725171947230855,test
2241,1,0.5511432235658533,train
2249,0,0.777922486879507,test
2250,0,0.8910757768888014,train
2251,0,0.4680537790659324,train
2254,0,0.7751010072375859,val
2255,1,0.2989505150447714,train
2256,0,0.6274516729618217,train
2257,1,0.0706053870845796,val
2259,1,0.0401959476484103,train
2260,1,0.3289811338381567,test
2261,0,0.3369873605856863,train
2262,0,0.373561390340383,train
2263,0,0.3840016266922246,train
2265,1,0.3364584805302855,train
2270,1,0.0290497736219261,train
2271,1,0.1655917993637174,val
2272,1,0.2127530164774301,val
2273,1,0.8409975665890698,train
2274,1,0.335618852951262,train
2279,1,0.243238234803061,train
2280,0,0.5921468386829465,train
2281,0,0.50804252408601,train
2282,1,0.1503144391060198,test
2285,0,0.5394543186050389,train
2287,0,0.9836164310277178,test
2292,1,0.4032670353570564,train
2294,1,0.5363028449055429,train
2295,0,0.2452578823376277,test
2296,1,0.1160029117716452,train
2297,1,0.19004816008276,train
2298,0,0.605824364197746,train
2299,0,0.5639012131384898,train
2300,0,0.8299772666333938,test
2304,0,0.4557167404424579,train
2305,1,0.2255671491024187,train
2308,1,0.0951420949796452,train
2310,1,0.1811508206104859,val
2311,0,0.5278950496228028,train
2313,1,0.1526800288440337,train
2314,0,0.469025121993926,train
2315,0,0.8164316083605286,val
2316,1,0.2274021183337924,train
2317,1,0.2295634647294572,train
2318,0,0.8528214606222617,train
2319,0,0.7409667332793544,train
2321,0,0.4609217526491141,test
2324,0,0.4717511083068816,train
2331,1,0.352361968070834,train
2333,1,0.0983745262572478,train
2336,1,0.0831955136372961,train
2340,1,0.1273293797018488,train
2341,0,0.2872761428871929,train
2343,0,0.4293684681344717,train
2344,0,0.6937819601086439,val
2345,1,0.5914091319366586,train
2346,0,0.6772820322449677,train
2352,0,0.6242399556825566,train
2353,0,0.6306499135822115,train
2354,1,0.0720050127463056,test
2357,0,0.6053788859933176,train
2358,1,0.207606646901386,val
2361,0,0.6595965707902395,train
2366,1,0.3028258706176681,test
2367,0,0.8698983502075976,train
2369,0,0.6562843452630125,val
2370,1,0.1294399758151587,test
2371,0,0.4280793308269963,train
2372,0,0.8854655650644561,train
2373,0,0.4457411259945866,train
2376,1,0.1532121284196494,train
2378,0,0.5181771031173237,test
2379,0,0.6835154581091152,train
2380,1,0.0441168184138909,train
2381,1,0.0950180111380751,test
2384,1,0.167611767724874,train
2387,1,0.0722665653432025,train
2390,1,0.3781040304874929,val
2392,1,0.3316143155669813,train
2394,1,0.6057679850273825,train
2396,1,0.2724461498393283,train
2397,0,0.6266027592665585,train
2398,0,0.7379750867300306,train
2399,1,0.2508077297800036,test
2400,0,0.6628700862310051,train
2405,1,0.4096567170820708,train
2408,0,0.3645364244218175,train
2411,1,0.3783443113253434,train
2416,0,0.5827713383581297,train
2417,1,0.2322671091432072,test
2418,1,0.0647716330209804,val
2421,1,0.0995988250312616,train
2423,0,0.3641468095802554,val
2424,0,0.3224378540470496,train
2426,1,0.350883583773881,train
2428,0,0.8813181022482581,train
2429,1,0.1909133270760167,test
2430,0,0.0293741012473592,test
2431,1,0.1968312223683418,test
2432,0,0.5881060685517855,train
2434,1,0.8160470530406274,train
2436,1,0.1589677073085522,train
2438,0,0.3900333340015031,test
2439,0,0.6067995293011901,train
2442,0,0.5565849084174974,train
2443,1,0.1948163319889961,val
2445,0,0.8249860493042224,train
2446,1,0.6317338192722435,train
2448,1,0.1618469888846739,train
2449,1,0.3575674050605891,test
2450,1,0.6286954477604912,train
2451,1,0.6019527382299734,train
2453,1,0.1541664601172557,test
2455,0,0.7735029105755048,train
2456,1,0.5651260592192033,train
2459,0,0.28559185986565,train
2460,1,0.2997523023184456,train
2461,1,0.642651055428311,val
2466,1,0.3011545189479926,train
2467,1,0.6017275517613712,val
2468,0,0.5233193130163587,test
2470,0,0.6343958776453346,train
2474,0,0.9333134832829104,val
2475,0,0.6070887626173893,val
2479,1,0.2748268437798818,train
2486,0,0.739683171294216,val
2489,0,0.2725448961555149,val
2490,1,0.0635191754292204,train
2491,0,0.4588458809442819,train
2492,1,0.1076489516728191,test
2494,0,0.5701659394233538,train
2497,1,0.2761676318399012,train
2499,1,0.0969089416407934,train
2500,0,0.4340744717805114,train
2502,1,0.3224220614586073,train
2504,0,0.1977031778930709,test
2505,0,0.3382216169170908,test
2506,1,0.2968429318783708,test
2507,0,0.4799955776264047,train
2509,1,0.5321577752162427,train
2510,1,0.4298822006854287,test
2512,1,0.4076667913176656,test
2517,1,0.6469110716781695,test
2518,0,0.4298077656992501,train
2519,0,0.3263072099155757,val
2520,1,0.3426039963356875,train
2522,1,0.4055334828129532,train
2523,1,0.6725594897539043,train
2525,1,0.2278482800729845,test
2530,1,0.4446687436669024,test
2532,0,0.369673954508891,test
2533,0,0.3165372495609658,test
2535,1,0.4641226961341785,train
2538,1,0.3618758007269407,train
2539,1,0.1563844018295632,train
2540,0,0.2111552019179116,test
2549,0,0.4658876798800919,train
2550,1,0.4209640460141196,val
2555,1,0.0334481529820465,val
2556,1,0.0215618618795574,test
2557,1,0.3713514834588506,test
2558,1,0.3084816436881765,val
2559,1,0.4729778223893723,val
2561,1,0.5045071557283488,train
2563,0,0.7870028157845136,train
2564,1,0.4673911286022911,train
2567,1,0.3157500370507562,val
2568,1,0.3092720005559332,val
2570,1,0.0956835718158022,train
2573,0,0.1152672358119596,val
2575,1,0.2428570787955504,train
2578,1,0.3351244984796228,test
2581,0,0.2356347259715728,train
2582,0,0.5310985958077579,train
2584,0,0.3588306691751326,train
2588,0,0.5126046935612854,train
2589,1,0.0873887379892907,train
2590,0,0.3769779709312597,train
2592,1,0.1057089831070635,val
2594,1,0.261167524148734,test
2595,1,0.1841002745543239,val
2599,1,0.7153739088710276,train
2603,1,0.1967350606999952,test
2605,1,0.3533020859166637,test
2607,0,0.2449292047588455,train
2609,0,0.8953343693410996,test
2611,1,0.3060837530298694,train
2613,1,0.2175651431737506,train
2614,1,0.3844293180286685,train
2617,0,0.7092771789690437,val
2620,1,0.1769563795542431,val
2621,1,0.5485075408116131,val
2622,1,0.4296887503530702,train
2623,1,0.4616055151235393,train
2632,1,0.2781741258659629,test
2634,1,0.6339048231004616,test
2639,1,0.1475918725069001,train
2643,1,0.2703287792183267,train
2644,0,0.6542098600868198,train
2646,1,0.6083493047144626,train
2648,0,0.8489628891126028,test
2650,0,0.3804986444643835,train
2657,0,0.0771142553398613,train
2658,1,0.0259547367717731,test
2659,0,0.7954548344706529,train
2660,0,0.3616517343498865,train
2661,0,0.6804305600199675,train
2664,0,0.8773488186529321,test
2671,1,0.2583624212218351,test
2672,0,0.4107711263416492,train
2673,0,0.7626724337513753,train
2674,0,0.7658681085556162,train
2677,1,0.5447775339312857,val
2679,1,0.2507805456808318,train
2680,1,0.5908082249863967,val
2681,1,0.2821575601045759,train
2682,1,0.4907922340319194,train
2683,1,0.3001781716230819,val
2687,1,0.0639440137133776,train
2688,1,0.2935070690347924,train
2689,0,0.882566493022644,train
2692,1,0.1103527359140971,train
2693,1,0.1613995495061007,val
2695,1,0.5453875324145674,val
2697,0,0.6100309825393475,train
2699,1,0.1315135848805165,test
2700,1,0.176569562340865,train
2701,1,0.1364426311739039,train
2704,1,0.2299997397047425,train
2705,0,0.7575683810711764,train
2708,0,0.0654803124477629,test
2711,0,0.8872559292983302,train
2713,1,0.2053014081966592,train
2715,1,0.1673894648254148,test
2717,1,0.165670759640844,train
2718,0,0.5849936112823267,train
2719,0,0.6659206583285877,train
2721,1,0.2767661639144162,train
2723,1,0.259044197356281,val
2724,1,0.3342227026355473,train
2725,1,0.2230924748537704,train
2727,0,0.7847329789599803,test
2730,0,0.4098635790980667,train
2731,1,0.1426217162293838,val
2735,0,0.6209865867481588,train
2738,1,0.3489646766675468,test
2740,1,0.0972841078965397,val
2741,1,0.2346360901778683,train
2744,1,0.1670152051569321,train
2745,1,0.2356672620199971,train
2746,1,0.1847353207250837,train
2749,1,0.3234230068632382,train
2750,1,0.0939434736997182,train
2753,1,0.685455728082671,train
2759,1,0.2216745292427201,train
2760,0,0.1824934673913467,val
2761,1,0.7881875417364788,test
2764,1,0.3513175879261861,train
2766,1,0.6511091355058287,test
2767,0,0.706818427707498,train
2775,1,0.175363462645874,train
2778,1,0.2030807663214705,train
2780,0,0.9207065902780504,train
2783,1,0.4388006768523282,test
2784,0,0.2101339401010101,test
2785,0,0.7468003060519044,test
2787,1,0.0744567844169782,val
2788,1,0.3948807568507989,train
2789,1,0.0770603457462068,val
2790,1,0.106129394244942,train
2791,1,0.2630218027205659,train
2792,0,0.473749910748552,train
2794,1,0.2053909872543227,train
2795,0,0.8703727013366906,train
2796,0,0.7366318023512628,train
2797,0,0.3742424226122627,train
2798,1,0.4372159598239078,train
2799,0,0.510624762497908,train
2810,0,0.2511056135793484,val
2812,0,0.4027681519342249,train
2815,1,0.2565356761385035,train
2819,0,0.7421189361857209,val
2825,1,0.2135337286884504,train
2827,1,0.2240775677395214,val
2828,1,0.1940595724541532,train
2829,1,0.270884996893028,test
2832,0,0.6311303656580592,train
2834,1,0.4350838711118142,train
2836,1,0.2476747797659311,train
2837,0,0.5474581892251151,train
2838,1,0.1828715118263749,train
2839,1,0.486785190982182,train
2840,1,0.0921925038390412,train
2841,0,0.3319562147756976,val
2843,1,0.377160342297872,train
2844,1,0.1898608542375126,train
2845,1,0.2779593439446686,train
2849,0,0.3751754484902415,test
2851,1,0.085633774512458,val
2854,1,0.1700801110918302,train
2855,0,0.4067373934935135,train
2857,0,0.4546272619632081,train
2858,0,0.8306305787395722,train
2861,1,0.0735336398905942,train
2862,1,0.3915322844491371,train
2863,0,0.7052720276056504,train
2864,0,0.2087522373339831,test
2865,0,0.3649527167246075,train
2866,0,0.6382516508578735,train
2867,0,0.6481808082039278,val
2869,1,0.0122419447838132,train
2870,0,0.6832651291951255,train
2871,0,0.7593456251814699,train
2872,0,0.6402618701843674,train
2874,1,0.0367088157602654,train
2875,1,0.1350127895893219,val
2876,1,0.6670922837185587,val
2877,0,0.4591435736837069,train
2878,1,0.0472704292672373,train
2879,0,0.3834173995367353,test
2880,0,0.7203703120951541,train
2882,1,0.1848131704011242,train
2884,0,0.1977891065414149,val
2886,1,0.1488776934061395,train
2887,1,0.4865330695913049,test
2890,0,0.377158247562406,val
2891,0,0.2975721695603666,train
2894,0,0.3882779720658329,train
2895,1,0.5596333227784359,val
2897,1,0.4120170073621222,train
2902,0,0.752634952336669,train
2904,0,0.3706973098052424,test
2907,1,0.6049138359171775,train
2908,0,0.6068735320809477,train
2909,1,0.1774069924726956,val
2910,1,0.1607386674846375,train
2913,1,0.3373420006051297,train
2914,1,0.1404814599836026,train
2917,0,0.7093308343176887,train
2918,0,0.5622181800608059,train
2920,1,0.2255541414917239,test
2921,1,0.4415893604871551,train
2925,0,0.691268794858506,train
2926,1,0.1469199426504547,test
2928,0,0.4056414629994128,test
2929,1,0.1345816377086856,train
2930,1,0.199335194727433,train
2931,1,0.2798897430747019,train
2933,1,0.51350262562951,train
2934,0,0.4791605397277614,train
2935,1,0.5509972955364294,train
2937,0,0.2030753092038668,train
2940,0,0.9076075484611278,val
2941,0,0.7897182614056422,train
2943,1,0.7339823517345981,test
2944,1,0.4087031392171076,val
2945,1,0.1111315714288805,train
2947,1,0.0682426747375326,train
2948,1,0.524660472715543,val
2950,1,0.5197432932292895,test
2951,0,0.9180634752602278,train
2952,1,0.0605653856136314,train
2954,1,0.552643637870913,val
2957,1,0.2611983943017418,train
2958,1,0.3242694354644202,train
2961,1,0.2009654244596019,train
2964,1,0.1135108043041808,train
2966,1,0.4499224389724001,val
2968,1,0.1849406831349206,train
2973,0,0.4249812492826325,val
2975,1,0.1700004561296513,train
2977,1,0.2806856309121596,train
2979,1,0.4435826509762866,test
2981,0,0.6830934847677455,train
2983,1,0.1898452452972706,train
2986,0,0.6968602027053363,val
2988,1,0.4624295937946567,train
2989,0,0.3466994957949941,test
2990,1,0.2479897383585539,val
2992,1,0.3152060645717091,train
2995,1,0.3086782667813008,test
2996,1,0.6883125836529189,train
2997,0,0.5519471622906522,train
3000,1,0.2276298843972678,train
3002,1,0.4956095659441983,test
3003,1,0.2595163312069798,train
3004,1,0.3295598213836116,train
3008,1,0.1967854063104707,train
3011,0,0.5712841541157678,train
3013,1,0.4007628648662092,train
3016,0,0.703047189025308,train
3019,1,0.0542177080054339,train
3023,0,0.8303739602613069,train
3024,1,0.3673120680136112,train
3026,0,0.5797072195878483,val
3028,1,0.1180839959336628,val
3030,0,0.626434850330339,train
3031,1,0.3856532619344034,train
3036,0,0.4617335813750587,val
3038,0,0.6485887990306372,train
3042,0,0.3314000604638267,train
3043,0,0.8038874917052434,test
3044,1,0.4890497310408639,train
3046,0,0.5484398641404423,train
3047,0,0.8118805019836621,train
3049,1,0.5818976664366364,train
3051,0,0.5357252237002073,train
3056,1,0.2427990777887231,val
3057,1,0.1754057783515497,train
3059,0,0.3660910753767445,val
3063,0,0.4903420698995296,train
3064,1,0.412922606133658,val
3066,1,0.5075997108916492,train
3067,0,0.7375723434106136,train
3069,1,0.1301755550191292,train
3071,1,0.2932023296748104,train
3072,0,0.9382100937368126,train
3073,1,0.5059558832023664,train
3074,1,0.2418884577965891,train
3078,0,0.6838877750984111,train
3079,0,0.6654263264504156,val
3080,1,0.1019690376781751,train
3082,0,0.8318822697613037,val
3084,1,0.3361348948980005,val
3085,1,0.2562887336833559,train
3086,0,0.4359219752874864,train
3088,1,0.4072941664351174,train
3092,1,0.3894188169264547,train
3095,1,0.5296977840212662,train
3098,1,0.3782776564373996,train
3099,0,0.1184893926808566,train
3100,0,0.5577848204407553,train
3101,0,0.8630516929103929,train
3102,0,0.8976255512064801,val
3103,0,0.4490392980735973,test
3104,1,0.6474781644869269,train
3105,0,0.1004349626407182,train
3106,1,0.252961796037316,train
3108,1,0.3189244243460131,train
3109,0,0.5520288155788258,train
3111,0,0.4551186533774739,test
3113,0,0.5229686965703364,train
3116,1,0.2541224564119017,test
3117,1,0.6727939786653295,val
3119,1,0.4154470107104305,val
3120,1,0.0762983635082811,test
3121,0,0.4711598650984407,train
3122,1,0.2198254917482449,train
3123,0,0.4795492626834805,train
3126,1,0.572197682194838,test
3128,1,0.1837094901755316,train
3130,1,0.6118194433605453,train
3132,1,0.2317927606525323,val
3134,0,0.4575016789561524,train
3137,1,0.1487339913898097,val
3139,1,0.1439433292406048,train
3140,0,0.3923583149832669,train
3142,0,0.6049222860386718,train
3143,1,0.1187732853791001,train
3144,0,0.8567291986248392,val
3145,1,0.2960686487409001,train
3146,0,0.6469193393039072,val
3147,0,0.1602201563786287,train
3149,1,0.2058584021021023,train
3150,1,0.1919470690081527,test
3152,0,0.6207196365599363,train
3154,0,0.6869412717725716,train
3155,0,0.4671856563657608,train
3157,1,0.4837521837277256,train
3158,1,0.4487874470307216,train
3159,1,0.1213477321116904,train
3161,0,0.6228542103711576,train
3162,1,0.234683625615018,train
3163,0,0.8803896136090443,train
3165,0,0.5103529562180469,train
3167,1,0.0636488642372686,val
3169,1,0.4675478192842576,test
3170,0,0.5052571049718094,train
3173,0,0.5700852387657196,train
3174,1,0.2592636623410974,train
3175,1,0.2614419111199076,train
3176,0,0.4158508526470711,train
3178,1,0.4012128844305963,train
3179,1,0.1280622980098772,train
3180,1,0.4836287051222342,train
3181,1,0.2233894797671707,val
3183,0,0.5285363734324284,train
3184,1,0.0978911083923818,train
3187,0,0.6353085982059596,train
3189,0,0.6769998343325891,val
3190,0,0.8546474623399096,train
3191,0,0.6520148323834237,test
3194,1,0.197480096218935,test
3195,1,0.5078445505960996,train
3196,1,0.1650519544606958,val
3200,1,0.1878152034630426,test
3203,1,0.4076004854517934,train
3204,1,0.0651870783438155,train
3207,1,0.117930355876775,train
3208,1,0.2212975387032407,val
3210,1,0.3507415143792768,test
3211,0,0.4111282185157993,train
3213,1,0.7150062592511073,val
3216,1,0.7346662741127292,val
3217,0,0.1416133037635494,test
3218,0,0.3572791582681903,train
3220,1,0.3287596881346103,train
3222,1,0.1827660507847821,train
3223,1,0.2716583161300531,train
3224,0,0.4508195782460522,train
3226,0,0.2942795878257475,val
3227,1,0.2933786885544386,train
3228,1,0.3890008467401085,train
3230,1,0.6369917941011487,train
3234,0,0.5290787937753679,test
3236,0,0.4356270344225934,train
3238,1,0.1298463112016474,train
3243,0,0.5170026845776041,train
3244,0,0.8920329037868444,train
3245,0,0.6318998838823079,val
3247,1,0.2957872402692396,train
3249,0,0.5046828333716524,train
3250,0,0.4681742673859006,val
3251,1,0.4025307418928849,train
3252,1,0.0429331712126523,val
3255,0,0.6665518303475795,train
3256,1,0.2032704057272887,train
3257,1,0.2328676734741337,train
3261,0,0.2278999430226855,test
3263,0,0.5743074496999878,train
3264,0,0.6840298087071541,train
3267,1,0.066557900552435,train
3269,1,0.3774871395954253,train
3272,0,0.7492198772478014,train
3273,0,0.5037783831674887,train
3275,1,0.0719094519514228,train
3276,1,0.3861496335090305,val
3279,0,0.4661424195329984,train
3280,1,0.3796711888882441,train
3281,1,0.1182138676650857,test
3282,1,0.5081803278858111,train
3283,1,0.2298748643456634,train
3284,1,0.0789343663253053,train
3287,1,0.4571264821556472,train
3288,1,0.5869800994407526,train
3289,0,0.6711363868952884,train
3290,1,0.0950376072910896,train
3291,0,0.3930975326690367,train
3296,1,0.3813048321107257,train
3299,0,0.8952916623587954,train
3300,1,0.1656535357406143,train
3302,1,0.0938434533956821,train
3305,0,0.4038528276242844,train
3306,0,0.5529889240862506,train
3309,0,0.1506313189978096,test
3311,1,0.3008363198213746,test
3312,0,0.6572674091011812,train
3314,0,0.8441284951980956,val
3319,1,0.1984928689900263,train
3322,0,0.51705003054099,train
3323,1,0.049493681326952,train
3324,1,0.7545795726736418,train
3327,1,0.148501898999501,train
3331,0,0.5526308766301733,train
3334,0,0.8881634565360048,train
3335,0,0.5888531709268117,test
3337,1,0.3753373293072716,val
3342,0,0.4484547511846338,train
3344,0,0.4411074700362082,train
3347,1,0.436410941229706,train
3348,1,0.0485622690716442,train
3349,0,0.4264460798603752,train
3350,0,0.3112986492490428,train
3354,1,0.3639987242265299,train
3355,1,0.0881614743439258,val
3356,0,0.4662818261122599,train
3357,1,0.2644472940274469,val
3358,0,0.287654941413468,test
3359,0,0.5819167307579123,val
3360,0,0.581751429747391,train
3361,1,0.0434708160393075,train
3363,1,0.1671758129478493,train
3366,1,0.0893105188505308,val
3367,0,0.7039342700819526,train
3369,0,0.7594843082104642,train
3370,0,0.5569593539445158,train
3371,1,0.5330581345945103,train
3374,0,0.4570939547383663,test
3376,1,0.573944613110976,val
3377,1,0.1198270383416733,train
3378,0,0.5459983914997237,train
3379,1,0.6204051427648481,train
3382,0,0.7483648027492964,train
3383,0,0.7185872538502434,train
3385,1,0.258674885106805,train
3387,1,0.3524768507287587,train
3389,0,0.4734910540512289,train
3390,1,0.4641838949678243,train
3393,0,0.3089000220868791,test
3396,0,0.7519928798413085,train
3404,0,0.2892976413222539,train
3406,1,0.657353630020455,test
3407,0,0.9021963768540474,train
3408,1,0.2439199715916989,train
3409,1,0.340605624917499,train
3411,0,0.3474705084554244,val
3412,1,0.2782600786120391,train
3413,0,0.8419045393438116,train
3414,1,0.2502674013988788,train
3417,0,0.1649488544293882,val
3418,0,0.8313232920817435,val
3419,0,0.5624624543472434,test
3422,0,0.5873637104361207,train
3424,0,0.6816619243761031,train
3425,0,0.5038564389166509,train
3428,1,0.3024101848512903,val
3429,1,0.1486118812677327,val
3431,0,0.5425002470424782,train
3432,1,0.1139359838842819,train
3434,1,0.7043219605286298,train
3435,0,0.5381832934145552,test
3439,0,0.6763993263369923,val
3442,0,0.5941766602586483,train
3443,1,0.1784968996913999,train
3444,1,0.7140850716363184,train
3448,0,0.8918498671568758,train
3449,1,0.4723469144080114,train
3450,0,0.3815125940342357,val
3452,1,0.3647889377274497,train
3453,0,0.7090489157106885,train
3454,1,0.0434337053430826,train
3455,1,0.104592248110516,train
3456,0,0.5689682801958144,test
3458,0,0.891602076210169,train
3460,0,0.5553203289791183,train
3463,0,0.5744264492301612,train
3464,1,0.1932288738630239,val
3465,0,0.7371242564204412,val
3466,1,0.2725835495110423,train
3467,1,0.2292791928748314,train
3472,1,0.2122482675386737,train
3473,1,0.1341863143432761,val
3476,0,0.4555894938834663,train
3477,1,0.0258826536078233,train
3478,1,0.2159442675138829,val
3479,0,0.4863740216556389,train
3480,0,0.4952199446225791,train
3487,1,0.303491385367208,train
3488,0,0.2204962216700146,train
3489,1,0.119694475700295,train
3490,0,0.4473165128850291,train
3495,1,0.0803769081907255,train
3496,0,0.4625564758007016,val
3498,0,0.7408192752224427,train
3501,0,0.5084872559281535,val
3503,0,0.6987747457487974,train
3504,1,0.1223351012370209,val
3505,1,0.0846409394165084,train
3506,0,0.8604174329994319,train
3509,1,0.1954783039728505,train
3510,0,0.5305673959004469,train
3511,1,0.4550687837578249,train
3512,1,0.1981654018350478,test
3516,0,0.3190104567498152,train
3517,0,0.5663365871220045,train
3521,1,0.5526294045080908,test
3522,0,0.7438254086506702,train
3524,0,0.6343010287855688,train
3529,0,0.4161256385364089,train
3530,1,0.2242476691660883,train
3532,0,0.4712636524435536,test
3534,0,0.2468394314341653,test
3535,1,0.1602810867886046,train
3536,0,0.6528396638377338,train
3538,0,0.488278775614216,train
3539,1,0.2624438762752478,train
3540,1,0.1901144281332504,train
3542,0,0.3381466433199848,val
3543,1,0.095954941355549,train
3544,1,0.6275543046637218,train
3546,1,0.1109715941769979,train
3551,0,0.637187877909255,val
3552,0,0.4316729219510015,train
3553,1,0.4601951111455963,train
3556,0,0.6765876867394562,train
3558,1,0.0996630408010297,train
3562,1,0.4978589823668418,train
3563,0,0.7150400267468797,train
3565,0,0.5500746983903413,train
3566,0,0.4964509512137346,train
3569,0,0.2589558738161066,test
3570,0,0.3256838993181298,train
3573,1,0.5408285878049066,train
3574,1,0.3247890772647219,val
3575,1,0.3564472309392956,val
3578,0,0.6317654045774965,test
3580,1,0.4765727955880434,val
3581,0,0.7968060944646133,train
3582,1,0.2036753016941844,val
3585,1,0.1879836608718508,train
3586,1,0.3848124268704892,train
3587,1,0.3988358596993643,train
3589,1,0.0907591536798928,val
3591,1,0.0533369214147455,test
3596,0,0.5368406720938921,train
3598,1,0.1158207691957305,train
3599,1,0.311793802255108,train
3601,0,0.811493647301703,train
3602,1,0.1881375056946532,train
3603,1,0.1897187653656593,val
3605,1,0.2979974889766842,train
3606,1,0.4750837990913176,val
3608,1,0.5564686811908246,train
3611,0,0.2897689318732694,test
3614,1,0.1666513898789944,train
3616,1,0.147257152114921,train
3617,1,0.1492086689092715,train
3620,0,0.5281402740000691,train
3621,0,0.742749603635205,val
3622,1,0.1830645869925712,train
3624,0,0.2611234685374901,test
3625,1,0.2965394917231545,train
3627,0,0.0045062163071012,val
3628,0,0.5114432185958395,train
3631,1,0.2441505732236139,val
3634,0,0.8915002061107471,train
3635,0,0.7729327130577075,train
3637,0,0.2280269864419317,val
3639,1,0.1190851906053368,train
3640,0,0.9043250602207252,val
3641,0,0.8111792510095678,train
3642,1,0.2220531342518013,train
3644,0,0.497187956277168,train
3648,1,0.2215904593877967,train
3649,0,0.2123672946929459,test
3650,0,0.3940451727439483,train
3651,1,0.0689287244963382,train
3652,1,0.4211050873701585,train
3654,1,0.4750448515810996,train
3655,0,0.8050958928296992,train
3657,0,0.3768421094208189,train
3658,0,0.5447183120761596,train
3659,0,0.4440576340202731,train
3662,1,0.1019171381446321,test
3663,1,0.5770771750995314,test
3665,1,0.1963207248504985,train
3667,0,0.4217326526704202,test
3669,0,0.2436340723109681,train
3671,1,0.140081646279669,val
3672,1,0.1019155128166733,train
3675,0,0.4260991419407587,train
3678,1,0.4784804832050917,test
3679,0,0.3919716703804146,train
3680,0,0.6263385043798098,train
3681,0,0.629965588252356,train
3684,1,0.2700240876274314,train
3685,1,0.6655733457256394,val
3686,1,0.6841207519618733,val
3691,1,0.7080516915515749,train
3694,0,0.7308370317532217,train
3695,0,0.8391891111135532,val
3701,1,0.4089304227771441,test
3702,1,0.6823630154858196,train
3704,1,0.1305557070029349,train
3705,0,0.524151067347848,test
3707,1,0.2821707557312635,val
3708,1,0.8966132122565506,val
3711,0,0.1207174308465729,val
3716,0,0.5320446928374257,train
3717,1,0.5237952832986492,val
3718,0,0.8823678906086934,test
3721,1,0.0537533671104618,train
3722,1,0.2509635585521,train
3723,0,0.4758301349923638,train
3725,1,0.112009116788459,train
3726,1,0.4307199507130229,train
3730,0,0.2768107563649866,val
3731,0,0.2821713574978596,train
3732,1,0.4425561532910984,val
3734,1,0.0923140170012059,test
3736,0,0.6590106021632107,train
3737,1,0.1106033672466311,train
3740,0,0.5157575488814538,train
3742,0,0.5995586849550638,train
3743,1,0.241957032540894,val
3744,1,0.2060076251537539,train
3746,1,0.1495688678387682,train
3747,0,0.7331746328685957,train
3749,0,0.8193227684930181,train
3751,1,0.29317434307678,train
3753,0,0.3470484966564536,test
3757,1,0.3231779199145828,train
3758,1,0.0911719916557906,train
3763,1,0.1205628321248358,val
3765,1,0.3229131043595989,val
3767,0,0.4776554811795211,train
3771,1,0.5753030107194124,train
3772,1,0.1150804520032101,train
3776,1,0.0346584864224888,train
3777,1,0.1642629146720885,val
3778,0,0.2681146185235913,test
3782,0,0.1864884421978691,train
3784,1,0.0172351078716618,train
3785,1,0.515526921173745,train
3786,1,0.3733514942433303,val
3787,1,0.0925131066649419,train
3790,0,0.1264259527659931,train
3794,0,0.5221255950772259,train
3797,0,0.9287348793142431,train
3798,0,0.4587242789579201,train
3800,1,0.2394620170461112,train
3801,1,0.073401405257092,train
3803,1,0.2702850679943144,train
3804,0,0.5871367657563822,train
3806,1,0.1322628781275677,train
3810,1,0.1431842217914073,train
3811,0,0.5979118979957605,val
3812,0,0.3597985308914444,val
3813,0,0.6592820453187891,val
3814,1,0.2016643523494491,train
3816,1,0.4135367874339566,train
3818,0,0.4915276002035444,train
3819,1,0.8055327944358879,train
3820,1,0.2730005982085671,train
3821,1,0.1245208136479066,train
3822,1,0.3707287470130753,train
3823,1,0.370638837204073,test
3824,1,0.2383103094925979,val
3830,0,0.4947509843914099,train
3833,0,0.5793962120640246,train
3835,1,0.3171714785737759,train
3837,0,0.8121481424679877,train
3838,1,0.0744426134164831,train
3840,0,0.6242998896569254,train
3841,0,0.3090279281404675,train
3842,1,0.0602312056181758,train
3843,1,0.0938560573571193,train
3847,1,0.1950941747306787,test
3848,1,0.1936479915196423,train
3849,0,0.5317414580441104,val
3850,1,0.1335137170162548,train
3851,1,0.147590783134904,train
3853,0,0.165558501946476,test
3854,1,0.2069888914903098,val
3856,1,0.2378953324656564,val
3859,1,0.195327310794076,train
3860,1,0.2561154516597467,train
3862,1,0.0480628094361715,test
3863,1,0.2431453790379905,val
3865,1,0.240141180486598,train
3870,0,0.6270182477936621,test
3875,1,0.1128137472758898,train
3877,0,0.597255473160925,test
3878,1,0.5122555723202705,train
3880,0,0.5980807458133348,test
3882,1,0.2571404353881336,val
3883,0,0.5431915667834852,test
3884,1,0.3440221594651379,train
3887,1,0.3388932603085052,train
3890,1,0.101494505265012,train
3892,0,0.9172146226369928,train
3893,1,0.2318133313492985,train
3895,0,0.6120953576570887,train
3896,1,0.5767929550929847,train
3900,0,0.7854048728467172,val
3902,0,0.457568800249731,train
3903,1,0.5088750854135904,train
3906,0,0.8043969139613042,test
3908,1,0.2814275415887535,train
3912,1,0.6841505680596549,train
3913,0,0.5190534715904878,train
3918,0,0.4561983578161548,train
3919,1,0.4379074585391667,train
3925,0,0.3993003173503079,train
3929,0,0.502005716441724,train
3931,1,0.3423355610208903,test
3932,1,0.3650719946895316,train
3934,1,0.1445289516315862,test
3936,1,0.3079126287788488,train
3938,1,0.0829746695239975,train
3939,0,0.6320764728985557,train
3942,1,0.5797820109494383,train
3943,1,0.3245967135238229,train
3945,0,0.3940164827159348,train
3946,1,0.0453463357625639,test
3947,1,0.0530556069457869,train
3949,1,0.3310831110458178,train
3952,1,0.2634489529215527,test
3954,0,0.5404639925954378,train
3955,0,0.7660682733117551,train
3956,1,0.1775323741942995,train
3957,0,0.6225235810842694,train
3958,1,0.2210818903070216,test
3963,0,0.9566386801565364,train
3966,0,0.8176095011547513,train
3970,1,0.3143640048660047,train
3972,0,0.7939470731459862,train
3973,1,0.3589428752987609,val
3974,1,0.1733674142776429,test
3976,0,0.8041811939799637,train
3978,1,0.1079715742465325,train
3979,0,0.3990498908162212,val
3980,1,0.3078201929663363,train
3981,1,0.2634571400789667,train
3982,1,0.1921070267409266,val
3983,1,0.7682867731634904,train
3984,0,0.6764937599427574,train
3985,0,0.3907364800117181,train
3986,0,0.6145151875417701,val
3987,1,0.2158538681783695,test
3989,1,0.1947448769622178,test
3990,1,0.4611239036602857,train
3992,0,0.5494718665378873,train
3993,1,0.3048717568270169,val
3995,1,0.3215957825109368,train
3996,1,0.3411842770252787,train
4000,0,0.6807695511138622,val
4002,1,0.5372130503170822,train
4004,0,0.6709362942037704,train
4005,0,0.3855891912074457,val
4006,1,0.4212740554515509,train
4007,1,0.0895962049148255,test
4009,1,0.1177339307831003,train
4012,1,0.1516962781875864,train
4013,1,0.3636083713004296,train
4014,0,0.7496487720268616,val
4015,0,0.7301476700142433,train
4017,1,0.3760302866619378,val
4019,1,0.4178414793708163,train
4022,1,0.8548945936228477,test
4024,0,0.298276838336768,train
4026,0,0.808793886098399,train
4028,1,0.4350838708262795,train
4030,0,0.68433849834223,train
4035,0,0.8667187635396584,train
4036,1,0.3349163917863192,val
4037,1,0.5353453144793412,val
4038,1,0.0895379975830266,train
4041,0,0.703754607796897,test
4042,1,0.51557663423395,val
4043,0,0.7855038119624235,train
4046,1,0.1560484197632953,train
4048,1,0.2982350520547188,train
4050,1,0.1879618378831458,train
4052,1,0.1069171785550131,train
4053,1,0.3038485244325389,train
4055,0,0.6593944729685448,train
4057,0,0.4224369843185245,val
4060,1,0.0371335890944165,test
4062,0,0.4864685516320792,train
4063,0,0.3705578181920395,train
4066,0,0.5606317247817263,train
4070,1,0.1285168069795869,val
4072,0,0.4857603155478438,train
4075,1,0.8786893155446711,test
4076,1,0.3904507194942164,train
4077,1,0.1367899756459267,val
4079,0,0.7476293083594155,train
4080,1,0.4091976149201914,train
4081,1,0.0904051037870558,train
4086,1,0.2436694205051065,train
4089,0,0.4424749429129697,train
4091,1,0.310477217806713,train
4093,1,0.0380633897464794,train
4094,1,0.3121545682168237,train
4097,1,0.468439132997676,val
4101,1,0.3381622320983342,test
4105,0,0.9307251513412628,test
4106,0,0.8962124813499105,train
4107,1,0.191088062210387,val
4110,1,0.2984304905820676,test
4112,1,0.2372694732945242,val
4113,1,0.1985032768482209,train
4115,0,0.930556504584193,val
4117,1,0.2448710679363579,train
4122,0,0.596998465294166,train
4124,1,0.7418179011526965,val
4125,0,0.7964263223887342,train
4126,1,0.2642958196628006,train
4127,1,0.5804547697656419,train
4128,0,0.6539805536736352,train
4132,1,0.2088385150793567,test
4134,0,0.8922530850812488,val
4135,1,0.7775127728044502,test
4140,1,0.0850653120662725,train
4141,1,0.3352047401534253,val
4142,1,0.4458969368295765,test
4146,0,0.8555438601094387,train
4147,0,0.7914062302528205,test
4148,1,0.5635083894738249,train
4151,0,0.4126434202434732,train
4155,0,0.6255124116714101,train
4156,0,0.4638873270183952,train
4158,1,0.6963348954563418,train
4159,1,0.3192472813251735,train
4160,1,0.100442269215402,val
4161,1,0.7465353927103229,test
4163,0,0.6276045394616758,train
4165,1,0.269185474340243,train
4166,0,0.225774313567132,train
4168,1,0.2442200200715586,train
4169,0,0.5534500604451054,val
4170,0,0.6576681895609118,test
4173,1,0.1617518400379232,train
4174,0,0.4438189964260366,val
4175,1,0.095694900615975,train
4176,1,0.1401419910923739,train
4180,0,0.5041802316324385,train
4181,0,0.7383966149675316,train
4183,1,0.1176628043248878,train
4184,0,0.5294375336113728,train
4185,1,0.2064850812484112,test
4186,0,0.4697452047417367,train
4188,1,0.3361649580750453,train
4189,1,0.1705544194537929,val
4191,1,0.2727928691418492,train
4197,0,0.7102340287328182,test
4199,1,0.0448527985689684,train
4200,1,0.0481610721429066,train
4201,1,0.77562600674335,train
4202,1,0.1510036474142578,val
4207,1,0.4632634073164472,val
4209,1,0.4536228730112233,train
4211,1,0.1910624119782864,train
4212,1,0.3504351394926535,train
4215,1,0.3054642915276861,train
4216,1,0.1924894950661139,train
4217,1,0.2630318166116127,train
4232,1,0.1635657489906161,train
4234,1,0.2363980540143485,train
4236,1,0.3903803694839425,train
4237,0,0.6933243164176826,test
4238,1,0.182789677218541,train
4239,0,0.549590951758634,train
4241,1,0.1825823566616241,train
4242,1,0.209502497474328,train
4248,0,0.2397236786759794,test
4253,0,0.7865703336343715,test
4256,1,0.2956365973997111,train
4257,0,0.5537041969546448,train
4258,1,0.2127661112835489,train
4259,1,0.6714827818154026,train
4261,0,0.749528512927879,train
4262,1,0.2466194487028886,train
4263,0,0.6465051391913779,train
4264,1,0.2924195635959411,train
4265,1,0.5968084489269809,val
4267,0,0.2373906140239523,val
4268,0,0.45490263808789,train
4269,1,0.065320402631226,val
4273,0,0.5725824022421986,test
4275,0,0.839995574651458,val
4277,1,0.5833547751942325,test
4280,1,0.2560881336995431,train
4283,0,0.5064590954548343,train
4285,1,0.0405315475609647,val
4286,1,0.3476067640743971,train
4287,0,0.1581313478592927,train
4288,1,0.2780150954692074,train
4289,0,0.3740775545988934,train
4296,0,0.7725638303909159,test
4299,1,0.1757316856310399,train
4301,1,0.1772021897827422,val
4302,1,0.5132801614658746,val
4304,0,0.5205395501337764,train
4305,1,0.1820509314683466,val
4306,0,0.5235049592855316,train
4307,1,0.3058215823730372,test
4308,1,0.0914717724796045,train
4309,0,0.4891141483347802,train
4310,1,0.1754809954741482,train
4311,0,0.416047429706456,train
4313,0,0.8331566162199695,train
4316,1,0.299847614393251,train
4317,1,0.3172124634668517,val
4318,1,0.4728282622656922,train
4321,1,0.2764064257694765,train
4322,0,0.8466932654468089,train
4324,0,0.6318105811130279,test
4328,1,0.1486713198629328,train
4329,1,0.2810534078365009,train
4330,1,0.2262377756079244,train
4333,0,0.6279296586110569,test
4336,1,0.3390760925068556,train
4341,1,0.7391898717086174,train
4344,0,0.5810908440456385,train
4345,1,0.6405885616493727,val
4348,0,0.5768788141374434,train
4354,0,0.9885708619406453,test
4355,0,0.591803988328903,val
4356,1,0.1055220042037279,train
4357,0,0.27682137796183,test
4362,1,0.3576070028023724,val
4368,0,0.1981544318116527,test
4371,0,0.610416109696754,train
4373,1,0.2581858562963701,test
4374,0,0.615414158363349,val
4375,1,0.1069076232958645,train
4376,1,0.262183428093715,train
4377,0,0.7488016096724301,train
4379,0,0.5124225515711399,val
4381,0,0.9579059028474204,train
4384,0,0.3156035652163901,train
4386,1,0.1295263555222812,test
4387,0,0.8092820906371693,train
4389,1,0.8684323381546273,test
4390,0,0.6112426339411114,val
4392,1,0.5016964242242669,train
4393,0,0.2447653000015315,train
4396,0,0.5008188138735501,train
4399,1,0.2965010339462073,train
4400,1,0.6988176131420974,test
4401,0,0.7368692574484235,train
4403,1,0.1204213301096057,train
4405,1,0.0608207403753875,train
4407,0,0.6262895887650224,train
4410,1,0.2296571105543576,train
4411,0,0.4371363895711356,val
4413,0,0.4727411824206491,test
4414,0,0.240943624794137,test
4415,1,0.3167020191540934,train
4417,0,0.8612091400243533,test
4418,1,0.0502586777865921,train
4421,0,0.503163691763088,train
4423,0,0.5296415496179852,val
4424,1,0.1941732037873464,val
4425,0,0.3682111599679241,test
4432,0,0.4031902799598837,train
4437,0,0.8063604799283084,train
4440,0,0.7296648461323058,train
4441,0,0.075565981622893,test
4442,0,0.6081883099508849,train
4443,1,0.4818816379626509,train
4448,1,0.2503586451350785,train
4449,1,0.1047453935315203,val
4450,0,0.4182645486778655,train
4453,0,0.7430547171411312,val
4454,0,0.4479938795202897,train
4458,1,0.2771993353985329,train
4461,1,0.0714243433381127,train
4462,0,0.4517017646182132,train
4463,1,0.0433008049619452,train
4465,1,0.6915752689931285,test
4466,1,0.0977886203878724,train
4471,1,0.600636531986416,test
4472,0,0.6416056047851408,train
4475,1,0.7775165769251753,train
4477,0,0.2053324672422012,val
4479,1,0.6421058277088316,train
4480,0,0.716362475844935,val
4483,0,0.533964896061935,train
4484,1,0.2372271926989624,train
4486,0,0.65485358203506,test
4487,1,0.2119320131639777,train
4488,1,0.2479954027155422,train
4491,1,0.2860972067001491,train
4492,1,0.0856925305476987,train
4494,1,0.0193688012057342,train
4497,1,0.0301875994870116,test
4499,0,0.7639746693855357,test
4500,0,0.4577632659465463,val
4502,1,0.6067263276372505,test
4503,0,0.388270894185923,test
4504,1,0.3343430475573793,train
4506,1,0.482698478716971,train
4509,1,0.3187101461193103,test
4510,1,0.2517206126027215,train
4513,0,0.4799555742972008,train
4515,0,0.7699580187591621,train
4516,0,0.3668957532463431,test
4517,0,0.6446045327363715,train
4518,1,0.3207924987387456,train
4520,1,0.1278180998590795,train
4521,1,0.2853923942514262,train
4522,0,0.806098959058191,train
4523,1,0.7281984913550947,val
4525,0,0.3003281102268326,train
4526,1,0.5562002991354873,train
4527,1,0.1930992162066295,train
4531,1,0.0848438057418347,train
4532,1,0.6641276221240291,test
4534,1,0.3226078768098636,train
4535,1,0.0646833691415681,train
4537,0,0.8580528720659781,val
4539,1,0.1833012995749594,val
4542,0,0.4781412181622184,train
4543,1,0.2146996677349925,train
4546,0,0.7156284544512753,train
4547,1,0.1922842705262258,train
4548,0,0.2575802655351811,val
4549,1,0.6680257875425575,val
4551,0,0.1808462604516771,train
4552,0,0.9256655293731736,val
4556,0,0.7269276944188645,train
4557,1,0.1915159943359926,train
4558,1,0.2924235445548452,val
4560,1,0.0481097725431076,train
4562,1,0.7816561028653719,test
4563,0,0.5104406309287006,train
4566,1,0.1435638504945923,train
4567,0,0.7469169989032622,test
4569,0,0.886091411613119,train
4570,0,0.4552840584309454,train
4571,0,0.5707574285672975,test
4574,1,0.3056992988584037,train
4575,1,0.1616560376469177,train
4576,0,0.3000501031372727,test
4577,1,0.1418526133776294,train
4579,1,0.3501728385699109,train
4581,1,0.1977347206215794,test
4583,0,0.73019863467827,train
4585,1,0.2704206011070856,train
4588,1,0.1941384885203747,train
4592,1,0.4301363375439115,train
4593,1,0.6708007839467229,train
4594,0,0.5096628808180224,train
4595,1,0.144343082552916,val
4598,1,0.384140040031505,train
4599,0,0.6582662155018446,train
4600,1,0.2837800891627031,train
4601,0,0.422970271777961,train
4602,1,0.4585318107060236,test
4603,1,0.3345991163662311,train
4604,1,0.5509758393297997,val
4606,0,0.4673690303933332,test
4607,0,0.6504179653674891,train
4608,0,0.669948441917966,train
4609,0,0.51775780204475,test
4610,1,0.3320964979981552,train
4613,1,0.3585306382260146,train
4614,1,0.5214831875000692,train
4615,0,0.601864276250841,test
4617,0,0.5696023920687776,train
4618,1,0.3293160050332266,train
4619,1,0.4083549035791611,val
4622,0,0.4580071179757904,train
4623,1,0.1230986972402583,train
4624,1,0.6854268213337285,test
4630,0,0.7486219140415489,test
4635,1,0.2983739945816789,test
4636,0,0.815870627531158,test
4637,1,0.6671876039828781,val
4638,1,0.2728694412055009,val
4639,0,0.4177997767821393,val
4640,0,0.8165200110869002,train
4641,1,0.3266247671324028,train
4642,0,0.903531872853376,test
4643,0,0.7508812630470423,val
4644,0,0.5022743790983211,train
4645,1,0.2493437133427068,test
4650,0,0.7789685548226242,train
4653,1,0.3882427537274246,test
4654,1,0.1974107763059897,train
4655,1,0.4551545498903269,val
4657,1,0.2201162079018752,train
4659,1,0.5377085526319918,train
4660,1,0.2178812521318993,train
4661,1,0.3863489274493105,train
4663,1,0.4234880068836262,train
4667,0,0.6136350869390447,test
4669,0,0.7400176772164908,train
4670,0,0.7970649313547158,train
4671,1,0.0914811955441201,val
4678,1,0.1870933418007933,train
4680,1,0.332437683266072,train
4682,0,0.4881013131841952,train
4683,0,0.5385962837065067,train
4686,1,0.4730842010576744,val
4687,1,0.3184069068112812,train
4688,0,0.4364817047706087,train
4689,0,0.3655105205989946,train
4690,1,0.3199443074779263,train
4692,0,0.6746638976934989,train
4693,1,0.359329386821493,val
4695,1,0.0529489841007032,train
4697,0,0.2705061651322691,train
4698,1,0.1094582679019479,train
4699,1,0.1212463680424067,test
4700,1,0.4374995623608804,test
4701,1,0.5328896289018652,train
4702,0,0.2757658416622497,train
4704,1,0.4400746774409455,train
4705,0,0.4122967717264506,train
4706,1,0.1110430793796199,train
4707,1,0.0697107661132879,train
4708,1,0.2164318188829694,train
4710,1,0.3065402602110547,val
4712,1,0.1983057116574071,val
4714,1,0.5222455913823015,train
4715,1,0.5785669767559364,train
4717,0,0.7733741069285345,train
4719,0,0.6684739837730704,test
4720,1,0.4680747766346163,test
4721,0,0.3289344243787545,test
4728,1,0.032308253158002,test
4730,1,0.6787907418597381,val
4731,0,0.7220734234494904,train
4732,1,0.2097031213791765,test
4733,1,0.0905013407513213,train
4736,0,0.8995849603190689,train
4738,1,0.6027616794966728,test
4739,0,0.7166298603704171,train
4741,0,0.1288015855488192,test
4744,1,0.1620789454789167,val
4745,0,0.6847078855121966,train
4746,1,0.1651736811407127,train
4747,1,0.2794940283352035,test
4748,1,0.0908201223301579,train
4750,1,0.3044399749869909,train
4753,1,0.1122396731045349,train
4755,1,0.1405217450253633,train
4756,0,0.2348914239231588,test
4759,1,0.1221249555476362,train
4761,1,0.2189855424948663,val
4763,1,0.0233413858992365,train
4764,0,0.7421961586048611,test
4766,0,0.6147523164247937,val
4768,1,0.3530439344094586,train
4771,0,0.92869443061156,train
4773,1,0.1895395369026381,test
4774,0,0.7044410521141767,train
4776,1,0.0116002739460163,test
4780,1,0.1677825652349777,val
4781,1,0.1049838274654578,val
4782,0,0.7002073158318168,train
4783,0,0.7094574057630598,train
4784,0,0.2248672741852049,test
4788,0,0.9090845533526564,train
4794,0,0.5014957012679586,train
4795,0,0.4856124827741862,train
4797,1,0.2331058671144157,train
4798,0,0.5281365709889974,train
4799,1,0.3012862775799712,train
4800,1,0.7328074959427644,train
4801,0,0.8927265656601313,train
4802,1,0.4192386857934311,train
4803,1,0.1045389736153749,train
4806,0,0.6069535615134625,train
4807,0,0.7306859737471875,val
4808,1,0.7662806309638649,test
4809,1,0.2507584329419781,val
4811,0,0.5461427044607747,train
4814,1,0.2867970021685444,train
4816,0,0.6421480008994449,train
4821,0,0.4636572772013032,train
4823,1,0.2115482206179789,train
4825,1,0.1436268315942157,train
4827,0,0.7032874393629698,train
4828,1,0.4671117999694477,train
4829,0,0.2383393151118131,train
4830,1,0.0219076895066604,train
4831,1,0.0832672279716288,train
4832,0,0.7458980360185157,train
4835,1,0.5400275021105374,train
4836,0,0.4167520502577232,val
4837,0,0.4623451456619456,train
4839,0,0.5843877857686428,train
4840,0,0.1243436918430717,train
4842,0,0.5382467158381619,train
4845,0,0.6163811920272821,val
4846,1,0.5141318125713349,train
4848,0,0.7782760597225384,train
4850,1,0.4830475083407773,train
4851,0,0.5563640652058226,train
4852,0,0.912202765181418,val
4855,1,0.0849950056782901,train
4856,1,0.53197753446251,train
4858,0,0.5544511897305224,train
4860,1,0.3629742767722104,train
4862,1,0.1069656227839254,test
4863,1,0.3434288929975402,test
4867,1,0.6603566250308271,train
4870,1,0.2698848424493115,val
4871,0,0.4083518227933722,val
4872,0,0.2167134289150566,train
4875,1,0.5507264217822319,train
4879,0,0.7749757925612555,train
4880,1,0.3826420789049202,test
4882,1,0.1213161352977201,train
4884,1,0.5689500430183467,train
4888,1,0.1378689793456536,test
4891,1,0.8242211734901789,val
4892,1,0.2384853618047264,train
4894,0,0.796404174765412,train
4897,1,0.4547637850228447,val
4899,1,0.730202216547648,val
4900,0,0.8240570383951764,train
4903,1,0.3760035280124132,test
4904,1,0.4272485524150767,train
4907,1,0.1601993286865547,train
4908,0,0.7263775719074332,test
4910,0,0.7808735028997427,train
4912,0,0.5612781368374332,train
4913,1,0.1926457493726856,train
4914,1,0.2373470213995566,val
4915,1,0.5013969329524512,train
4917,1,0.299903672014043,train
4919,0,0.3738096570629099,train
4920,1,0.2819021002238254,train
4921,1,0.4227242608312288,train
4924,0,0.5697736924266339,train
4927,1,0.3113062041014028,train
4929,1,0.1549116395508512,train
4930,1,0.2436826550522737,train
4932,1,0.6468462806209382,train
4933,1,0.4998390186429194,train
4936,0,0.5015473761666163,train
4937,0,0.5488263365505573,train
4938,0,0.5868619456797339,train
4939,0,0.427939459301466,val
4941,1,0.3964128986172579,test
4942,1,0.3948872017031654,train
4944,1,0.1909403628722111,train
4946,1,0.3762307775243655,val
4947,1,0.5094966315584335,train
4949,1,0.1600811415052215,train
4950,0,0.5580202515115071,val
4953,1,0.2099931665385448,train
4954,0,0.5203526436849252,val
4956,0,0.4687851368444433,train
4957,1,0.5011243145312194,test
4961,1,0.2420017211008217,test
4962,1,0.4124323834419697,train
4963,0,0.8129991045084204,val
4972,1,0.1047155036163477,train
4974,1,0.1316195857473494,train
4978,0,0.760439919114774,test
4979,1,0.4088996892404856,train
4983,1,0.2261494122166614,test
4984,1,0.1411995005740323,test
4985,1,0.3265627178072892,val
4988,1,0.244309112410833,train
4989,1,0.1954277609978187,train
4990,0,0.5642019329637515,train
4992,0,0.2678349162361261,val
4996,0,0.5155463179043446,val
4999,1,0.1640164703965462,train
5002,1,0.4142053741323108,val
5003,0,0.2766186437963582,train
5005,1,0.0750264996942166,test
5008,1,0.0879169565131714,train
5009,0,0.9069815144951032,train
5011,0,0.1838008543448676,test
5012,1,0.4579239217518713,test
5016,1,0.1435414264870527,train
5018,1,0.2047921816993128,train
5019,0,0.5633831277088144,train
5021,1,0.552328580838074,train
5022,0,0.5103907518921862,train
5024,1,0.3321686693961476,train
5029,1,0.4850919257238191,train
5031,1,0.2659110739395283,val
5034,1,0.3310480173691641,train
5036,0,0.8415941231273827,train
5037,0,0.7658360599660265,train
5039,0,0.1630971719354368,train
5040,1,0.0523963713754898,train
5041,0,0.8294326249043489,train
5042,1,0.2124078853058337,train
5043,1,0.6920178875901324,train
5044,0,0.5768277261011672,test
5047,0,0.6357794798062435,test
5050,1,0.5269841338939086,train
5052,1,0.1005684449556582,train
5053,0,0.6704524340356053,train
5056,1,0.4102923953798909,train
5057,0,0.5295480299903249,train
5059,0,0.4208071633794327,train
5061,1,0.2273225570882945,val
5062,0,0.715415574932694,test
5064,1,0.1310475940275127,val
5065,1,0.3697557375962376,val
5067,1,0.3018595988715602,train
5072,1,0.3494249299917544,train
5073,0,0.7007361772877112,test
5076,1,0.3247373462533347,train
5077,0,0.4660676498064126,train
5078,0,0.3545841944757599,train
5081,0,0.936463812418956,train
5082,1,0.0841837063447581,train
5084,1,0.0260848507538316,train
5085,1,0.6644053620629888,test
5086,1,0.0687909205323354,train
5088,1,0.1939153750974055,train
5089,1,0.3025744392282763,train
5091,1,0.4996174769488833,train
5097,1,0.1681780752545054,val
5098,0,0.6865338377755357,train
5099,0,0.4292513767450695,train
5101,1,0.1665093213154282,val
5102,1,0.0577674477363551,test
5103,1,0.2001897561176832,train
5106,0,0.2157039289774043,train
5108,0,0.7777184017148062,train
5109,0,0.5303240148721966,train
5110,0,0.2538487060895901,train
5113,1,0.2370023969540737,train
5115,1,0.3312703421672277,test
5118,0,0.4668799057191644,train
5119,1,0.2301114612876456,train
5123,0,0.3097501623040316,train
5124,0,0.8816697436121649,train
5127,0,0.5375423612152366,train
5128,1,0.4640962235770404,val
5129,0,0.3594200691944857,train
5130,1,0.5651816895782021,train
5132,1,0.357828060154002,train
5136,0,0.7738888851658715,train
5138,1,0.5154009476500032,train
5141,1,0.2974695618098424,train
5144,1,0.4346601816614449,train
5145,0,0.8446549414701481,val
5148,0,0.5806397929818241,train
5150,1,0.0290922581195163,train
5154,1,0.5353294760101024,val
5155,0,0.5391626381560692,train
5156,0,0.3294984104773542,train
5157,1,0.2097319161777884,train
5160,1,0.2743640501230182,train
5162,1,0.262597496507544,train
5164,0,0.8096176106146625,train
5165,0,0.3694668884130209,train
5166,1,0.1858178858694101,train
5167,1,0.8661760641385544,test
5172,1,0.1580096752445408,train
5173,0,0.4442268742561258,train
5174,1,0.3017703476829979,train
5177,1,0.0823213022957085,val
5178,0,0.8795120498159068,train
5179,1,0.1931330489947095,test
5183,1,0.0879408811770988,val
5184,1,0.4198284392104636,test
5185,0,0.8083578770745484,train
5189,0,0.5595270054039037,val
5190,0,0.4391597955993881,train
5191,1,0.2204745774070643,train
5192,1,0.1375975063692255,test
5193,1,0.6717033572456139,val
5194,1,0.2805732124987655,train
5197,0,0.600801242847546,train
5198,0,0.9270277535887708,train
5199,0,0.4494643540720313,train
5202,0,0.5923433904601446,train
5203,0,0.3790948769754801,train
5205,0,0.4199271066791403,train
5208,1,0.4102284912542291,train
5209,0,0.4612030243134603,train
5213,1,0.2056160389427243,train
5215,0,0.4864367265548447,train
5217,1,0.3378484423045147,val
5219,0,0.439409880469775,train
5224,1,0.329183580443268,test
5225,1,0.0623246128901381,train
5226,1,0.5411004963526377,train
5227,1,0.1920721319319462,train
5228,1,0.2242622599934238,test
5229,1,0.1686857581517065,train
5233,0,0.4184387970449423,val
5234,1,0.3042829462791063,train
5235,0,0.7263269439371559,train
5240,0,0.8689175561372426,val
5242,1,0.5474345894840507,train
5247,0,0.2720871077534376,train
5248,0,0.680830149616177,test
5250,1,0.2529206922259106,train
5252,1,0.3402258856519298,test
5254,1,0.401275765114658,train
5255,0,0.4086892167903169,train
5258,1,0.2168468610668212,train
5259,1,0.3056395058658394,train
5260,1,0.2782231337016685,val
5266,1,0.4625587677195687,train
5268,0,0.3334981442048608,train
5272,1,0.1085851558054574,train
5275,1,0.396795493655493,train
5279,0,0.5020809931535837,train
5281,1,0.2486284530493349,train
5282,1,0.1940604973625485,test
5283,0,0.5200609179645727,train
5285,0,0.6497041429705428,train
5288,0,0.8891345894714562,train
5290,0,0.6909978151433029,train
5294,0,0.8011948890282266,train
5295,0,0.1152350615362596,val
5296,1,0.1118134408354327,train
5297,1,0.2354168412293171,val
5298,1,0.2505392529339629,train
5299,0,0.6643381216436566,train
5300,1,0.2480857227177939,train
5302,1,0.0669264937780161,train
5304,0,0.6182994023238217,train
5305,1,0.3283786352576399,train
5306,0,0.1478569481211399,train
5310,1,0.3740753147182456,train
5311,1,0.2555544944302749,train
5312,1,0.3699919427304425,train
5313,0,0.6355754444950252,train
5316,1,0.3510184844767479,val
5317,1,0.5289645683308615,train
5320,1,0.1691377674533652,train
5321,0,0.706558590133447,val
5322,1,0.0079544618763238,val
5323,1,0.2300982350412883,train
5324,1,0.6156202957116477,train
5325,1,0.521514376817132,val
5327,0,0.799048831098078,train
5330,1,0.2897938489203264,train
5331,1,0.2201818346302837,train
5332,1,0.5295458504829732,train
5333,0,0.320495285027546,train
5334,1,0.7192883488267072,train
5335,0,0.8047818903884819,test
5339,1,0.4984856778856288,train
5340,0,0.6915507324551242,train
5342,1,0.0831938841287734,train
5343,1,0.2113879965681848,test
5345,0,0.3066037195474976,test
5346,1,0.0749516629248688,train
5347,0,0.30101324456979,train
5348,0,0.4029980624437982,train
5350,0,0.610508270738079,train
5351,1,0.4890755544304435,train
5354,1,0.0903147837919106,test
5357,0,0.6328470713332586,test
5358,1,0.1533885879836093,train
5359,0,0.7168182582866163,train
5364,0,0.584795688036984,val
5365,1,0.2140055004403194,train
5366,1,0.0220648450624901,val
5367,1,0.4936848045250273,train
5368,0,0.739889804979349,test
5369,1,0.0195863911665509,train
5371,0,0.367755756987056,train
5372,0,0.1647762544322717,val
5375,0,0.4999082872771684,train
5377,0,0.9239173811517818,train
5378,0,0.6576916070178533,train
5379,0,0.4754581979350486,val
5385,1,0.1265758528980635,train
5386,1,0.0325318348087598,val
5387,0,0.3687088897172443,val
5389,0,0.6525384847377119,val
5390,1,0.2538241365443466,train
5393,1,0.3511655530434039,train
5394,0,0.5407791208840096,train
5396,1,0.4516470290154331,train
5397,1,0.2226957471072096,train
5401,0,0.7079496759644269,train
5407,0,0.3484803383257729,train
5408,1,0.4483337186468876,train
5409,1,0.5156699878273123,train
5410,0,0.5040519142977073,test
5413,1,0.1265003919832721,train
5414,1,0.39828311080156,train
5415,0,0.8203704736400592,train
5416,1,0.0717076058609776,train
5417,0,0.6860328115305767,train
5420,1,0.2837631142805868,train
5421,0,0.1998752428600079,train
5422,1,0.2234959700223934,val
5423,1,0.8230506678705424,train
5424,0,0.6487372870168759,train
5426,1,0.2117816033353842,train
5428,0,0.1809639270443854,val
5429,1,0.1998821109755749,train
5430,1,0.3257484643989388,train
5431,1,0.3291425894454027,train
5432,1,0.2502962305048819,train
5433,1,0.3680672631294651,train
5435,0,0.4102952120987544,test
5436,0,0.2936926274431243,test
5437,0,0.3539205437458005,train
5441,1,0.2473563317917738,train
5443,1,0.1088819649795768,train
5444,1,0.1925668195123095,train
5446,0,0.8673671764288334,val
5448,0,0.1809996360598559,train
5451,1,0.1617762980281065,train
5454,1,0.1432625742047817,train
5455,0,0.7143839890768116,train
5456,1,0.39365984032084,train
5457,1,0.2258177339224151,test
5459,0,0.5861690597911606,train
5461,1,0.0695803078878153,val
5469,0,0.9322942197102556,train
5470,1,0.1685699106930994,train
5471,1,0.2883428221944085,val
5473,1,0.384567833503865,val
5479,0,0.6501314101651465,train
5481,0,0.3179686005643868,train
5483,0,0.272224969080526,train
5484,0,0.6144440438096719,train
5489,0,0.3443720716708922,train
5494,0,0.8973749873749561,train
5495,0,0.2755517283839406,train
5496,1,0.2583111478710831,train
5497,1,0.2909655497460894,train
5501,0,0.4943695501322008,train
5502,1,0.2086058001071751,train
5503,0,0.298910173490639,val
5504,1,0.3217901830618925,train
5505,0,0.3602640028769077,train
5506,1,0.1731526699195774,val
5507,1,0.1433487983835393,train
5513,1,0.2905173085246926,train
5514,1,0.2548878498221905,train
5515,0,0.3688415459200528,val
5518,1,0.3389366356913518,val
5520,0,0.6467455840995463,train
5521,1,0.2141187333122933,train
5525,1,0.439313542656339,val
5528,1,0.1887240844029479,train
5539,1,0.5426287100134484,train
5542,1,0.3868900449998449,test
5543,1,0.2165169707240254,train
5544,1,0.4928754221770116,train
5545,1,0.0947694471638169,test
5550,1,0.4116551450962077,test
5551,0,0.8200292078512419,train
5554,0,0.239602264937164,train
5555,1,0.1482360140467971,train
5556,0,0.2525182736893219,train
5562,0,0.5362665374099266,train
5563,1,0.0487595899357519,train
5564,1,0.2182240963329293,train
5565,1,0.3390329057024545,test
5566,0,0.8181486606324497,train
5568,0,0.666705840097189,test
5569,0,0.6511757063743662,train
5571,0,0.7631314372622069,train
5575,0,0.308174876757511,train
5578,0,0.4627207373657702,train
5579,1,0.4084400194382365,val
5580,1,0.3098969523118242,val
5582,1,0.4859424572777976,train
5584,1,0.3981774302822241,train
5586,1,0.3715080403303945,train
5588,0,0.7581645625771156,train
5591,0,0.4563427145059581,train
5593,1,0.0850091758551071,val
5595,0,0.5502058453461781,test
5596,1,0.4146045782947959,val
5599,0,0.7254426207911676,train
5600,1,0.1275891155345069,train
5601,1,0.1131576590646944,train
5606,1,0.3375190772376798,train
5607,0,0.8774942676764511,train
5609,0,0.5618195436773763,train
5612,1,0.4712820527039625,val
5613,0,0.591770289384542,test
5614,0,0.537392105488212,train
5615,0,0.8496721716520361,train
5618,0,0.8563813753328365,val
5619,1,0.0522880436474438,train
5620,1,0.127806680006234,train
5621,1,0.3743828406939034,train
5624,0,0.8034032086123417,train
5625,1,0.0739359816599508,train
5626,1,0.2914842510425358,train
5627,0,0.5742521833146528,train
5628,0,0.6575508516823974,val
5631,0,0.3450128669140505,train
5632,1,0.0192916238435852,train
5633,0,0.2940457600502246,train
5637,0,0.5734869031113301,train
5638,0,0.4404077050270035,train
5639,1,0.3032042109674148,val
5641,1,0.0602414174779342,test
5644,1,0.6504472373954101,train
5647,1,0.4027773249772002,train
5649,1,0.1229768545026692,train
5652,1,0.3488662602076716,train
5653,1,0.5228587696406684,test
5654,1,0.0725289251499811,train
5655,0,0.1369290132170106,train
5656,0,0.2795130402537206,val
5658,1,0.4720828376895741,train
5659,1,0.0421286990991717,train
5661,1,0.3873294929842319,val
5662,0,0.470023109903248,train
5666,1,0.506801629770238,train
5677,0,0.9332015300907084,train
5680,1,0.2020165283412965,train
5682,0,0.2225861077801328,val
5683,1,0.1573352401745207,test
5686,0,0.5557337530663409,test
5687,0,0.75140676568547,train
5688,1,0.2028547032380002,train
5689,0,0.3424126754209537,train
5690,0,0.594495877847407,train
5691,0,0.7327560225835634,train
5695,1,0.202240094123118,train
5696,0,0.3779663160610673,train
5697,1,0.0667836765458393,train
5702,0,0.2508585442682198,train
5703,0,0.8665379855593831,train
5705,0,0.93687494242715,train
5706,0,0.5803557806296077,train
5707,0,0.2119939220374898,train
5713,1,0.0825023169002558,train
5716,1,0.2104867074420555,train
5717,1,0.3348291754911674,train
5719,1,0.6364570559270888,val
5724,0,0.8333822655433635,test
5725,0,0.4210953285955873,train
5728,1,0.1421466254118465,train
5729,0,0.4714819661254472,train
5731,1,0.5259564560438177,train
5734,1,0.2644787685434134,train
5735,0,0.0747211803210861,train
5736,1,0.6693191132239578,train
5739,0,0.5671203772589601,train
5741,1,0.1153210669537326,train
5742,1,0.4532622130003744,val
5744,1,0.1986333215363469,train
5748,1,0.2597082641384481,test
5749,0,0.5601329681041303,train
5751,0,0.7602563458816027,train
5752,1,0.107699937485823,train
5753,1,0.6340297989422248,train
5756,0,0.836587369471531,train
5757,0,0.6893785280134059,train
5759,1,0.5317785739848354,train
5761,0,0.6597222444438029,train
5764,1,0.1359134902714975,test
5767,1,0.2255331828616652,train
5770,1,0.2795063075082806,train
5772,1,0.5032951841360713,test
5773,0,0.3524776671116012,test
5775,0,0.8031454858971658,val
5778,1,0.2226195287431897,val
5779,0,0.3574771538708743,train
5785,1,0.4365356899190704,val
5786,0,0.784739924347932,train
5789,1,0.5916958166959949,train
5790,0,0.2809940796875246,test
5791,1,0.0971910169078301,test
5794,1,0.1145604432169671,train
5797,1,0.1669269677005883,train
5799,1,0.1197676625799318,train
5800,1,0.4046590680475619,train
5801,0,0.908938484832193,train
5803,1,0.4458505292211746,train
5804,1,0.2076546040610273,val
5806,0,0.0714793098478939,test
5808,0,0.3528344270253656,train
5809,1,0.1681741558762481,train
5810,1,0.353741826919166,test
5811,0,0.6578464021247982,test
5812,1,0.2121376418656787,val
5818,1,0.1034100586836569,train
5822,1,0.6054804307858432,train
5825,1,0.1734510208236596,train
5826,1,0.1361374314535653,val
5827,1,0.5179714589158182,train
5830,1,0.3452294490036511,train
5831,1,0.2170609112574049,train
5834,1,0.2779251764555716,train
5836,1,0.5910377624089668,test
5837,1,0.6266372524212314,train
5838,0,0.4216975628354698,val
5839,1,0.3953253408950345,train
5840,1,0.1586516801945052,train
5845,1,0.2119252366285706,test
5846,1,0.277289935240631,test
5847,0,0.3961923046277792,train
5848,0,0.8791852586709628,val
5850,0,0.821117284168941,train
5852,1,0.6282406063361317,val
5854,0,0.4699638825007889,test
5855,0,0.3292716149794636,train
5856,1,0.5254729882770057,train
5857,0,0.4938413952920203,val
5858,1,0.3333150090521495,val
5861,1,0.235571488913614,test
5862,0,0.3756865794909667,train
5863,1,0.1695491394877303,val
5869,1,0.3243176502744186,test
5870,1,0.095273043796783,train
5871,1,0.4351269439019328,train
5872,0,0.6473349289273194,test
5874,0,0.1691185397544881,train
5875,0,0.898632523368458,train
5877,0,0.6004468361663107,train
5879,1,0.2039507780010661,train
5880,0,0.5436403873822915,train
5885,0,0.7864233355626333,train
5887,1,0.0976976941260089,train
5888,1,0.3719371085406202,train
5889,0,0.4786651355153594,test
5890,1,0.2199307822969139,val
5891,0,0.3883980459320635,train
5894,0,0.9688229197119084,train
5895,1,0.3431492694518699,test
5896,1,0.2565990739456897,train
5901,0,0.4512302309591007,test
5903,1,0.0084647152434819,train
5904,1,0.1788832258366203,train
5906,0,0.5407395374755013,test
5907,1,0.2760326372249233,train
5908,1,0.2226679706580556,train
5909,1,0.3854463742277205,val
5910,1,0.4368288014243784,train
5911,1,0.4699998223306044,train
5912,0,0.3815967839787885,val
5916,1,0.1722031736525091,val
5919,1,0.4004737321173627,test
5923,1,0.2523243032306641,train
5925,1,0.2268236268190557,train
5932,0,0.4504532245723628,train
5933,1,0.2138081335401866,test
5934,1,0.2720286641716546,train
5936,0,0.2804409936464803,val
5937,1,0.1060368414233834,val
5939,1,0.2639904700169021,train
5940,0,0.333546329638913,train
5941,0,0.5628813652218869,train
5942,0,0.358308987854091,train
5943,1,0.5649443842128695,val
5945,0,0.5244101495910215,val
5946,0,0.1339438709574744,val
5948,1,0.6740053619093868,test
5950,0,0.5883180401812305,val
5951,1,0.3363608414360355,train
5954,1,0.2307481509746729,train
5958,1,0.1260273567311195,test
5959,1,0.1600880002586262,train
5960,0,0.4762769017625675,test
5964,0,0.6158808318628295,train
5965,0,0.6347393481167094,train
5966,1,0.4484947277990011,test
5967,1,0.3520867611395416,train
5968,0,0.6964288632354014,val
5969,0,0.9414816614220516,test
5970,1,0.1476614016167223,test
5972,1,0.4398335277309961,val
5974,0,0.5742003090568413,train
5976,0,0.5920008063319825,val
5978,0,0.7312500075097375,train
5981,0,0.5325913536204232,train
5988,1,0.0317060092893755,train
5989,1,0.1142176600915146,train
5990,0,0.6778992880807961,test
5991,1,0.658742497807747,val
5993,0,0.9456768212046862,train
5995,1,0.1600514771777063,val
5996,0,0.6011780660874111,train
5997,0,0.7390498350044744,train
5999,1,0.0568973953052862,train
6000,1,0.4285469268923972,train
6002,0,0.7832122716048938,train
6003,1,0.4682248224187877,train
6005,1,0.1820445484066098,train
6006,0,0.7235567659572619,test
6007,0,0.4654078502602458,val
6008,1,0.1077502161497486,train
6009,0,0.7767988204476755,train
6010,1,0.5449939501559091,test
6011,0,0.550643691517867,train
6012,1,0.335259079616478,train
6014,1,0.3427963674187144,train
6015,1,0.2411969005200986,train
6016,1,0.1890457273486445,train
6017,0,0.5706573782658114,train
6020,1,0.1987064303321416,train
6021,1,0.5809349072178673,val
6022,0,0.7166858357402709,train
6025,0,0.9674557741370876,val
6026,1,0.2707597129379335,train
6027,0,0.7916478659617325,train
6031,1,0.2700063994955686,train
6034,1,0.0993820828071149,test
6038,0,0.1612704361388481,train
6039,0,0.702577679842349,train
6040,0,0.7834573240489311,test
6043,0,0.4706744351027118,val
6044,1,0.5098307382950553,train
6045,0,0.5649324304718817,train
6046,1,0.5015136711281558,train
6050,1,0.0640914741243211,train
6052,1,0.6503695581376812,train
6053,1,0.2577936635063531,train
6054,1,0.0483807784529731,train
6055,1,0.1201512903115157,train
6056,1,0.2731829344779963,train
6058,0,0.5764448900558088,train
6059,1,0.4077162423966978,train
6060,0,0.7491851162644775,val
6063,0,0.7615586971594763,train
6064,1,0.2187230655167999,train
6065,0,0.7789173850584852,val
6066,0,0.5776321458054099,val
6067,0,0.3156987054066401,val
6072,0,0.3893511466922672,train
6077,1,0.263303069378811,train
6079,0,0.6647362858681044,train
6081,1,0.207810424447698,test
6082,1,0.300298883742325,train
6086,0,0.8439606992549006,test
6087,1,0.1543633644444629,val
6089,0,0.1115951034321138,val
6090,1,0.1470868974477983,test
6093,1,0.8543994097392869,train
6094,1,0.1710651312687356,train
6096,0,0.7024874005652095,train
6098,0,0.7621071872531093,test
6101,1,0.2996707492097656,train
6103,0,0.5344665173181224,train
6104,1,0.1178203231940657,train
6106,1,0.2042028482218194,train
6107,1,0.5995035710608678,val
6109,0,0.740840784148783,test
6111,0,0.8656427098905026,train
6115,1,0.131228853714192,val
6118,1,0.4964627955004869,test
6119,0,0.7444769982657555,val
6121,1,0.6848872659220087,train
6122,0,0.315111333047724,train
6125,1,0.0488679229092978,val
6127,1,0.0487895684339152,train
6128,0,0.595437078793909,train
6129,0,0.7897653979345738,train
6131,1,0.1190355968192747,train
6132,0,0.4773025084059746,train
6135,1,0.0886230814506788,train
6140,1,0.0497017829294437,train
6141,0,0.1730283265092047,train
6142,0,0.8458120811742453,test
6143,0,0.2586238571844267,train
6144,1,0.1331952653200651,train
6145,0,0.7159742696156495,train
6146,0,0.8107689958021764,train
6147,1,0.0817023105879248,val
6149,1,0.300687022596576,train
6150,0,0.5357164748124839,train
6151,1,0.1637297577417512,train
6152,1,0.4564123310006708,test
6153,1,0.3136721787436199,train
6154,1,0.2579735043476926,val
6156,1,0.5657965735501803,train
6159,1,0.1107091734113285,train
6160,1,0.1389445208678024,test
6166,1,0.096515507558466,val
6167,1,0.0992250264366277,train
6168,1,0.2693370901908383,train
6170,0,0.726415328128099,test
6175,1,0.1528647678112693,train
6177,1,0.105612542714974,train
6181,1,0.3808605949836654,val
6184,0,0.7507188075268121,train
6186,0,0.2768800028225897,test
6187,1,0.1724540144482701,train
6188,1,0.0626442172648856,train
6191,0,0.2916972675988734,val
6193,1,0.2519271374179059,val
6195,0,0.2469858566887952,val
6196,0,0.7010985913489185,train
6197,1,0.1154197337774284,train
6198,1,0.0566649972943372,train
6199,1,0.5873062476706933,test
6202,1,0.1009289099795932,val
6204,0,0.4473828770568147,train
6213,0,0.2608622744881359,train
6214,1,0.2684942145388109,train
6217,0,0.3561368250642012,train
6218,0,0.6464444761371565,train
6220,1,0.218829809782258,train
6224,1,0.1886165046933111,test
6225,0,0.6368795090785282,train
6226,1,0.2927769814497557,train
6232,1,0.1712461972686479,train
6233,1,0.1980524464851143,train
6234,0,0.2900175525978183,train
6235,1,0.2850737573556594,test
6237,1,0.0786244895232939,train
6238,1,0.2642977501156222,train
6241,1,0.433696686630854,train
6243,0,0.6558308075152446,test
6245,0,0.1767101990594082,test
6247,1,0.2342121014871656,val
6248,1,0.2543986629958322,train
6249,1,0.2310729281542879,train
6250,0,0.7009534991670938,train
6251,0,0.7091087562824008,train
6253,0,0.3413055765903726,train
6254,1,0.2249578800934545,test
6255,0,0.5899890621656194,train
6256,1,0.1746361235450106,train
6258,1,0.4464139210672329,test
6261,0,0.5588358782781462,train
6262,1,0.3492650093014997,test
6264,0,0.9051426073552122,test
6265,1,0.6698866606476248,test
6266,1,0.5610754813068746,train
6267,0,0.4719202613992064,train
6268,0,0.5125208204388586,train
6269,0,0.8860532751709435,train
6271,1,0.3522828473134464,train
6275,1,0.0895782577864353,train
6277,0,0.310683241509791,train
6279,1,0.1906534662756717,val
6281,0,0.4618849110613701,val
6282,1,0.2862987944235504,val
6285,1,0.622030743871847,test
6286,1,0.3099257857121795,train
6287,1,0.5367897792968421,train
6288,1,0.6322975211105302,val
6289,0,0.2880117796807929,train
6293,1,0.2424963163635736,train
6294,1,0.4377478407840816,train
6295,0,0.4467390597028839,test
6296,0,0.6414861763749922,train
6298,1,0.4904514960424374,train
6301,1,0.1808718831239493,val
6304,1,0.2804260085346902,val
6306,0,0.8768696229868097,train
6307,1,0.2063590740373226,val
6308,1,0.3895205034964221,train
6309,1,0.0596317819681707,train
6313,0,0.7851828024792276,test
6315,1,0.2577374707142672,val
6316,1,0.2851641614295263,train
6318,0,0.4736183835512614,train
6319,0,0.791263237969405,train
6322,1,0.2909302948450385,train
6323,1,0.2847540999484363,val
6324,1,0.327735979393831,train
6326,1,0.0266696271889794,train
6330,0,0.9045073663605684,train
6331,0,0.745618267655989,train
6336,1,0.6159900133306618,train
6337,0,0.6021132982059165,val
6338,0,0.3382063910319008,test
6339,1,0.0749952046775358,train
6340,0,0.6313530361097879,val
6342,0,0.9272444617748944,train
6343,1,0.2179898791418502,train
6344,0,0.7454522770953682,train
6345,0,0.5405813909026651,train
6348,1,0.2452482490906891,test
6349,1,0.2704029869880193,val
6351,1,0.0552944102537967,train
6353,0,0.8931103809899568,test
6356,1,0.1833652327198291,test
6359,1,0.0518664309301961,train
6360,1,0.2824782326430457,train
6364,1,0.7531588014591879,val
6365,0,0.5125489533335198,train
6366,1,0.1404186177820908,train
6367,0,0.7740630671974676,train
6368,1,0.1413064926507525,train
6369,1,0.64397084435785,val
6370,0,0.5224135151231708,train
6371,1,0.3523492512528221,train
6372,1,0.6445470338838999,train
6373,1,0.117881797348546,test
6374,0,0.8517243095643695,train
6375,1,0.0912330251284969,train
6376,0,0.5701505672849456,train
6377,1,0.2455967292856751,train
6379,1,0.342952705206901,train
6381,0,0.7789640792527353,train
6382,1,0.1225317810147786,train
6384,0,0.10504858911316,train
6387,0,0.3562024580336671,train
6391,0,0.4302936495413088,train
6393,1,0.7709404827543516,train
6394,0,0.7324555260396826,train
6399,0,0.2412068057302772,test
6400,1,0.1982603394257686,train
6401,1,0.2317980027382162,train
6403,1,0.1432038668928059,train
6406,0,0.3093295652356173,train
6407,1,0.1339888980647843,train
6408,1,0.1165399865397518,val
6409,0,0.5524072421522315,train
6412,1,0.4823898053431338,train
6413,0,0.3399029498067727,train
6414,0,0.0612762670143582,val
6415,0,0.2608047310297572,train
6416,1,0.2951253390382058,train
6418,0,0.6853081223815,test
6419,1,0.3613596730458854,train
6420,1,0.2302959658637264,test
6423,0,0.436652172094787,val
6426,0,0.2942085048366327,test
6429,1,0.1291404384625641,train
6431,1,0.3460750789933349,train
6434,1,0.0732420629688301,train
6436,0,0.3264350254995293,val
6438,1,0.240306086438816,test
6441,1,0.5584681427375622,test
6442,1,0.6236430750213668,train
6447,1,0.2650018688163735,train
6450,0,0.7541706437931083,val
6452,0,0.6671659466717075,train
6453,1,0.1308984874651246,train
6454,1,0.3215128369494034,test
6456,1,0.2269475835882662,train
6457,1,0.3936429987116735,train
6459,1,0.4029587321749083,train
6460,0,0.5194704359588596,train
6463,0,0.5722363695497399,train
6464,0,0.4745930128868874,test
6465,0,0.5992139504791878,train
6466,1,0.2121469342503767,train
6470,1,0.3711479811523923,val
6471,1,0.3851269436741253,train
6473,1,0.2810635381410318,train
6474,0,0.3518571854105271,test
6475,1,0.082520224809542,train
6476,1,0.3521816600011037,test
6479,0,0.5500515555499099,train
6480,1,0.6136953051051433,val
6482,1,0.3164010045080326,train
6483,0,0.7504487584660084,train
6487,1,0.4865050524594473,train
6488,0,0.8076833785064567,train
6490,0,0.5531735339340373,train
6491,1,0.150137289691332,train
6493,1,0.3528160332510902,train
6494,1,0.2212249713546352,train
6495,1,0.4614181046531455,train
6496,1,0.2166697237017462,train
6499,1,0.1889033497389528,train
6500,0,0.7331518630437345,train
6505,1,0.1309869759066492,val
6506,1,0.2239488880820963,train
6508,1,0.1453485132893144,train
6509,0,0.75033131641267,train
6511,1,0.0579682569983458,val
6512,1,0.0899977354572897,train
6514,1,0.062432412544842,train
6515,1,0.4114040225033777,train
6517,0,0.5005230747318989,train
6519,1,0.1352262095033191,train
6520,1,0.2387519401717246,train
6521,1,0.1492056646651206,train
6522,1,0.2019101150055759,train
6523,1,0.2333029684315468,val
6529,1,0.5016966296187053,train
6532,1,0.2006027613072316,test
6533,1,0.1391713803123839,train
6534,1,0.399780373925037,test
6535,0,0.9011416523147606,train
6536,0,0.2197177120583394,train
6537,1,0.2393956381423048,train
6541,1,0.2190873716586659,train
6543,0,0.8138631080729154,train
6544,1,0.2816687075068543,train
6545,1,0.3722452988184941,train
6548,0,0.7472117332062309,train
6549,0,0.6467257499910974,train
6550,1,0.3043247038413824,train
6551,1,0.1624420883072812,train
6555,0,0.2958161722545641,val
6556,1,0.8489356916109054,val
6557,0,0.3234555369897334,train
6563,0,0.8562164241272956,train
6564,1,0.1187916634826714,train
6565,1,0.4207941141220525,train
6567,0,0.3454197583786917,train
6568,0,0.5977752693551149,train
6569,0,0.5315969663414164,train
6570,1,0.4135604656548233,train
6571,1,0.1727979566062196,val
6572,0,0.8686084552991559,train
6573,1,0.1626585602998254,train
6574,1,0.334135661001024,train
6580,0,0.3982532743742671,train
6583,0,0.8126943180456144,train
6584,0,0.5431236533699177,test
6585,1,0.4744926168779738,train
6589,1,0.5314390451720523,train
6590,1,0.3273541651894892,train
6592,0,0.4338522666256691,train
6595,0,0.9256505238569928,train
6596,1,0.3729104346917136,train
6597,1,0.0791019874358478,train
6598,1,0.3936550971444784,train
6600,1,0.235356174096823,val
6601,1,0.2014717355440107,test
6603,1,0.2741817825405299,train
6604,1,0.3306769463684889,train
6605,1,0.1245372966836697,train
6607,1,0.3378608856456189,val
6610,1,0.702585852137351,val
6612,1,0.5772717665301417,train
6613,0,0.6736953549100695,train
6614,0,0.3854883771619244,train
6615,1,0.1817326944793601,train
6616,1,0.3369821813108221,train
6617,1,0.5994698137539751,train
6618,1,0.3015906755271059,train
6620,0,0.5081408315567856,train
6621,0,0.5510821636846197,train
6622,0,0.7667022352538074,train
6623,1,0.288550334224587,train
6629,1,0.3668933220704049,train
6630,1,0.222107147777009,train
6632,0,0.7949624784196563,train
6633,0,0.3816010172327146,train
6634,0,0.5466051241293538,train
6635,1,0.4061687098338519,train
6640,0,0.6803437110904413,train
6641,1,0.1447458483777715,train
6643,1,0.6718076904572832,train
6644,1,0.0862432714111979,val
6645,1,0.1499671093970814,train
6648,0,0.5124824476534706,train
6649,1,0.4018760510725749,val
6650,1,0.3398532648843408,train
6651,0,0.5841392822258749,train
6653,0,0.7890092181369319,train
6654,1,0.0889866125461775,test
6655,1,0.3984973318779721,val
6657,1,0.0211247092249967,train
6661,0,0.6134386999951148,train
6662,1,0.3260271654640543,train
6663,0,0.6405811293497022,train
6664,1,0.5022790279962415,train
6667,0,0.2734328274248281,test
6669,1,0.2208430614128652,val
6670,1,0.4979135425958049,train
6671,1,0.5436498180606688,test
6672,1,0.771602773097599,train
6675,0,0.7112468175832269,train
6678,0,0.5809739393503527,train
6679,1,0.2202621083134276,train
6681,1,0.3254990663107435,train
6682,1,0.358132478897295,train
6683,1,0.4109130272584216,train
6684,1,0.112252812741547,train
6685,1,0.3029334924976334,train
6692,1,0.1629260632883789,test
6694,1,0.4962233895936681,train
6695,1,0.1540970235449746,train
6696,1,0.2344855936413693,train
6698,1,0.3126847205794208,train
6699,1,0.1368620434624607,train
6701,1,0.8137263452320214,train
6703,1,0.2533736034214292,train
6704,0,0.6997159033994284,train
6705,0,0.5039453334295889,test
6706,0,0.779108161756847,train
6707,0,0.1016260759879236,val
6710,1,0.9256849597501646,val
6711,1,0.473681331469139,train
6713,0,0.7933507954756988,train
6714,1,0.0736313580580488,train
6716,0,0.5649676702284833,train
6717,1,0.4230473269918069,train
6721,1,0.085375731011436,train
6722,1,0.3666757567387111,train
6724,1,0.0348599287271117,train
6727,0,0.4452910146026351,train
6729,1,0.1936131200530344,test
6730,0,0.9018867599146452,val
6731,1,0.2543398423556491,train
6732,1,0.29062355768492,train
6742,0,0.478233273391036,train
6745,1,0.6367308929108275,train
6748,0,0.7011512784428249,train
6749,1,0.1705391017117286,train
6750,0,0.7224380725259836,train
6752,1,0.4501064400636929,train
6753,1,0.1313043647704764,train
6754,1,0.5664862512260436,train
6757,0,0.3118186568204864,train
6758,0,0.5389271636666979,train
6759,1,0.1886087338868707,train
6761,0,0.3787884963360548,train
6762,1,0.1333839849451579,train
6763,0,0.5830598595866341,train
6766,0,0.3759398744402361,val
6770,1,0.3479756114933643,train
6771,0,0.7658092830609502,train
6774,1,0.2200064353816803,train
6776,0,0.178253915337226,train
6777,1,0.753263314809951,train
6778,1,0.3339171846757132,train
6779,0,0.6647081329647995,train
6782,1,0.3720688715984295,train
6784,0,0.6716026774457791,train
6785,1,0.0901866653217066,train
6786,1,0.2492127444040988,test
6787,0,0.6389020964624041,test
6788,1,0.2505814678558492,train
6789,0,0.5061337312116455,train
6790,1,0.2188353842803277,train
6792,0,0.3501459941952172,val
6794,1,0.3607323746056824,train
6795,0,0.8051810013054271,train
6796,0,0.469855511356531,train
6799,0,0.7894236491871951,test
6801,0,0.3564451518573772,train
6802,1,0.2953629648586934,train
6803,0,0.6362994293543693,train
6805,1,0.1730446323462728,train
6807,1,0.3798575933525995,train
6809,1,0.1278163812968533,test
6810,0,0.3334101886513346,val
6812,1,0.3488185241680648,train
6815,0,0.3215320172845076,train
6817,0,0.3590894248058061,train
6822,0,0.7844393193846623,train
6825,1,0.1912526198612748,test
6827,1,0.2448298765046701,test
6831,0,0.3435464124947303,test
6832,1,0.193649285838325,train
6835,1,0.3268471648677866,train
6836,1,0.4869114974606762,val
6837,0,0.8202415318466107,train
6840,1,0.5973652851144322,train
6841,0,0.7401310362696105,train
6842,0,0.7276980533786711,train
6845,0,0.2941434983087621,train
6846,1,0.5156744366700359,train
6849,0,0.4589977241409926,train
6851,1,0.2239033271567496,train
6853,0,0.5256234103509555,train
6854,1,0.2380502374285197,train
6855,1,0.1328736563874666,train
6859,0,0.5154772219777741,train
6863,1,0.384170032094017,train
6864,1,0.4703431896305733,test
6865,0,0.5804573909040679,val
6866,1,0.0930732091010364,train
6867,0,0.3618151066302943,train
6868,0,0.6882308315683769,train
6870,1,0.3968698694069769,train
6871,0,0.6309365014495139,test
6876,0,0.4334423422556853,train
6878,1,0.4845288244111594,train
6880,1,0.0750040549358364,train
6881,0,0.4662149022578136,train
6885,0,0.3548678525463951,test
6886,1,0.1548624765081695,train
6887,1,0.0992116099869283,train
6888,1,0.3643351955476666,train
6891,0,0.771854167363127,train
6892,0,0.7017268742453177,train
6893,1,0.3259521301173229,train
6894,0,0.8910898420716352,train
6897,0,0.5719778684125443,train
6899,1,0.2243342189294553,train
6901,1,0.110406486111515,train
6902,1,0.2978154505748153,train
6903,1,0.5996406348110808,train
6904,1,0.3325041479434347,test
6905,1,0.672497601438359,train
6906,0,0.5386428930204843,train
6907,1,0.8510544167633713,val
6910,0,0.3778173321058445,train
6911,1,0.591688413158781,train
6912,0,0.5489864185409675,train
6914,0,0.8297926011737105,train
6915,1,0.4802317596743315,train
6916,0,0.7093843113368847,test
6917,0,0.5111711376404218,train
6919,0,0.1423898140321475,test
6920,1,0.2810777884973633,train
6921,1,0.6136035808824791,val
6923,0,0.2264109569938932,train
6925,0,0.5825287925972624,train
6926,0,0.5496771000661316,train
6928,0,0.8392290163367052,train
6930,1,0.1675596927198452,train
6931,0,0.1854718936557807,test
6933,1,0.2064744302895949,train
6934,1,0.4018055109912847,val
6935,0,0.1958057330067681,train
6936,1,0.3210217175125408,train
6937,0,0.6456289050970122,train
6938,0,0.9972111541762448,train
6939,0,0.2271188783263886,train
6940,1,0.0694314608359427,test
6941,0,0.1698849393635754,train
6942,0,0.5968724124191274,train
6945,1,0.3445470507988477,test
6946,1,0.2451581180663099,train
6948,1,0.4507950810294781,val
6950,1,0.2533297414849689,train
6952,0,0.3837475127927825,train
6953,0,0.7201418477238204,train
6954,0,0.7504225951352623,train
6957,1,0.3478822091032374,train
6960,1,0.1557845771427881,val
6961,1,0.3810968322141936,val
6962,0,0.696071118657823,train
6963,0,0.8574694648048578,train
6964,0,0.5840194821690496,train
6966,1,0.1204834800217505,train
6967,0,0.940254458743372,train
6968,0,0.4848708655512328,train
6971,1,0.0896327686440014,train
6973,0,0.2431933995306925,train
6976,1,0.4554464608527659,train
6979,1,0.4300034836027845,train
6981,0,0.2436606856017179,val
6982,0,0.928158096756299,train
6983,0,0.2801411028382562,test
6984,1,0.0702836903921705,train
6986,1,0.2073356066682026,train
6987,0,0.822862894274125,train
6990,0,0.6704934130090565,train
6992,0,0.4426506824743711,test
6998,1,0.4681763347323624,train
6999,0,0.6235195372095433,train
7000,0,0.4032136854817193,train
7001,0,0.505040895579496,val
7002,1,0.0617704589536216,train
7005,0,0.6209181766688077,test
7006,0,0.7661699162193981,train
7007,1,0.2667248682164259,train
7010,0,0.478065764346677,val
7011,1,0.2842479070001333,train
7012,1,0.342069069871656,train
7014,0,0.955296811320416,test
7017,0,0.2025785897497718,val
7018,1,0.2819293351382402,train
7021,0,0.7416507737483035,train
7023,1,0.1114482602340225,train
7024,1,0.0696297658224525,train
7025,1,0.3511547198626599,train
7026,0,0.3146148514668843,val
7027,1,0.080298922917642,val
7028,1,0.0869891396266188,train
7030,0,0.2763229846135259,train
7031,0,0.4892419288018944,train
7032,0,0.6209918932559444,train
7033,1,0.5891430276610785,train
7034,0,0.3856974757570435,train
7035,0,0.444183721093106,train
7037,1,0.8739883794944533,train
7038,1,0.3827521034538429,train
7042,1,0.4825080345642724,train
7043,1,0.2259177050873748,train
7044,0,0.4996503453072878,train
7045,0,0.8956880756077917,train
7046,1,0.1454588542829133,train
7048,1,0.3220084725895495,test
7050,1,0.3458299339316917,train
7051,1,0.1475499029364968,train
7052,0,0.4417289268231529,train
7053,0,0.3040830033644691,test
7054,0,0.5587814948950433,train
7056,1,0.1656184646833061,train
7057,1,0.2273364538088644,test
7059,1,0.2323822030440279,train
7061,1,0.1868757349142228,train
7063,1,0.3323071146127764,train
7066,1,0.5006824990878311,train
7067,0,0.5266366698825335,val
7069,1,0.5744557030634585,val
7070,1,0.2438956137640122,train
7072,1,0.4508952230159933,test
7073,0,0.4098055435351557,train
7074,0,0.5350893489624573,train
7076,1,0.1155656601339436,train
7079,0,0.3924851600055357,train
7081,1,0.0650017045818569,train
7082,0,0.2979489600333245,train
7083,1,0.4606999670191687,train
7084,0,0.4328840348353738,test
7085,0,0.3664001182781847,train
7086,1,0.1712467622060326,train
7087,0,0.9294460729795966,train
7088,1,0.3094395902115807,train
7090,1,0.1020105705435723,train
7091,0,0.16822786735648,train
7092,1,0.6406997676920723,train
7097,0,0.6003023673887571,train
7098,1,0.6030428552278562,train
7099,1,0.5136997837737374,val
7102,0,0.9063382569366492,train
7103,0,0.6442729843036654,train
7106,0,0.4838466009200126,train
7111,1,0.6271928354653266,train
7112,0,0.3380849049064258,val
7113,1,0.1915462441631388,train
7114,1,0.885780238090947,test
7115,1,0.804544934561893,val
7118,1,0.4265669571094911,train
7121,1,0.5718010420632905,train
7122,1,0.6747816817341679,test
7124,1,0.3220571598459874,test
7129,1,0.414766793053694,train
7130,0,0.6464505330386534,train
7132,0,0.1956148522555717,train
7135,0,0.6435899707514868,train
7141,1,0.1509213100357037,train
7142,0,0.7034038736625552,train
7144,1,0.0616659743012728,val
7145,1,0.3186307193006564,val
7148,1,0.3525377006143156,train
7149,1,0.5968194784814722,train
7150,1,0.0287718328932545,train
7151,1,0.0736473156314242,train
7152,1,0.2255645277072151,train
7153,1,0.1555420289245185,val
7155,0,0.0160244789090906,val
7157,1,0.5393986175486243,train
7159,0,0.718089797920332,train
7160,1,0.7732380093539912,test
7161,1,0.3767823955654465,test
7162,0,0.3304544833878171,train
7163,1,0.0713844278840387,train
7165,1,0.2841848565088333,test
7166,0,0.3572570994501891,train
7168,1,0.216476131198809,train
7169,1,0.26297950524274,train
7170,1,0.0979420625752472,train
7171,1,0.0588174429761957,test
7172,1,0.2466542126312403,test
7173,0,0.5874023728716439,train
7174,1,0.1630018056452559,train
7175,1,0.1182192925245012,train
7178,0,0.4627537520971286,train
7181,1,0.0188401311450526,train
7182,0,0.448576889289274,train
7183,1,0.0196921885907054,train
7184,1,0.3798398582685319,val
7185,1,0.396182864090585,train
7187,1,0.2909848184858948,train
7189,1,0.0746974510478728,train
7190,1,0.4141233061815594,train
7191,1,0.5116515223056819,test
7194,1,0.238367626136407,train
7195,1,0.1961808934433968,val
7196,1,0.1044332012936626,train
7199,1,0.2216903942612094,train
7200,0,0.2181387521182523,test
7203,1,0.2241666360000369,train
7204,1,0.2030577135506334,train
7207,1,0.4645401262834673,train
7208,0,0.4396605447681802,test
7209,0,0.7182590762008083,train
7211,1,0.3347538683837663,train
7216,1,0.1065352329799163,train
7217,0,0.3101916303330162,val
7218,0,0.4904667263728353,val
7221,0,0.3277218257267844,train
7222,1,0.4327097893216505,train
7223,0,0.39958058088174,test
7224,1,0.1784740187828571,train
7225,0,0.7981254438873828,test
7228,1,0.1723314478580339,test
7229,0,0.5568794897386373,train
7230,1,0.2956526636316523,train
7231,1,0.3244610315689947,val
7232,0,0.2818194166335566,test
7234,0,0.2767001314286512,train
7235,0,0.3093348986960138,train
7236,0,0.7657034374020371,val
7238,0,0.4737745907239749,train
7243,0,0.4282918067790315,test
7244,0,0.9118319198307148,train
7245,0,0.5293487449918595,train
7247,1,0.4101205489136078,val
7249,0,0.6023779826949016,train
7250,1,0.3092599737386154,train
7252,0,0.7378148632297895,val
7253,1,0.5158074078301428,train
7254,1,0.2905821606991328,train
7255,0,0.813841483755166,train
7256,1,0.2275491496924337,train
7257,1,0.4952803669114555,train
7258,0,0.4776672755635649,train
7259,0,0.5485262074048866,train
7260,0,0.8675354058924563,train
7262,1,0.7971354560518652,test
7263,0,0.7709259420314477,train
7264,1,0.4604389961548766,test
7266,1,0.4117792760731494,train
7267,1,0.5986992981481345,test
7269,1,0.4336037322344082,train
7271,1,0.4965152638066578,train
7272,1,0.1603201999547733,train
7274,1,0.5970409606478526,test
7276,0,0.2143787840946601,val
7277,0,0.7859421931191286,train
7278,0,0.6697285660762748,train
7279,0,0.4323538526619674,train
7280,1,0.3491358829998902,train
7281,1,0.227177514013425,test
7282,0,0.6626256151597987,train
7283,0,0.5425865071391219,val
7285,1,0.5794242785788737,train
7286,1,0.165398179711291,train
7287,0,0.3455624339483777,test
7289,1,0.3138912083902214,train
7290,1,0.1397648544294905,train
7291,1,0.5363486031936667,train
7293,0,0.5577686087176675,train
7294,1,0.4091218295054929,train
7296,0,0.6975481127015577,train
7299,0,0.989801964698545,train
7300,0,0.166812456688461,train
7304,1,0.5453293289940748,test
7306,1,0.5401487194985849,train
7307,0,0.8467616348125687,train
7308,0,0.3197654384767276,test
7309,1,0.4646782832630927,train
7310,1,0.6119416962177564,train
7311,0,0.3475076226290777,test
7312,1,0.3264743390968811,train
7313,0,0.313899398847536,val
7314,1,0.2590074021971978,train
7317,1,0.0795605742206194,val
7318,0,0.6479872042928485,train
7320,0,0.8898117181701906,test
7321,0,0.6320454306905343,train
7322,1,0.3551363456585846,train
7323,1,0.1133238902482447,train
7324,0,0.4923058692052642,train
7325,0,0.9748660716847342,train
7326,1,0.64285830940035,test
7327,0,0.4039661180976877,train
7328,1,0.222603477934141,train
7329,0,0.5976737239661642,train
7330,1,0.4710093176110462,train
7331,1,0.6098108337902945,train
7332,0,0.6688448098647932,train
7334,1,0.3485156510876969,train
7335,0,0.7164831220277812,train
7337,0,0.5696490815065198,train
7338,1,0.782201166451572,train
7340,0,0.6363429484332377,train
7341,1,0.5249449323790663,train
7342,1,0.4845552223317563,train
7343,0,0.4068654587807954,train
7345,0,0.636460346826586,train
7346,1,0.067346315018771,train
7347,0,0.924072199983595,val
7349,0,0.3939649671811838,train
7350,0,0.5508721476981222,train
7351,1,0.46419811114175,val
7352,0,0.2796705117026166,val
7354,0,0.4800940395446404,train
7355,1,0.3073164759642591,train
7356,1,0.1886899965753157,train
7357,1,0.3212829802636836,train
7359,1,0.6347831382338058,train
7361,0,0.3740397562772323,train
7362,1,0.3991176562979169,train
7363,1,0.4663207046650836,train
7364,0,0.781136696656523,test
7365,1,0.5009235514742667,test
7366,1,0.262805531703009,train
7367,0,0.6220735199549604,train
7368,1,0.6551985973152049,val
7370,1,0.040244413995474,val
7371,0,0.3955253584445565,train
7372,1,0.824347117123257,val
7373,1,0.1192253836077639,val
7374,1,0.4850311605591361,train
7375,1,0.4025139692920481,train
7376,1,0.2368517321226175,train
7377,1,0.2561362875171632,train
7378,0,0.3892214867538744,train
7379,1,0.6048602765577153,val
7380,1,0.2202826411587602,test
7381,1,0.3004622612301395,train
7382,1,0.5287958236427288,train
7383,0,0.4963351095506465,train
7386,1,0.4828781171921374,val
7388,0,0.4421726718853561,train
7390,0,0.5028843413658786,val
7393,0,0.708691757868906,train
7394,1,0.2403170828897634,test
7395,1,0.6454203993413048,test
7396,1,0.4625394337554706,train
7397,1,0.5248208675815531,test
7398,1,0.2479246621641258,train
7399,0,0.8188204498076559,val
7400,1,0.4317832426625991,train
7401,1,0.1778573668888277,train
7402,0,0.8392448759523274,train
7403,1,0.5766685710049371,train
7404,0,0.0820596401240519,test
7406,0,0.5691498148923259,val
7412,1,0.390716338493616,train
7415,0,0.664931735246512,train
7416,0,0.4867708753720504,train
7417,1,0.4708829167477386,val
7418,1,0.5196879562227775,test
7420,0,0.4037188936213983,test
7424,0,0.3241866281498545,val
7425,0,0.5003175128141198,train
7426,0,0.580212577761926,train
7428,0,0.1116445152847297,train
7430,1,0.4591134203558601,val
7431,0,0.8662922625655574,train
7433,0,0.5923613203378794,test
7434,1,0.273428793602343,train
7435,0,0.5731290541958298,test
7436,1,0.1219911880123103,train
7437,0,0.3070909756878278,train
7438,1,0.5320469862266378,test
7439,1,0.360665930758415,train
7440,1,0.1519907604666419,val
7442,1,0.0662275926223205,val
7443,0,0.6196257524460879,val
7444,1,0.342796447119514,train
7445,1,0.5158665389906671,train
7448,0,0.2502201565205558,train
7449,0,0.5128449496168985,train
7450,1,0.515206041372855,train
7451,0,0.5110640253055792,train
7452,1,0.4376847367922998,train
7453,1,0.2740185158478332,train
7454,1,0.8060696008613077,val
7456,0,0.4175743552168707,train
7458,0,0.580350597540101,train
7459,1,0.2850069728817747,train
7461,0,0.4603990055906949,train
7462,0,0.4261774625623801,val
7463,1,0.2463400166394113,train
7464,1,0.1490093517682774,train
7465,1,0.2482570807644535,train
7466,0,0.7812143132334181,train
7467,0,0.3743925830774998,train
7468,0,0.5478767684042334,train
7469,0,0.7439204719789596,train
7473,0,0.5718266087820427,train
7474,0,0.802136185865426,train
7475,1,0.3211586897847309,train
7476,0,0.6482536543484815,train
7477,0,0.5218318254540237,test
7478,1,0.4067889587691727,test
7479,0,0.8189088025426277,val
7482,0,0.6626066894827001,train
7485,0,0.4578019031200638,train
7486,0,0.5146069924903531,train
7487,0,0.2658540576952662,test
7488,1,0.5791112716020593,val
7489,1,0.2827722709382203,train
7490,0,0.6335499948267507,train
7492,1,0.1603415422493678,train
7493,1,0.2161607735549194,train
7494,0,0.9574104037213832,train
7496,0,0.5487166484857312,train
7498,1,0.1520674307629785,train
7499,1,0.3743374748850997,train
7501,0,0.3383697867439581,train
7502,1,0.3548752507173472,train
7503,1,0.2452185860582619,train
7504,0,0.3488907961207954,val
7505,0,0.6165013371750913,train
7506,1,0.6677465724612045,test
7507,0,0.4810195090950736,train
7508,0,0.4839830944107368,train
7509,1,0.3628901877597427,train
7510,1,0.0517249382280301,train
7511,0,0.4297471253034387,train
7512,0,0.3993896846979961,test
7515,0,0.5614592598769108,val
7516,0,0.7463793611422624,val
7517,1,0.5956400078631905,val
7518,0,0.7562877340068407,train
7519,0,0.4711190806051407,val
7523,1,0.2588534072004052,train
7528,1,0.6215247746270297,val
7529,0,0.5839479090824242,train
7531,0,0.3617815850768505,train
7532,0,0.6812883235798344,test
7537,0,0.5325581974607472,test
7538,0,0.8451401229922075,val
7539,0,0.485242309932499,train
7540,1,0.0828813753578322,val
7541,0,0.5943797482241538,train
7542,0,0.7678862619994689,test
7543,0,0.711283464740969,train
7544,0,0.414231976098139,train
7545,1,0.2106893636416811,train
7547,1,0.5390128214731944,train
7548,0,0.3590902059983279,test
7549,0,0.8866991879599314,train
7551,0,0.6923221320194722,train
7552,1,0.3633268936637134,train
7554,1,0.8421334605313696,val
7555,0,0.1751338876770508,val
7556,1,0.4062537604820458,test
7557,0,0.8963210566092277,train
7558,0,0.1908456572080179,train
7560,1,0.2951402169707106,train
7561,0,0.2760832761844575,train
7562,1,0.213645462258078,train
7563,0,0.6154091733121949,train
7564,1,0.4266863928640312,train
7567,0,0.4094064428436519,train
7568,0,0.7718096696582968,train
7569,1,0.1259690587844423,train
7571,0,0.7117842258954914,train
7573,0,0.2930570114364973,val
7574,0,0.5521783038511664,train
7576,0,0.4475072888866497,train
7577,1,0.3785431282968886,test
7578,0,0.6518573936006817,test
7579,0,0.8104209196624749,test
7580,1,0.3779830311289532,val
7582,0,0.5934356290158058,val
7583,0,0.2590748932773198,train
7585,1,0.2717101765094758,test
7587,1,0.1690991900784032,train
7588,1,0.5102208224073567,train
7589,0,0.6317299091293542,val
7590,0,0.4910408293325383,val
7591,1,0.1860553914645676,train
7592,0,0.4262403571015433,test
7593,0,0.4435577903765617,train
7594,0,0.3607911400787842,test
7595,0,0.4016774789723404,val
7596,0,0.5416113863199896,train
7597,0,0.966847749996051,train
7600,1,0.3312689947888342,train
7602,0,0.9448771763263532,test
7603,1,0.6041388336440006,train
7604,0,0.779689183435828,train
7605,1,0.2875648095905235,test
7606,1,0.5836313986104298,train
7608,0,0.3427197330143227,train
7610,0,0.3323357878031735,test
7611,1,0.430031634971495,train
7612,1,0.1984144611596944,val
7613,0,0.5960151585430955,train
7615,1,0.4762673818397861,train
7616,1,0.158161528183181,train
7621,1,0.4831323053726239,train
7622,1,0.566550167342549,train
7625,1,0.4642506518334675,train
7626,0,0.4352771286954007,test
7627,0,0.4421640967104628,train
7628,0,0.2369953484736018,train
7631,1,0.2491019069543909,train
7632,1,0.7278895918798439,train
7633,1,0.3506480544743473,train
7635,1,0.4218664411329635,train
7636,0,0.5845925550167832,train
7638,1,0.4566600988214708,train
7639,0,0.4110931994878529,train
7640,1,0.482950959531801,val
7641,1,0.4562260276903196,train
7642,0,0.7009780850709493,train
7644,0,0.5440007501045896,train
7645,0,0.4741877666107545,train
7646,1,0.478519547820272,train
7647,1,0.5540068973115435,train
7649,0,0.71987631266842,train
7650,0,0.5863698676273911,val
7651,0,0.4261220584276187,test
7652,0,0.5866110429770542,train
7654,1,0.3455644540709351,train
7655,1,0.4423842048422637,test
7656,1,0.715607701114096,val
7660,0,0.3900606723733818,train
7661,0,0.6449644082439348,train
7664,0,0.6857816393122271,train
7665,0,0.5814151382926374,train
7667,1,0.1464945681417708,train
7668,1,0.2103275685635199,train
7671,0,0.52095474781072,train
7674,1,0.0612487399604825,train
7675,1,0.3171756819153745,train
7676,1,0.1823772085101591,train
7677,0,0.7756475628359778,train
7678,1,0.1368931280884829,train
7680,0,0.300169738518486,val
7681,0,0.7633267839048088,train
7682,1,0.3346918689368068,test
7683,0,0.3817673733979444,train
7686,1,0.7080412392223132,train
7687,0,0.4964776761004087,train
7688,0,0.6142370465455507,train
7689,0,0.4922541825766852,train
7691,1,0.4635441588103109,train
7692,1,0.1089695211838122,train
7693,1,0.4983027054725166,train
7695,0,0.5219203168094426,train
7696,1,0.3746015055131674,val
7697,0,0.3625443458570395,train
7698,0,0.301052773225046,test
7700,1,0.2739257392060991,train
7701,0,0.4030442167636215,train
7703,0,0.7448411055285027,train
7704,0,0.870164837204739,val
7705,0,0.7732612418434347,train
7706,0,0.3142934640277252,train
7707,0,0.4909479006916167,train
7710,1,0.1008796092787771,train
7711,0,0.6346165602164555,test
7712,1,0.4531270024411573,test
7713,1,0.195399920412341,train
7715,0,0.3809426275508396,train
7717,1,0.0713389505505278,val
7719,1,0.4389108795734736,test
7722,1,0.2047656780778167,val
7724,0,0.4984223169437057,val
7726,0,0.6844817490081161,train
7729,0,0.3346417130656558,val
7730,1,0.0729862989986246,train
7731,0,0.1178647726776452,val
7735,1,0.4338559824747978,train
7737,0,0.5406720757822551,test
7738,1,0.4112391137714037,test
7739,1,0.2360451096453231,train
7740,1,0.2146631529675977,train
7741,0,0.1250608175303212,train
7743,1,0.1479130658775306,train
7744,0,0.4831749270282167,train
7745,0,0.3588373543696557,train
7746,0,0.4272838808032652,train
7747,0,0.4125647965037479,train
7748,1,0.6838538121610056,train
7749,0,0.521424654872857,train
7750,1,0.466840334158251,train
7751,0,0.4000068665434715,train
7753,1,0.518204842832241,val
7754,1,0.6424324332465594,val
7756,1,0.3298233651623156,train
7757,0,0.7898725131266182,test
7758,0,0.2708117487551198,train
7759,1,0.6406050661470932,train
7760,0,0.2009884330194462,train
7763,1,0.479869242654573,train
7764,1,0.6282229154096509,train
7766,1,0.7265271648515887,val
7767,1,0.3309011492621488,train
7768,0,0.5623516424530008,train
7770,1,0.3567359084333467,train
7772,0,0.7478304673943061,train
7773,1,0.1341519946312622,train
7774,0,0.2258412326172325,train
7775,0,0.7372688404824994,train
7777,1,0.3881035813524258,train
7779,1,0.428496431259329,train
7780,1,0.5040710406306321,train
7781,0,0.8728297091515803,train
7782,1,0.2096117073391804,train
7783,1,0.4827545053355099,val
7784,1,0.8887263285615271,train
7785,1,0.2179112777449323,val
7786,0,0.3031634227376755,train
7787,0,0.69622840107356,train
7789,0,0.450716004174175,train
7791,0,0.7208922936222073,train
7792,1,0.1548028352298833,train
7794,1,0.3898210084713357,val
7795,1,0.1467751397325445,val
7798,1,0.1249684814762093,train
7802,0,0.4701674493157008,train
7804,1,0.4317986335421392,train
7805,0,0.6928018476742761,train
7806,0,0.3654320891092099,test
7807,0,0.8477005998355347,train
7808,0,0.5382227333383724,train
7809,0,0.2278232662080792,train
7810,1,0.0943240426033477,train
7811,1,0.2041667792683319,train
7813,0,0.5209634216829595,train
7814,0,0.730263694617645,train
7815,1,0.1902628819368984,train
7817,1,0.2112657779695388,train
7819,1,0.6262896339363222,val
7820,0,0.4552035720080323,train
7821,1,0.5509594482100721,train
7823,1,0.3180118501120369,train
7825,1,0.6171491373752798,train
7828,1,0.0970545987145664,val
7829,1,0.571546501225024,train
7830,0,0.705440523843154,val
7831,1,0.187576904063494,val
7832,0,0.5466364532548529,train
7833,0,0.4230445679700698,test
7834,1,0.866136167022505,train
7836,0,0.5772351209795892,train
7837,1,0.3350693876601448,train
7838,1,0.3855854874161806,val
7839,0,0.7531886246963284,test
7840,1,0.4111418802591224,val
7841,0,0.5216237173813363,val
7844,1,0.1872539053978703,train
7846,0,0.2157283056335962,train
7847,0,0.4949978939795193,test
7849,1,0.4873318802999344,val
7850,0,0.6414651173832342,train
7851,0,0.2965414840269438,train
7853,1,0.5399242478521383,test
7854,0,0.1688515461718893,test
7855,1,0.4771678574370354,test
7856,1,0.528560474318582,train
7857,0,0.5526718717969135,train
7859,1,0.5258948347568109,train
7860,1,0.4463361919647665,train
7861,1,0.3206392664028423,train
7862,1,0.806836677447885,test
7863,0,0.1167637836019904,val
7864,0,0.4252865250680682,train
7865,0,0.3907527596673902,val
7867,0,0.5592791005995401,train
7868,1,0.4918713158945744,train
7869,1,0.2563740939314313,train
7870,0,0.5952756103253031,train
7872,0,0.7488084566154025,val
7873,0,0.6059669680098534,test
7874,1,0.4577549733532259,val
7876,0,0.337084804695562,train
7878,1,0.2098637940690483,train
7879,1,0.2839852060226325,val
7880,1,0.7629205712778211,test
7882,0,0.7180396560651943,train
7883,0,0.2917432951737084,train
7884,0,0.4643270687181431,train
7885,1,0.5028121933524485,train
7888,1,0.4732252845870968,train
7889,1,0.3312897161789248,train
7892,0,0.6249007645481621,train
7893,1,0.4293915772022488,train
7894,1,0.4685467376109372,train
7897,0,0.3813472204323094,val
7899,0,0.6437150676669079,train
7900,1,0.5690643288849142,test
7901,0,0.6784787221109772,train
7902,1,0.533532876497766,test
7904,1,0.2041548730972477,train
7905,0,0.1767313610423624,val
7906,1,0.0960738316762633,train
7907,1,0.2142295315938687,train
7909,0,0.2243455957506411,train
7910,0,0.4108281669759318,train
7915,1,0.3125275255851412,train
7916,0,0.653574679621207,train
7917,1,0.1291640449741232,train
7919,0,0.7794263681941661,test
7920,1,0.3668625201804411,train
7922,0,0.5148636770630386,test
7927,0,0.500441046841078,train
7928,0,0.736123867197956,train
7929,0,0.3742005895668939,val
7930,1,0.231580207074028,train
7932,1,0.3925245796153835,train
7934,0,0.4222856495245921,test
7935,1,0.0860442271020505,train
7936,0,0.6331413958140951,train
7938,1,0.3892641416718269,train
7939,0,0.5989284066711225,train
7941,1,0.1834103334509779,train
7942,0,0.8047768576147902,train
7943,0,0.223305186180811,train
7944,1,0.043890842562784,train
7945,0,0.2620065679401331,train
7946,1,0.3822166930721771,train
7947,1,0.0656452686912514,train
7948,0,0.6971453320850802,val
7950,0,0.4187688429798218,train
7951,0,0.433970467032828,train
7952,1,0.0851442299768535,train
7953,0,0.3773131702528973,train
7954,0,0.2304114306780882,test
7955,1,0.1298347889137336,train
7956,1,0.0417655389055424,train
7959,1,0.5541584574590834,train
7961,1,0.0824784528306136,test
7963,1,0.0972168843792313,train
7965,1,0.2552696765769064,train
7966,0,0.7379883356109428,train
7967,1,0.3142739663600358,val
7968,1,0.062477312800877,val
7969,0,0.6016930296220147,train
7970,0,0.2374993475364338,test
7971,1,0.2246330084681124,test
7972,0,0.7553628695148962,train
7973,1,0.138345190955599,train
7974,1,0.0436215524544778,train
7975,0,0.4052001097073291,test
7976,0,0.2947051818527124,train
7977,0,0.6853271067649933,train
7980,1,0.2942368505315406,train
7982,0,0.790537120638302,train
7983,0,0.6039879742820021,train
7984,1,0.2024407988467137,train
7985,0,0.6454913963219033,val
7987,1,0.484351918809224,val
7988,0,0.5196742133184262,train
7989,0,0.8210115702250395,train
7990,0,0.3253178036286772,train
7991,0,0.6276733465804787,val
7994,0,0.531069613697226,val
7997,1,0.1522971986393113,train
7999,0,0.5743052662686792,val
8000,1,0.1590070925122743,train
8004,1,0.5275876531284757,train
8005,1,0.5045595626520729,train
8007,1,0.1111664932886152,train
8009,1,0.2579149083668128,train
8011,1,0.514643775205841,train
8012,1,0.0958875724757286,train
8014,1,0.285943221647415,train
8015,0,0.4255739788049759,val
8016,0,0.6171234628814553,val
8017,0,0.7204961531905848,val
8018,0,0.5842102326486874,train
8019,0,0.375228005022385,train
8020,1,0.2545234272015042,train
8021,0,0.6749189082713216,train
8022,0,0.5601604427162438,train
8023,1,0.3141632480508128,train
8024,0,0.554088560923199,train
8025,1,0.0927661309126667,train
8029,0,0.5622591703550912,val
8030,0,0.3520595119882144,train
8033,1,0.3807926781709512,train
8034,1,0.2168215484881543,test
8035,1,0.3096306713794136,train
8036,1,0.0542175889255933,val
8037,1,0.1201313736676125,train
8041,1,0.295613646059264,test
8042,0,0.2901280846943073,val
8044,1,0.4318413883758779,train
8046,1,0.8044210249498824,train
8048,0,0.4927657631115046,train
8049,1,0.0439766018583063,train
8050,1,0.2524890461593414,test
8051,1,0.1803944773280902,train
8052,0,0.4718210156978267,train
8055,0,0.6820514781427909,val
8056,1,0.1334807278147879,train
8057,0,0.6826649229739084,train
8058,1,0.0496805349275696,train
8059,0,0.3481336116781218,train
8061,1,0.1239756412672818,val
8065,0,0.6058294062856915,train
8067,1,0.3037901541328833,train
8068,0,0.8092438716910805,train
8069,1,0.0788962250477753,train
8070,1,0.0933964483862489,train
8072,0,0.4762833192577589,train
8073,0,0.7410549539684947,train
8074,1,0.2813245987876143,test
8075,0,0.3175679973233793,test
8077,1,0.4339143064280274,train
8079,0,0.5922749380432745,train
8080,1,0.2580548180001719,train
8081,1,0.1263754211048348,train
8082,1,0.3752617061666023,train
8083,0,0.3703761539059229,train
8085,1,0.5888298843661304,train
8086,1,0.0686072100674285,test
8088,0,0.6611314965721138,train
8089,1,0.1839719166506259,test
8090,1,0.340867531980971,train
8094,1,0.1972060785694173,test
8095,1,0.0639404304456598,val
8097,0,0.3414416608405459,train
8098,1,0.6812917791075991,test
8099,1,0.1600108987638407,train
8101,1,0.2801253918392862,test
8102,0,0.7745198037671588,train
8104,1,0.127772415140999,val
8105,0,0.4457691918985955,train
8107,1,0.2409384640392059,test
8108,1,0.5317466444624729,train
8109,0,0.4071329117407909,train
8110,1,0.036190389529651,train
8111,1,0.004537071999819,train
8113,0,0.5519771398993298,train
8119,0,0.6945218193488689,train
8120,1,0.1623126485606498,train
8121,0,0.5523667209040826,train
8122,0,0.8586718926116017,train
8125,1,0.4841251930399237,val
8127,1,0.2667857134203706,train
8129,1,0.1463583471992804,train
8130,0,0.226585890775107,val
8131,0,0.5149186316300387,train
8132,1,0.3162340441703133,val
8133,0,0.8172578500119401,train
8135,1,0.3564131274991055,train
8136,1,0.4232376711399951,train
8139,1,0.2327475978507773,train
8140,0,0.6614128506696269,train
8141,1,0.4034081586869634,train
8145,1,0.5925101807676132,train
8147,1,0.5095341721454597,test
8148,1,0.4298926588568489,train
8149,1,0.0268418877120655,train
8151,1,0.7004434605943948,test
8152,1,0.1020825775094624,train
8154,0,0.2108459578788111,train
8156,1,0.1302981305967403,train
8157,1,0.2303112319870537,train
8158,1,0.4691278830003703,train
8160,1,0.3877620522968681,train
8161,1,0.4964902477990848,test
8162,1,0.1244945168101118,train
8164,0,0.6514835823800034,train
8165,0,0.5473376814507322,train
8167,1,0.3274955310447378,train
8168,0,0.8267828738371308,train
8170,1,0.303796771997092,train
8171,1,0.3616473810957128,test
8174,1,0.079610561379923,train
8175,1,0.2922598761694287,val
8177,1,0.3448000634471918,train
8178,1,0.1732780801039712,train
8180,0,0.488239836995107,test
8182,0,0.6795772596508227,train
8183,1,0.2610222555158441,train
8186,1,0.1867202671342158,train
8187,1,0.3209947147383181,train
8189,1,0.0667236697706035,val
8191,0,0.3883515579771562,train
8193,1,0.1980983103349304,train
8196,1,0.3378471363744768,train
8197,0,0.6366130738966943,train
8198,0,0.2896568481782265,test
8199,1,0.0646446511136323,test
8200,0,0.5822310257496202,train
8201,1,0.6822897712050093,train
8202,0,0.5866226300648858,val
8204,1,0.3632727394142928,test
8206,0,0.5904640849276688,train
8207,0,0.302790827468819,train
8209,1,0.3532719068343856,train
8212,1,0.1173452536744099,train
8213,0,0.4528157006967158,train
8215,0,0.8890325686097169,train
8216,1,0.4912520747015155,train
8217,1,0.3336738646390151,train
8219,0,0.4396868741360199,test
8220,0,0.8562617646160966,train
8223,0,0.3208622794857811,test
8224,0,0.4236520512830977,train
8225,1,0.3604991313348041,train
8226,1,0.1327811639018769,train
8227,1,0.2634338336720002,train
8228,0,0.6303414654416398,train
8229,0,0.4842146336045684,train
8230,1,0.420131195859478,train
8231,1,0.4739605264263365,train
8232,0,0.2589127574994319,train
8233,1,0.2405214192687902,train
8235,0,0.5508333887373777,test
8236,1,0.1050968146212145,train
8238,1,0.1920048886058398,train
8239,0,0.5959103185137933,test
8241,1,0.1650281665187352,val
8242,0,0.8182676047196586,train
8244,1,0.2032051954807507,train
8245,1,0.3661639109267424,train
8246,1,0.2001451196891663,train
8247,1,0.1308785142586638,train
8248,0,0.4394596421993352,train
8249,1,0.1747886877488509,train
8250,0,0.4868431525153947,test
8251,1,0.3570850027570152,train
8252,1,0.5369713930263585,val
8253,1,0.1047588925297625,val
8254,1,0.1212287076416411,val
8256,1,0.1842531501339155,train
8257,1,0.0806071040760838,train
8258,0,0.2814017496221758,train
8259,0,0.1984378832352257,train
8262,0,0.8997945753753496,test
8263,1,0.1733801296664899,test
8264,0,0.3112646785350369,train
8266,1,0.2398655670394451,train
8267,1,0.1464972632743941,train
8269,1,0.3825813048542617,train
8270,1,0.3442821325924728,train
8271,1,0.3465687495688808,train
8272,1,0.0636171453238964,test
8273,0,0.3546913100441834,train
8274,1,0.1286669064675696,test
8275,1,0.2570105230740469,test
8276,1,0.3413374118287013,train
8277,0,0.9078739971568544,train
8278,1,0.6441270110688802,test
8280,1,0.2702990301903977,train
8282,0,0.4585140329536046,train
8285,1,0.5015161895731466,val
8286,1,0.2666154474217987,train
8288,1,0.17679204546559,train
8291,0,0.3859707296816799,test
8293,1,0.3444320967498975,train
8294,0,0.274974576244381,train
8295,1,0.1347271270326604,train
8297,1,0.0459830241884899,test
8304,0,0.6998325802600196,test
8305,1,0.200219563114794,train
8306,0,0.5143984389194955,train
8308,1,0.1050849013299454,train
8310,1,0.1385510019700052,train
8312,0,0.5261254213786574,train
8313,1,0.1590089579970506,train
8314,0,0.905908390230014,val
8315,1,0.5674319778002159,train
8317,0,0.5073317540972512,val
8320,0,0.5332663741782351,train
8321,0,0.5003052508479814,val
8322,0,0.4048974073471668,train
8323,0,0.4083141521406602,train
8324,0,0.7025928560533687,train
8327,1,0.0191353724172683,train
8330,1,0.1707919923141797,train
8331,1,0.4868099784793537,train
8333,1,0.1286677751690034,train
8334,1,0.2899913461593514,train
8335,0,0.5850863435144528,train
8336,1,0.2848624438857661,train
8337,1,0.667149974635737,train
8338,1,0.0501219593844536,train
8340,0,0.5032689903683809,train
8343,0,0.3912940258611247,test
8346,0,0.2300162948345485,train
8347,1,0.1860784218394332,train
8348,0,0.6488234776840895,train
8349,1,0.13886781778285,train
8350,0,0.4093736194666709,train
8351,1,0.0898717468405727,train
8352,1,0.2099670267515831,train
8353,1,0.0740642426497708,train
8355,0,0.8718687622196453,train
8357,1,0.1651946236682936,train
8359,0,0.2643317146925102,test
8360,1,0.0548216937678838,train
8361,0,0.4306000095644092,train
8366,1,0.3187708628855824,train
8367,1,0.2787151900158512,train
8368,0,0.7346372729380135,train
8370,0,0.3737331633115222,train
8371,1,0.1959117327977859,test
8372,1,0.0520320955753494,train
8373,0,0.6670620479480249,train
8374,1,0.4930954511867699,train
8375,1,0.1805662673672365,train
8377,1,0.1287312230925245,train
8378,1,0.1749630383747208,test
8379,1,0.2184760340512845,train
8381,1,0.5671248640234721,test
8382,1,0.2030818092669853,train
8384,0,0.2126618413146546,val
8386,1,0.4033076713005149,train
8387,0,0.3070566149912221,train
8391,1,0.1875044385504092,train
8393,1,0.0163361698743421,train
8398,1,0.3595403261454638,train
8400,1,0.2154040339136465,train
8402,1,0.2224586743370715,val
8403,1,0.0598512613513815,train
8404,1,0.076921496392324,train
8405,1,0.2183730374605955,train
8406,1,0.3497480655395383,train
8410,1,0.4126594351415833,train
8411,1,0.1169969487635254,train
8412,0,0.3721826111075049,train
8413,1,0.0868204714176147,train
8414,1,0.2021313866370563,val
8415,0,0.9999551505486438,train
8416,0,0.7520518655717685,train
8419,1,0.2311396767985434,train
8420,1,0.0396933099755369,train
8421,0,0.8117908049947417,train
8422,0,0.6848209031638095,test
8427,0,0.4669718309413592,train
8428,1,0.5632861105104321,train
8430,1,0.2149014918222783,test
8432,0,0.5336548984981921,train
8434,1,0.3069224545987148,train
8436,1,0.0189982282707124,val
8437,1,0.0237491943820712,train
8439,0,0.2370840378407711,test
8441,0,0.6339359866055453,val
8442,0,0.7853968257848296,train
8443,1,0.2745173836340969,val
8444,1,0.385435996802739,test
8445,1,0.045353176822608,train
8446,0,0.5269736556657494,train
8448,0,0.7812807873308497,train
8449,0,0.4517415989539984,train
8450,1,0.3930088224730852,test
8451,0,0.7571696560630051,train
8452,1,0.6219490657775208,train
8454,1,0.2654391580568742,train
8455,0,0.576571815325019,train
8456,1,0.259236095708923,train
8461,1,0.2402775137992042,train
8462,1,0.0816638125973563,test
8463,1,0.0707622537144968,train
8465,1,0.1159720761873397,train
8468,0,0.8724665561456877,train
8470,1,0.3118862771526114,train
8471,1,0.1258956137112586,train
8472,0,0.4577603681287355,train
8473,1,0.2300415309417781,train
8474,0,0.5174091312104017,val
8475,1,0.2906271154277136,train
8478,1,0.1707988214259457,val
8479,1,0.2577946036302888,test
8481,0,0.4765876239387959,val
8482,1,0.2916768750925949,train
8483,1,0.2773166507037693,train
8484,0,0.3868872572460131,val
8487,0,0.4729837066914419,train
8488,0,0.4284640067127638,train
8490,1,0.0429435652117011,train
8491,1,0.1314464404345539,val
8492,0,0.7997732685212964,train
8494,1,0.4190474660774305,train
8495,1,0.5165115685407877,train
8496,1,0.2377634095254177,train
8498,1,0.4238417887597204,train
8499,0,0.5646962999520208,train
8500,0,0.4523693767676555,test
8501,0,0.0952674300082128,val
8502,1,0.4213061170864234,train
8504,0,0.2685071317844451,val
8505,1,0.1337590813562601,train
8507,0,0.7596911004182174,train
8509,1,0.5555012678369794,train
8510,0,0.468726274736119,train
8511,1,0.135457496437703,train
8512,1,0.2759889167111556,train
8513,1,0.2444059533642995,train
8514,1,0.2074535615508722,test
8517,1,0.286041917593817,train
8518,1,0.2285811980481386,train
8519,1,0.4724319011473239,train
8520,0,0.4889720585949946,val
8521,0,0.2168926260274224,test
8522,0,0.8291540412353378,test
8524,0,0.418491316133172,train
8525,1,0.1421218766661242,test
8526,1,0.3016336074897845,test
8527,1,0.5895753013646583,train
8528,0,0.6522876915603603,val
8531,0,0.5821687373212582,test
8532,0,0.8694818798655588,test
8533,1,0.1608291860680879,train
8534,1,0.469585272449596,test
8535,1,0.5610307915606096,val
8536,1,0.3664833130074729,test
8537,1,0.5500518657368656,train
8538,1,0.2892993142589,val
8539,1,0.2435310054703541,train
8540,1,0.0419557206207463,train
8542,0,0.3974358772696093,train
8543,1,0.1240823202221169,test
8544,1,0.1443127979855821,train
8545,1,0.3003319600159757,train
8546,1,0.5689498224667384,train
8549,0,0.6978315073515476,train
8550,1,0.1275174010702308,train
8552,1,0.2809605890012032,train
8554,0,0.4232208199397663,val
8557,0,0.4072268682941372,val
8559,1,0.3818316155409207,train
8561,1,0.1842520726899764,train
8564,1,0.1184318246595016,train
8565,1,0.3092727607327571,val
8566,1,0.5624957770033789,train
8567,0,0.8655382726613072,train
8569,0,0.7595895522565763,train
8574,1,0.4100088844457761,val
8575,0,0.8454176408838396,val
8576,0,0.2015747181781557,val
8578,0,0.6880113106524572,train
8580,1,0.4297469829136944,val
8581,1,0.1613377602067305,test
8582,1,0.2273459731675692,train
8583,1,0.1189541966246745,test
8585,1,0.1663033056666363,train
8586,0,0.5569114904940564,val
8588,1,0.3020634327503747,train
8589,1,0.453031827942261,train
8591,1,0.3106350769428306,train
8592,1,0.4936475090393856,train
8593,0,0.5659078433219449,test
8594,0,0.5788934465708795,test
8595,1,0.1330780490712679,train
8598,0,0.396535414772371,train
8600,1,0.3210935186090617,train
8601,1,0.1992727750623887,train
8602,1,0.4164937861392231,val
8603,1,0.1661791628854011,train
8604,1,0.3310740092547616,val
8606,0,0.6950131039409204,test
8609,1,0.3787265146389774,val
8610,1,0.3912608742431388,train
8612,0,0.9109940204047596,train
8613,0,0.2874342006713768,train
8614,1,0.1269538534010467,train
8615,0,0.4981496481671696,train
8618,1,0.0291046762989319,train
8619,0,0.6561813424349762,train
8620,1,0.0545867111932123,train
8621,1,0.6194733827450685,train
8623,0,0.7075952565999494,train
8624,0,0.5634210153309491,train
8626,1,0.3322373640915567,val
8627,1,0.1653530211338298,train
8628,0,0.8952360288944022,train
8630,1,0.3385710118864745,test
8631,1,0.319092113406362,val
8632,1,0.3272077725892742,train
8633,1,0.183685646363903,train
8634,0,0.6995860863615937,train
8636,1,0.2616197629043821,val
8637,1,0.77465217976476,val
8639,0,0.4189974346332309,train
8640,1,0.1503952422906675,train
8642,1,0.0641947800024185,test
8643,1,0.2084698693259264,test
8644,0,0.8552295296616533,train
8645,0,0.7333033547723147,train
8646,0,0.5593670218556093,val
8649,0,0.7066709955403344,test
8650,1,0.4918052783290035,train
8652,0,0.3632568084802492,train
8656,1,0.2771343333294356,train
8657,1,0.2604199842592267,train
8658,0,0.5574250298735233,train
8660,0,0.5767715996601142,train
8661,1,0.0359297696157723,train
8662,1,0.2067189479695201,val
8663,1,0.4152011327684632,train
8664,1,0.0072270304183749,train
8665,0,0.721298613370463,test
8667,1,0.1846779047760706,val
8668,1,0.2595574597261755,train
8670,1,0.2397317208756919,train
8671,0,0.3751992903858968,train
8672,0,0.2543347513484095,train
8673,1,0.2450216509254849,val
8674,1,0.1945227882565718,train
8676,1,0.4316849713770587,train
8678,1,0.171051657843883,train
8681,1,0.3481106198575604,train
8684,0,0.673704332955755,train
8685,1,0.1002810465589776,train
8686,0,0.3318851596489138,train
8687,1,0.2787573503716518,val
8689,0,0.7409209764094828,train
8690,1,0.2213660873589982,train
8691,1,0.4015343117687024,val
8692,1,0.4641795346884598,val
8693,1,0.0433172273092269,train
8696,1,0.2406581018314567,train
8697,1,0.197368566247869,val
8701,1,0.6166692648991319,val
8702,1,0.1838128379937292,train
8703,1,0.093287761529897,test
8705,1,0.4735750974720456,val
8706,1,0.3721487910423899,train
8707,0,0.4149055289938298,train
8708,1,0.244642021551888,val
8710,1,0.6130376342798632,train
8711,0,0.6690371527212893,train
8713,0,0.8522525561430047,train
8714,0,0.4389823364498637,test
8715,1,0.2884792813912098,test
8718,1,0.3087325977761936,train
8719,1,0.0672737317987924,train
8720,0,0.3954349814281851,val
8722,1,0.2200799169556713,test
8723,0,0.5380661815371672,train
8724,0,0.5358247853116294,train
8727,1,0.2904855305711844,train
8729,1,0.0873494496745713,val
8732,0,0.6994990173698742,val
8735,1,0.297409926756582,train
8736,1,0.1552839579916829,train
8737,1,0.5808964716278724,train
8738,1,0.3263080471545442,train
8739,1,0.0641177616788878,train
8740,1,0.1697538307561826,train
8741,0,0.5940563245751569,train
8743,0,0.7838766421616689,test
8744,1,0.3067143673621653,train
8745,0,0.7117087705510794,val
8747,1,0.341243676517085,train
8750,1,0.0458325323827643,test
8751,1,0.2245932724199525,train
8752,1,0.1117148780600432,test
8753,1,0.4696118194733245,val
8756,0,0.4705330536313197,train
8757,0,0.4147860022016006,val
8758,1,0.3744870354615814,train
8759,1,0.2879283186114918,train
8760,0,0.8836076941162643,train
8763,1,0.2710164857066671,val
8764,1,0.1125297461151803,train
8765,0,0.5862761144531591,train
8766,1,0.4150808521401178,train
8768,1,0.4746165229756599,test
8769,0,0.2564181122509007,val
8770,1,0.0868519359643031,train
8771,1,0.3825864572377819,train
8773,1,0.0363583678529682,train
8776,1,0.3706217575448821,train
8778,1,0.1252422717559655,train
8779,0,0.5220481851880112,test
8780,1,0.7922457928861206,train
8781,1,0.306998548081972,test
8782,1,0.1789300628687433,val
8783,0,0.152650865969509,test
8784,1,0.2048057392413937,train
8785,1,0.8610495038551809,val
8786,0,0.5360353886896713,test
8787,0,0.4818094850825252,train
8788,0,0.1122607915461985,val
8789,1,0.0611334452322965,train
8790,1,0.016911293005455,train
8791,0,0.4436822802003526,train
8794,0,0.3752551393358484,train
8795,1,0.058364560590845,train
8796,1,0.3249938136479945,train
8797,1,0.1268757827409805,train
8798,0,0.4396754322871922,val
8799,1,0.073870660836118,train
8800,1,0.0572801520236616,val
8801,1,0.1097711681755785,train
8803,1,0.4119209477554015,train
8805,1,0.3408916493511739,train
8812,1,0.3125017799395888,train
8813,1,0.1247719905118462,train
8814,1,0.3359279461747738,train
8815,0,0.5505645402769943,val
8817,1,0.4932814779561831,train
8819,1,0.4416817180170405,train
8820,1,0.1141226163446778,test
8822,0,0.2943567766874229,test
8824,1,0.357523842748585,train
8825,1,0.1879986204539414,train
8826,0,0.2523838982234179,test
8828,1,0.1105894125989794,val
8829,1,0.6620531514893693,val
8831,1,0.3044489773333908,test
8832,0,0.4391922821920176,val
8833,1,0.042640979887216,test
8834,1,0.6413060170665823,train
8835,1,0.1804804899888112,train
8836,0,0.4708173441265957,test
8837,0,0.2645899882993007,train
8838,1,0.1826236686748188,train
8840,0,0.6261703418134299,train
8842,1,0.2133191530843702,val
8843,1,0.2468963191880451,train
8844,0,0.6308884987752619,test
8846,0,0.5892404366672708,test
8847,0,0.8394700006680551,test
8848,0,0.4120639275925393,train
8849,0,0.7172659352131782,test
8851,0,0.331712586450408,train
8853,0,0.8350141072702673,val
8855,1,0.3706157008130624,train
8856,0,0.2724554995019639,test
8858,0,0.2490630766277572,val
8862,0,0.6365283703979714,train
8863,0,0.322369411975474,test
8864,0,0.3609683627825908,test
8865,0,0.5800629990399615,train
8866,0,0.2581605613608528,train
8867,0,0.4666675509345679,train
8868,0,0.6778417145098363,train
8870,1,0.2826559080290349,train
8874,1,0.1505695226717652,test
8876,1,0.029954743937791,train
8877,1,0.472873959919973,val
8878,0,0.5873859948984126,val
8881,1,0.4389495379012142,train
8882,1,0.2235951930050452,val
8883,1,0.2491868107312675,test
8884,1,0.3613940972309478,train
8886,0,0.7806472658584769,val
8887,1,0.2308282908466653,train
8888,1,0.2399546038084071,train
8889,1,0.5072626097576161,train
8890,1,0.2116926096501085,train
8891,1,0.0948399940999679,train
8892,1,0.1263756640831324,val
8894,0,0.7121590867875998,train
8896,1,0.4271226301867814,test
8897,0,0.5861657095501727,train
8898,0,0.2870899175481034,test
8899,0,0.1894144493975108,val
8900,0,0.4940447009627424,test
8901,1,0.4578090886054744,val
8904,1,0.1807250380307772,train
8905,1,0.1635270607611907,train
8906,0,0.5332595813756777,train
8908,1,0.5732109830710568,val
8913,1,0.2258552211987424,train
8914,1,0.1287391774343439,train
8915,1,0.1025900036861151,train
8916,0,0.5173235639159466,train
8919,0,0.667794263622379,test
8920,1,0.3238172335907096,train
8921,0,0.2371347149821359,train
8922,1,0.0783952884441748,test
8924,1,0.1380245158151746,train
8928,0,0.3774530322548283,val
8929,1,0.1444091561691538,train
8930,1,0.1040249925541821,train
8931,1,0.1323209458619247,train
8932,0,0.1431822548400463,test
8933,1,0.052198648112026,test
8934,0,0.791275829196054,train
8936,0,0.477231980269298,val
8939,0,0.4740001327092262,train
8940,0,0.1245644894713703,train
8943,1,0.1333407942642583,train
8944,1,0.2202057101016867,train
8945,1,0.1519420761170405,train
8946,1,0.2407869870466153,train
8948,1,0.3054511184950513,test
8950,1,0.0587215066537406,train
8951,1,0.1972516281648677,test
8952,1,0.3973535418793388,test
8953,0,0.5729819743112257,train
8955,0,0.3330716878479119,train
8958,0,0.513039722660295,test
8959,1,0.0973882814326778,test
8964,1,0.6277163050138644,test
8965,0,0.3044049247219632,train
8966,1,0.8676194146721995,train
8967,0,0.6657423758417987,train
8969,1,0.66952825162204,train
8970,1,0.0780167477278745,test
8973,1,0.1863797917641197,train
8974,0,0.4442693037315913,train
8976,0,0.5817766926570678,train
8977,0,0.7145005956522037,train
8978,1,0.2748917219809672,train
8979,1,0.230417494033906,train
8980,1,0.1082962469278444,test
8981,1,0.1225531653576214,train
8984,1,0.2112709617405606,train
8987,0,0.4127851464439303,train
8988,1,0.2529992887806606,train
8991,1,0.0894313371338911,val
8992,1,0.0642030413025758,train
8994,1,0.1996912734801996,train
8995,1,0.2692421708842069,train
8996,1,0.1102975926984254,train
8997,1,0.0571695010648127,test
8998,1,0.6349886465721664,train
9000,1,0.2089890268085472,test
9001,1,0.0789231024086527,val
9002,1,0.0575684312060791,train
9004,1,0.081461622310699,train
9005,1,0.4763644056656007,test
9006,1,0.0670695862458734,train
9007,0,0.4505667039917835,train
9009,1,0.1627469073900437,train
9010,1,0.3426281495887594,train
9012,1,0.7423579295450402,test
9013,0,0.7613010848114186,train
9014,0,0.5446917967472867,train
9015,1,0.376001284002303,train
9016,1,0.572565750426567,train
9017,0,0.8115497146632633,train
9018,1,0.2909320677952691,train
9019,1,0.3078584364128314,train
9021,0,0.364644505791556,train
9025,0,0.3216682033516479,train
9026,0,0.3206435813964742,train
9027,0,0.4959889504494065,train
9029,0,0.5514210907413755,train
9030,1,0.136169181729039,test
9031,1,0.2063030648502228,val
9032,0,0.803872195542606,val
9033,1,0.7045349561329831,train
9034,0,0.5750180464699696,val
9036,1,0.4372641750634345,train
9037,0,0.5825933563154289,train
9038,1,0.0767100908076244,train
9039,0,0.2433127537530849,val
9040,0,0.5744651499066723,val
9041,0,0.4498430485205886,train
9042,1,0.065387557624193,train
9043,0,0.591852944275287,train
9046,1,0.4296107910616228,test
9047,0,0.4852827426268685,train
9048,1,0.4880142171148238,val
9049,1,0.1312106462064719,train
9050,1,0.3718927360065457,train
9051,1,0.2498743267538119,val
9052,1,0.1810592797754038,train
9055,1,0.1095351655549787,train
9056,0,0.613336278952797,test
9058,1,0.251447135638905,val
9060,0,0.8843785637715686,train
9061,1,0.2189176848123207,train
9062,1,0.5902971837519212,val
9063,0,0.6225001025144641,train
9064,1,0.4914797937694694,train
9065,1,0.1862913130269506,train
9066,1,0.1354827977132754,train
9067,0,0.6849740880513508,val
9068,1,0.4827561911584693,train
9071,1,0.1952669043961501,train
9072,1,0.1976946151954492,test
9073,0,0.7698835535895503,train
9074,1,0.2138421979618768,train
9076,1,0.2989837291669919,train
9077,1,0.4354519724474964,train
9078,1,0.1970012684950602,val
9080,1,0.0796573240591921,train
9084,0,0.383635845535633,train
9085,1,0.2452166737615873,train
9086,1,0.171644558867185,train
9087,1,0.4187836611798277,train
9088,1,0.10778249511575,train
9091,1,0.2915848649753992,train
9093,1,0.378453273988665,test
9094,0,0.7098616341522677,train
9095,1,0.1428979840262795,val
9098,0,0.3665817759231057,test
9099,0,0.5364753409190737,train
9100,0,0.7976009840594174,val
9101,1,0.5372476584478945,train
9102,1,0.2729587566094718,train
9104,1,0.0329476034541531,train
9105,1,0.3509957903496687,train
9107,1,0.0726994513242803,val
9109,0,0.5772220505158387,train
9110,0,0.3562410652622865,train
9111,0,0.6923403823039191,test
9112,0,0.6289109726420474,train
9113,1,0.2281357221089498,train
9115,1,0.1205864248039796,train
9116,1,0.0605742411671959,train
9117,1,0.2157248410664922,train
9118,1,0.2266539124355043,test
9119,1,0.0223738673399438,train
9123,1,0.1488321603973899,train
9124,1,0.3550206166915186,train
9128,0,0.7795837760741964,train
9129,1,0.0371300607685363,train
9130,0,0.5657202587046739,test
9131,1,0.0543197906313444,test
9132,1,0.1683452323654779,train
9133,1,0.6792984327917463,train
9135,0,0.58856457001159,val
9136,0,0.3050450905513506,train
9138,0,0.6378103898364292,train
9142,0,0.7528888565455369,train
9143,1,0.2806818599250689,train
9144,1,0.5317461330464843,train
9150,1,0.5876357599814201,train
9151,0,0.6879076360717371,train
9152,0,0.7113987050437436,val
9155,0,0.6602264427907742,train
9157,1,0.4039114138814446,train
9158,0,0.5490144559496895,test
9160,1,0.371480814023685,val
9162,1,0.1364786109322149,train
9164,1,0.268015393760976,train
9165,1,0.2185008910775805,train
9167,1,0.4648155987111045,val
9168,0,0.6531763665672928,train
9170,1,0.2106983269692669,train
9172,0,0.58609861838259,train
9173,1,0.3674017311388732,test
9177,1,0.7681264128574932,val
9180,0,0.8534625059770612,val
9181,1,0.3484132646298215,train
9183,1,0.3944352620433282,train
9184,0,0.2495003015667251,train
9185,0,0.7002617091782106,test
9186,1,0.7099107786833592,train
9189,1,0.6404204926132449,test
9191,0,0.6179651518771402,train
9194,1,0.1300458943018776,train
9196,0,0.57117876641204,val
9197,0,0.4744771987989502,train
9198,1,0.1409648332420896,train
9199,1,0.7051612155294875,val
9201,0,0.761624446324679,train
9203,0,0.6039967887495831,train
9209,0,0.2887500567421995,test
9210,1,0.0671162745952669,val
9212,1,0.5089078140379353,val
9213,1,0.2073613849371943,train
9216,1,0.5272631673445434,train
9217,1,0.5490052534081196,test
9219,1,0.1449071485905192,val
9221,1,0.0765597804697435,train
9222,1,0.6715764520799778,val
9223,0,0.7647176898099685,train
9225,0,0.8852831906835148,train
9226,1,0.3900994556849142,val
9227,1,0.0790154424551677,val
9229,0,0.8736424906631873,test
9230,1,0.2326313101644158,train
9231,1,0.1629327048954555,val
9232,0,0.5370360491703132,test
9233,0,0.7587137847240946,val
9236,0,0.9860200046416552,train
9237,1,0.2879321009788986,test
9238,1,0.3671162130870453,train
9239,1,0.1394423054645097,val
9240,1,0.4259968492267956,test
9241,1,0.1756721781695527,val
9242,1,0.2434228075404602,train
9244,1,0.2798559546579617,test
9246,1,0.5107928370010066,test
9247,1,0.5587863438428069,train
9248,1,0.2265283101302171,train
9250,1,0.3335325009740637,train
9252,0,0.1158773659120039,train
9253,1,0.0358260511926828,train
9254,0,0.5414994691936328,train
9258,1,0.2621469228654418,train
9259,1,0.6014919320476001,train
9260,0,0.7073485569143106,val
9261,1,0.352750347169684,test
9262,1,0.0881083223888035,train
9266,0,0.5554315272772505,train
9268,0,0.7751681047950343,test
9269,0,0.3712329417728763,train
9270,1,0.4074118049174786,train
9273,1,0.4245338338331724,train
9274,0,0.641411509896787,val
9276,0,0.8557739490507236,test
9277,1,0.3737883595593034,train
9279,1,0.2187100041110951,train
9281,1,0.2922583383303425,test
9282,0,0.8961191442248784,val
9283,1,0.1794395481762982,train
9285,0,0.2383793189097695,train
9286,1,0.1224863828039706,train
9288,1,0.2898779957798199,test
9290,0,0.7021493220891,train
9291,1,0.1503097400848928,test
9292,1,0.400508960503976,train
9293,0,0.3876144916601887,val
9297,1,0.1067947656910247,train
9298,0,0.7955979227365819,train
9299,1,0.2046585755256438,train
9300,1,0.2836765514905742,train
9301,1,0.184377424263782,test
9302,1,0.5855256549787375,train
9303,0,0.5817132093290802,train
9304,0,0.6699468113353642,train
9306,1,0.3546302226892446,train
9309,1,0.1478903786971538,train
9310,0,0.3930544247863543,test
9313,1,0.2573844879669811,train
9315,0,0.0985424560364511,train
9317,1,0.2537638630827431,train
9319,1,0.2639674079399275,train
9322,0,0.896384308770893,train
9323,1,0.108033885836402,val
9324,0,0.239845865169,train
9325,0,0.6221440068983572,train
9326,0,0.8520801435107345,train
9327,1,0.3687320754791569,train
9328,1,0.4385450477725443,train
9330,1,0.3442216244356543,val
9333,0,0.2679338876137471,test
9335,1,0.3255072239230849,train
9339,0,0.437213972547363,train
9340,1,0.0684613814273682,train
9342,1,0.1159567391519084,train
9343,0,0.5525235006181459,train
9344,1,0.1448603753974594,val
9345,0,0.5163533026965719,train
9346,1,0.3525095390330461,train
9348,1,0.1998931576572347,train
9349,0,0.2516852450260373,train
9350,1,0.071524645480704,train
9351,1,0.1084093812528124,val
9359,0,0.5701904043092165,val
9361,0,0.7108076036348693,train
9362,1,0.0730283613494245,train
9367,1,0.0581177339025607,train
9368,1,0.2571756902671172,train
9369,1,0.3038257877781097,val
9373,0,0.8069793115654044,train
9374,1,0.2885640132531147,train
9376,1,0.3701509287096571,val
9377,0,0.734567211984972,train
9380,1,0.7124184134195631,test
9382,0,0.3551500050627535,train
9383,1,0.24864165112696,test
9385,1,0.1381093313718961,train
9388,1,0.1935733450355896,train
9389,1,0.7163777822703876,val
9390,1,0.3980012105638409,train
9392,1,0.1037238168258891,train
9393,0,0.5023361321194673,train
9394,0,0.3278412715011117,train
9395,0,0.8546067327345979,train
9396,1,0.3230163791099458,val
9397,1,0.1172093056722097,train
9398,0,0.4737060149326422,test
9399,1,0.3868646011868435,train
9400,0,0.6341207920749612,train
9401,0,0.3774661853483099,val
9402,1,0.0702130776085834,train
9406,1,0.3131196583144748,train
9408,1,0.1058382799284282,train
9409,1,0.2879540911753429,train
9410,1,0.3218839307282217,train
9413,1,0.3434465591930357,test
9415,0,0.3526319576670076,train
9416,1,0.3794416719291564,train
9417,1,0.3604275882240126,train
9418,1,0.2912027432354562,test
9421,1,0.2697628222798732,train
9424,1,0.5289162056569219,test
9425,1,0.5596006632283083,train
9426,1,0.2610271674292561,train
9429,1,0.0510216451425643,train
9430,1,0.0678610018167739,test
9431,1,0.5380289676289634,train
9432,0,0.4328740806306808,test
9433,0,0.6754234367955865,test
9435,0,0.5916453659139246,train
9436,0,0.2560641090637896,train
9437,1,0.4247747999220898,train
9438,1,0.3071685752271105,val
9441,0,0.2750268612183555,train
9442,1,0.2024926818536168,train
9443,0,0.7510949617568227,train
9444,1,0.2560413611906788,train
9446,1,0.4469219371080509,train
9447,0,0.6921888564946607,test
9449,1,0.207955145664512,train
9450,0,0.275527760256078,train
9451,1,0.4730961140719725,train
9452,1,0.2108996431039529,train
9453,1,0.0987095551050527,test
9455,0,0.6258891780482417,test
9456,1,0.228725950683859,test
9457,0,0.67313580254402,train
9459,1,0.187062375166665,train
9461,1,0.1098050181843376,train
9465,1,0.6417915268883723,train
9470,1,0.2166027585740199,train
9472,1,0.3370793153816404,train
9473,1,0.1930806058995124,val
9474,1,0.31098445397723,train
9475,1,0.3069660899806535,val
9476,1,0.7564018357424376,val
9478,1,0.2148736524083064,test
9479,1,0.121031680634336,test
9480,0,0.4452617399513577,train
9481,1,0.4857453531510881,train
9485,1,0.2363284789898547,train
9491,0,0.2946998244389537,test
9493,1,0.175680435869548,train
9494,1,0.2788690962609772,train
9495,1,0.1471954883639661,test
9496,0,0.3882487624011904,test
9497,1,0.1504572310183438,train
9498,1,0.24352220594462,train
9499,1,0.1960409207976372,test
9501,1,0.4909764525467112,test
9502,1,0.0336126486201527,train
9503,1,0.6395421620490824,test
9504,1,0.1027090441362427,test
9506,0,0.3502762016624127,test
9507,0,0.6306197132942455,train
9509,1,0.3034773649776169,train
9511,1,0.1068222436665363,train
9512,1,0.2530962918980202,train
9515,1,0.2696936428628649,train
9516,0,0.8232136926344595,train
9517,1,0.1132573281831748,train
9519,1,0.055905157012799,train
9520,1,0.2320199352936279,train
9522,1,0.0596442642155334,train
9523,1,0.3632225625390726,val
9525,1,0.2713397988815619,train
9526,0,0.3846777011710083,train
9530,0,0.5231945377191174,train
9531,0,0.5594283824862931,train
9532,1,0.4954815249482621,train
9533,1,0.1363567731146499,train
9535,0,0.8087912199572937,train
9536,0,0.6090077034617261,val
9537,1,0.3196067995871218,train
9540,0,0.5943445138418038,train
9542,0,0.6076475445887917,test
9543,0,0.4454587972756569,train
9545,1,0.1337407163017175,test
9546,1,0.2993943077491882,test
9547,1,0.2275900129029948,train
9548,1,0.6987178011548554,train
9549,1,0.3677444876110357,train
9553,1,0.4048044248933871,train
9556,1,0.3082745108331006,train
9559,1,0.2880281749056426,train
9561,0,0.7427780143686917,train
9564,0,0.8315206468495397,train
9565,1,0.0929197740902857,val
9568,1,0.1187651456640257,test
9571,1,0.3070751842698599,train
9573,1,0.0257187680347041,train
9577,0,0.7906050110900971,train
9578,1,0.4310323396123152,train
9588,1,0.1531377413264243,train
9589,1,0.7486266231603471,test
9590,0,0.5105541816985572,test
9592,1,0.5052079645676102,train
9595,1,0.6670341109271507,train
9597,1,0.3290368190252138,test
9598,0,0.6670990709525935,train
9599,1,0.0516337593830474,train
9600,1,0.6355791566944881,train
9603,1,0.5205362752925033,val
9604,0,0.7174031246512902,train
9607,1,0.2294912015661752,val
9608,1,0.2336022547925542,test
9609,1,0.2792532654717967,train
9610,1,0.3254556630849229,val
9611,0,0.5307664957055942,train
9612,0,0.5174634068228854,train
9613,1,0.1194147890090571,train
9617,1,0.161627408205908,train
9619,1,0.1023800780538718,train
9620,0,0.6059202481258394,train
9621,1,0.0547642850666136,train
9622,0,0.85247560253508,train
9627,1,0.461617094535162,test
9630,0,0.357051830565664,train
9631,1,0.1608452849183489,val
9632,1,0.3431718682745724,train
9633,1,0.0950632974401081,train
9634,1,0.1868103573403747,train
9637,1,0.192401717345346,train
9639,1,0.3669264234535643,test
9640,0,0.2385587107055328,train
9642,1,0.6453039306769001,val
9643,1,0.5006043765474979,val
9647,1,0.2345308622903298,train
9649,0,0.8342875680671755,train
9650,1,0.2260887658887457,test
9652,1,0.3795567451254532,train
9653,1,0.1781803605210399,train
9654,1,0.3610515172790568,train
9656,1,0.1461405439948013,train
9658,1,0.665254110779945,train
9659,1,0.0827100062920561,train
9661,1,0.2020555280485788,train
9663,1,0.5300170098794166,train
9665,0,0.4919531098481777,train
9667,0,0.5677899055014719,train
9668,1,0.054492643003545,test
9669,1,0.1841907112424629,train
9670,1,0.0601959738174385,train
9673,0,0.5304001607203617,train
9674,1,0.5628172334211975,val
9677,1,0.3739648435064578,test
9679,1,0.5449580273273507,train
9681,0,0.7997722550488844,train
9682,1,0.3342958164762089,train
9684,1,0.3793281282097092,train
9685,1,0.6738976938565269,train
9687,0,0.4179782644054369,train
9688,1,0.1260129653688286,train
9689,0,0.8888185102350216,test
9690,0,0.1662726765944155,train
9693,1,0.3719909122004073,test
9695,0,0.4607141455782989,train
9699,0,0.1393928674908479,test
9702,1,0.0510781786290803,train
9705,0,0.9066682979773988,train
9706,1,0.1887197118308174,train
9707,1,0.0311081217846141,val
9709,0,0.5939689630108695,train
9710,1,0.1155651673772976,train
9711,0,0.4722564515311785,train
9712,1,0.1309129934624954,train
9714,1,0.0919210898431996,train
9715,1,0.8285061025994384,test
9716,1,0.5868498385403911,val
9718,1,0.1612104678353016,train
9719,1,0.312211220865792,train
9720,0,0.1813590585882363,test
9721,0,0.5958475661898769,train
9723,1,0.480578297930945,train
9725,0,0.6544085222940883,test
9727,1,0.2889988899710791,val
9729,0,0.4215093734044224,train
9732,1,0.2328491458834323,train
9733,0,0.3465761551769358,train
9734,0,0.820529065371691,train
9735,0,0.4141329988737857,train
9738,1,0.2861742348891757,train
9739,0,0.8088275232413268,train
9741,1,0.1678992328901657,val
9744,0,0.6251239209057162,train
9749,1,0.6047932203598703,test
9750,1,0.403539698342399,train
9751,1,0.3789848336814937,val
9755,1,0.0686239197623804,val
9757,0,0.6552153554986981,train
9759,0,0.6518226488190139,train
9760,1,0.4803553241015138,train
9761,1,0.3719224823229868,train
9763,1,0.4913517945137066,train
9764,1,0.2665928649955482,val
9765,1,0.2377566377260439,train
9766,0,0.3855665112601246,train
9767,0,0.301474224716859,test
9768,1,0.434978338315711,train
9769,1,0.6659406737413449,train
9770,0,0.8947398294693658,train
9772,1,0.2808706919186017,train
9773,0,0.4944435667222624,test
9777,0,0.7512637043687255,train
9778,0,0.5820153057768811,train
9779,1,0.3951331111924433,train
9780,0,0.119393651160259,train
9781,1,0.1811460901861555,test
9782,1,0.6380467019520384,train
9786,1,0.0273585729380032,train
9787,1,0.0561544546515823,train
9793,1,0.2001193144691568,train
9794,0,0.989484136266004,train
9795,1,0.4622124033137322,test
9796,0,0.6891699506732445,train
9798,1,0.3182625436930829,test
9799,0,0.521058172012149,val
9801,1,0.1366827043167469,test
9802,1,0.3621027827152292,train
9803,1,0.0373126320480243,train
9805,1,0.1500041172955069,train
9806,1,0.2478565541529142,train
9807,1,0.0381207505963144,train
9808,0,0.3113934005319252,test
9809,1,0.5653246464223954,train
9811,1,0.7184390766291675,train
9813,1,0.2093910636947632,train
9814,0,0.5990259455521743,train
9815,1,0.360576839914358,train
9816,0,0.4546707535680927,train
9818,1,0.3069215882450825,train
9819,0,0.2130994526627184,test
9821,1,0.0871995927926176,train
9822,1,0.411862960687817,test
9823,0,0.6128290710240766,train
9826,1,0.072039925162984,test
9827,0,0.6332237437751309,train
9828,1,0.0256829915920233,train
9829,0,0.6115426836338396,train
9830,1,0.4046545307613778,val
9831,1,0.4063580168226832,val
9836,1,0.3545099374730871,train
9840,1,0.1452914704062765,train
9841,1,0.1133568792157638,train
9842,0,0.8004983963482841,train
9844,0,0.3075446495126503,test
9845,0,0.6647834925149483,train
9847,0,0.2534644259994021,train
9848,0,0.5009369864394627,train
9849,1,0.4237690894108583,train
9852,1,0.3258140992243485,train
9853,1,0.1615899646101503,train
9856,1,0.0764445854840391,train
9858,1,0.7506716482814263,test
9859,1,0.255001097144253,train
9861,1,0.727567231812405,val
9866,1,0.3862266761146197,train
9867,0,0.4461178863408481,train
9868,0,0.7157413349394115,train
9869,0,0.662757423241757,train
9870,0,0.7905332221359243,train
9871,0,0.4339977234114973,val
9872,1,0.7292080401668275,val
9873,1,0.7931665788666076,val
9875,0,0.6321083339311178,train
9876,1,0.1065874926782031,train
9878,0,0.5275931907111934,train
9880,1,0.0683620935457294,train
9881,1,0.2567305941399591,val
9882,1,0.6466202444897278,train
9887,1,0.2540507618326383,val
9888,1,0.4022677638742267,test
9889,1,0.1311475480541124,val
9890,1,0.6095620376841269,val
9893,0,0.4000999973190335,train
9894,1,0.0666544791205622,test
9895,0,0.9022085267260012,train
9896,1,0.3859463239075666,train
9898,0,0.7572268638793592,train
9899,1,0.4066099088351043,val
9902,1,0.364972853855236,test
9903,0,0.4152222247081416,train
9905,1,0.1288553569073781,train
9906,1,0.5843403952495182,train
9907,0,0.7131921592532307,train
9909,1,0.4575864790511154,test
9910,0,0.9096608538308896,test
9911,0,0.8736939230185417,train
9912,1,0.4470309460136966,train
9914,1,0.1185281222885036,train
9915,0,0.8986575548662201,train
9916,1,0.0803846979318199,train
9919,1,0.1543695954063689,train
9921,1,0.1913935578934225,train
9922,1,0.2301229339115744,test
9923,0,0.3876682665217659,test
9924,1,0.4103808226676573,train
9927,0,0.8556580798650087,train
9930,1,0.4551876119436314,train
9932,0,0.2407851034163804,train
9934,1,0.1812503336422528,train
9935,0,0.4145200561056856,train
9936,0,0.7295050278638138,train
9938,1,0.0635301649968131,test
9939,1,0.4758455340955906,test
9941,1,0.1184155921283049,test
9942,1,0.2272720260782128,train
9945,1,0.1840567293446943,train
9946,0,0.3792606678401696,test
9947,1,0.4755120037790766,test
9948,0,0.5617502912286659,train
9949,1,0.0187891556876127,train
9951,1,0.4627114851119991,test
9952,1,0.2665911472966553,train
9953,1,0.2839093615193762,train
9954,0,0.4435021777566683,test
9955,0,0.457808739726999,train
9957,1,0.0617094205775551,train
9958,0,0.4520617402151875,train
9960,0,0.5286121530378698,train
9961,0,0.2605855458196749,test
9963,1,0.356268353288887,train
9964,1,0.4016117394969991,train
9967,1,0.1240173625354877,train
9968,0,0.8711340090468163,train
9970,1,0.7029800277979044,test
9971,1,0.3161942063950189,test
9972,1,0.3169695096190746,val
9975,1,0.1702701687928219,train
9977,0,0.8836532426663051,train
9978,0,0.952894260635478,train
9979,0,0.3860259461725338,train
9980,0,0.5732867164317966,train
9983,0,0.3295735021704165,train
9984,1,0.7222972613740644,train
9986,0,0.493685006685827,train
9990,1,0.4364107087105352,train
9991,1,0.6440862156534382,train
9992,1,0.3942821661204466,train
9995,1,0.6141702940937894,train
9996,1,0.3669902909778716,train
9998,0,0.5629139294052421,train
10000,1,0.390064919563805,test
10001,0,0.7793056125972756,train
10002,1,0.0357831954782381,train
10004,1,0.6237269124463765,train
10005,0,0.4044561140901868,train
10006,1,0.2211286136217072,val
10007,0,0.8587369162328073,train
10008,1,0.5101290457683124,val
10010,0,0.5067023225418059,train
10011,0,0.8991228853182561,train
10012,0,0.4345584706809088,train
10015,0,0.9683734386414868,train
10016,1,0.3615415847998526,train
10018,0,0.8149769891884777,train
10021,0,0.6223628050480978,train
10022,1,0.3184267901565866,train
10023,0,0.2431087209073696,train
10024,1,0.4315710683247115,train
10025,1,0.1819418490125908,train
10026,0,0.4164760467724514,train
10027,0,0.4911154559561381,train
10030,1,0.3742070275800304,train
10031,0,0.6261779376076133,train
10032,1,0.0946881912392815,test
10033,1,0.2615952239972692,train
10036,1,0.3406582078334542,test
10037,1,0.4099017930079942,train
10039,0,0.3264294244011398,test
10043,0,0.3503970421862457,train
10044,1,0.3087335106923454,train
10045,0,0.7001493358286388,val
10046,1,0.0810173813152926,train
10049,1,0.4886011175308785,train
10050,0,0.4162730038637748,train
10051,1,0.3865192026558344,train
10052,1,0.569704431617725,train
10053,1,0.3436258480531948,train
10054,1,0.1252080265939248,val
10056,1,0.5936430995754423,train
10057,1,0.2939432783178576,train
10059,1,0.3824100431748419,train
10060,0,0.5243443828699594,val
10061,1,0.2101133134919343,val
10062,0,0.4149642434414353,test
10063,1,0.4413265726363555,val
10064,1,0.1223676397568902,train
10066,1,0.8291864566068406,test
10069,1,0.2784178119467944,train
10070,1,0.1984444300677643,train
10072,1,0.5567060623820976,train
10075,1,0.1983069196092147,train
10076,0,0.5629291539429588,train
10078,1,0.1921606297580368,train
10079,1,0.1041518098259727,train
10080,0,0.4829919582604994,train
10082,0,0.5925797737021377,train
10083,0,0.6367282964695034,train
10085,1,0.1924665431342278,train
10086,0,0.9451430983266615,test
10087,1,0.0859810926988312,train
10090,0,0.667214024251488,train
10091,1,0.4849666098263908,train
10093,1,0.6051526067904809,train
10094,1,0.2358902318377572,val
10096,1,0.3418858856993522,val
10097,1,0.2900280539235031,train
10098,1,0.2255290568976207,train
10101,1,0.4209583511006939,train
10103,0,0.5121445603111198,train
10106,0,0.8421630256782581,val
10109,1,0.3407190713913594,val
10111,1,0.5947444179183299,train
10114,1,0.6434747892775305,train
10115,0,0.7502854635453051,val
10116,1,0.4926652883242055,train
10118,0,0.4238093671970407,train
10119,1,0.2220749912381739,train
10120,0,0.8180191950583429,train
10121,0,0.2774872266740592,train
10124,1,0.2724503779443347,val
10125,1,0.2106147553395947,train
10127,1,0.2822196085269078,train
10128,1,0.3903242240041448,train
10129,1,0.1238663850727992,train
10131,1,0.2854328855990318,train
10133,1,0.1932950024747985,train
10134,0,0.5170365516152184,test
10137,0,0.4734574750734432,train
10143,0,0.6170710743345957,train
10145,0,0.3702980333299044,val
10146,1,0.3107531255180794,train
10148,1,0.3384805374897566,train
10149,0,0.1916351025814375,train
10150,0,0.4401916812008624,train
10155,1,0.1286627840204798,train
10156,0,0.8022418064044949,train
10157,1,0.1629925493995928,train
10158,1,0.7783975019478033,train
10159,1,0.1862353416527802,train
10160,1,0.4484367167264107,train
10162,1,0.1731049195303383,train
10167,0,0.79604677024339,train
10168,1,0.3438883678824994,train
10169,0,0.5786969969314637,train
10171,1,0.3900270136650549,test
10172,1,0.0927896413117772,val
10174,0,0.2683719574389243,val
10175,0,0.8058821179882885,train
10177,1,0.3072128661234659,test
10178,1,0.0987324738006708,train
10179,1,0.6405822474935122,val
10182,1,0.0491790861182501,train
10185,1,0.2334853594495105,train
10186,1,0.5538503372410671,train
10187,0,0.6547726730633725,train
10193,0,0.857235521187624,val
10194,0,0.3703000526017725,val
10196,1,0.3743382600735354,train
10197,1,0.4100536587274227,train
10198,0,0.4379777819584192,train
10199,0,0.7343907519781184,train
10200,1,0.3492836288384364,train
10202,0,0.1300124360119688,test
10203,1,0.2882574544771236,train
10205,0,0.5032251828777099,train
10206,1,0.0363210307374959,train
10207,1,0.5461169549968822,train
10208,1,0.2204292193593598,test
10210,0,0.6358219331936823,train
10211,0,0.8193395471227501,train
10212,1,0.2411657285620955,train
10213,1,0.0598580009983416,train
10214,0,0.4694737617013537,test
10215,1,0.1756033326437804,train
10216,1,0.2752037351961527,test
10217,0,0.5990390054282256,train
10218,1,0.8028381674049528,train
10219,0,0.330402664055434,test
10220,1,0.4031347727644426,train
10221,0,0.6049962380385101,val
10223,1,0.5471248947715484,train
10224,0,0.475058701615346,train
10225,0,0.3737340699571156,val
10227,0,0.5878607657930717,train
10229,1,0.1889370161264995,val
10231,1,0.1695572791721215,train
10232,1,0.1559049238219986,train
10233,1,0.800579419519431,val
10235,0,0.554571766458747,train
10241,1,0.6067721004120847,train
10242,1,0.5540142705323242,train
10244,1,0.3433212355118145,train
10245,1,0.2235927991197664,val
10247,1,0.2032330719051246,train
10248,1,0.3332653799247065,train
10249,1,0.5602467130895521,val
10254,1,0.4772176426254985,test
10256,1,0.3304338756565117,train
10257,1,0.084717444938546,test
10260,1,0.3091281038942777,train
10261,1,0.5526284499429529,train
10262,0,0.1047513222907021,val
10263,1,0.2770020812757418,train
10264,0,0.4480799373975183,train
10266,1,0.4798900615168792,test
10267,1,0.0703754305358268,val
10268,1,0.2023554507519693,train
10270,0,0.4778563332411454,train
10272,0,0.503705639504383,val
10273,1,0.2275440181813983,train
10275,1,0.2097582985656265,train
10276,0,0.8541209125855769,train
10277,1,0.1927568813958116,train
10278,1,0.1313187007787947,train
10279,0,0.6295506911410567,train
10280,1,0.0963672027315321,val
10281,1,0.191125000164569,train
10282,0,0.3912950101145646,train
10284,1,0.2157277801771425,train
10285,0,0.8587796481002231,train
10286,0,0.6195714642080695,val
10288,1,0.3588637982070936,train
10291,1,0.3844642474642795,val
10292,0,0.6779515024175518,train
10293,0,0.6501654228250147,train
10298,0,0.5709449600201457,train
10299,1,0.0952551514884899,train
10300,1,0.4645953012016055,test
10301,1,0.6058984532111158,train
10302,1,0.0790304464293278,test
10303,1,0.5444917364798851,val
10304,1,0.5362642566948698,val
10306,1,0.6259091000548525,train
10309,0,0.7564584839804985,train
10310,1,0.1893755820195362,test
10313,0,0.6493980719932348,val
10314,0,0.1946713694131238,val
10316,1,0.162008062756164,train
10317,1,0.4818395974339139,train
10318,1,0.3862448774699227,test
10319,0,0.7893316634670716,test
10323,1,0.3988464923766116,test
10324,1,0.0980037627718465,train
10327,1,0.0754669883576507,val
10330,0,0.54969424025699,train
10331,0,0.8742200019560704,test
10332,1,0.1159910813476432,train
10333,1,0.2431929565232321,train
10336,0,0.522064190505547,val
10337,1,0.1854293576562694,val
10338,1,0.2090755356887721,val
10339,0,0.3197634189358836,train
10340,1,0.4928409058135551,test
10343,0,0.8490865147606816,train
10345,1,0.1949695906495867,train
10347,1,0.2379021713216645,val
10348,1,0.1267160630057628,train
10349,1,0.0769143757692988,train
10350,1,0.0402268008262808,train
10354,1,0.0852879636517023,train
10356,0,0.5992235841569792,train
10357,0,0.3312075383832444,train
10361,1,0.2389534926421493,train
10365,1,0.1107199156013485,train
10368,0,0.700024090506282,val
10369,1,0.0861238387210061,train
10371,0,0.6347362126195064,train
10376,1,0.3495547469190683,val
10378,0,0.1601288496192933,val
10381,0,0.6833936410007069,train
10382,0,0.7722068475889068,train
10384,0,0.7949333935646207,test
10385,1,0.2313429483439599,train
10386,0,0.1736751179317928,val
10389,0,0.3397411826509099,train
10390,0,0.5159692982136461,train
10392,1,0.5597863903364579,train
10394,0,0.6918459078671316,train
10395,0,0.4967378496777851,train
10396,1,0.1790955223779937,train
10397,0,0.9484305851113078,train
10398,0,0.5921159444841053,val
10401,0,0.3032666569994157,train
10402,1,0.2392077550168257,test
10403,1,0.1087864989469722,train
10404,0,0.2591223435245371,train
10405,0,0.555319039568819,train
10406,1,0.1169820330376532,test
10409,0,0.2856966604843283,train
10410,0,0.4493238270513086,train
10414,1,0.2543984821089967,val
10416,1,0.3128345550168885,train
10417,1,0.6608161100896206,train
10419,0,0.6655012247872774,train
10420,0,0.8286527440596289,train
10422,1,0.3146503908587015,train
10428,0,0.4082861645050738,train
10429,1,0.272852972009141,val
10433,0,0.2937843461202578,train
10435,0,0.8034678705099005,train
10436,0,0.5245513953313319,train
10437,1,0.4788200136963596,train
10445,1,0.5100078338847366,train
10446,0,0.6357974035557991,train
10447,1,0.2457966212537888,train
10448,1,0.1329461978302034,train
10449,0,0.3806998591435441,train
10451,1,0.2654632939192146,train
10452,0,0.5621647110957089,train
10454,1,0.5741643171457456,train
10456,1,0.2782678620327288,train
10457,1,0.3569054980400984,train
10459,0,0.7757665694895002,train
10462,1,0.1460635568127336,train
10463,1,0.3636827300056819,train
10466,0,0.4546368295877772,val
10467,1,0.2736429117925216,test
10470,1,0.583968398935597,train
10471,0,0.2039011320108492,train
10475,1,0.2993002016878975,train
10476,0,0.4875165526554034,val
10477,0,0.7474653236196862,train
10479,1,0.1415205449609187,train
10480,1,0.2490119278892547,train
10482,0,0.6562886011440641,train
10483,1,0.0346247836352446,train
10485,1,0.225488144100015,train
10486,0,0.8409817757654795,test
10490,1,0.1988002045236118,train
10493,1,0.25794014738928,test
10494,1,0.390856268631548,train
10495,1,0.1982278810275146,train
10497,0,0.4630252547102879,train
10500,0,0.5221965058963742,train
10501,0,0.5001293889674903,val
10502,1,0.178496485578916,val
10503,1,0.2249114265675145,train
10507,1,0.0647083397574588,train
10508,1,0.1699574410522125,train
10511,1,0.1343748623846519,train
10513,0,0.4377766817183511,val
10514,0,0.7230310459416672,train
10516,0,0.9227454921589432,val
10518,1,0.3203335533280563,train
10523,1,0.3276900163501293,train
10528,1,0.1411233037443025,train
10530,1,0.5081279920992195,train
10531,0,0.6061748454928371,train
10535,1,0.1261868933640396,test
10536,0,0.4422647135925601,train
10537,1,0.2538566539404954,train
10539,1,0.1008696303276404,train
10540,0,0.3562136932837562,val
10543,1,0.0039924736321148,train
10544,0,0.5838946442684131,train
10545,0,0.2676075826394362,val
10548,1,0.1514572901660359,train
10549,1,0.4250656423133571,train
10550,1,0.2426717581701138,train
10554,1,0.1587841172995815,train
10555,1,0.6043583760341253,train
10557,1,0.1058607563011466,val
10559,0,0.5265068237450503,train
10560,1,0.2006786313549516,train
10561,0,0.4231930478107923,train
10562,1,0.3915413760284467,train
10563,1,0.2540911442030341,train
10564,0,0.4477768414370666,train
10565,0,0.971128180221512,train
10566,0,0.6130992454554144,train
10568,0,0.6087120857683588,train
10572,1,0.1756814522885195,train
10575,1,0.1031999366351386,train
10576,1,0.2622821411860321,train
10577,0,0.5245460571303397,train
10578,1,0.4720158199209818,train
10579,1,0.3591779289390512,val
10583,1,0.3432408908765895,train
10584,0,0.395944533468606,test
10585,1,0.1692721973207174,train
10586,1,0.172950820830384,train
10587,1,0.116686566056288,test
10588,0,0.6847442155408145,val
10590,1,0.3194395657541592,train
10591,1,0.1658024518550996,train
10592,0,0.4065810501602872,train
10593,1,0.1693168900723876,train
10594,0,0.5621623922515089,train
10596,1,0.0955957802256657,train
10597,1,0.2348716686108174,train
10599,1,0.0713948507751371,train
10600,1,0.0848443768540141,train
10601,1,0.2635747567337682,train
10602,1,0.1588684890560631,train
10607,0,0.8459393242318733,train
10608,1,0.090814523277879,train
10609,1,0.1008075505113078,train
10610,1,0.2886239729583001,test
10612,1,0.0577394008317895,train
10613,1,0.1210168563182614,train
10614,1,0.163150647207683,train
10615,1,0.2307546729457216,train
10616,1,0.3818080080884414,train
10618,0,0.5801345266781861,test
10619,1,0.454769187117429,train
10621,0,0.8790857372239389,test
10623,1,0.1057966566918159,val
10626,1,0.28818292833623,train
10627,0,0.4982228639590255,train
10629,1,0.024363973306778,train
10630,0,0.9134590615338593,train
10633,1,0.2296311368472708,train
10635,0,0.3102205463654359,train
10636,1,0.5414571976213625,train
10637,1,0.3895144613378009,train
10639,1,0.560490976793789,train
10643,0,0.4326087677888827,train
10644,1,0.1099618145592279,test
10645,0,0.2175856825731774,test
10646,1,0.2881279047704178,val
10652,1,0.1301813910579087,val
10653,0,0.2610362910378502,val
10654,1,0.2506300349665231,train
10658,1,0.066316171150273,train
10659,1,0.4617280186074713,train
10660,1,0.329057048995022,train
10661,0,0.7710821370537866,train
10663,1,0.3058452472367655,val
10665,1,0.1613951011161114,train
10666,0,0.4986588868198779,train
10668,0,0.4930509362341523,train
10669,1,0.5695255630209017,train
10670,1,0.0763415257892111,val
10671,0,0.1230535320402635,train
10672,1,0.4605164916973409,train
10673,1,0.163083123599828,train
10674,0,0.4177601252039844,train
10675,0,0.4232000432186856,val
10676,1,0.3471041693409061,train
10678,0,0.4069526322662875,train
10682,1,0.1463341033634826,train
10683,1,0.1791830805917595,train
10684,0,0.2163948989939409,train
10685,1,0.2940514189901553,train
10686,1,0.129236755638563,train
10688,1,0.2365375301349689,val
10689,1,0.0302909102484431,train
10690,1,0.3494907359351362,train
10691,0,0.3958069350013792,train
10692,1,0.2940596749107467,val
10695,1,0.4567945202316328,val
10697,0,0.4567271071143217,train
10698,0,0.2956822054149822,test
10699,0,0.5907865345645954,train
10701,1,0.2026144278601563,train
10702,0,0.4455195383487809,train
10703,0,0.8371321450167153,val
10704,0,0.6379666682384858,train
10705,1,0.2985761834640608,train
10707,1,0.1664401795856119,train
10708,0,0.7425117254199847,train
10709,1,0.4571133195445914,train
10710,1,0.5747388480283702,val
10712,1,0.1356966734872405,val
10714,0,0.5761940071452357,test
10718,0,0.6771977913125202,train
10719,0,0.4752212927801815,train
10720,0,0.7301025532990615,train
10722,1,0.1772329221828488,test
10723,1,0.2384541043556176,val
10724,1,0.1476831343005608,test
10726,1,0.8205273809803331,train
10730,1,0.1833865515800236,train
10731,0,0.4953174521679484,train
10736,1,0.248269287122513,train
10737,1,0.1084827406065148,test
10739,1,0.0208166210316362,val
10740,1,0.3348780074818178,train
10742,1,0.7167389003982056,test
10743,1,0.6025901596440282,train
10745,0,0.8834094838538387,train
10746,0,0.3617910715141643,train
10747,0,0.6906924074681094,val
10748,1,0.1349261259335153,test
10749,0,0.9284971775877116,train
10752,1,0.3262730292682,test
10753,0,0.3380618716647111,train
10755,0,0.7185830633091235,val
10756,1,0.300018979408155,train
10757,1,0.3228587878073579,train
10760,1,0.7241239793722285,train
10761,1,0.0669595335031684,train
10762,0,0.5039102107998148,train
10765,0,0.744845016962059,train
10766,0,0.2883709460303272,test
10767,1,0.2105010184488772,train
10768,1,0.3668396535567367,train
10769,1,0.4764779875235394,test
10770,0,0.6624424151236372,train
10772,1,0.3526212268384867,train
10775,0,0.5152498442201789,train
10779,1,0.3312614649090707,test
10780,1,0.1102539661016649,train
10784,1,0.0917656067669795,train
10785,0,0.5486108587664278,train
10787,1,0.1074668617506504,val
10789,0,0.8721281125557743,val
10790,0,0.240432008523966,test
10791,1,0.1884544719230987,val
10793,0,0.4492976322482352,val
10794,1,0.5155919685122272,train
10795,1,0.3483505970419414,train
10799,0,0.7757438445714157,train
10801,1,0.8241153906805656,train
10802,1,0.1931086257702219,train
10804,1,0.1269030083355955,train
10805,0,0.8882400144372717,train
10807,0,0.6147000208814559,train
10808,1,0.8753867690067747,val
10810,0,0.5624912226433629,train
10811,0,0.5899095038813045,train
10812,0,0.3438124932603998,train
10813,1,0.1299880185529868,test
10815,0,0.5351549033893112,train
10816,1,0.6769144136675351,train
10817,0,0.3824709548583598,train
10820,1,0.3158874521454315,train
10821,1,0.3648611939668729,train
10822,1,0.1158924635183156,train
10824,0,0.6002130838925798,train
10825,1,0.4782805029790997,train
10827,1,0.5946015827448666,train
10828,0,0.6659738854838719,train
10829,0,0.3360681485437921,test
10831,1,0.0878962320217117,test
10832,1,0.1640764316286393,train
10833,1,0.599347817328399,train
10834,0,0.4193879373254853,train
10835,1,0.639892222766307,train
10836,0,0.6534525756755296,test
10837,1,0.1943563716098136,train
10838,1,0.1479336523892237,train
10841,0,0.2573249453364786,train
10842,0,0.5043114632089434,test
10845,1,0.3648422863360889,test
10846,0,0.2565945125536149,val
10847,0,0.5268290047482862,val
10848,1,0.398057695485136,train
10850,1,0.4451580636913741,train
10852,0,0.924947050415949,train
10853,1,0.0325893802593255,train
10854,1,0.1281304352575906,train
10855,1,0.3155169675812042,train
10858,1,0.7401452572412609,val
10860,0,0.3122824524643991,train
10863,0,0.4313890475038062,val
10864,0,0.6656928935900407,train
10865,1,0.2162209508262813,train
10866,1,0.2507232255663513,train
10870,1,0.2215623809338771,train
10871,1,0.0591705975864965,train
10873,0,0.616040133102085,train
10874,0,0.2841688291593672,val
10875,1,0.2843598227223197,train
10878,0,0.534820240256843,train
10881,0,0.5380561411038393,train
10883,1,0.0522268466145929,train
10884,1,0.7045287440021099,train
10885,1,0.4074172350794552,train
10887,1,0.203028762690532,val
10888,0,0.5529230844732834,train
10889,1,0.4437045113874648,train
10891,0,0.7518826832102525,train
10893,1,0.2540780171542752,train
10898,0,0.581428448321383,train
10899,1,0.8400561821921599,train
10901,0,0.596855295415329,train
10903,1,0.7038580007825446,train
10904,0,0.930789817934778,train
10907,0,0.5141924049837268,train
10908,0,0.6030054286244332,train
10910,1,0.0305214116805724,train
10914,1,0.3204170623791471,train
10916,1,0.0930641262081503,train
10917,1,0.2078127642227303,train
10918,1,0.3116667783018262,train
10919,1,0.1829480983369179,val
10921,1,0.0257297099450642,train
10923,0,0.685794028529743,val
10924,1,0.6799978961345299,val
10925,1,0.1212077803710175,train
10927,0,0.6441271920457611,train
10928,1,0.7290314850249393,train
10929,1,0.4467499750796924,train
10930,1,0.1685573443498088,val
10932,1,0.2225184559256293,train
10934,1,0.2160866636419295,val
10935,1,0.1990153719692264,val
10937,0,0.8793517656898123,train
10938,0,0.7641034773837456,train
10940,1,0.3964085086998443,val
10941,1,0.2173337339460148,train
10944,1,0.4766075358783014,train
10946,1,0.4038683585602568,train
10948,1,0.2505398050650951,train
10950,1,0.2560134917383173,train
10951,1,0.2699927654958581,train
10954,1,0.4117715498569017,test
10955,0,0.6208634349163002,train
10956,1,0.0812418200822946,train
10960,1,0.2771525092203641,test
10963,1,0.375122396225016,val
10965,1,0.2375605696945629,train
10968,1,0.4145108697610579,train
10972,1,0.1306563475592993,train
10973,1,0.0442987367537118,val
10974,0,0.5357311369665306,train
10975,1,0.3394934124866385,train
10976,1,0.1656132561668668,train
10979,1,0.3431690001138467,train
10982,0,0.909476386669066,train
10983,0,0.5011045280050581,train
10992,0,0.3274198424894465,test
10993,1,0.0986186219458202,train
10995,1,0.1036367561096899,val
10997,1,0.0479021070983103,test
10998,1,0.1204731126346508,train
11002,1,0.2095988444395556,test
11004,1,0.4504421552261017,train
11006,0,0.076140365640734,train
11007,0,0.2822155193351487,train
11010,1,0.762461557459664,train
11011,0,0.8764272807295119,train
11013,0,0.4779749803587376,train
11014,1,0.1719897386364177,train
11015,1,0.0398722843223415,train
11020,1,0.0897505989505944,train
11021,1,0.720744558287506,val
11022,1,0.0632210445876871,train
11023,1,0.2269006078347077,train
11025,1,0.0323214011508818,test
11028,1,0.2471138581878756,train
11029,1,0.1025967680636515,train
11031,1,0.2525047030586329,train
11032,0,0.7981563784867256,val
11033,1,0.4687513007590719,train
11036,1,0.1978858446206763,train
11037,0,0.3095586605483253,test
11041,1,6.068070046438834e-09,test
11042,1,0.3077829105850204,val
11043,1,0.7955226236812721,train
11044,0,0.4488053348049804,test
11045,1,0.1305226301890207,train
11046,1,0.0302895295609831,test
11047,0,0.3478998974829723,train
11048,1,0.3451951621759074,train
11050,1,0.1305435226551307,train
11052,0,0.626086499335627,test
11053,1,0.4998083420236057,train
11055,1,0.18502276626126,train
11060,1,0.1714854838147073,train
11063,1,0.0620462825570993,train
11065,1,0.2464038945302179,val
11066,1,0.3991999018377591,val
11068,1,0.191533306023624,train
11071,1,0.2679789195973953,test
11073,1,0.2830832248287948,train
11077,1,0.0964545527914311,test
11078,1,0.2880056537936593,train
11079,1,0.1476952077457561,test
11080,1,0.6156191584119515,train
11082,0,0.2370702680390334,train
11083,0,0.898926578300457,train
11085,0,0.9321749860598376,train
11086,1,0.1713768719819149,train
11087,0,0.5877133654850559,train
11088,1,0.477329126092725,train
11090,1,0.1375068328675222,train
11091,0,0.6119052453925189,val
11092,1,0.1785735587344684,train
11094,0,0.6298802458458748,train
11096,0,0.357820683963173,train
11097,1,0.3206021463216986,test
11100,1,0.4765848446489584,train
11101,1,0.4002241746151973,train
11102,1,0.2609289543337136,train
11103,1,0.4910841710115696,train
11104,1,0.4198702322037694,val
11106,1,0.2637173081435915,train
11107,1,0.1755078390857767,test
11108,0,0.5846207441985611,train
11110,0,0.8667903824720471,train
11111,1,0.3825698224688001,train
11112,1,0.267941616672105,train
11118,1,0.1559214247063586,train
11119,0,0.219086400436983,val
11120,1,0.3482203064018012,train
11121,1,0.5058491455297525,val
11123,1,0.2615041199344446,val
11127,0,0.5648014895089593,train
11128,1,0.0290688685393958,test
11131,1,0.0159151664508445,train
11132,0,0.1428602578368951,val
11134,0,0.5061048412461036,train
11136,1,0.3781860895845068,train
11138,1,0.945127987244906,train
11139,1,0.3403088812520302,train
11142,1,0.332002678403489,train
11144,0,0.8031981547221905,train
11146,1,0.1025967539345995,train
11147,0,0.4277781074598711,val
11149,1,0.7641220678130021,train
11150,1,0.4904767762872766,val
11151,0,0.8635815822094076,val
11152,1,0.3544827440558614,train
11153,1,0.501631730978525,train
11154,0,0.3709480360098066,val
11155,1,0.2134266731645837,val
11156,1,0.195373376246178,train
11157,1,0.8036947361525383,train
11158,0,0.4146694891590051,train
11160,0,0.4719388644330968,test
11161,1,0.1279500537542905,train
11162,0,0.6542960801561682,train
11164,0,0.4063560751753453,train
11165,1,0.3704248182766286,train
11166,1,0.2290616417416324,train
11167,1,0.3603606125595004,train
11169,1,0.269101564101642,train
11174,1,0.474326856066546,train
11175,1,0.4912240708571561,val
11176,0,0.321536690143092,test
11177,1,0.55948875803736,val
11178,0,0.5701890068055242,train
11181,1,0.2339779382009884,train
11182,1,0.2308297876634756,test
11183,0,0.2860049528173836,test
11184,1,0.10052592049035,train
11185,0,0.4750760394662445,train
11187,1,0.2386921055558749,test
11189,1,0.1178076981334462,train
11190,0,0.7383561164103055,train
11192,1,0.5908781153786815,val
11194,0,0.4821490246697134,val
11195,1,0.1675267077481894,train
11197,0,0.5407687104081704,train
11198,0,0.7006694625559238,train
11199,1,0.1198815857206442,train
11200,0,0.682300855478515,train
11203,0,0.7666939004462853,train
11204,0,0.3674782662916502,test
11206,0,0.6754279125761367,train
11212,1,0.3133007437856256,test
11213,0,0.6543332244089437,train
11214,0,0.7244870579634446,train
11215,1,0.1312500951466709,train
11216,0,0.4267470277197465,train
11217,1,0.7286940978136832,train
11218,0,0.6996086802923459,train
11219,0,0.605869620870114,train
11220,1,0.1612078694632499,train
11221,1,0.3619274218230376,train
11223,1,0.0848847583456278,train
11224,1,0.5245478410152973,train
11226,0,0.3473948345515006,train
11227,1,0.3019695001258744,train
11228,0,0.9050516456428764,train
11229,1,0.645512888388704,test
11233,1,0.1622139000942857,train
11234,1,0.446395832356495,test
11236,0,0.7713050661142866,train
11237,1,0.6901501771113103,train
11240,0,0.5975612457251613,train
11241,1,0.3825667747736032,train
11242,1,0.7955691604954142,test
11243,1,0.4640461734556208,test
11245,0,0.516313576715804,train
11246,0,0.7859936190563319,train
11247,0,0.5334221359420379,train
11250,1,0.0538969936305326,train
11251,1,0.1450352004743016,train
11252,0,0.3626295728114641,train
11253,1,0.2562096306576814,train
11254,1,0.4642841321682308,train
11256,0,0.625734243644832,train
11257,0,0.2384921098530007,train
11258,1,0.2580112755286946,train
11259,1,0.7721916195580687,val
11260,1,0.2491423056227435,train
11261,1,0.8460305191021602,test
11264,0,0.4037614380485819,test
11265,1,0.478442754354537,train
11266,1,0.4005657443018985,val
11267,1,0.3575934945266422,train
11268,1,0.0876997644971596,train
11270,1,0.2368818891990581,train
11272,0,0.4913831824814968,train
11275,1,0.3406091137095243,train
11278,1,0.2662912487365756,val
11279,1,0.4083582816375879,val
11280,0,0.5009896159346054,train
11281,0,0.2037816935939118,val
11284,0,0.3390978037827727,train
11285,0,0.8739141528756177,test
11286,0,0.9540127552538404,train
11287,0,0.1438662401935121,test
11288,1,0.1192659599985621,val
11293,1,0.4701655367149727,train
11294,0,0.9000411651015626,train
11297,1,0.3485835950385682,train
11299,1,0.1774735600214109,train
11301,0,0.6048509677643155,val
11303,1,0.3793702643985264,train
11305,1,0.1398810839272415,train
11306,0,0.512026443836398,train
11307,1,0.098193095184751,train
11308,0,0.5716833964909135,train
11310,1,0.9093986874018464,train
11312,1,0.1412220641469269,val
11315,1,0.2776140290376495,train
11316,1,0.5371231601643549,val
11318,1,0.1500679190654961,train
11319,1,0.0993976032777871,test
11321,1,0.0886476811860608,val
11322,1,0.2105358816514285,test
11324,0,0.6554186702961501,train
11325,1,0.1190061477710185,test
11326,1,0.1614315242002468,train
11327,0,0.5137140914937215,train
11331,0,0.4350269795637547,val
11332,0,0.6515718178734553,train
11333,1,0.3119034113829664,val
11334,1,0.1904547226064495,train
11336,1,0.1477864334674354,test
11337,0,0.694760995414575,train
11340,1,0.2254411755530125,train
11342,1,0.0810125793869676,train
11343,1,0.0517235826468063,train
11345,0,0.4582219336569614,train
11348,1,0.0600976324484697,train
11349,0,0.2725385461927105,train
11350,1,0.3225614524121065,val
11352,1,0.6062509211168319,train
11353,1,0.0615393956029644,train
11355,1,0.2560631757856253,val
11357,1,0.0465086706980911,train
11360,1,0.2141442090785723,test
11362,0,0.8888101646941657,train
11363,1,0.2270997907140355,train
11366,0,0.4119099532357955,train
11368,1,0.8272368569013703,train
11369,0,0.860333458106957,train
11370,1,0.1522521975417873,val
11372,1,0.4306133936213415,train
11373,0,0.4508506861152914,val
11374,1,0.1140068733965317,train
11375,0,0.2802501840354696,test
11377,0,0.2366943922445304,train
11383,0,0.9459795258142096,train
11384,1,0.2015853619035094,val
11385,0,0.4065762261738347,test
11387,1,0.3264726904566654,train
11388,1,0.3800247226356228,train
11391,0,0.6617302104062428,train
11392,1,0.1154074836977698,train
11393,1,0.2352962622998585,train
11394,1,0.098933421347602,train
11396,1,0.523856354334379,test
11397,1,0.3309330025000588,train
11399,1,0.5181764236822561,train
11401,1,0.152390018381041,train
11403,1,0.3935178456170409,val
11405,1,0.1889099138555371,train
11409,0,0.15450257308659,train
11410,1,0.0846371968946051,train
11413,1,0.3313846271076007,train
11414,0,0.5315440060002049,train
11415,1,0.181419363783824,train
11416,0,0.6024827730898479,train
11417,1,0.3734639542122596,val
11419,1,0.2464895781442838,train
11422,0,0.5095085199246447,val
11423,1,0.0640778515694313,val
11424,0,0.743008031252257,train
11425,1,0.2414576740432854,test
11426,0,0.256514733667507,train
11427,1,0.1508380702399341,train
11429,0,0.5638286022947943,test
11431,0,0.4468721506781139,test
11432,1,0.4142231274730376,train
11433,0,0.6751579214202873,val
11434,0,0.3629672846235495,train
11437,1,0.3434541470071173,train
11438,0,0.5023829619945723,train
11439,0,0.3397224416335883,train
11440,1,0.2210429145721253,test
11441,1,0.5457043064328913,val
11442,0,0.4823512627907088,train
11445,1,0.2586484810780904,train
11446,1,0.0617380596972392,val
11447,0,0.2179226106926374,train
11449,1,0.1615932073286552,train
11453,1,0.4552435235741627,train
11455,1,0.5373668363821228,train
11457,1,0.1266933882508076,train
11461,1,0.518927388564743,train
11463,0,0.6092981093120242,val
11466,1,0.3221291831571901,train
11467,1,0.3177711469756844,train
11468,1,0.336084974232651,train
11471,1,0.0468854726704961,train
11472,1,0.2541590387143644,train
11473,1,0.6323240794344971,train
11477,1,0.426920865766351,train
11478,1,0.4127284509853733,train
11479,1,0.2200994791800671,train
11480,1,0.0374593013803469,train
11481,1,0.0996971873267852,train
11482,1,0.2796447634817677,train
11485,0,0.5474279414785541,train
11488,0,0.7240575950708729,train
11490,1,0.331152948153315,train
11491,0,0.3577667054109505,test
11492,1,0.4257718173177057,train
11494,0,0.3440491640613683,train
11495,1,0.2507651962109429,train
11496,1,0.111965195707461,train
11498,0,0.8451893846083665,train
11499,1,0.3055294410805539,train
11500,1,0.3092107401336434,train
11502,0,0.6821461268749435,train
11506,0,0.8412340106405047,val
11507,1,0.2427177524567354,train
11508,1,0.3845878599330358,train
11509,0,0.3027292813011305,train
11510,1,0.7206461197124931,train
11511,0,0.5427356885944714,train
11513,0,0.5760692750419281,train
11514,1,0.6937519476711872,test
11519,1,0.6589687602192293,train
11521,0,0.5813489264824994,train
11522,1,0.201055865811467,train
11523,0,0.4993222363204138,train
11524,0,0.5579234384380097,test
11525,1,0.1426367936067278,train
11526,1,0.3432189572932996,test
11528,1,0.1140843193710344,test
11529,0,0.3214874029219368,train
11530,1,0.6846595950699874,train
11531,0,0.5668095790528568,train
11532,1,0.559203498663462,train
11533,0,0.8143120552882215,train
11534,0,0.4578491799572092,train
11535,1,0.0605341502027946,train
11536,1,0.220515840564478,train
11538,0,0.69287479779791,train
11539,1,0.3863769964191265,train
11541,1,0.2003518628554709,train
11544,1,0.0608319111353629,train
11545,1,0.5063219920980697,val
11546,0,0.6143804574292135,train
11547,1,0.6802871474199674,train
11548,1,0.0677505443761778,train
11549,0,0.4885435707873115,train
11553,0,0.8385467190516143,train
11554,1,0.2156897511771137,test
11555,1,0.0767269648488294,val
11556,0,0.7245531810388188,train
11558,1,0.4461398317778796,val
11563,1,0.3326198422364501,train
11567,0,0.9461220251373168,train
11568,0,0.938303244130989,train
11569,1,0.1743265624310962,train
11570,1,0.2424323895395477,train
11574,0,0.3094753497656206,val
11575,0,0.4610995038316269,train
11577,0,0.626077168013702,train
11578,1,0.6800600786480768,test
11580,0,0.429071704670301,test
11581,1,0.0390460092446607,train
11583,0,0.8608021499986034,train
11584,1,0.1980416489798301,train
11585,1,0.4717030952546489,test
11587,1,0.1779212480672022,train
11589,0,0.7843085293082789,train
11590,1,0.4693103919848199,val
11593,1,0.4593113573683594,test
11594,1,0.202180422190116,train
11596,1,0.2495350234641002,train
11597,1,0.3412829344195885,val
11598,1,0.6570273374043578,train
11600,1,0.3079988011017052,test
11601,0,0.6877414154215767,train
11602,1,0.3096625148879641,train
11603,0,0.5611529593173215,train
11604,1,0.1105988797155553,val
11606,1,0.0957102938120789,train
11607,0,0.3509267552692825,train
11608,0,0.6922126658679939,train
11610,1,0.1605196480778796,train
11611,1,0.7323056175918616,val
11614,1,0.1708747825894105,train
11615,1,0.5598367707632139,test
11617,1,0.3315641774318313,train
11618,1,0.2255122977469216,train
11619,1,0.3562030389256359,val
11620,0,0.3634621041597445,test
11621,1,0.2254160545476864,train
11623,1,0.0911970481861432,train
11624,0,0.6599991431502825,train
11625,0,0.5186503116503456,train
11626,1,0.2197573590371053,val
11627,1,0.440130790864379,train
11628,0,0.4890158787504669,train
11629,0,0.3508409672270171,train
11630,0,0.5594202255502105,train
11632,1,0.5558634535596509,train
11633,1,0.4414174160801555,train
11636,1,0.3776026191695386,val
11637,0,0.6579537925855731,train
11638,1,0.4007766746478516,val
11640,0,0.3825964404102208,val
11642,1,0.2601631175621688,val
11643,0,0.4585461498152031,test
11645,1,0.5837655517977749,train
11647,1,0.2897300499041629,train
11648,1,0.5683441708534248,val
11650,0,0.5291902890368212,train
11652,1,0.3631922290649002,train
11653,0,0.6063433823481288,train
11658,0,0.4056224630444724,train
11661,0,0.646113550027455,test
11662,0,0.9386472897253954,train
11665,1,0.3439706897039202,train
11666,1,0.1159041413098204,train
11667,1,0.1913870136575943,train
11668,1,0.2984648884366948,train
11670,0,0.5311007232784444,val
11671,1,0.5628049650827234,test
11673,1,0.1539557062734819,train
11677,1,0.0916933659147359,train
11681,1,0.1049852185528268,train
11683,1,0.1434083406472153,train
11684,1,0.4282340932011245,train
11685,0,0.7887739106680316,test
11686,0,0.6127669178481352,train
11689,1,0.1880303387304767,train
11690,1,0.267377224740148,train
11692,1,0.1949507641228581,train
11696,0,0.8062845917992532,train
11698,1,0.501228994208433,train
11700,1,0.7006922013037294,test
11701,0,0.4345670403255129,train
11702,0,0.4025285701000475,train
11704,1,0.4967767110675859,train
11705,0,0.5317157306244946,train
11706,1,0.3458982890264184,train
11708,1,0.1284080643304527,train
11712,1,0.1884190356075343,train
11714,0,0.5185586803988594,train
11715,0,0.7107652631282633,train
11717,0,0.6020913264916995,test
11718,1,0.3586990161103458,train
11719,1,0.4102522508774867,train
11721,0,0.5520011015167954,train
11722,1,0.2721472680141661,test
11723,1,0.2409896994308412,train
11726,0,0.6862801710829178,train
11728,1,0.1914416250169925,train
11730,0,0.5357733276009073,test
11731,1,0.0784751045734063,train
11733,0,0.5562609213952078,train
11737,1,0.5641312898346784,train
11739,1,0.5236617112238039,test
11740,1,0.0984367898041329,train
11741,0,0.824216927917083,val
11744,1,0.1000921631056843,train
11745,0,0.9600074533779148,train
11748,0,0.5515377578611494,train
11750,0,0.6224004522271961,train
11751,1,0.4721040060270076,train
11752,0,0.9151021234362527,train
11753,0,0.6928046327088392,train
11754,1,0.0512293545577795,test
11755,0,0.34104557539377,test
11756,1,0.1485637360683558,test
11759,1,0.1410334909084144,train
11760,1,0.1447724750428471,test
11761,1,0.6114315723657056,val
11762,1,0.3624744411603541,val
11763,0,0.8759087879513268,train
11764,0,0.7453640140916136,val
11766,1,0.1898498544880227,train
11768,1,0.6874384617752785,train
11772,1,0.0450957020391774,train
11773,1,0.5971161318831808,train
11774,1,0.2831323769290823,train
11775,1,0.4717051280654049,train
11776,1,0.2260446684509395,train
11779,1,0.5523683903914411,train
11780,1,0.7745340492537618,train
11781,1,0.5983575618806534,train
11783,1,0.1456903343211456,train
11784,0,0.1923849750156306,train
11787,1,0.0914518046905259,test
11790,0,0.576667293919024,train
11791,1,0.3078600266976833,train
11793,1,0.4496630953173697,val
11794,0,0.5091580668773958,train
11795,1,0.3128252316887515,train
11797,0,0.479985305058408,train
11799,1,0.2353411478162621,train
11800,1,0.1701836897519231,val
11801,1,0.201776635729391,test
11802,1,0.1052225692454098,train
11803,1,0.073515248117346,train
11804,1,0.0776453478713418,train
11805,1,0.0913065837211213,val
11807,1,0.7526421518058198,test
11809,1,0.0747903702693575,train
11812,0,0.521542759783555,test
11814,0,0.3549272904288187,val
11815,1,0.5032423319629402,train
11816,0,0.5122694780981125,train
11819,1,0.2614418781182888,val
11822,1,0.0542696483493385,train
11825,1,0.052832519837865,train
11828,1,0.3182282753732828,train
11829,1,0.2983332117223345,test
11831,1,0.2141913333040838,train
11834,0,0.3067601661903609,test
11836,1,0.1989350520655927,test
11838,1,0.5388276394404308,val
11841,0,0.6085131784963493,val
11842,1,0.2570524493200558,train
11843,1,0.3990931237326558,train
11846,1,0.2428781281392998,train
11847,1,0.0516062237822776,train
11848,1,0.3973720302228706,train
11851,1,0.3827482838942988,train
11853,1,0.5912617525023776,train
11854,1,0.070124593257783,train
11855,0,0.3484146725651935,test
11857,0,0.4567781979600991,train
11859,1,0.445847432490609,train
11860,1,0.2005009994295989,train
11862,1,0.2222668997566813,test
11863,1,0.4538295415214213,train
11865,0,0.5961948557472198,train
11867,1,0.1028740885992163,test
11868,1,0.464490970449429,train
11870,0,0.4117331658164117,train
11872,0,0.2434078789858497,test
11873,1,0.3287215557884719,test
11874,0,0.4634235482741541,train
11875,0,0.9437987336318152,test
11876,0,0.8430278922715737,test
11878,0,0.7134425700761275,train
11879,1,0.2348488864340102,train
11881,1,0.131793137121788,train
11883,1,0.0636673249685607,test
11885,1,0.440208461147899,train
11886,0,0.6201680873274398,train
11887,0,0.4195481468074277,train
11888,1,0.4627975635282804,test
11890,1,0.1894590355173843,train
11891,1,0.0766520103103539,train
11892,0,0.554449016819582,test
11893,0,0.3265214773737065,train
11894,0,0.6262490913520007,train
11895,0,0.8579453757520565,train
11896,1,0.634287320417548,train
11898,1,0.1088902289427958,test
11899,1,0.4721492164594509,train
11901,0,0.7246226471301761,train
11902,1,0.190358589449385,train
11904,1,0.583286426533737,train
11905,1,0.279860459080221,val
11906,1,0.1043081045005228,train
11907,1,0.1414900235346086,train
11909,1,0.64237423721159,test
11910,1,0.0603868560191199,train
11911,1,0.3385512696853805,train
11912,0,0.3148110277617747,val
11915,1,0.3082421026140517,train
11916,1,0.2212982329821999,val
11917,1,0.6109176137752682,val
11918,0,0.3030060892516993,test
11919,1,0.1042383315508375,train
11920,1,0.0656990200910354,val
11921,1,0.4939906904522942,test
11922,1,0.2635567896079981,train
11923,0,0.5000070699417479,val
11924,0,0.5128884722796653,train
11925,0,0.2737969628200383,val
11926,0,0.5596483978824112,val
11927,1,0.1660555059689041,train
11929,1,0.187563966041858,train
11931,1,0.0531681571770461,train
11932,1,0.2274526842092816,train
11933,1,0.135810098954625,train
11934,0,0.4752406523449601,val
11935,1,0.3108484994268549,test
11936,1,0.2225211002127727,train
11937,1,0.6686298278160846,test
11938,1,0.2417106918830663,test
11940,0,0.7972878038625115,val
11942,0,0.4714425425114144,val
11945,1,0.096013904001117,train
11946,1,0.3790826999542183,train
11949,0,0.4021322015143632,val
11951,0,0.6571864804138785,val
11952,0,0.84713931405896,test
11953,1,0.6410631263612854,train
11954,0,0.8828027901571288,train
11956,0,0.5553238552418835,train
11959,1,0.2178474580199716,val
11961,1,0.5986620822428951,train
11962,1,0.3337228093413661,test
11963,0,0.5485414266561861,train
11964,0,0.7804645000349548,test
11965,1,0.4177788316655575,train
11969,1,0.0873381057093554,test
11970,1,0.1552635468983209,train
11971,1,0.3437651800268333,train
11972,0,0.9455013963251568,test
11973,1,0.425526911192947,train
11974,1,0.3326458671316049,train
11976,0,0.5573219159323715,train
11981,1,0.1503507810261949,train
11984,0,0.2789073778276102,test
11986,1,0.0545269714161626,train
11987,1,0.2068447327386555,train
11988,1,0.2288777511989281,train
11989,1,0.3593142477924758,val
11990,1,0.1735842203143816,train
11993,0,0.6837022310282109,train
11995,1,0.4570205115036878,val
11996,1,0.2656931769301572,train
11997,0,0.6211047180956564,train
11999,1,0.3638359646829153,train
12002,1,0.1611775543644652,train
12003,1,0.4472491033015567,test
12005,0,0.8859704362012697,train
12007,1,0.4884281443383118,train
12010,1,0.3360920248683789,train
12012,1,0.2333080260243292,train
12013,0,0.4730930436581757,train
12015,1,0.6146775948651595,train
12016,1,0.3230619389236421,test
12017,0,0.5350048921114976,val
12018,1,0.4886623141408376,train
12019,1,0.1850442248047075,train
12020,1,0.6021103411463233,test
12021,1,0.2622896856439068,train
12022,0,0.6926366704482089,train
12023,1,0.3765641054707834,train
12025,1,0.4094790102718526,val
12026,1,0.4939622158340262,train
12027,1,0.4780883684070743,val
12028,1,0.4934707767660168,train
12029,1,0.3424110119028474,train
12030,1,0.6974041666783335,train
12032,0,0.6905937497263694,train
12034,1,0.5127328105776887,train
12036,0,0.933762137775396,train
12038,1,0.8145118749734443,test
12039,1,0.5137336450125929,train
12041,1,0.0882510438597319,train
12044,1,0.2119753029033676,train
12045,0,0.2948368075903143,test
12049,1,0.0470463721259151,train
12050,1,0.6658682146611895,val
12052,1,0.502319492484834,train
12053,1,0.2983426646892894,val
12057,0,0.6118028020074935,train
12058,1,0.4201518477113389,train
12059,0,0.6930817895628791,train
12061,1,0.3226593063335974,train
12063,0,0.7764705281315727,train
12064,1,0.3815434433602159,val
12065,0,0.7465740877642346,train
12067,0,0.7120159728971536,val
12068,1,0.6100951417575855,test
12069,0,0.4129836433506445,test
12072,0,0.5991032822300779,train
12073,0,0.2706957406639718,train
12074,1,0.0094333361158182,train
12078,1,0.2724367681054235,train
12080,1,0.2791045187333023,train
12082,0,0.4920197809696511,train
12083,1,0.1129926992747728,train
12084,1,0.0578467420000324,test
12086,0,0.4546917716370746,test
12090,1,0.0718534113926265,train
12091,1,0.2608407537557389,train
12092,1,0.2307956225590556,train
12093,1,0.1212718877274178,val
12095,1,0.2096121040952305,train
12099,1,0.4846285305035972,train
12100,0,0.6487550904232315,train
12101,1,0.1873378294406756,val
12104,1,0.2868155300880413,train
12107,1,0.0889838266372744,train
12108,0,0.8115527949926635,val
12112,1,0.2761158515681368,test
12113,0,0.9215852050704276,val
12114,1,0.3211411904013028,val
12116,1,0.36331719007925,val
12118,0,0.2592229520939992,train
12122,1,0.6088798171162345,train
12123,1,0.2222471153742131,train
12124,0,0.5675536795865505,train
12125,0,0.477553279657959,train
12129,1,0.3858342815782374,test
12130,1,0.5871694272094081,test
12131,1,0.0828571431293777,train
12132,1,0.1522860407406596,val
12135,1,0.0933182361005189,test
12137,1,0.3340819483662662,train
12138,0,0.1933240629047264,val
12139,1,0.1946621343220516,train
12142,1,0.2903852017019671,train
12143,1,0.6068399102893436,val
12144,1,0.2939357818769312,train
12145,0,0.5245597863768997,test
12146,1,0.3858450459002547,train
12147,1,0.0244874157045921,val
12148,1,0.3169733946268694,train
12149,0,0.3985487313830199,train
12150,1,0.0756519598902775,train
12151,1,0.3686749753981464,train
12153,1,0.6080004206709099,train
12154,1,0.2880185577815681,train
12155,1,0.1861229345319014,val
12158,1,0.3160588655447554,val
12159,0,0.5436157549866949,train
12160,0,0.5412550091400337,test
12162,1,0.2977395104451542,train
12163,1,0.3715853495660864,train
12165,0,0.7700635659072737,train
12166,1,0.2253104040937612,test
12168,1,0.2684531966321442,train
12170,1,0.3518324254667695,test
12171,0,0.5615404126889256,val
12172,1,0.5572292581167695,train
12175,1,0.2655497165231542,train
12178,1,0.1722475311596795,train
12180,1,0.3787403876209154,val
12181,0,0.7397913584202869,train
12183,1,0.1291080462706954,train
12185,1,0.3436616614190345,train
12188,1,0.0982812210583361,train
12189,1,0.157165129570052,train
12192,1,0.2521129836767207,train
12193,1,0.0135194928501656,train
12195,0,0.6186948581195759,train
12196,1,0.2934536533154303,train
12198,1,0.7554947120382682,train
12200,0,0.2676065005807629,val
12201,0,0.2938090473228066,val
12202,1,0.3223602630917898,train
12204,1,0.5100599546151453,train
12206,1,0.1790257549458034,train
12207,0,0.4603431746479687,train
12210,1,0.0701928252705547,train
12211,1,0.4400254450127735,train
12212,1,0.5254431476667233,train
12214,0,0.4393173628041099,train
12215,0,0.6361065660029906,test
12216,1,0.2199413694251671,val
12219,1,0.2385305330346732,val
12221,1,0.2583429885066329,train
12222,1,0.0740968079854705,test
12223,1,0.2466288262587139,train
12224,0,0.8665378417410015,train
12225,1,0.2686665269830701,train
12226,1,0.6133077537156302,train
12227,1,0.3331181925510323,train
12230,0,0.5467801199109825,train
12231,0,0.845261134937418,train
12232,0,0.2439198731673074,test
12233,1,0.0694026906486828,test
12234,1,0.3512567839422187,train
12235,0,0.8011856692895737,train
12237,1,0.2960299428012276,train
12238,0,0.5675085696214661,train
12239,1,0.3103191218043911,val
12240,1,0.1898406856551893,train
12243,1,0.0663079951535531,train
12246,1,0.5417285673601405,train
12247,1,0.1432040302907176,train
12248,1,0.1418142583955832,train
12251,1,0.0530829441289829,val
12252,1,0.2231259218695144,test
12253,0,0.9270611439985968,test
12255,1,0.0294902317213202,train
12258,1,0.3158005572060278,train
12259,1,0.1682382769404876,train
12260,0,0.7083764705362847,train
12261,0,0.6395754240484952,train
12262,1,0.7792280268758219,test
12263,1,0.2272795951939227,train
12264,1,0.0261279432351778,test
12266,1,0.2182733551942079,train
12270,1,0.1436239294700961,train
12273,1,0.3063668017599082,train
12274,0,0.7780582497121289,train
12275,1,0.2270152632339438,val
12278,1,0.0982204841178155,train
12280,1,0.166543848586295,train
12282,0,0.6523885066221518,test
12284,0,0.455112923721891,train
12288,1,0.0868685816119146,train
12292,1,0.3101122398861757,train
12293,1,0.2103157077955346,train
12294,1,0.4798864724405517,train
12297,0,0.3776201974489174,train
12300,1,0.2071542306453111,train
12301,1,0.1220312339517544,train
12304,0,0.8278652325012611,val
12305,0,0.4200569495018856,train
12306,1,0.2810404223837288,train
12307,1,0.1423953950444908,train
12308,0,0.5024190557237525,train
12309,1,0.6075167094363423,train
12310,0,0.5944875531532794,train
12311,0,0.4510226357066385,train
12312,0,0.575786837070358,train
12314,0,0.2099617052461131,val
12316,1,0.1299594073244907,train
12318,0,0.3677497418807457,train
12320,1,0.1325439082096121,train
12321,0,0.2269313423276996,test
12323,0,0.4781841774983795,train
12324,0,0.6435157708180861,train
12325,1,0.3634243979642659,test
12326,1,0.3472337435148103,train
12329,1,0.2628933912097073,train
12331,1,0.1996226420383611,train
12332,1,0.3386709773228064,test
12334,1,0.3988758041309459,val
12336,1,0.0960264321600293,val
12337,1,0.3825091526478249,val
12338,0,0.4226186392226559,val
12340,1,0.7841183552768868,test
12341,0,0.6374734344163564,train
12342,1,0.2100357091550607,test
12344,1,0.4972956482510813,val
12345,1,0.242161507037199,train
12346,1,0.2059684687122509,test
12348,1,0.3559871984915628,train
12350,1,0.289013227118832,train
12351,0,0.4331441947990974,train
12352,1,0.2302206421999304,val
12355,1,0.200951360361295,train
12356,1,0.2252038173060928,train
12357,1,0.3526764515437798,train
12358,0,0.1941723877656914,val
12361,1,0.4317646577673972,val
12362,0,0.7836665360460028,train
12364,1,0.1474960468216161,val
12365,1,0.0554352713653089,test
12366,1,0.1641189832200074,train
12367,0,0.8007941704903188,val
12369,1,0.2675493963670172,train
12376,1,0.2000285699550064,train
12377,1,0.0867885991964116,train
12378,0,0.6186167907944212,train
12379,1,0.5337847870663013,train
12381,0,0.485719174538908,train
12382,1,0.0528828788066746,train
12383,0,0.5883428010523266,train
12384,1,0.1351247471049292,train
12385,0,0.95846586437633,train
12387,1,0.0603991738846216,train
12390,1,0.402252494116918,train
12392,1,0.102061598150356,train
12393,0,0.6999950989767896,train
12394,1,0.0823810118171932,test
12396,1,0.1447939714851829,train
12398,1,0.3124195958041008,train
12399,0,0.8728349257903185,train
12403,1,0.1895569806912368,val
12405,1,0.0352445352601548,test
12406,1,0.6985496547946305,train
12410,0,0.7174868944026491,train
12413,1,0.4364478228311456,test
12414,0,0.6711368728975846,test
12415,1,0.1971045279598448,train
12416,1,0.1636427573875226,train
12420,1,0.5651523720987064,train
12423,0,0.7215399380605803,train
12424,1,0.3609575934880454,val
12425,1,0.6101256430709956,val
12426,1,0.1301417132440697,train
12427,0,0.7224470166663233,train
12429,1,0.114630857479518,train
12430,1,0.493831223566478,train
12432,1,0.0717223103919656,train
12435,1,0.5179071863318987,test
12436,1,0.1593824583154499,test
12439,1,0.1955164265870876,train
12442,0,0.6289446339732407,train
12446,0,0.3333236960014843,train
12447,1,0.1212778359606384,train
12449,0,0.3090302535522629,train
12450,0,0.8338629874185595,train
12451,0,0.5173407635184277,val
12453,1,0.0476478182280506,train
12454,1,0.0447692214197215,test
12460,0,0.621012857813522,val
12462,0,0.7068393885879813,train
12463,1,0.2595662888804589,train
12464,0,0.8825429080080218,train
12465,1,0.2003436246870635,train
12466,0,0.5176419562008332,train
12467,1,0.1354690229106661,train
12470,1,0.3324693058760102,test
12472,1,0.6578348445395212,val
12473,1,0.1511347123252393,val
12474,1,0.1523625167417666,test
12475,0,0.5449541807052893,train
12476,1,0.121893308014927,train
12477,1,0.4072989817977541,train
12478,1,0.4055377685074731,test
12479,1,0.2232391687033674,val
12480,0,0.478768925052255,train
12481,1,0.1214508288837032,test
12483,0,0.8405980032066469,val
12485,0,0.7253432089260038,test
12486,1,0.2743089715903422,test
12489,0,0.5840005058035077,train
12492,0,0.7435687347641193,train
12493,1,0.1741221197273043,val
12495,1,0.3965024915206566,val
12498,1,0.2454476206211561,train
12499,1,0.0880120445780386,train
12500,1,0.3397967193521846,train
12502,1,0.0476567860726322,train
12505,1,0.5731551083867383,train
12506,0,0.6639079312197345,train
12510,1,0.1316742418090899,train
12511,0,0.6050212091112692,train
12512,0,0.4214089827082778,val
12514,0,0.5323971812478289,train
12515,1,0.3630659802574368,train
12517,0,0.9124520365145268,train
12518,0,0.680661019293276,train
12520,1,0.5663647810328178,train
12522,0,0.5167144114971796,val
12524,1,0.0671006442466599,train
12525,1,0.0945307355266348,test
12526,0,0.1833419683004604,test
12527,1,0.5877884551460644,train
12528,1,0.3556204755882814,train
12529,1,0.2431963524975485,train
12530,1,0.2888219960322347,train
12531,1,0.3202722710176431,train
12533,1,0.4009141859110371,test
12535,1,0.6154831808317422,test
12536,0,0.85234213220678,train
12537,1,0.153832088781067,val
12539,0,0.7999988085762433,train
12543,0,0.615299171641293,train
12548,1,0.1634737484553335,test
12551,0,0.6751478047279893,val
12553,0,0.3788541411487801,val
12555,1,0.5340350448731894,train
12557,1,0.1479085869168052,test
12559,0,0.830660050050584,train
12560,1,0.5102257712763938,train
12562,0,0.7356415742811415,train
12565,0,0.1335016806589103,train
12566,1,0.305953655223407,train
12568,1,0.5411816742658845,train
12569,0,0.9425961620646002,train
12570,1,0.4032820507982173,val
12572,1,0.2526642071427992,train
12573,0,0.3175399082603936,train
12574,1,0.1182137701727121,train
12578,1,0.2197702008158875,val
12580,0,0.7186029649343608,train
12581,0,0.9093999802161188,test
12582,0,0.7468426643494941,train
12583,1,0.3267663330747425,train
12584,1,0.4455499497989903,train
12586,0,0.6581662908976565,train
12588,0,0.6275997051006458,train
12589,0,0.5993988737104097,train
12590,1,0.1539987220975763,train
12591,0,0.1826177060032089,val
12592,1,0.1072406881130506,train
12595,1,0.0825112517832298,val
12596,1,0.4894575282129493,test
12597,1,0.347218451394062,train
12598,1,0.1143577580499428,train
12599,1,0.1691622879556927,train
12600,1,0.5388783057205364,train
12603,1,0.0901585394335706,train
12604,1,0.1848258015696078,train
12605,1,0.2978497386786367,val
12606,0,0.5804540373674325,train
12607,1,0.3647520736788082,train
12608,1,0.8054723936998791,train
12614,0,0.3850818075192981,train
12615,1,0.1565644869379583,val
12617,0,0.0876259625365433,test
12619,0,0.5559766858961259,test
12621,0,0.7590897097795344,val
12627,0,0.5044850822139517,test
12628,1,0.3181780812500311,train
12630,1,0.2447747830503548,train
12633,1,0.0883138988073028,train
12635,1,0.5790602519223673,train
12636,1,0.1931961000870705,test
12637,1,0.1483450472918243,train
12638,1,0.0193961415668904,train
12640,0,0.3665801773292241,train
12641,1,0.0923837819045746,train
12644,1,0.3446760138455367,train
12645,1,0.0220251454094735,train
12648,1,0.2769107288982151,val
12651,0,0.6154386170309507,train
12652,1,0.6009874728050804,val
12659,1,0.1267239814570091,val
12660,1,0.4014545782459496,train
12661,1,0.2848599424196441,test
12662,1,0.8367622897294298,train
12664,1,0.1642609799636493,train
12667,0,0.6643603902553687,train
12668,1,0.0233584328547236,val
12669,0,0.3813668692254213,train
12671,1,0.1848234494348563,train
12673,1,0.1217974866792016,train
12674,1,0.2736161693511093,train
12675,0,0.6336874023935326,train
12676,0,0.5221282670357545,test
12677,1,0.2151512314976184,train
12679,1,0.418189961827009,train
12680,0,0.2335798205896893,train
12681,0,0.8256193742342168,train
12684,1,0.0476135883792477,test
12687,1,0.1851499832997527,train
12688,0,0.3966717561186191,train
12690,1,0.1212368563455021,train
12696,1,0.3495943132918789,train
12697,1,0.1492424369358908,train
12698,1,0.0713234900294456,train
12699,0,0.4466790585651712,train
12700,0,0.512920983615252,train
12703,1,0.4587030860596464,test
12704,1,0.2075560020185608,train
12705,1,0.1300810110181733,train
12707,1,0.1215288301136916,test
12708,1,0.0759640426150258,test
12709,0,0.4809507719127133,train
12710,1,0.2933286183207898,train
12711,0,0.3548991568774839,train
12712,0,0.7221431709863113,train
12714,1,0.3323439279615373,val
12715,1,0.1456132405972315,train
12716,1,0.3591742509839,train
12717,1,0.3870986410792549,val
12720,1,0.4241519581783252,train
12721,0,0.7094139379253599,train
12722,1,0.4955393867280114,train
12723,0,0.6637221739426364,val
12729,0,0.2468907507479715,train
12730,0,0.9713011928888202,train
12732,1,0.2798240918269521,train
12733,1,0.5595263089803757,test
12736,1,0.7496039905147776,val
12737,1,0.3913231640230025,test
12742,0,0.4458213046588515,val
12744,0,0.6822627824070084,train
12745,1,0.168004964307633,train
12746,1,0.2375735176269831,train
12750,1,0.1681732805691725,val
12752,1,0.1461567833270498,train
12754,1,0.2184092849633642,train
12755,1,0.2359288485163826,train
12756,1,0.0843033458193379,train
12758,1,0.5053002972573988,train
12759,1,0.673060561249641,train
12760,0,0.0993177842843809,train
12761,0,0.6046572663724261,train
12762,1,0.1329710624100398,train
12763,1,0.2619208374965051,train
12765,0,0.7343152381312698,train
12766,1,0.5753752440938195,train
12768,0,0.4973722515555584,test
12769,1,0.2171412645955129,train
12770,1,0.5999055330020834,train
12773,1,0.6933334832492528,train
12775,0,0.6313886758582362,train
12776,1,0.318716230571048,val
12779,1,0.6184286321738293,val
12781,0,0.5204168589221563,test
12782,0,0.4770886841618583,train
12783,1,0.1715775791700899,test
12784,1,0.3331913195772131,train
12785,1,0.1580665601913088,train
12786,1,0.1936752237518327,train
12788,0,0.579428000433815,train
12789,1,0.483718776683593,val
12792,1,0.6369333733655769,val
12793,1,0.1095785887550715,train
12794,1,0.1317035973620266,test
12795,1,0.1521251543870445,train
12798,1,0.0565873845519697,train
12799,1,0.3260001749951706,train
12801,1,0.5292578051163298,train
12803,1,0.593130664622971,test
12805,0,0.7076554855596286,val
12806,1,0.7427454336325056,train
12807,1,0.1158899697431571,train
12809,1,0.0397933528050497,val
12810,1,0.2399697877883101,test
12811,1,0.8685920020197313,train
12812,1,0.1975657159381215,test
12815,1,0.3353329502940876,train
12819,1,0.433629122080142,test
12820,1,0.1375443087322138,train
12822,0,0.554720000457035,train
12825,0,0.2250466242416021,train
12827,1,0.3044300781873633,train
12828,1,0.6414964107900869,train
12829,1,0.1842097006114323,val
12831,0,0.5188931496403903,test
12832,1,0.5874641247218628,train
12834,0,0.7377921441166971,train
12836,0,0.7296226378802826,train
12838,1,0.5755853892684328,val
12839,0,0.5379173241049469,train
12841,0,0.2231430099694515,train
12843,1,0.8121927857296107,val
12844,1,0.2606309235725322,val
12845,0,0.3658498484784906,train
12846,1,0.4231373793277628,train
12848,0,0.4662859135335585,train
12850,0,0.2001038749998207,val
12854,1,0.5949892086315529,train
12856,0,0.4081226559091785,test
12860,1,0.3097179912312539,val
12863,0,0.6008083424968754,train
12865,1,0.3952553460372995,test
12866,1,0.464564388256251,train
12867,0,0.3068208102943491,val
12869,1,0.1662707801520337,train
12870,1,0.2273895084195487,train
12871,0,0.7616421289168882,train
12873,1,0.0499891795173467,train
12874,1,0.4021998162644471,train
12876,0,0.5540436650019793,train
12878,1,0.3806133516249095,train
12879,1,0.3417993369050809,train
12883,1,0.5131435126692516,test
12885,0,0.5075006349990945,train
12887,1,0.2466075831285279,train
12889,0,0.3501331508748746,train
12890,1,0.0905018738984185,test
12892,1,0.1533640247772861,train
12894,1,0.1477104549358596,val
12895,1,0.3941685788505326,train
12896,1,0.1343260607797335,train
12897,1,0.5449293123021206,train
12898,0,0.3742409024048141,val
12899,0,0.4478651687021622,test
12900,1,0.8612720820225624,train
12903,1,0.1724911849394105,train
12904,0,0.6474574513598654,train
12908,1,0.2713179160821811,train
12911,1,0.2305091126772563,train
12912,1,0.1644442398734207,val
12913,0,0.3118641788386289,train
12914,1,0.05560266646868,test
12915,1,0.1247027799014887,train
12916,1,0.6659524996320225,train
12918,0,0.618659918366566,val
12920,1,0.3937419972187074,train
12923,1,0.3472902127371857,train
12925,1,0.4009093623886963,test
12926,0,0.1547711494869931,train
12927,1,0.0720220932675456,test
12930,1,0.6232276667264309,train
12931,1,0.1128354415543775,train
12933,1,0.1568530412261254,val
12934,1,0.2887072184638413,train
12937,1,0.1526272260245957,test
12938,1,0.1606854848642254,test
12942,1,0.2610235404946804,val
12943,1,0.3416968578037215,train
12946,0,0.2896259238956142,train
12948,0,0.6664495911414801,train
12949,1,0.6337965104558851,test
12953,1,0.6318001250511669,val
12954,1,0.2452190902086276,train
12955,1,0.9766988453106558,train
12957,1,0.1655536052334516,train
12958,0,0.6415632999382452,train
12960,0,0.2606235369556703,test
12964,1,0.3782725305481855,test
12966,0,0.5589570113504769,train
12967,0,0.962238077339834,test
12970,1,0.2904182025961902,train
12971,1,0.0966030433804946,train
12972,0,0.6162367676702928,test
12973,1,0.1583797314366509,train
12975,1,0.1627366860013077,train
12976,1,0.5442509518237282,test
12977,0,0.8702620621246779,train
12978,1,0.4776023846016858,train
12979,1,0.1499562842311859,train
12981,1,0.0895134815537678,test
12983,0,0.8115982633004976,test
12984,1,0.3006920748976347,train
12986,1,0.208800641643636,test
12987,1,0.4137857785013383,train
12989,1,0.1655620759695713,train
12994,1,0.4646921900843193,train
12995,0,0.7363191743316493,train
12997,1,0.4161615781027779,train
12999,1,0.1611591549807408,train
13001,1,0.3901210669332929,val
13003,0,0.2403226696915359,val
13004,1,0.4812953924073575,train
13005,1,0.4194370821491033,train
13006,1,0.1690870298541107,train
13009,1,0.1691569993065318,test
13010,1,0.0523690643528206,train
13011,0,0.3672029097837871,val
13013,0,0.672942463394206,train
13014,0,0.4522099582933145,val
13015,0,0.7177295985083942,train
13017,1,0.3075362113971173,train
13020,1,0.5960871619275976,train
13024,0,0.8344679575180604,train
13025,1,0.2398276074073485,train
13027,0,0.8707028682807363,train
13028,1,0.0627871428872884,train
13029,0,0.8744214903034382,train
13030,0,0.3311837098399042,train
13034,0,0.4531846711441186,train
13036,1,0.0603495320545033,train
13037,1,0.0198187883852669,train
13038,1,0.6397538415210666,train
13039,1,0.070096806655198,train
13042,1,0.5662749827423526,test
13043,0,0.5679378237749868,train
13044,1,0.0845683942955525,train
13045,0,0.4243675426577203,val
13048,0,0.4451688614375169,val
13051,1,0.3553796775790082,train
13053,0,0.5669443107899649,train
13058,1,0.7133158374525288,train
13061,1,0.4059056052015878,train
13063,0,0.7578518621095116,train
13064,1,0.0430381946791752,test
13065,0,0.7762747507395061,test
13071,0,0.3799365466099978,train
13073,1,0.5201665672256798,train
13074,1,0.3195600864540737,test
13076,1,0.3216187833908202,train
13077,1,0.2463466815895127,train
13078,0,0.6736187081846283,train
13080,0,0.5007757403649441,val
13083,1,0.0521668602756365,train
13085,0,0.4584105643557913,train
13087,1,0.6504153321162627,train
13089,0,0.5818088724208983,train
13091,1,0.0900606961956619,train
13093,1,0.6702811640026494,test
13094,1,0.3448197798731761,train
13095,1,0.4051884043042919,test
13096,1,0.373220967322287,train
13097,0,0.2692790540631056,val
13099,1,0.3970844133385383,train
13103,0,0.7091750023120723,train
13104,0,0.2562055375329278,test
13105,1,0.3749184359465917,train
13106,1,0.114704724806427,train
13107,1,0.3345046797855338,train
13108,0,0.5515677545627768,test
13109,0,0.5293119918096434,train
13112,0,0.211536697914746,test
13113,1,0.074120773219996,val
13115,0,0.4884963033251182,train
13117,1,0.0276549160734361,train
13118,0,0.2738071080337835,train
13120,1,0.110207153497308,train
13121,1,0.3568399637955255,val
13122,0,0.7648774293081954,train
13123,0,0.4828837485960506,val
13125,0,0.9141193102333004,train
13126,1,0.0985934609229793,train
13128,1,0.6642725190101655,train
13134,0,0.8513790184321909,val
13135,0,0.5756294816735494,train
13136,1,0.1065476624937381,val
13137,1,0.2338594859278571,train
13143,1,0.4975495346528182,test
13144,0,0.486761159230782,val
13147,1,0.2568959646811761,val
13149,1,0.266347920445053,train
13150,1,0.2052682125909164,train
13154,1,0.4394578056413084,train
13155,0,0.6940422242974771,train
13156,0,0.6495560822805964,val
13158,1,0.1598162026880754,train
13159,1,0.0811895717571381,train
13161,1,0.248429676064944,train
13162,1,0.2538607721767242,val
13163,1,0.2927504131151073,val
13164,1,0.2266102692121303,test
13165,1,0.0620416628055174,test
13166,1,0.0102759548463063,train
13169,1,0.0430176380970583,train
13171,1,0.5020208008567075,train
13173,1,0.1468952023322667,train
13175,1,0.4676471327743924,val
13176,0,0.878530080461846,train
13177,1,0.0123795412730953,train
13181,1,0.0769385250186374,train
13182,0,0.8701333946810963,train
13183,0,0.7658726564245738,train
13185,1,0.370154783607487,train
13188,0,0.8483168086014367,test
13189,0,0.8989610817015204,val
13191,0,0.6412799319389818,train
13192,0,0.5743808658338769,train
13193,1,0.0501949214897528,train
13199,1,0.0176444464430317,test
13200,1,0.2334341524277804,train
13202,1,0.2250552526465905,train
13203,1,0.5224376441359078,train
13204,1,0.1628756042997563,test
13206,1,0.0720296015163209,test
13208,1,0.1052144309109602,train
13209,0,0.3120385320738021,val
13210,1,0.2087097686378283,train
13211,0,0.4458923984235923,train
13213,0,0.7591461324989441,train
13215,1,0.4953682688642419,val
13216,1,0.1638468001040467,val
13217,0,0.5018536847465493,test
13218,0,0.5717007404211149,test
13219,0,0.2830371029980767,train
13222,0,0.3859117953762896,train
13227,0,0.4071983647443181,train
13228,1,0.4624306675924301,test
13229,1,0.2530608759848162,train
13232,0,0.7186499040150989,train
13234,0,0.3849755610352092,train
13236,0,0.5160852175438807,train
13239,1,0.0756136845466934,val
13240,1,0.4781977230815025,train
13241,1,0.7143027574813494,train
13244,1,0.1504984077708498,train
13245,0,0.6760792378969817,train
13246,1,0.3151473061584068,train
13247,0,0.6746553408153559,train
13248,0,0.4601617997664923,train
13251,1,0.1712054699075111,train
13256,0,0.3197746435459226,val
13257,1,0.5347172501572709,val
13259,0,0.8006761906030845,val
13261,1,0.5027207237860212,val
13263,1,0.392367474609322,train
13264,1,0.3145698783662778,train
13265,1,0.1343324952915405,train
13270,0,0.5359131121016313,train
13272,0,0.4606494485854082,train
13273,1,0.2172484780857505,train
13274,1,0.1498090130524331,train
13277,0,0.7022652530618185,train
13278,1,0.4959528430737884,train
13279,0,0.8460261558001618,train
13284,0,0.6345443779169531,val
13285,1,0.1631650744790593,test
13286,0,0.2705705443380596,train
13290,1,0.1713470060526218,train
13291,1,0.0850597456699245,train
13292,0,0.2836445160175422,train
13293,1,0.2982415150210783,val
13295,1,0.2619317249331248,train
13300,1,0.2547485620478475,test
13301,0,0.4265657921985818,train
13307,1,0.1059981051448653,val
13309,1,0.344154981634717,train
13312,1,0.239407390513159,val
13314,0,0.5780781278156798,train
13316,1,0.2426168340337149,test
13317,0,0.3645672652089584,val
13321,0,0.7784594226098869,test
13322,0,0.4870715056267772,train
13323,0,0.5877096902061185,train
13327,0,0.5336080811895142,train
13329,0,0.2008360395181989,val
13330,1,0.3067798219477422,train
13331,1,0.8837244532211425,train
13332,0,0.7079546187425376,train
13335,1,0.4469780767746567,val
13336,0,0.8417888758160597,train
13341,1,0.6868451046948226,val
13344,1,0.0245940395077358,test
13345,0,0.5219935832084991,train
13349,1,0.2457666675826549,train
13350,1,0.0876912203251872,train
13355,0,0.8849139930680879,train
13356,0,0.3044864371719595,train
13359,0,0.5569159493558922,train
13360,1,0.4012815468492565,train
13361,0,0.8398242113042264,train
13362,1,0.1753643523281207,train
13363,0,0.6532872348851164,train
13364,0,0.9697167442288436,train
13366,1,0.3545027687836743,train
13368,0,0.7635319726561112,test
13371,1,0.2636730485683909,test
13372,1,0.1342552766043612,val
13373,0,0.7708889726349526,test
13374,1,0.2434802772030956,val
13375,1,0.1260385486719384,train
13376,1,0.1776560484438043,train
13378,1,0.170615930242493,train
13383,0,0.3516999991771911,train
13384,1,0.3167918167376767,train
13386,0,0.418227160274731,train
13392,0,0.5398275115085249,train
13393,1,0.1894919188606829,train
13394,0,0.5467570379116614,train
13395,0,0.8753338029785092,train
13397,0,0.762601776011409,train
13398,0,0.5364091506705823,train
13399,0,0.789603308199035,test
13400,1,0.4386137983183977,train
13401,1,0.371066103346783,train
13402,1,0.1119012174164101,val
13404,1,0.358592566560026,train
13405,0,0.6642813943921002,train
13406,1,0.3158290812422244,train
13407,1,0.7233583754476753,test
13410,1,0.1134051912125593,train
13411,0,0.5444102448623096,val
13414,0,0.3814467905586224,test
13415,0,0.6268748906499807,train
13418,1,0.459808804398277,train
13422,1,0.4845773857055697,train
13425,0,0.2038250111074099,train
13426,1,0.5556230939298983,test
13427,1,0.7049939457446287,val
13430,1,0.6232821058570353,test
13431,1,0.1341954670811108,val
13432,0,0.4075611228162588,train
13433,0,0.6896182823871676,train
13434,0,0.5934687482837993,train
13438,1,0.5687929124580255,val
13439,1,0.3181762854577442,train
13441,0,0.6898134586893989,test
13445,0,0.4107249617840777,train
13446,0,0.7147364675540968,train
13449,0,0.7859199315454508,train
13450,1,0.1289556853884077,train
13451,1,0.3857330842845374,train
13452,0,0.423953947386019,val
13454,1,0.3660266368913311,train
13456,1,0.4006617982607076,train
13457,1,0.4615425081753337,val
13458,1,0.2106300879332528,train
13459,0,0.1828817824153648,test
13460,1,0.2219811273154214,test
13464,0,0.6045870788491298,train
13467,0,0.6461909120903564,train
13468,1,0.1744994859007171,train
13469,1,0.3285957837078112,train
13470,0,0.5665389039061937,train
13471,0,0.3687038216454614,train
13473,0,0.7502989856342737,train
13477,1,0.2353965508207163,val
13478,0,0.466378486584015,train
13482,0,0.5131102553225707,train
13483,1,0.6006204126138345,train
13485,1,0.7800900343276111,train
13486,1,0.1330048494759802,val
13487,0,0.8811597587207292,train
13489,1,0.0706020656705559,train
13492,1,0.102876539509768,train
13496,1,0.1568511301347728,test
13497,1,0.4774036924539527,train
13498,1,0.2800891637958881,train
13499,0,0.3387004212738933,val
13500,1,0.1636542503643339,train
13501,0,0.705907154256092,val
13502,0,0.9753200023602014,train
13503,0,0.7128038999282122,test
13504,0,0.6337611338115905,train
13506,0,0.3883630981205844,test
13508,1,0.2852349652085781,train
13510,0,0.3716758584336308,val
13513,1,0.0838737401997968,train
13514,1,0.4706617527061491,val
13516,1,0.3161155701781114,train
13517,1,0.1805391220400295,train
13518,1,0.2394990645399958,train
13521,1,0.1634389331383096,test
13522,0,0.8358028002705324,train
13523,1,0.2625917783022422,val
13525,0,0.3742481141221476,val
13527,1,0.71426040372438,train
13529,1,0.033161796568401,train
13530,0,0.8230503870087861,val
13531,1,0.39774466226916,val
13532,0,0.5187026780134952,train
13533,0,0.5599866350536372,train
13534,0,0.7509423680333154,train
13537,1,0.3993126022284843,train
13540,1,0.181508507724142,train
13543,1,0.1203154521280991,train
13544,0,0.7256646664203158,train
13546,0,0.4591867636970828,train
13547,0,0.3710533817501886,train
13548,1,0.0565639342667367,train
13553,0,0.7810843817842625,test
13554,0,0.7834458382102398,test
13555,1,0.0967774776787194,test
13557,1,0.3029704393819149,test
13558,1,0.0688350526143516,test
13564,1,0.1947285886519434,train
13565,0,0.5009382494345052,test
13567,1,0.5757733164654868,train
13568,1,0.4412989766474657,val
13571,1,0.6366512000585307,train
13572,0,0.6076016754894935,train
13574,1,0.2754825404724754,val
13576,1,0.1848133448119663,train
13577,0,0.3725030207282491,train
13582,1,0.1212857865639263,test
13583,0,0.3596784604811905,val
13587,1,0.1773894391559427,test
13589,1,0.3237974674099502,train
13590,1,0.3197259398068713,train
13591,1,0.6126326658733962,val
13592,1,0.3367710560413448,train
13593,1,0.176944964894482,train
13594,1,0.1715489438772581,train
13595,1,0.5560934103208135,train
13597,0,0.1640820531409037,test
13598,0,0.4968355781640581,train
13599,0,0.7555819950222511,train
13600,1,0.1046082142823583,train
13601,0,0.2930910502568554,train
13603,0,0.6345026997342864,train
13604,1,0.3110732506256882,train
13607,1,0.5893312387018146,train
13611,1,0.0759457462025575,train
13614,1,0.368981047604128,train
13617,0,0.4978446372866515,train
13618,0,0.6627892241135301,val
13620,0,0.3062305693543651,train
13621,1,0.3452631966648473,train
13622,1,0.116087278961415,train
13625,1,0.1034084050547946,val
13628,0,0.4394658175066225,val
13629,0,0.8262322663433026,train
13633,0,0.8906691176882312,train
13634,1,0.4233685863774115,train
13637,1,0.4777972054513045,train
13638,1,0.1378311096655704,train
13639,1,0.4804713659504923,test
13641,1,0.4981410881862222,val
13643,0,0.3654055002790471,train
13646,1,0.7489369213281951,val
13648,1,0.4243532897721569,train
13649,1,0.2144243767643926,train
13656,1,0.4459004908534895,val
13657,0,0.667216860496589,train
13658,1,0.085790366614877,train
13659,1,0.2598154349346623,train
13660,0,0.7516869172201474,test
13661,1,0.3938749114938048,train
13663,1,0.4316966169951077,test
13665,0,0.3513473736004713,test
13666,0,0.5309618000085965,train
13668,1,0.2817533062259284,train
13671,0,0.6330765724825447,train
13672,0,0.5638022142812498,train
13673,0,0.7737375957090623,train
13675,1,0.2148405769005698,train
13679,1,0.1369371142062516,test
13680,1,0.6032006249102931,val
13682,1,0.160608593787876,val
13684,1,0.5754037351708392,train
13687,0,0.5931907572983004,test
13690,0,0.8349574183990922,test
13695,1,0.2434210602560259,val
13696,0,0.513732763921374,train
13697,0,0.6432067979648569,train
13703,1,0.2433511900453304,test
13705,1,0.1638188489785693,train
13706,0,0.0812026544024675,train
13707,1,0.119426130703052,train
13709,0,0.362749309580573,train
13710,0,0.5932822772098252,train
13712,0,0.8638026960765931,val
13713,1,0.3987647280071035,test
13714,1,0.1441582189640949,val
13716,0,0.7825334374866835,train
13717,0,0.6783340370328839,train
13720,1,0.589795877225783,train
13721,0,0.729250669714782,train
13722,1,0.565238964720099,train
13723,1,0.2610167056083721,test
13724,1,0.1285010881630824,train
13725,1,0.3088311066622987,train
13726,1,0.3335790719479748,test
13728,0,0.3209175557432118,train
13730,1,0.3928698713105941,val
13731,0,0.8300736242572738,val
13732,1,0.1757030140075245,train
13733,0,0.6765259248432001,train
13734,1,0.0229547273550003,train
13735,0,0.5711146230103032,train
13736,1,0.4674472448768759,train
13737,0,0.5015579567518487,train
13743,1,0.5603803936314931,train
13746,1,0.3398140851608887,train
13747,0,0.4554349580823323,val
13748,1,0.073409663274609,train
13749,1,0.0539088035367083,test
13750,0,0.465968017476796,train
13752,1,0.3195655793122337,train
13753,1,0.198122620010038,train
13755,0,0.3340360441888491,test
13757,1,0.4919198025007059,val
13759,1,0.7355297914941734,val
13760,0,0.4824723100163133,val
13762,0,0.6189229818364173,train
13763,1,0.3528971639656222,val
13765,1,0.2024079724400634,train
13766,0,0.7342408851443415,train
13767,1,0.3302646759474703,val
13768,0,0.373162259291492,train
13769,1,0.3144004963123851,train
13770,1,0.0573791545458594,train
13771,1,0.2817077541757821,train
13772,1,0.2308087865424147,val
13773,0,0.5339650952881254,val
13776,1,0.1856053796464757,train
13778,0,0.5008078540859406,train
13780,1,0.1885711340257428,train
13781,1,0.101439365391359,val
13782,1,0.8684220365513273,train
13783,0,0.4359891771944636,test
13784,1,0.2226261907029518,train
13789,1,0.1941173495460209,train
13790,1,0.2300998540931695,train
13791,1,0.2492347683379934,train
13794,1,0.3301669081180444,test
13795,1,0.1647077627699462,train
13796,1,0.149664326135736,val
13797,1,0.0663527509138323,train
13799,1,0.4484910601334753,train
13800,1,0.1261676535350451,test
13803,1,0.423830600045725,train
13805,1,0.2837627425194395,train
13807,1,0.4645781605294911,test
13809,0,0.8377016086724386,test
13811,1,0.1317557961612986,train
13813,1,0.6585947220441952,val
13814,1,0.1913738621170906,val
13815,0,0.90694130546925,train
13816,0,0.49656675819297,val
13817,1,0.0495714114472566,train
13818,1,0.5019890475818372,train
13819,1,0.5063682568003463,train
13820,0,0.5328982862227912,train
13821,0,0.2773670094341931,val
13823,1,0.5521754859025534,train
13824,1,0.6228042570957517,train
13825,0,0.6204351729705346,train
13827,1,0.170317267839867,train
13832,1,0.6910828023022018,train
13834,0,0.5781021940837527,test
13836,1,0.6152766311145418,val
13838,1,0.2452988644708585,val
13840,0,0.9356010242966252,train
13841,0,0.8781502686886261,train
13842,0,0.4176661139802649,train
13843,1,0.2406516509410804,val
13845,1,0.0669800486555213,val
13848,1,0.2689112045667439,train
13850,1,0.121684524997815,train
13851,1,0.3737532374721335,train
13852,1,0.399495805715904,train
13860,1,0.3523928983043415,test
13861,1,0.1711788599597268,train
13864,0,0.3563751506103174,train
13865,1,0.2000238823835047,train
13867,0,0.481279116693887,train
13868,1,0.6728763736001061,train
13869,0,0.2281850549192741,train
13870,1,0.0872665580022353,train
13871,0,0.4773068926467311,train
13873,1,0.2793315444069278,test
13874,1,0.2289417734545967,train
13875,1,0.4707249498920152,train
13877,0,0.567106865921428,train
13879,1,0.414480133299673,val
13881,1,0.3914109042919964,train
13882,0,0.2795874376473742,train
13883,1,0.4717005338382092,test
13884,1,0.0676495791378999,train
13885,1,0.169219893363912,val
13887,1,0.2213724400702964,train
13888,0,0.8152650246952577,train
13889,0,0.828316955069977,train
13894,1,0.3303277125373073,train
13896,0,0.1585682624260566,test
13897,0,0.6549009518573095,train
13900,1,0.3167785414326527,test
13904,0,0.5956049577707749,train
13906,0,0.2798017445738169,train
13908,0,0.6779125194867033,test
13909,1,0.3014350318044828,train
13910,1,0.3442381887250898,train
13911,1,0.1860947808180271,train
13913,0,0.4336875482949898,test
13914,0,0.3296567265997916,train
13915,0,0.9313979595622044,train
13916,1,0.2580380477896973,train
13917,1,0.6817827954553808,train
13918,1,0.3192783568756447,train
13919,1,0.0544840553854849,train
13921,1,0.2507009613490888,train
13923,1,0.2397645622736488,train
13924,0,0.3054648738285216,test
13926,1,0.5554805380226108,train
13927,0,0.8238906447960213,train
13928,0,0.7156629581132274,val
13929,0,0.9008897869974228,test
13930,1,0.1852033166791943,train
13931,1,0.1525939121475535,train
13932,1,0.1218021288406951,train
13933,1,0.3530386897245017,test
13936,1,0.3227729295471485,test
13937,1,0.444537417176554,train
13938,0,0.7646986067910734,train
13939,1,0.2665693319322877,val
13943,0,0.5997709845984269,train
13945,1,0.0710909692619415,train
13946,1,0.212897906059429,train
13948,1,0.275364596884695,train
13949,1,0.533807988575954,val
13952,1,0.1677934193852149,train
13954,0,0.7968046127622049,train
13955,0,0.5138994624958988,train
13956,1,0.0079934696168457,train
13958,1,0.50469507150035,train
13959,1,0.3236552781939362,train
13960,0,0.3996384654064153,val
13961,0,0.3934726382973827,train
13963,1,0.4531592058288521,train
13964,1,0.3568210542753218,test
13965,0,0.651614019846993,train
13966,0,0.4623693061105582,val
13968,1,0.1903723918034572,val
13970,0,0.8085403732473918,val
13971,1,0.6110477782610209,val
13976,1,0.1637984593342273,train
13977,1,0.092853424115965,test
13979,1,0.1276367553531319,train
13980,1,0.3566705902804729,test
13982,1,0.4567255501956296,val
13984,1,0.1240184558888718,train
13985,1,0.2525290550735186,train
13986,1,0.2111124892803471,train
13987,0,0.3174122220257955,val
13988,0,0.6180603736909229,train
13990,1,0.4657998060274384,train
13992,1,0.2315201454484421,train
13995,1,0.2725535471597514,train
13996,1,0.3366420844123646,val
13997,1,0.0821902067697004,train
13998,1,0.1938135632575014,val
14000,0,0.5043110246238467,train
14001,1,0.3675100974826417,train
14002,1,0.2989182731564003,val
14007,0,0.8260524234190236,test
14008,0,0.5333244104930599,train
14009,0,0.8858350166624593,train
14010,1,0.3320931405166615,train
14011,1,0.3133557159223443,train
14014,1,0.4358208352084607,train
14018,1,0.0360670528478914,train
14020,0,0.457469403009782,train
14022,1,0.2554150683387072,val
14024,1,0.1812925898599452,train
14025,1,0.3291103976913776,test
14026,0,0.5355580119841927,train
14030,1,0.3975174897786085,train
14031,1,0.339481171696528,train
14032,1,0.4861701932572291,train
14033,1,0.4414504854849165,train
14034,0,0.8928132770028898,train
14036,0,0.3826441740729072,train
14037,1,0.5581898353083599,train
14039,0,0.8928575717253346,train
14040,1,0.1676913484186315,train
14041,0,0.4325465359139931,train
14042,1,0.6170182207365669,train
14043,1,0.0714609233547266,val
14044,1,0.2848495402429628,val
14045,1,0.1022770886428204,train
14046,1,0.2619785534281884,test
14048,1,0.3422371784140936,test
14049,1,0.3292517844274804,train
14052,0,0.3728215728358111,train
14054,1,0.1248319830909501,val
14055,1,0.5446485908095172,train
14057,1,0.1506826088526457,train
14059,1,0.209387838342609,train
14065,0,0.1581426391339983,val
14066,0,0.1998238514150372,test
14072,0,0.4688478949354725,train
14073,1,0.1615649287844314,train
14074,0,0.4253211764025479,train
14075,1,0.3005119259324487,test
14076,1,0.1776268947996935,train
14079,1,0.474247209756548,train
14080,1,0.515841988095688,train
14082,0,0.583830648117661,test
14083,0,0.4036251728894838,val
14084,1,0.5768624527649422,train
14086,1,0.2160052671592582,val
14090,0,0.4930792294395029,train
14091,1,0.1534379638683127,train
14092,1,0.2597589843058862,test
14094,1,0.0959168858453923,test
14096,1,0.1506656048009977,train
14097,0,0.4829693055974715,val
14098,0,0.4126755567107347,test
14099,0,0.5960035434806312,train
14100,0,0.2532503878756313,test
14102,0,0.7389913188772057,train
14103,1,0.8402449348758458,train
14104,0,0.6241670087928899,train
14105,0,0.6403650368999838,val
14107,1,0.098541835718671,test
14110,1,0.4161561154271228,train
14111,1,0.3940655590355525,train
14114,1,0.483156996710677,val
14117,1,0.2543093285619038,train
14118,0,0.5539585881550756,train
14119,1,0.3179201654185365,train
14120,1,0.0580362017925681,train
14125,1,0.178777180398352,train
14126,0,0.4309401054173223,train
14128,0,0.3549362640357795,val
14129,0,0.76939993514704,train
14130,1,0.22623480144578,train
14131,1,0.2052631310495253,train
14134,1,0.1556724259663936,train
14135,1,0.1034549241829763,test
14136,0,0.5253011230741489,train
14137,1,0.5831189422033497,train
14138,0,0.30103494210799,train
14142,0,0.6519756081756396,test
14143,1,0.1649706839854539,train
14144,1,0.3017380963246605,train
14145,0,0.4004244189440663,val
14147,1,0.106716180927828,test
14150,0,0.1886628547977805,val
14151,0,0.6342362733797611,train
14153,0,0.7790934491902778,train
14154,0,0.4111210615955049,train
14155,1,0.1338093399115192,test
14156,0,0.4656107393323994,train
14159,0,0.5942296284603605,train
14161,1,0.2022337573706056,train
14162,1,0.3799868354932336,train
14163,0,0.6126828392000971,train
14165,1,0.2941852975004742,val
14167,1,0.2484045316957233,train
14169,1,0.1938922094608962,train
14171,1,0.1478060408367674,train
14172,1,0.259888651710521,train
14173,0,0.5521029848390794,train
14176,1,0.1963630693815664,test
14177,0,0.8062554936714206,train
14178,0,0.6433282350547055,test
14179,1,0.6348277899162535,train
14180,1,0.1436965693689775,train
14182,0,0.645043041368855,val
14185,1,0.1223153617687711,val
14190,0,0.1788647846046078,train
14191,1,0.1546349890918397,train
14192,1,0.067816626299702,train
14194,1,0.2016694529603437,train
14195,1,0.7177047960447018,val
14197,0,0.7968439277631699,train
14201,0,0.6740188099923295,val
14202,1,0.177895565792113,test
14204,0,0.4206770537789333,train
14205,0,0.5743657823170646,train
14207,1,0.3719575428932262,train
14208,0,0.3402034926248043,train
14209,0,0.3331808614239234,train
14210,0,0.7749995064531492,train
14211,1,0.4674890890278268,train
14213,0,0.8874883450799168,train
14214,1,0.8184964317891412,train
14215,0,0.8488982900789903,test
14216,1,0.3923931402159035,train
14217,1,0.0787698236846861,train
14218,0,0.765935117229466,train
14219,1,0.168464835356182,train
14220,0,0.9217677395563356,train
14222,1,0.0977655377967895,val
14228,1,0.4028050329894244,train
14229,1,0.1948496714219316,train
14235,1,0.4345651977457461,train
14237,0,0.6238880816110204,train
14239,0,0.1316901524135404,val
14242,0,0.6663907208719341,train
14244,1,0.0773628001621201,test
14245,1,0.4335026880544936,test
14247,1,0.3257959753337434,val
14248,1,0.3634709846848082,train
14249,0,0.7790064979646183,train
14251,1,0.1279789339032817,val
14252,1,0.1462280174216127,train
14255,1,0.1769400319591316,train
14257,1,0.366024825734779,val
14258,1,0.3710792258451936,test
14262,1,0.0886803477115565,train
14263,0,0.9960050221767004,test
14265,1,0.2124066298986965,val
14268,1,0.3559070927988111,val
14269,0,0.4237888965398995,train
14270,0,0.6285644610734971,train
14271,1,0.4807411925521253,val
14272,1,0.4741769523662884,train
14275,1,0.110956693557513,train
14276,1,0.4896309087994044,train
14279,1,0.3370771560346293,train
14280,0,0.8390160438029758,val
14281,1,0.0979083091879139,train
14284,1,0.0496743334022298,train
14288,1,0.2619656806412181,train
14293,0,0.2671960163368078,val
14296,0,0.1595149808215644,val
14297,0,0.6708939264375667,train
14298,1,0.3368860769075079,train
14299,1,0.4330987968778901,train
14300,0,0.6247468697232492,train
14302,1,0.4000180314453452,val
14305,1,0.2193736859787057,train
14307,1,0.4292040496915882,train
14308,1,0.4506485693913657,train
14309,1,0.2023385929729584,train
14311,0,0.5195152846359639,train
14313,0,0.6085180261104882,test
14314,1,0.0958470891607368,train
14315,1,0.2070820793753366,train
14316,1,0.1843936444558557,test
14317,1,0.4330565600182514,train
14319,1,0.1733944719770183,test
14320,1,0.1258580401680346,train
14322,1,0.6654405140152271,val
14323,1,0.2132743579027757,train
14324,0,0.7313248441017088,train
14327,1,0.0957308537140958,train
14328,1,0.3386568750940112,test
14329,1,0.1083996803682533,train
14331,1,0.158960246280938,train
14332,1,0.1368242494706361,train
14335,1,0.2936067727343456,train
14336,0,0.885730895771524,train
14339,0,0.8860578094648819,train
14341,1,0.2695766828511294,val
14342,1,0.2021084214193281,train
14343,0,0.4645694791951946,train
14346,1,0.2046928653993952,train
14347,0,0.6545523892944292,test
14348,0,0.8147515577948612,val
14349,1,0.3704109338216819,train
14350,1,0.3651569507602774,train
14352,1,0.2101254792511423,train
14354,1,0.2840719030829245,train
14356,1,0.4284249914708432,train
14359,0,0.7325655378076217,train
14360,1,0.146203774113327,train
14366,1,0.5893703048085508,train
14369,1,0.1820917830391439,train
14370,1,0.0685366521216171,train
14371,0,0.7438921049873581,val
14372,1,0.3652769615793499,train
14374,1,0.2711756102295291,test
14377,1,0.4636313637215022,train
14378,1,0.3853382696997388,train
14380,1,0.1129652994535718,train
14384,1,0.2113688668323373,train
14385,0,0.5358616602784738,train
14388,0,0.4229112748444352,train
14390,1,0.1999203449246478,val
14391,0,0.3979412399884029,test
14393,1,0.2904813268018421,test
14394,1,0.1401578979759649,train
14395,1,0.117655643338151,train
14396,1,0.4920438339754591,test
14397,1,0.3292139305860626,train
14398,0,0.5081728173291384,train
14399,0,0.2078080007060846,val
14400,0,0.5629047505814961,test
14403,1,0.4850505394262741,val
14405,1,0.1417826067315409,train
14406,1,0.1540111377853039,val
14407,0,0.4475382372481539,train
14412,1,0.1228086233615621,test
14414,1,0.1275068657747353,val
14415,1,0.0744947602517557,val
14417,1,0.4513920314958749,val
14419,1,0.1005048550453288,train
14421,1,0.0434727813891765,train
14422,0,0.5759707395892097,train
14423,1,0.1134592308372228,test
14424,1,0.4050025747372318,train
14425,0,0.7571541848658172,train
14427,1,0.6030671254402278,train
14428,1,0.0707872110937536,train
14429,1,0.5477311498662709,train
14431,1,0.1085402187954306,train
14433,1,0.1212877196996968,train
14434,0,0.4168593819036159,train
14435,0,0.8526574036105539,train
14436,1,0.2219841988103797,val
14437,1,0.3235483951671375,val
14439,1,0.4830449389446805,train
14441,1,0.111357078230399,train
14442,0,0.7156805656209047,train
14443,0,0.5578558485944077,val
14444,1,0.318634217388179,val
14445,0,0.7463302729511696,train
14446,0,0.5242556402533567,test
14447,1,0.1857533778859226,val
14449,1,0.1664687092809943,val
14450,1,0.1771999761762038,test
14452,0,0.2582517053418911,train
14453,0,0.6251269604689242,train
14455,0,0.2637697843270498,train
14456,0,0.1636438933198023,test
14457,1,0.2006341739058984,train
14458,1,0.2500669870138691,val
14459,1,0.0890913456918489,train
14462,1,0.2753578382266809,train
14464,1,0.3053295290238649,train
14466,1,0.0516175345934932,train
14470,1,0.2119787568154201,test
14471,1,0.1754282214333661,test
14473,1,0.3759877501795019,train
14476,1,0.1161432207901438,train
14480,0,0.8385776332009995,train
14482,1,0.2798860259894767,train
14483,0,0.682898361393134,train
14484,1,0.1864237271026932,train
14488,0,0.4822302254340532,train
14489,1,0.3269648030349199,val
14491,1,0.2641860257132493,train
14493,0,0.4313040104891753,train
14494,0,0.6938576484332089,train
14497,1,0.0936823910194203,train
14498,1,0.1583925734703114,train
14499,1,0.1928563553144003,val
14500,0,0.492259393455206,test
14502,1,0.4094713229516034,train
14503,1,0.1044109871904402,train
14506,1,0.4427712123311182,train
14507,1,0.2693812448636575,train
14508,0,0.2007735430483649,train
14509,1,0.3808432679896555,val
14510,1,0.2166090739017455,test
14511,1,0.2540488459172114,train
14515,1,0.1694259767958557,train
14516,0,0.6148270130671585,train
14518,1,0.1238954071997382,train
14521,1,0.5146858668362893,train
14522,1,0.0850568834487788,train
14523,1,0.3058009130534401,train
14524,0,0.4249053824149906,train
14525,1,0.3168473085756715,val
14529,0,0.2250379290185069,train
14530,0,0.7044667321193796,val
14531,0,0.6957700753831806,test
14532,0,0.951755673322494,train
14534,0,0.7944654618343228,train
14535,1,0.704456449971193,test
14536,0,0.7414603409551097,train
14539,1,0.2728818692044437,train
14540,1,0.3359873333905973,train
14541,0,0.6411871991079253,train
14542,0,0.4027014654113648,test
14543,1,0.1899087612451794,val
14544,1,0.1374132204852315,train
14545,1,0.3482153920757892,train
14546,1,0.3437359500978247,train
14547,1,0.3218376844691232,train
14548,0,0.9291968941613132,train
14549,1,0.2771418273808014,train
14550,0,0.4494307021745599,train
14553,0,0.8880246646225278,train
14554,0,0.7975935538127135,train
14556,1,0.1382719241828117,train
14557,1,0.0704874854913313,train
14560,0,0.5862396943895212,train
14566,1,0.165833233725135,test
14567,1,0.1475463212686358,train
14568,1,0.2449891672519852,train
14570,1,0.1439246940157797,train
14571,0,0.6333161516607534,test
14574,0,0.4145761974514369,train
14575,1,0.2372828603672593,train
14577,1,0.2003417219555777,val
14578,0,0.6930722536869599,val
14580,0,0.3280187892030198,test
14581,0,0.6391336863942356,train
14582,1,0.1055657634079137,train
14584,1,0.652083901154013,test
14585,0,0.8371893427940837,val
14586,1,0.3791546626849769,val
14587,0,0.7143517725093891,val
14590,1,0.3209584196384148,train
14591,0,0.5659065550679628,train
14593,1,0.1806703844973818,val
14594,0,0.5832588378672567,train
14595,0,0.4936867136987809,test
14596,1,0.4654138398661223,train
14601,1,0.3006294797598667,train
14602,0,0.5837486056593644,train
14603,0,0.5098882500700253,train
14605,0,0.6142693239880102,train
14606,1,0.3831717625569594,train
14607,0,0.5303292856547136,train
14608,1,0.0765494095459711,train
14610,1,0.0402239244762713,val
14611,1,0.3152597167564704,train
14612,1,0.3197013035013442,train
14613,1,0.0295062383792696,train
14616,1,0.4433505279362055,val
14617,0,0.7793541758151727,train
14618,1,0.4162593715618071,train
14621,1,0.3603903418915323,test
14624,1,0.3704835435846489,test
14625,1,0.4511994096840328,train
14627,0,0.2866143734702244,val
14628,0,0.6444678035012924,test
14629,1,0.1853751085438049,train
14630,1,0.3117412008110448,train
14631,1,0.1722500629683767,test
14633,1,0.4338560028746435,train
14636,1,0.4355121859674957,train
14637,0,0.7719863945853985,train
14639,0,0.789509894806477,train
14642,0,0.3238411103581127,train
14643,1,0.1228819426758738,val
14645,1,0.4970508591885145,train
14646,0,0.6060659468652116,train
14648,0,0.6667275671003634,train
14650,0,0.3789704020764415,test
14652,1,0.426356826505021,train
14654,0,0.5212493632395514,test
14655,1,0.2863034776761507,train
14657,0,0.6213406795628816,test
14659,1,0.3914171016486807,train
14660,1,0.2723458792629215,test
14662,1,0.2136256369227394,train
14663,1,0.153735378479812,train
14664,1,0.792244465049037,val
14665,1,0.2360896000279575,train
14666,0,0.8281693791406424,train
14668,1,0.1630803464114154,train
14672,1,0.1316049725702911,train
14673,1,0.5632858930511834,train
14674,1,0.2936151438586373,train
14675,1,0.1484279242591677,train
14676,0,0.8300152991432387,val
14678,1,0.2682071238774206,train
14679,0,0.5037217044097069,train
14681,0,0.360917491828562,train
14682,1,0.023356907905257,test
14685,0,0.5985209972784158,train
14686,1,0.3614135767156378,train
14689,0,0.668700078787148,train
14692,1,0.0657886700795485,train
14694,1,0.3115147380055224,train
14695,1,0.424005048448814,val
14696,1,0.3449520993200825,train
14697,1,0.1356567380266867,train
14698,1,0.1772571425858138,train
14701,1,0.3781907391428563,train
14702,0,0.6420658262944617,train
14705,0,0.8547884920150551,test
14707,0,0.4765649465581393,train
14709,1,0.1454198959290833,test
14710,1,0.375298616371082,train
14712,0,0.4497691974603934,train
14713,1,0.2387948451028736,train
14715,1,0.4051321494274748,train
14716,0,0.5560600092154228,train
14717,0,0.5411912472667457,test
14718,0,0.2585065510105027,train
14719,1,0.3322682893843056,train
14721,0,0.6011827399898422,train
14723,1,0.3550357774806009,train
14727,1,0.3151292177873624,train
14732,1,0.498725476799556,train
14733,0,0.9567138768992236,train
14737,1,0.0409747652866331,train
14738,1,0.0775625546893523,train
14741,0,0.3300613705520203,train
14743,0,0.5079303841636458,train
14744,1,0.4081570925612691,train
14746,1,0.4046058032482625,test
14747,1,0.0204095560620737,train
14748,1,0.1937833886786899,train
14749,1,0.6546528065858994,train
14753,1,0.2141273976586469,train
14754,1,0.2759560020536397,test
14755,0,0.5113028190713267,train
14757,0,0.9682057450357268,train
14758,0,0.7514947600358155,train
14759,0,0.6277189151880989,train
14760,1,0.3835451519343216,train
14764,1,0.5512410946720196,train
14766,1,0.3000672225028729,train
14767,1,0.354824735167584,val
14768,0,0.472387143557147,test
14769,1,0.3654869352712764,val
14770,1,0.2441057948795149,train
14771,0,0.6152917330266737,test
14773,0,0.5635784105188465,train
14775,1,0.6980008946912464,test
14776,1,0.3029642457681829,val
14777,1,0.2769290163113694,train
14778,1,0.5966801644287636,val
14779,1,0.2186414786160144,train
14780,1,0.0746414417309059,train
14781,1,0.0812158510163653,train
14782,0,0.1829861241273398,test
14786,0,0.7032058135227579,train
14787,1,0.1529731464985787,train
14789,1,0.4764959570170937,test
14790,1,0.311664958877444,test
14791,0,0.6170756805885127,val
14792,1,0.4082862079531189,train
14793,1,0.3087642466649217,train
14794,1,0.6307110257007352,train
14795,1,0.3177122202886795,val
14797,0,0.4892343052828084,val
14799,1,0.3654647104558743,train
14801,1,0.2132452727171067,train
14802,1,0.2033318822550918,test
14803,1,0.043964009537821,train
14804,0,0.4204847440138198,train
14805,1,0.0518421114847423,train
14806,0,0.3297071008178563,train
14807,0,0.5393796924461883,train
14808,1,0.104005076109409,train
14809,1,0.0699195376618226,val
14810,1,0.1223954509936635,test
14812,0,0.5777046692647025,train
14813,0,0.3564753797598089,val
14816,1,0.1342768283584293,val
14818,1,0.2562920328558489,test
14822,1,0.0620860873230414,train
14823,1,0.2045237890153383,train
14824,1,0.1043639453693678,train
14825,1,0.3091278076491153,train
14826,1,0.8334759657830294,train
14828,0,0.8284688976312413,train
14829,1,0.1230631084645458,train
14835,1,0.4440768690104678,train
14836,1,0.6608654196319929,val
14837,1,0.1108444882232156,train
14838,1,0.330499986867955,val
14839,0,0.7273558254465984,train
14841,1,0.0221945798346416,train
14842,0,0.7729377244470012,train
14843,1,0.8052614759401563,train
14844,0,0.4780978705682528,train
14845,1,0.1274471910180389,train
14846,1,0.2102206533097919,train
14847,0,0.6721055503878024,train
14850,1,0.367707763666147,train
14851,1,0.0977586048102822,train
14852,0,0.8674628695350968,train
14855,1,0.2774792518546193,train
14856,1,0.2715720877459846,test
14860,1,0.2150252573209563,train
14862,1,0.3613173783261287,train
14864,1,0.5507799455411386,test
14865,0,0.7555459939222963,val
14866,1,0.0977261688112198,train
14869,0,0.0672290543812361,test
14871,1,0.2609818104512832,train
14872,0,0.472010596586102,val
14873,1,0.2019088615224954,train
14875,0,0.595832184756501,val
14876,0,0.5288753232977677,train
14879,0,0.7716710930453006,train
14881,0,0.4186122515195576,val
14882,0,0.298014402231724,train
14884,1,0.1195833497561951,train
14885,1,0.1438575922813133,test
14886,1,0.3180571045157097,test
14887,1,0.2161589368442228,train
14892,0,0.4898108230773463,train
14894,1,0.0671344463912188,train
14896,1,0.0983317554831569,train
14898,0,0.5339168463192467,train
14899,0,0.5173898702880819,train
14900,1,0.3705678118729298,train
14901,1,0.6585973627368267,train
14902,1,0.800185545495027,train
14903,0,0.6140091965376946,train
14904,0,0.8808040030810029,val
14906,1,0.3763010229365919,val
14909,1,0.2515648566014923,val
14912,1,0.3917009958982678,train
14913,1,0.1219524931909659,train
14915,1,0.1430610480795788,train
14916,1,0.4590900142150153,train
14917,0,0.7924904662072987,train
14919,0,0.4285353736299138,val
14922,1,0.3896012344678574,val
14923,1,0.2758802287309003,train
14924,0,0.3246520204090007,train
14925,1,0.2987701743437702,train
14927,0,0.4824602798710304,train
14928,1,0.2205108610574585,val
14929,1,0.2568251706331981,test
14932,0,0.5638729380497262,test
14935,1,0.5160966093680561,train
14936,1,0.0693048195962627,train
14937,1,0.5499914558037744,train
14938,1,0.52006435540704,train
14940,0,0.7503324334240454,train
14941,1,0.3796326910252194,train
14942,1,0.2551179874879048,test
14945,1,0.329449302008691,test
14946,1,0.1460505728740467,train
14947,0,0.5107733043887837,train
14948,1,0.5032714467584423,train
14951,0,0.4217438481625769,train
14952,0,0.4299167205907159,test
14954,1,0.1326060543726603,test
14956,1,0.1379078868183442,train
14957,0,0.7762074262199232,train
14958,1,0.3182721877816307,train
14960,1,0.3576821973050849,train
14962,1,0.2989856048987745,test
14964,1,0.512325746576205,train
14966,0,0.6207389554754135,train
14967,1,0.0809924747116692,test
14970,0,0.8006937879859191,train
14972,1,0.2772070020474674,train
14977,1,0.5882659243704217,train
14978,0,0.9317346254117834,test
14981,1,0.4736220165458934,test
14987,1,0.2659875403428493,train
14988,1,0.0736549555007239,test
14990,1,0.2659124827367102,test
14991,1,0.239340238225351,val
14992,0,0.3178043929192325,val
14993,1,0.2664064198860064,train
14994,1,0.4501539841397006,train
14995,1,0.2325852433196389,train
14996,1,0.2359133187654841,train
14997,0,0.3952751756226915,val
14998,0,0.2838108691111568,train
14999,1,0.1258110214677168,train
15001,1,0.8118166839010461,train
15002,1,0.1159238567017213,train
15005,0,0.4545408047962185,train
15006,1,0.3525095962033477,train
15008,1,0.2916397300631146,train
15009,0,0.8794846067988991,train
15012,0,0.5036827405272336,val
15013,0,0.7729630757132395,test
15014,1,0.4139739561205703,train
15015,1,0.100417987231701,train
15017,1,0.2470654745571211,val
15019,0,0.6889107437965523,train
15021,0,0.8740478077384175,val
15022,1,0.7136967710000637,test
15025,1,0.170789302491973,train
15027,1,0.0849384579119324,train
15028,1,0.1958081649110709,train
15031,0,0.4000158795100185,train
15032,1,0.4520446198960915,train
15035,0,0.7350624381887503,train
15036,1,0.2969834795142878,train
15037,1,0.2063264497257712,test
15039,0,0.8556195035008269,train
15041,1,0.0828243181601517,train
15042,0,0.3722119197053224,val
15043,0,0.4578974903788706,train
15046,0,0.6118146217430851,train
15048,0,0.8049006659499771,train
15049,1,0.0906775024899642,train
15050,1,0.0226353311073901,train
15051,1,0.1734436089337295,train
15052,0,0.8870984063204621,train
15054,0,0.8366089258307691,test
15055,0,0.6217272349329523,train
15056,0,0.8236451008347272,val
15057,1,0.9128376709412898,train
15061,1,0.4726946161107451,train
15066,1,0.2480070924771734,train
15067,0,0.7637437677182667,train
15075,1,0.1825211963719498,train
15079,1,0.6595896363199972,train
15080,1,0.3630039117564854,train
15081,1,0.3232144043837367,train
15088,1,0.0646460201177636,train
15089,1,0.3863619815058527,train
15091,1,0.6447009951081953,train
15093,1,0.4126169973093561,test
15094,1,0.3593277721736058,test
15095,0,0.564128955625277,test
15096,0,0.7694864886619917,train
15097,0,0.4396867275360604,val
15098,1,0.1279593358673419,test
15099,1,0.1076094162659757,test
15100,1,0.5629086147357326,test
15102,0,0.707442193504788,train
15104,1,0.3763280287518368,val
15108,0,0.8415906964938796,train
15109,0,0.830010882849225,test
15111,1,0.2954092894776133,train
15112,1,0.3368676863455271,train
15113,1,0.462474419658512,train
15117,0,0.7861779314447152,train
15120,0,0.6707727275707361,train
15121,0,0.4541271430290666,val
15122,0,0.2666687167517586,train
15123,0,0.5091176434504434,train
15125,0,0.7116692624508587,train
15127,0,0.9075313426742372,test
15128,0,0.8586380403053242,train
15129,0,0.6887099381419328,train
15130,1,0.72743387489226,train
15133,0,0.6589073303043567,train
15135,1,0.1410083396091906,train
15138,1,0.162706699003937,train
15139,1,0.2675218787855403,train
15141,1,0.112868791031207,train
15142,1,0.5724401465200236,test
15143,0,0.9502378837568932,train
15145,1,0.2442693709347118,train
15148,1,0.2324042907119324,train
15149,1,0.445004672350819,val
15150,1,0.1774421172723276,val
15153,0,0.3977461328176971,train
15155,1,0.3277373283564276,train
15157,1,0.171306159268089,train
15158,0,0.6217574959484967,train
15160,1,0.0276013177087585,train
15161,0,0.5434636912048936,train
15163,1,0.4265579476422071,test
15164,1,0.3752706914520499,train
15165,1,0.6800301150458241,val
15167,1,0.4274177632315499,train
15168,1,0.6079081507490269,train
15169,0,0.8080674487672119,train
15172,1,0.2294731783035336,train
15177,1,0.3036635117223922,train
15179,1,0.4419976898373687,train
15180,1,0.2897925149060723,test
15181,0,0.617895449870716,train
15182,1,0.2125335049682098,train
15186,1,0.2419139666554667,test
15187,0,0.7031700792872424,train
15188,1,0.1024411802566351,test
15189,0,0.4911777900968823,train
15191,1,0.2548160013451277,train
15195,0,0.7367653551540528,train
15197,1,0.1533965021605849,train
15198,0,0.6155849616987537,train
15200,0,0.6365625599228235,test
15202,1,0.3192858200519614,train
15204,1,0.0944389650316751,train
15205,1,0.3729092333410203,train
15207,0,0.6233703081752973,train
15209,0,0.7135353205943082,test
15210,0,0.4098932085658238,train
15211,0,0.5706552152948268,test
15212,0,0.0771324081096263,val
15213,1,0.3268288183098268,train
15214,1,0.1753186302560174,train
15215,1,0.1886002754827443,val
15216,0,0.4085921646334147,val
15217,1,0.4038711408546013,train
15219,0,0.4883556341778314,train
15220,1,0.7315491013023687,val
15221,0,0.3487626219527352,train
15222,1,0.7420885632184245,train
15224,0,0.5658429786488461,train
15227,1,0.4188505172284578,train
15230,1,0.5060867198007339,test
15232,1,0.2320684552893925,train
15233,1,0.2401597170694217,train
15234,1,0.3428549773456,train
15235,1,0.3862722971142441,train
15238,1,0.3057717325775704,train
15239,1,0.0764350419944042,train
15240,1,0.3187632390418738,val
15242,0,0.6747382566058435,train
15245,1,0.132686322685342,train
15246,1,0.0862650838731432,train
15247,0,0.5397175421936216,train
15248,1,0.0650537715015853,train
15249,0,0.3072961454259247,val
15250,1,0.1075991606182625,train
15253,0,0.6398266742284775,train
15254,1,0.0922817935386178,val
15256,0,0.8212439326740014,train
15258,0,0.3241451700189051,test
15259,1,0.059640757558808,test
15260,1,0.1602567013416296,train
15261,1,0.4041482834229308,val
15262,0,0.8744854547813589,train
15263,1,0.0378985299738057,train
15265,1,0.0805794407560355,train
15268,1,0.2196166188968369,train
15269,1,0.414643223967393,train
15272,0,0.5204252156224345,val
15273,0,0.3523571267819393,train
15274,1,0.3883717157383088,train
15275,1,0.1614653476454585,test
15277,1,0.145416922570821,train
15280,1,0.5571786639925511,test
15281,0,0.7114497380964964,train
15282,1,0.5227979180599562,train
15288,0,0.5744605763264057,train
15290,0,0.790333683819251,test
15291,1,0.0476324406312099,train
15292,1,0.2400685128060299,val
15293,0,0.7569452130145501,train
15296,0,0.6688202652194772,train
15298,0,0.4564809748483927,train
15299,1,0.2093679026977525,val
15300,1,0.4219676483722184,train
15302,0,0.3726615727786225,val
15303,1,0.1272312828565402,test
15305,1,0.1680679701366793,test
15306,1,0.3315443423031882,train
15313,0,0.5747444787672875,train
15315,0,0.5904326598435842,train
15316,0,0.5196071357632166,train
15317,1,0.3814973297566519,test
15318,1,0.5720237355992449,train
15319,1,0.1201077361974893,train
15320,1,0.1953969920358814,train
15321,1,0.4827216437975685,train
15322,0,0.2022047974496416,test
15324,1,0.1483334458921588,train
15325,0,0.6479698923443877,test
15326,0,0.8507244138273067,val
15327,0,0.6701389774282751,train
15329,0,0.4004255434035337,test
15331,0,0.6299059469310146,test
15332,0,0.6530633738611127,train
15333,1,0.1373762503423097,train
15335,0,0.299065771766614,test
15336,1,0.0483093744548428,val
15338,0,0.1765272000291076,test
15339,0,0.7807705289742269,val
15340,0,0.9491226595777088,train
15341,0,0.478450958842515,train
15342,1,0.2074410713949179,train
15343,1,0.4291620831725065,test
15344,1,0.4384178773008043,train
15345,0,0.3751081513104769,train
15346,0,0.782382236565059,val
15349,1,0.6040076801056349,train
15350,0,0.1655641668511893,train
15351,0,0.3563667683075079,train
15354,0,0.5181438569953414,train
15355,1,0.1479264426928302,train
15356,0,0.2272137022106179,val
15358,1,0.1359573788294037,test
15360,1,0.3688635315639266,train
15362,1,0.1943713450025005,train
15363,0,0.6940470594080781,test
15364,0,0.4929399835980528,train
15366,1,0.240550136065218,train
15367,1,0.2262522168803523,val
15369,1,0.4135980823697242,train
15371,1,0.7158552870316587,test
15373,1,0.1339028198767968,train
15374,0,0.7519121230641084,train
15375,1,0.4754533527877553,train
15376,1,0.1847395365650451,train
15378,0,0.6472023204024926,test
15379,1,0.0535094478786142,train
15380,1,0.0366387160182895,train
15381,1,0.44383345132276,train
15382,1,0.6043560652948581,test
15385,1,0.2684050067417555,train
15387,1,0.4421162205246884,train
15388,0,0.5665841718732703,val
15389,1,0.336252839858279,val
15390,0,0.5246409396666655,train
15391,0,0.5147734069615378,train
15395,0,0.4559471940983808,train
15396,1,0.2040973010293669,train
15397,0,0.5847124372693611,train
15399,0,0.8685169370961923,train
15400,1,0.161636264991782,train
15401,0,0.5287970630821559,test
15404,0,0.2952723757260742,train
15405,1,0.1167533434968965,test
15407,0,0.6594542736726593,val
15408,1,0.210094144065841,train
15410,0,0.4295457905419489,train
15412,1,0.1925642317016223,train
15414,1,0.1817968030904724,train
15415,1,0.3276446767865982,val
15416,1,0.4601600910806637,train
15421,1,0.079247065560009,train
15422,0,0.6489248653480333,test
15423,0,0.5860520230025199,train
15424,1,0.0685148547219262,train
15427,0,0.5369740790313093,train
15428,1,0.3773511421171174,train
15429,1,0.2024177319482037,train
15430,0,0.360264072251732,train
15431,1,0.3526692473107496,test
15434,1,0.284178711591925,train
15435,0,0.4485426894432499,train
15436,0,0.3357385491892264,train
15438,1,0.490791876737554,test
15439,0,0.8695634960920109,train
15440,1,0.515140675898377,train
15441,0,0.3481981571941402,train
15442,0,0.6393010951225935,train
15444,1,0.3816157036205643,train
15445,1,0.0908176956379945,train
15447,1,0.2572428883269815,train
15448,1,0.2826522442966112,train
15449,1,0.3253361516110384,test
15452,1,0.1324499395506702,test
15453,0,0.7724028452642879,train
15455,1,0.6709471357821291,test
15456,1,0.6356391206516657,val
15457,0,0.5354752508050813,test
15458,1,0.2638549825158127,train
15459,1,0.0994064162264227,train
15460,1,0.299369251991782,test
15462,0,0.5289597418687939,train
15463,0,0.4633678622472398,train
15465,0,0.8702987610898398,train
15466,1,0.4209606527451462,test
15467,1,0.0182538838629001,val
15471,1,0.2008029885164897,train
15472,1,0.3557743237393932,train
15474,0,0.7228366657602872,val
15475,1,0.8702099980643689,test
15476,1,0.3748822353929077,val
15477,0,0.9772155005385657,train
15478,1,0.1289976391820702,val
15480,0,0.7050625512361108,train
15481,1,0.4391473104176823,val
15482,1,0.0516441124655977,train
15483,0,0.5721224525048917,train
15485,0,0.621781310521897,train
15486,0,0.6729455372286,test
15487,0,0.3010462107685785,val
15491,1,0.6567410358465933,train
15492,1,0.1456273742063958,train
15493,0,0.3159662471749879,train
15497,1,0.4659193924915263,train
15499,0,0.2788437437031309,val
15501,1,0.4598221947002211,val
15503,0,0.4134131317764549,train
15506,0,0.5456744481787005,test
15507,0,0.6142106021708633,train
15508,0,0.4629285423444463,val
15510,0,0.5591217647923,train
15511,1,0.1749557471307683,test
15512,1,0.1326397062153793,train
15514,1,0.0796869127322644,train
15516,0,0.8967929570380536,train
15518,1,0.1100345295107892,train
15519,1,0.0321400583627585,train
15520,1,0.1124473724299911,train
15523,1,0.2117344293459899,train
15524,1,0.3052802342222169,train
15526,0,0.8056665032514538,train
15527,1,0.5351256503958262,val
15529,1,0.4436430981713259,train
15530,1,0.3608377452579802,train
15531,1,0.5788334270939615,train
15532,1,0.3286743736677646,train
15534,0,0.7102244101227311,val
15536,1,0.0316584875502926,train
15538,1,0.478904264153827,train
15539,1,0.560207442449942,train
15540,1,0.7835146661827238,train
15541,1,0.1221428127386804,test
15542,1,0.2807833650632177,train
15544,0,0.2491071105213727,test
15545,0,0.494564671936336,test
15546,1,0.1696837437763352,val
15547,1,0.5950435280147911,val
15548,0,0.2231740854029636,train
15551,0,0.4894196141358111,test
15552,1,0.309570981080475,train
15553,1,0.5375097648865862,train
15554,1,0.4532716679070591,train
15555,0,0.4324930494101698,val
15557,0,0.5879002111688458,test
15558,1,0.4069143989310315,train
15559,0,0.4555175882284804,train
15560,0,0.2901776331977851,test
15561,1,0.5166778994231292,train
15564,0,0.4092446433876957,train
15565,1,0.3842579606029509,test
15568,0,0.5384735964377179,train
15569,1,0.9212281651470864,train
15570,0,0.814730103835807,val
15571,1,0.1107413221385519,train
15572,1,0.0767796916361415,train
15573,0,0.5506975284843608,train
15575,1,0.6836935578982126,train
15576,0,0.6614761256569832,train
15578,0,0.42451448682371,train
15581,1,0.112716777561114,train
15582,0,0.283169408651962,val
15583,1,0.2754254067431398,train
15584,0,0.7887066171383875,test
15587,1,0.4505197177435101,test
15588,0,0.2511187967932804,train
15589,0,0.5276722665670732,train
15591,1,0.8113676348232302,test
15592,1,0.3510412963515822,train
15593,0,0.6975963417307175,train
15594,1,0.4943920460550577,test
15595,0,0.3625284948129725,test
15599,0,0.6306714146680394,train
15601,1,0.278299924899274,test
15610,1,0.7457239097910373,val
15612,1,0.1536874082336069,train
15614,1,0.337783609675044,train
15616,0,0.2146185658222053,train
15617,1,0.319266869998749,train
15618,1,0.4228064456282759,train
15619,0,0.2821430262265495,train
15620,0,0.2642947768327029,test
15621,0,0.4100487233066088,val
15623,0,0.3476337757398621,train
15624,0,0.7672210044326032,val
15625,1,0.2535581356213439,train
15630,0,0.638477666539684,train
15631,1,0.8936628702467347,train
15634,0,0.4265828019277676,train
15635,1,0.4532927918800087,train
15636,1,0.1439880168495936,train
15640,0,0.587297229206734,train
15641,0,0.5515310711692473,train
15642,1,0.4195974685019183,val
15644,1,0.2641890117281794,train
15646,0,0.4669804626335102,train
15647,0,0.6351910407260712,train
15649,0,0.5810579213951697,train
15650,1,0.3480562134242515,train
15652,0,0.4142508899145392,train
15653,1,0.5508833201608113,train
15657,1,0.2674296280642243,test
15658,1,0.523579004684976,train
15660,1,0.5653675419954489,test
15661,0,0.771176496734064,train
15662,1,0.9046880002922896,val
15663,1,0.3241012095280158,train
15666,0,0.651340221796799,train
15667,1,0.4259937295556419,test
15670,1,0.5658462798082049,val
15671,1,0.7382857638531559,train
15672,1,0.2430581252372371,train
15673,1,0.5176086498250274,train
15674,1,0.1203536161654909,val
15677,0,0.6236633093537305,train
15679,1,0.446709294620117,train
15680,0,0.7294565262823556,train
15681,1,0.5119002391471261,train
15683,1,0.0872316397072708,train
15684,0,0.0776604110787692,test
15686,0,0.3853044988216475,train
15688,1,0.0326220029663926,test
15689,0,0.3709128410786457,train
15690,1,0.6711191300640948,test
15691,0,0.2401092195301672,test
15693,0,0.4205710070212495,train
15694,1,0.6945033446556919,test
15695,1,0.951178036804184,test
15697,0,0.8141036668319719,train
15698,1,0.1457377063977251,train
15701,0,0.3299335503839464,train
15702,0,0.4363237628122128,test
15703,1,0.6767894019343716,val
15704,1,0.4291549395516296,train
15705,1,0.5511301434581702,val
15707,1,0.1949876678831913,val
15708,1,0.1447357845043065,train
15710,1,0.8833039182004525,test
15711,1,0.1098403609808159,train
15712,0,0.556170830419225,train
15714,1,0.5660129140613979,train
15715,1,0.6020883302461235,train
15716,0,0.337155709299046,train
15717,1,0.3625989069547422,train
15720,1,0.1779596822123653,train
15721,1,0.3140364317712752,train
15722,0,0.4894342276925011,val
15723,0,0.6768846041581478,train
15724,1,0.1384328460021496,train
15725,1,0.4773741813771626,test
15727,1,0.1680576970541735,train
15728,1,0.265334276895767,train
15730,0,0.4898730499897349,train
15731,0,0.6604989774837058,train
15732,0,0.5820240212111734,train
15734,0,0.0942438302304564,val
15735,1,0.5572569010584887,train
15737,1,0.3982154353360896,train
15738,0,0.3455706375644379,train
15739,0,0.2988139045779023,train
15740,0,0.6938212919366227,val
15741,0,0.7724564167096978,train
15742,0,0.3251325388629439,val
15743,0,0.8633883487374946,train
15745,0,0.5571916197955336,val
15747,0,0.5941820669763227,val
15752,0,0.5188436520851177,train
15753,0,0.6636322447963678,train
15754,1,0.4213406451361033,val
15755,1,0.2776295944943189,train
15756,0,0.1972039381380433,val
15757,1,0.1068911026015381,train
15758,1,0.2260806031029357,train
15759,1,0.2443596370911602,train
15763,0,0.7678214502948747,train
15764,1,0.1337587036834499,train
15765,0,0.5706627939361546,train
15766,1,0.4040456616754246,val
15767,1,0.29778635935983,train
15768,1,0.6807914122926111,test
15770,1,0.4917270309763808,train
15771,1,0.364912419144306,train
15774,1,0.3236288603270975,val
15775,0,0.5925991408694449,train
15779,1,0.202153011728821,train
15780,0,0.2552843849582019,train
15781,1,0.4041013881503734,train
15782,1,0.1043897476115074,train
15783,0,0.4595042742648239,val
15785,1,0.4632317519512147,val
15786,1,0.2360362712889202,train
15788,1,0.7070588914509014,train
15790,1,0.3265347821349799,test
15791,0,0.612054909561133,train
15792,1,0.7033414949189013,train
15794,0,0.8509236109813497,test
15796,1,0.2754060759909529,train
15797,1,0.5075708990044017,train
15802,1,0.2515302096162993,train
15803,1,0.6846266246253447,train
15806,1,0.130457107987173,val
15812,0,0.7464066696758564,train
15813,0,0.4957028942041375,test
15814,1,0.7882527575566229,train
15817,0,0.6688706680076422,test
15821,0,0.6501478216256068,train
15822,1,0.7259718056738791,train
15823,1,0.4024478787447103,train
15826,1,0.1998455237223519,train
15828,0,0.5541193015972761,val
15829,1,0.4849434931073266,train
15830,0,0.2414314549979022,train
15832,0,0.3096088121317375,train
15833,1,0.175075923837385,train
15834,0,0.6341718027670222,val
15837,0,0.5032047648902198,train
15839,1,0.1680940804578456,train
15842,1,0.3175850665124369,train
15843,0,0.5436779659235451,train
15844,0,0.5368535950335652,train
15845,1,0.5029097707527146,train
15846,1,0.3280614644434924,train
15847,1,0.1922982886060974,train
15848,0,0.7631269958776509,test
15849,0,0.3370959933135851,train
15851,0,0.6677890371612953,train
15855,0,0.754861954616709,val
15856,0,0.2005543212768487,test
15857,0,0.5233237796732324,test
15858,1,0.3109587891665567,train
15859,0,0.4084816618552342,val
15860,0,0.8086161340370561,test
15861,1,0.2612505253790271,train
15862,0,0.4484720279228381,train
15865,1,0.2937949391846355,train
15867,1,0.3729998539641094,test
15869,1,0.795841777217125,train
15870,1,0.2950418328006937,train
15871,1,0.3284985254421999,train
15872,0,0.6044817575359296,val
15874,0,0.6515138476966579,train
15875,0,0.2915145007329548,val
15876,1,0.6423543768649944,val
15877,0,0.5989878600858507,train
15879,0,0.3901039654793412,train
15881,0,0.400909438935211,train
15882,0,0.4906132732736116,train
15883,0,0.7057992042445607,train
15884,0,0.2782161131108537,train
15885,0,0.0645288002023076,val
15887,0,0.6291414387028913,val
15892,1,0.0723657613913834,train
15893,1,0.1335582257434572,train
15894,1,0.6928156392712235,train
15895,1,0.1938877661159571,train
15896,1,0.1639219166802866,train
15897,0,0.3899716629741209,train
15899,0,0.6637666790549506,train
15900,1,0.2895212014710884,train
15901,0,0.5904698004663742,train
15902,0,0.7722466159211624,train
15903,0,0.2740268129065119,train
15904,0,0.6862588921427017,train
15905,0,0.0814482128718205,train
15906,1,0.353522883288736,train
15908,0,0.1744730533804988,train
15911,1,0.5888014587935066,train
15912,0,0.4803960013133108,train
15913,1,0.2622677011758682,train
15914,1,0.468450428243138,train
15915,0,0.6006667585406343,train
15916,0,0.3329580142485167,train
15918,1,0.3497804175345234,train
15919,1,0.4823243897190518,train
15920,0,0.0963194095444028,train
15921,0,0.5593581709448603,val
15923,1,0.5832428433150064,train
15925,0,0.3010205719412816,train
15928,1,0.4080029027947949,test
15929,0,0.4518628442314136,train
15931,0,0.1174308053882032,train
15937,1,0.5103305789970849,train
15938,1,0.3632021173158225,train
15939,0,0.1967818255086987,test
15940,1,0.5243302157640306,test
15945,1,0.7178973807642504,train
15946,1,0.1884577887190134,train
15954,1,0.1305401501136718,val
15956,1,0.6842607561842822,train
15957,1,0.2956549769643579,train
15959,0,0.490241108345081,train
15961,0,0.2756607151228871,test
15964,0,0.6790536413271124,train
15965,1,0.4126791305018487,train
15966,0,0.581475982694087,train
15967,0,0.7330468669095143,train
15968,0,0.2616346725016075,test
15971,0,0.823600023128711,train
15972,1,0.7301618204355954,test
15974,1,0.3030871812769412,val
15975,1,0.3075358065967376,train
15976,1,0.5208593090781176,val
15977,1,0.1169554015634282,train
15979,1,0.13192141818028,train
15980,1,0.3351650314163908,test
15981,0,0.6625209569747144,train
15982,1,0.4723029605858715,train
15985,1,0.193030633762731,test
15986,1,0.5206787695996309,train
15987,0,0.2433333223685242,val
15989,1,0.1508023485717239,val
15990,0,0.4943285545720636,val
15991,1,0.2974562348574221,train
15994,0,0.3965144799365392,val
15995,1,0.8288737712618226,train
15997,1,0.4468703413960752,train
15998,0,0.1419902060757205,train
15999,1,0.5395945375226221,train
16000,0,0.3213005467222101,val
16001,1,0.1356817089484897,train
16002,1,0.1376224825282797,val
16003,1,0.2894098850706611,train
16005,0,0.5437598238470935,train
16006,0,0.2952985139860499,test
16007,1,0.2232623760846589,train
16008,0,0.2548880453766239,test
16009,1,0.2419433410691299,test
16011,0,0.5255449953413349,val
16014,1,0.1929410343549393,train
16016,0,0.8155657158718798,val
16018,0,0.6399237969088112,train
16020,1,0.1136359121208092,train
16023,1,0.1984268150664832,train
16025,1,0.6826677289443661,train
16026,1,0.604703836609332,train
16027,1,0.3946937392190986,train
16028,1,0.3615950557920143,train
16029,1,0.6205298078049832,train
16030,0,0.6216366991340058,train
16031,0,0.5051119395893746,train
16032,1,0.3361322295651331,test
16033,0,0.5278268398236503,train
16037,1,0.1200690920540809,val
16038,0,0.5873330093855327,train
16039,1,0.3164169719830393,train
16040,0,0.2435197435523548,train
16041,0,0.1280889363637205,train
16043,0,0.2333216333335905,train
16044,1,0.945341362605176,test
16046,0,0.52657902819726,train
16048,0,0.3190751931910414,train
16051,0,0.2856450177049239,train
16052,0,0.684459052902548,train
16053,1,0.7077491188721037,train
16054,0,0.5824510840646873,train
16057,1,0.2251797632668774,train
16058,1,0.4963312487893163,train
16061,0,0.6388875882983903,train
16062,1,0.6157982373749826,train
16063,1,0.3797341988191177,train
16065,1,0.2659931847141473,train
16068,1,0.3044453818449373,train
16070,1,0.1814415746141391,train
16071,1,0.5430746801560842,train
16073,1,0.4223876891983593,train
16075,0,0.6023706496276302,train
16076,1,0.3860245334157474,train
16079,0,0.5994285842806677,train
16080,1,0.2463525527896733,test
16083,1,0.5913400688338489,train
16084,1,0.3313516263989449,train
16085,0,0.7716519459792077,train
16086,0,0.4575276762230142,test
16089,1,0.2562595166653162,train
16093,1,0.3017551723336368,test
16095,0,0.6255305510980194,train
16096,0,0.4845982384158221,val
16098,1,0.378514940791826,test
16099,1,0.1983434163163533,train
16103,1,0.3680035436050622,train
16104,1,0.279718020987399,train
16105,1,0.3657188392196416,train
16108,1,0.6479913727232822,val
16109,1,0.6537948769098274,train
16110,1,0.502769881538256,test
16111,0,0.7826038097909598,train
16113,1,0.2401308764905448,train
16114,0,0.7239780484630889,train
16115,0,0.4004466498076203,train
16116,1,0.4770202032347518,train
16118,0,0.7706926010733095,train
16122,1,0.3364962008466258,train
16125,0,0.6703089132444354,train
16127,1,0.8066939616890149,train
16128,1,0.2657272618056192,val
16130,1,0.3384329775891982,train
16131,0,0.5338347753538302,train
16133,1,0.5407310776450833,train
16134,1,0.0637019953610106,train
16135,0,0.3700205722068895,test
16136,1,0.1783565818991581,train
16139,0,0.6981021541985848,train
16140,0,0.8163326087084877,train
16141,0,0.6198919333988373,val
16142,1,0.580313851598264,train
16143,0,0.4318599595180924,val
16144,1,0.3643610562663316,train
16145,1,0.1643573587462713,val
16146,1,0.4696342433957583,val
16147,1,0.4306654020092816,val
16150,0,0.3552334023775348,val
16151,0,0.6194471060368062,train
16152,1,0.374383829454892,train
16154,1,0.0874961202741241,train
16155,1,0.8464984419518653,test
16156,0,0.7602337523903527,train
16159,1,0.2098082568355453,train
16161,1,0.3070119430128434,test
16162,1,0.2036599886129119,train
16164,0,0.6427688940260899,train
16166,1,0.7054175440703311,train
16167,0,0.187773583171213,val
16170,1,0.7016866965733248,train
16173,1,0.4396768332088576,train
16174,0,0.7279930971518556,train
16176,1,0.3848168658612639,train
16177,1,0.335400238615072,train
16178,1,0.1080833676891755,train
16179,0,0.8886386040102626,train
16181,1,0.315166411476551,train
16182,0,0.8262286245719681,train
16183,1,0.3840516948612998,test
16184,0,0.5517997824071255,train
16186,1,0.1276579324455082,train
16187,0,0.6150117585360078,train
16189,1,0.2365987688666281,train
16190,0,0.8334251141564033,test
16191,1,0.3868759104038215,val
16192,0,0.7445620644746975,train
16194,1,0.4940690644173017,val
16195,1,0.1773776986387794,test
16196,1,0.6238446928066298,train
16199,0,0.5064137158786306,train
16200,1,0.6258504255084284,train
16203,0,0.5947922050763819,train
16204,1,0.4965709855525909,test
16205,1,0.5208950137323629,train
16206,0,0.6918868004007489,train
16207,1,0.7072652258022469,train
16208,0,0.3188850445591894,train
16210,1,0.3677386587179616,train
16211,0,0.4536865640777376,train
16212,0,0.9038158183159436,train
16213,1,0.2388131198901207,train
16214,1,0.2631856105076811,train
16215,0,0.5051704673981716,val
16217,1,0.3840919316963319,train
16220,0,0.4828315112500593,test
16222,0,0.5755543684682612,train
16226,1,0.2761532991989087,train
16230,1,0.0678164150802037,train
16231,1,0.088851045766924,val
16232,0,0.6050543627230793,train
16233,0,0.4395818405165979,train
16234,1,0.4150823488689512,test
16235,0,0.6280837390532087,train
16236,0,0.2376446581654185,val
16238,1,0.2484106169489304,train
16241,1,0.2284964901576274,train
16243,1,0.0537508342701422,train
16244,0,0.8923423770494969,test
16245,0,0.4950587155343265,train
16247,0,0.6277317457631396,train
16248,0,0.3170130583089943,train
16250,0,0.4802282987655003,train
16252,0,0.4632802733605179,train
16253,1,0.3023214714062148,train
16256,0,0.6423294165265261,train
16257,1,0.4785855834046928,train
16258,1,0.4083917981882647,train
16259,0,0.3812595490181653,test
16260,1,0.0460345028308121,test
16262,0,0.3813828463631791,train
16263,1,0.1825381163011926,train
16265,0,0.4075591572471359,train
16266,0,0.2959749949555861,train
16267,0,0.702987261468615,test
16268,0,0.485061678460542,test
16269,1,0.1017988112370582,train
16270,1,0.1362349960220943,train
16273,1,0.103798684642545,train
16274,1,0.0377221361138415,train
16275,0,0.6357819331935781,train
16276,1,0.3537174761012391,train
16278,1,0.1183719105664699,test
16282,1,0.1523799376201369,val
16283,0,0.3609614324022997,train
16284,1,0.2183422777256561,train
16287,1,0.1100768897509854,test
16288,1,0.0387763117767731,train
16290,1,0.0881074664088871,test
16291,1,0.3784078475697348,train
16292,1,0.409531599012309,train
16293,1,0.0293499212993962,train
16294,1,0.0934481663040278,test
16296,1,0.0635183432699733,train
16297,1,0.3893486581848104,train
16299,0,0.6684512045273011,train
16302,1,0.1122904565239505,train
16304,0,0.8990156535540552,train
16305,1,0.1659295911379784,train
16307,1,0.0257266632017511,train
16309,1,0.589457856848018,train
16310,1,0.2330080054380965,test
16311,0,0.2152789545930263,test
16313,0,0.7254211042318428,train
16315,1,0.2222464272073153,train
16316,0,0.466829295611591,train
16317,0,0.5410943380401183,train
16318,1,0.1087540673586864,train
16319,1,0.1109030272788931,train
16320,1,0.2885569891673821,train
16321,1,0.347497883153493,train
16322,1,0.4450327109980175,train
16323,0,0.5427632905775013,val
16324,0,0.6074051444242936,train
16326,1,0.0477693856774829,train
16327,1,0.1967522574614746,train
16328,0,0.6701286220592803,train
16329,0,0.2000195742596822,val
16332,0,0.7445326574958442,train
16334,1,0.2727845382903728,train
16335,1,0.1884875249722644,train
16336,1,0.0448693683949714,train
16337,0,0.5130580413206219,train
16338,0,0.6360623613827625,train
16339,0,0.6922445726866171,val
16340,1,0.213750885500661,train
16341,0,0.5198941490628654,train
16342,1,0.3031139867591041,train
16343,1,0.3633908386439194,train
16344,0,0.7081436617259141,train
16346,0,0.4456364339935554,train
16347,1,0.3271276945257998,train
16348,1,0.104244040649903,train
16352,1,0.3285460779492481,train
16356,1,0.4524759628556328,val
16358,1,0.0280512150102862,test
16359,0,0.3058609000280676,train
16360,0,0.6768372077457296,test
16361,0,0.5274343054717257,test
16363,0,0.3337892798047308,train
16365,0,0.1840204967459155,val
16370,0,0.6346223141705033,train
16371,1,0.2371748233034837,train
16372,0,0.3729978345458087,train
16373,1,0.0567121415008463,val
16374,1,0.2369094089635463,test
16375,0,0.5667060503675284,test
16377,1,0.1748495502358389,train
16378,0,0.4302197052548966,train
16379,1,0.1404405451242781,val
16380,1,0.3930962431001802,train
16381,1,0.4336247281887174,train
16382,1,0.228083222827935,test
16383,0,0.68635096201625,val
16387,0,0.4235156795853971,val
16388,0,0.4133931335754058,train
16391,1,0.0873235216139683,train
16392,1,0.4477373876373302,train
16393,1,0.3616742964045367,train
16396,0,0.3785795921597192,test
16398,0,0.5521877238406607,test
16400,0,0.6200216083414418,val
16401,0,0.4039247340687911,train
16402,0,0.7052489315936273,train
16404,1,0.1824028665255692,train
16406,1,0.2779884279735125,train
16408,1,0.4322646654876823,train
16409,0,0.7521423961571118,train
16412,1,0.3314872499177199,train
16414,1,0.2156842307634388,train
16417,1,0.1431469540042865,train
16418,1,0.1847181439979148,train
16420,1,0.4317767735117287,test
16421,1,0.3239721225068741,train
16423,1,0.4284782264397873,train
16424,1,0.3290198581309546,train
16425,0,0.3785331722557322,train
16428,1,0.4040666271961542,test
16430,1,0.2539774027073872,train
16432,1,0.0813368753192812,train
16434,1,0.3505705265975309,train
16435,1,0.1388622417812036,train
16437,0,0.5349379999243642,train
16438,1,0.1168752071247938,train
16440,1,0.0958458547380783,train
16441,1,0.1183168912659007,train
16442,0,0.6609257916295007,train
16443,0,0.2125259225851098,train
16444,1,0.1438003539211922,val
16445,0,0.36894732007069,val
16446,1,0.6306443714309302,train
16447,0,0.7448773552639338,train
16448,0,0.9275597963945268,train
16449,0,0.7901761824177478,train
16450,1,0.3090440226916485,train
16451,1,0.2312827040270317,train
16452,1,0.2720241848791317,val
16453,1,0.3257285588100777,val
16455,0,0.4248331752171297,test
16456,0,0.3499276025032142,train
16458,1,0.0394468202193647,train
16459,0,0.7136142257239457,test
16460,0,0.2916618399305885,test
16461,0,0.4984170108948362,train
16462,0,0.4239033588127844,train
16464,1,0.3584853871390197,train
16465,0,0.7381315604847032,test
16466,1,0.3576752547000104,train
16468,0,0.4198085456097163,train
16469,0,0.6949405340793079,train
16471,0,0.3574765806605285,val
16473,0,0.651710059949318,train
16474,1,0.3335450816259033,train
16475,0,0.3991665175792181,train
16477,0,0.3055211809624421,val
16479,1,0.3938168568425808,test
16480,0,0.72377528032743,train
16481,1,0.2762152052041302,train
16482,1,0.139368442847245,val
16484,1,0.1306222427073449,train
16485,0,0.6823049678506349,train
16487,1,0.2268035106769484,train
16488,1,0.2745012804974571,train
16489,1,0.2073192968115655,train
16490,0,0.7958316631050462,test
16495,1,0.0320161270251712,train
16496,0,0.3620897331605888,test
16499,0,0.6108809475114039,val
16501,0,0.3492277816842154,test
16502,0,0.2768551895690339,train
16504,0,0.7689202261011805,train
16505,1,0.2738480139136316,train
16509,0,0.5377036200380417,train
16510,1,0.1482455233555148,train
16512,1,0.2692797466543973,val
16513,0,0.5449997956162909,train
16514,1,0.1809684307427306,train
16515,1,0.1229401875574327,val
16516,0,0.8043608375037532,train
16518,1,0.0475631447250263,test
16519,1,0.2941353541981096,test
16520,1,0.6458105538497986,test
16522,1,0.114605418085544,train
16523,0,0.1918867834630053,train
16524,1,0.2351693293751225,train
16525,0,0.3682510093088156,train
16526,0,0.2549028930573239,train
16528,0,0.5011295078155025,train
16529,1,0.3129253871792609,train
16531,1,0.0612819917576182,train
16532,1,0.6081301248608024,train
16533,1,0.805509644917644,train
16534,1,0.4188779721564108,test
16535,1,0.1274373138249844,train
16536,0,0.6907246819985522,val
16538,1,0.6146152488048395,train
16539,1,0.2530963436059097,train
16541,0,0.7296518934244487,train
16544,1,0.2528494673001926,train
16546,0,0.5075868393625023,train
16548,1,0.105141972076408,train
16549,0,0.488937615863994,test
16551,0,0.5655500436668417,train
16554,1,0.1092673563367078,train
16555,1,0.3072350503711299,train
16556,0,0.6116413701896148,train
16557,1,0.3159431235066601,val
16558,0,0.7593105805458035,train
16559,1,0.7105688395064473,train
16561,1,0.3350679478889513,train
16562,1,0.4943668767760827,train
16564,0,0.5341603068349136,train
16565,1,0.1760431216879445,train
16566,0,0.5430519095457864,train
16568,1,0.3868853179508517,train
16571,1,0.55458638393642,train
16572,0,0.4411218195818923,test
16573,0,0.565829843079025,val
16574,1,0.1180816940635994,train
16575,1,0.1036958798810795,test
16576,0,0.6011885714978326,train
16577,1,0.3808428549503966,train
16578,0,0.7506935732449628,train
16581,1,0.5586524463983952,train
16584,1,0.3247895960942335,train
16585,1,0.2640051996955379,val
16586,0,0.7204540098299967,train
16588,1,0.1920630582034991,train
16589,1,0.1119411879273081,train
16590,1,0.5683108927141226,train
16591,1,0.0798110486398792,test
16592,1,0.8158447587016149,test
16593,1,0.0679341281909099,train
16594,1,0.0573968355710322,test
16595,0,0.4336469766801744,train
16596,0,0.6796799894710788,train
16598,0,0.2852011188364237,test
16600,1,0.5188292401617305,train
16603,1,0.6775900699820723,test
16605,0,0.2469163440781902,train
16606,1,0.6420217921406751,train
16610,1,0.1737331088216923,train
16611,0,0.872754121068397,train
16612,1,0.1908116437437267,train
16613,1,0.2016329383461611,train
16616,0,0.6750141378851285,train
16619,0,0.678170300160772,train
16620,0,0.4884887981641123,train
16622,1,0.142093242891846,test
16626,1,0.6159111522910246,train
16630,1,0.2465249124324995,val
16631,0,0.1242753611492718,test
16634,1,0.1018472344396164,test
16635,1,0.8605404142232479,train
16636,1,0.0788326897465228,train
16638,0,0.5244797883047321,val
16640,1,0.1847758273896921,train
16644,1,0.28015309407871,val
16646,1,0.2857074067581321,train
16647,0,0.3165185689264477,test
16648,1,0.2669986709473236,train
16649,0,0.3386791743411793,train
16652,1,0.0969609792086328,train
16653,0,0.5535313494713486,val
16657,0,0.4224287072693528,train
16658,0,0.403707568068659,train
16660,0,0.1379041631407637,train
16662,0,0.5592868211303668,val
16665,1,0.2208565511158872,train
16666,0,0.7413642701457135,train
16668,1,0.021385234505181,train
16670,0,0.8503410157861424,train
16671,1,0.5815233555610422,train
16672,1,0.4600073389462762,test
16673,1,0.2060586810139247,train
16674,1,0.4831438413552658,train
16675,1,0.0549759865481072,val
16676,1,0.8035481008179717,val
16678,0,0.4758962244644116,train
16680,1,0.2777035674505392,train
16681,0,0.6309678325373558,train
16684,0,0.5246884468244986,val
16685,1,0.0933531105558246,train
16687,1,0.2308432581397836,test
16688,1,0.4652003900915619,train
16689,0,0.4537609182815957,train
16691,1,0.0465869582141289,train
16692,0,0.6790610431291952,train
16694,0,0.4828042048775163,train
16695,1,0.3163901587732991,train
16696,1,0.2746879133264631,train
16697,1,0.5543929403023033,train
16698,1,0.0716188649586604,val
16700,0,0.8103462442104803,train
16701,0,0.5903689824617775,val
16703,1,0.3689700027116787,train
16704,1,0.1595663517261231,train
16705,1,0.0642962776243798,train
16707,0,0.2893969868725589,train
16708,0,0.3390812074962572,train
16709,0,0.563925470627483,train
16710,0,0.3033168526389446,train
16711,1,0.4060171805872653,test
16713,1,0.1961115999936881,train
16715,1,0.2473999950287201,train
16716,0,0.3831961771267018,train
16717,0,0.465011114559265,train
16718,1,0.2427252931744448,train
16719,1,0.2226044470286942,test
16720,1,0.0551811951193118,train
16721,0,0.7106084159683814,train
16722,1,0.5088486879561424,val
16723,1,0.3938381971729211,train
16724,0,0.7020420518275734,train
16725,1,0.3041369592010552,train
16726,1,0.5511003282885614,val
16727,1,0.6873625125465375,train
16728,1,0.433398795539353,val
16733,0,0.4860794924520157,train
16734,1,0.5440974881851696,test
16735,1,0.1897719560984304,test
16740,0,0.705518436827744,train
16744,1,0.2250626319099118,val
16746,0,0.4720986570110022,train
16747,0,0.586295473349882,val
16748,0,0.4793563541313718,train
16749,1,0.0591177738857383,train
16750,0,0.3484879028597017,train
16751,1,0.807367159138526,val
16752,1,0.0851126298975698,train
16753,1,0.2321272770421147,train
16754,1,0.3546663280550417,train
16755,0,0.5835806067796014,test
16756,1,0.6179017254853993,test
16757,1,0.0830566270852215,val
16758,1,0.8482001211941522,val
16760,1,0.3296944716720714,train
16761,1,0.2912882289203135,train
16763,1,0.2140358647722418,val
16766,0,0.6161527828676187,train
16767,1,0.2453793118093706,val
16768,1,0.4568454158817898,test
16769,1,0.347134641945901,train
16771,1,0.2505144506670754,train
16772,0,0.3351793198248374,test
16773,0,0.5940643179463148,train
16775,1,0.2469968092603325,test
16776,0,0.2875654249920415,val
16777,0,0.6715294454715939,train
16779,1,0.3069298710534165,train
16780,0,0.4703769745197672,train
16781,0,0.3273657675013094,val
16782,0,0.4294844632311274,val
16783,1,0.2186171915033565,train
16784,1,0.3261428640837878,train
16786,1,0.4196920909880243,train
16787,1,0.4316658595099141,train
16788,0,0.1301814665662624,train
16790,0,0.4408928887838307,test
16791,1,0.2211346250023262,train
16792,0,0.6790621253240766,test
16794,1,0.1097591786000472,train
16795,0,0.6500521327120807,train
16797,1,0.1552452102925238,train
16799,1,0.2628473518234626,train
16800,1,0.3831690314473208,train
16801,0,0.7310176654469969,train
16803,0,0.7159612581207078,train
16804,1,0.3618741138745398,train
16805,1,0.1130536221350259,train
16808,0,0.2633533762833824,train
16810,0,0.4110998154856717,train
16811,1,0.3910824100225246,train
16812,0,0.1717736468280577,test
16813,1,0.1348009216308494,train
16815,1,0.2304427748056616,train
16816,1,0.2033058121986415,train
16817,1,0.6160756495133564,train
16818,1,0.0391574018097937,train
16820,1,0.2360368531447148,train
16821,0,0.3124811420245081,train
16822,1,0.2436217900058729,train
16823,1,0.0329606421637067,val
16824,0,0.495316534948598,train
16825,0,0.3332943262402353,val
16826,1,0.0579092623140227,train
16830,0,0.5021637417323253,train
16832,0,0.5620313979525737,train
16833,1,0.2037404942222838,val
16834,0,0.2949398752641026,train
16835,1,0.8966724904892677,train
16837,1,0.8595295842434226,val
16838,0,0.5911721368387812,train
16842,1,0.1614158823924015,train
16843,0,0.7501506329239025,val
16844,0,0.6643161276282817,train
16845,1,0.1723968077737248,train
16846,1,0.1745415788487543,test
16847,1,0.0561154051366419,val
16849,1,0.3966158870149081,test
16852,1,0.1693550562063471,val
16853,1,0.3043924515771838,train
16854,1,0.2886660986952193,train
16855,1,0.613201754843705,train
16856,1,0.2152171367401802,train
16857,1,0.3800355675165446,val
16858,1,0.2074042506457071,train
16859,0,0.42989556930933,train
16860,0,0.5842802484990541,train
16861,1,0.1064788730530468,train
16867,1,0.066136197325232,train
16868,1,0.2747441049607524,test
16871,1,0.334679864793002,train
16872,1,0.1415245130424383,train
16873,0,0.2229808127333071,train
16874,1,0.1994888606971023,train
16875,1,0.3426001080276061,train
16876,0,0.3776803572974392,test
16877,1,0.1771456886221399,test
16878,0,0.6866495912609322,train
16879,1,0.0534486083662484,test
16880,1,0.1747501271568555,train
16881,1,0.2902753467656641,train
16883,1,0.0631924281415982,train
16885,0,0.4252267513882207,train
16886,1,0.2112925441030768,train
16888,1,0.2876402319859509,train
16889,1,0.1926154092670621,test
16890,1,0.0749494098035662,train
16892,0,0.2589385103747265,test
16893,1,0.0144751433440877,train
16894,0,0.2836214405383938,train
16896,1,0.7254254710685812,test
16897,1,0.5574342183815992,train
16899,1,0.2296125732200745,train
16900,1,0.6945225095671597,train
16901,1,0.1313335453236135,train
16902,0,0.577339348467849,train
16903,1,0.2176948266837706,train
16904,1,0.2369398859000144,train
16905,1,0.2892579550503759,train
16908,1,0.0949115111126034,train
16909,0,0.5765741180811235,train
16910,1,0.2345587040556198,train
16911,0,0.4742062362802955,train
16912,0,0.4897616429420016,train
16913,0,0.5575221664641784,train
16914,0,0.6483680094195798,train
16916,1,0.3811605118404165,train
16917,1,0.5436764826604701,train
16918,1,0.179759527502576,train
16919,0,0.3778039311166378,val
16920,1,0.1798058537493299,train
16922,1,0.6537673019427832,val
16923,0,0.3387165015961688,train
16924,1,0.4610438577890805,train
16926,1,0.2732543405284324,train
16927,1,0.2011598454431954,train
16928,1,0.1424253365513514,test
16929,1,0.2433696007923227,test
16930,0,0.5709513167779815,train
16931,1,0.1459687461696863,val
16933,0,0.2001899692511269,train
16934,1,0.6639431541480142,test
16935,0,0.785007979791817,val
16936,1,0.2434202069093948,test
16937,0,0.5537313348992889,train
16938,0,0.3559165109291512,test
16939,0,0.7297844592639475,train
16940,0,0.4688302486735296,train
16941,1,0.451491468651053,train
16942,0,0.6083829706998118,train
16943,1,0.3015652534869069,train
16944,1,0.353633144990761,train
16947,0,0.9376611413628902,test
16948,1,0.1540407160981693,val
16949,1,0.3537818741644483,train
16950,1,0.1479735009755903,train
16953,1,0.1023869276167046,train
16954,1,0.1377245697711839,train
16956,1,0.5213209734816706,train
16958,0,0.8575767075573251,train
16959,1,0.1446505717313069,train
16960,0,0.6417305077897246,train
16962,0,0.6095822710980483,train
16964,1,0.5258082031226262,train
16966,1,0.4541931298519032,train
16967,1,0.2798691383188924,train
16971,1,0.3169884026949991,val
16972,0,0.6618149448369239,train
16973,1,0.1158994489082138,train
16974,0,0.212962016497791,val
16975,1,0.2291670921925775,train
16976,0,0.4216996450781508,val
16979,0,0.0552306904193402,train
16980,0,0.5434553941756795,val
16983,1,0.7793599602911973,train
16984,0,0.5587242432773499,train
16986,1,0.2395446262230804,train
16987,0,0.6085073153292779,train
16988,0,0.5207963352813825,train
16989,1,0.0502968974646425,train
16990,1,0.0999812864435487,train
16992,0,0.6392815701910923,train
16994,0,0.4808785918625043,train
16997,0,0.4094615419068105,train
16999,1,0.4917251091366067,test
17000,1,0.1181231937212621,train
17001,0,0.3096186723805283,train
17002,0,0.2994698116191959,train
17003,1,0.019811943618993,test
17004,1,0.2030106785009412,train
17007,0,0.7042411437622657,test
17011,1,0.1805711161710367,val
17012,0,0.7074242074009837,train
17015,1,0.4763020502729099,val
17017,0,0.3115574896660165,test
17018,1,0.3681730187352785,train
17019,1,0.3401406128712074,train
17023,0,0.8532429994883108,train
17024,1,0.6349635810604529,train
17025,1,0.1685028690318243,val
17026,1,0.3318972904699294,train
17027,0,0.5414183568382185,train
17028,1,0.6073249991876339,train
17029,1,0.1184074700867295,val
17030,0,0.605016578591422,train
17031,1,0.4055337747494999,train
17032,1,0.0532992743892921,val
17033,1,0.3251685547489233,test
17036,0,0.5156318474941839,train
17037,0,0.4196408341499569,train
17038,1,0.7308634858246386,train
17039,0,0.4209349447875516,train
17040,1,0.0349066658275051,val
17041,0,0.5819066521067686,test
17042,1,0.4999045856206999,train
17043,1,0.1295657326289272,train
17045,0,0.6134873769386111,train
17048,0,0.8524529765580238,train
17051,0,0.3247434055996799,val
17053,1,0.1167342785942153,val
17054,1,0.2058957455923834,train
17055,0,0.4155049084797161,test
17057,0,0.7936849959903922,val
17058,0,0.1446410925612593,train
17059,1,0.0727556829265808,train
17060,1,0.545035622069147,val
17061,1,0.3915972908742104,train
17062,1,0.076854623119477,train
17063,1,0.7261183737249877,train
17065,1,0.0653603242278908,train
17067,1,0.4541759421337259,train
17068,0,0.5071252240086298,train
17069,0,0.3358122649762736,test
17070,1,0.2009178926046976,train
17071,0,0.7035361187587943,train
17073,1,0.3989568421064653,train
17074,1,0.0946420124732615,train
17075,1,0.223615203767081,train
17076,1,0.1700153736146907,train
17079,0,0.1020175993288744,val
17080,0,0.859408404086057,train
17081,0,0.3007543407056635,train
17083,0,0.7366243401484627,train
17085,1,0.2409777750682323,test
17086,1,0.0464702043313711,test
17087,1,0.2660558913293006,train
17089,0,0.6205427870441564,train
17092,0,0.5312929869456534,train
17093,0,0.696327842997013,train
17096,1,0.4824367512691456,train
17097,1,0.3139480866347822,test
17098,1,0.0322871425257648,train
17136,0,0.688433759075247,train
17137,1,0.232148293228978,train
17138,0,0.4038020664282601,train
17139,1,0.0767565200351869,test
17142,1,0.1347207365425862,val
17144,1,0.2673383728040776,train
17145,1,0.2351503200272878,train
17146,1,0.15725208518916,train
17149,1,0.3986312033416109,train
17151,0,0.6070749618999074,train
17152,0,0.3232688336404996,train
17154,1,0.666891419188978,val
17155,1,0.4656335815638585,train
17156,0,0.6876243501180346,train
17157,0,0.4708790236351133,train
17159,0,0.216669747428316,val
17161,1,0.4303126404793376,train
17162,1,0.543812589157759,val
17163,0,0.7793008527759073,train
17164,1,0.4305188471570126,train
17165,1,0.1825262611610881,train
17166,0,0.3646096079038455,train
17167,1,0.3545814573969376,train
17168,0,0.6225057481323053,train
17169,1,0.4038928568630979,train
17170,0,0.4940352872933484,train
17171,0,0.4257003675782184,train
17172,1,0.3294906017166317,train
17174,0,0.4418384617733114,train
17175,1,0.7655166423862652,train
17176,0,0.5617737474219615,train
17177,0,0.4965489725745707,train
17178,0,0.5729242249779317,test
17179,0,0.2135750824261967,val
17180,0,0.8454635526073132,train
17182,0,0.5303345659363425,train
17183,1,0.3524271130057941,train
17184,0,0.6796293186489297,train
17185,0,0.5274310059758709,train
17186,0,0.7137945947816469,train
17190,0,0.4131618485999324,val
17192,1,0.3874788168830676,val
17193,0,0.6796502884298925,train
17195,1,0.2676398733896372,test
17196,0,0.4736529069152131,train
17197,0,0.2673633429466493,test
17198,0,0.3387258324142521,val
17199,1,0.4160950398718506,test
17200,0,0.3692887782184724,train
17202,0,0.2843617823860226,val
17203,1,0.100077873143578,val
17207,0,0.4293563893672133,train
17208,0,0.5634465625645964,train
17209,0,0.4031671060101713,train
17212,1,0.6716083435938256,test
17214,0,0.2450355281155287,test
17215,0,0.7598115414013225,train
17216,0,0.6153399140979781,train
17217,0,0.6713562141054398,test
17218,0,0.509093441825598,train
17219,0,0.6732173033176174,test
17220,0,0.5841283506844461,train
17221,0,0.6164995383367442,train
17223,1,0.4749321274725961,train
17224,0,0.5503257191830085,train
17225,0,0.5565631695349693,train
17226,0,0.4169004908620453,train
17229,0,0.5605120631673155,train
17230,1,0.3442067590127823,train
17231,0,0.9195522784174754,val
17232,0,0.2980561924083162,train
17233,0,0.6429141967983654,val
17235,0,0.7376154986473795,train
17236,0,0.4838109304154323,train
17237,0,0.5572458799758722,train
17238,0,0.7996547723187012,val
17240,0,0.6661047039984609,train
17243,0,0.5134681127946968,train
17244,1,0.5757019555296046,train
17245,0,0.7477084986595699,test
17246,1,0.105905680741915,train
17248,0,0.3682487297817338,test
17249,0,0.6718621150486075,train
17250,0,0.4056023959071032,test
17251,0,0.6350291054652233,train
17252,0,0.595129016062652,train
17253,0,0.4066123540306415,train
17254,0,0.6117711989588679,train
17255,1,0.3294955118271088,train
17256,0,0.2834646892800589,test
17257,0,0.4279946924859376,val
17258,0,0.8430766978567096,test
17259,1,0.3781023236382665,train
17262,0,0.4779265234681679,train
17264,0,0.5566495591873197,train
17265,0,0.699193266576345,train
17266,0,0.6921888370352702,train
17267,1,0.493017474077298,train
17268,0,0.5062744595350743,val
17269,1,0.2558998016182601,val
17272,0,0.1605196177343496,train
17273,0,0.4510980233313226,test
17274,0,0.272645830235242,train
17275,0,0.6084577756039575,val
17276,1,0.2130114609218629,val
17277,0,0.5581016681839965,train
17278,1,0.7524938178252653,val
17281,1,0.3335710638990444,train
17282,1,0.5916967435598086,train
17283,1,0.2381863562108492,val
17285,1,0.5087655490698345,train
17287,1,0.6089056357727882,test
17289,0,0.5642959154093896,train
17291,1,0.3666312008009632,train
17295,0,0.2442835346541805,train
17297,0,0.5620288085623006,train
17299,0,0.4946174762846043,val
17301,1,0.3377550657580787,test
17303,0,0.5136209726213032,train
17304,1,0.6187836838340555,test
17305,0,0.5609243003295976,train
17307,1,0.2592054636877754,train
17310,0,0.4147091917567723,train
17311,0,0.2853811176553158,val
17315,0,0.3708726699275156,train
17316,0,0.3105332910934091,train
17318,0,0.4746046171894014,val
17319,0,0.5633262500727738,train
17320,0,0.2229392379412899,test
17322,1,0.5108891290987535,train
17323,1,0.4809329562305779,train
17324,0,0.347162993206806,train
17325,0,0.4931010703490398,train
17326,0,0.2901465520996306,test
17327,0,0.6967350813179629,test
17328,1,0.6398364004813557,train
17330,0,0.5167818827848651,train
17331,0,0.5615005593968608,test
17332,1,0.4187214175730247,train
17333,0,0.3168068572443467,train
17336,0,0.2879386371228914,train
17337,1,0.0329107199296041,train
17339,0,0.5747085169987508,train
17341,0,0.1621799086956832,test
17342,0,0.6811016224714505,train
17343,0,0.9083042799544092,train
17344,1,0.3858562059584434,val
17345,0,0.0948778088899325,val
17347,0,0.7191100922529179,train
17348,1,0.2685805691613163,test
17349,0,0.435310197434235,train
17355,1,0.273370525964547,train
17356,1,0.4828920622165056,train
17358,0,0.7922562692321706,train
17359,1,0.3220419275553794,test
17360,0,0.8065365535694996,train
17362,1,0.1859688806443352,train
17364,0,0.4372336045532971,train
17365,0,0.4639617360447571,test
17366,1,0.1859738237741783,train
17367,1,0.4910651995450231,val
17368,1,0.0980020343808854,train
17369,1,0.4067577270709714,val
17370,0,0.7328142271449837,train
17372,0,0.730745333259063,test
17374,0,0.4139191202616125,val
17376,1,0.297613281428922,train
17377,1,0.39889826927112,train
17380,0,0.3358795328645003,train
17381,1,0.3945272289347522,train
17382,0,0.2964093048595293,train
17384,0,0.6947996164932088,train
17385,0,0.3585665452868442,train
17388,1,0.2946875369174248,test
17389,0,0.3611511623255273,train
17390,0,0.5734189564439485,train
17391,0,0.3637259261335492,test
17392,0,0.4663291434412712,train
17394,1,0.218999031445399,train
17396,1,0.2983759621510147,train
17399,0,0.5263892907365959,train
17400,0,0.6145956165025306,train
17402,1,0.7388729463858497,val
17403,0,0.5039167933195736,train
17405,0,0.4448125202420478,val
17408,1,0.4074853864485942,train
17409,0,0.2833233928175073,train
17411,1,0.0425902345926331,train
17413,0,0.3526192646524242,train
17414,0,0.6525660724466225,train
17415,1,0.215635853735409,train
17417,0,0.5901145739772216,val
17418,1,0.1479877065157661,train
17419,0,0.6511462904993326,test
17420,1,0.3410898540328876,val
17421,0,0.419124520209733,train
17424,1,0.6506282881319634,train
17425,0,0.0212891122604983,test
17428,0,0.8922758590645405,test
17429,0,0.7544685675134176,train
17432,0,0.1962033958100798,val
17433,1,0.4703180375732559,val
17434,0,0.1193749574340353,test
17436,1,0.6915622576899672,train
17437,0,0.5209221034783673,val
17439,0,0.6431327904893037,val
17440,0,0.1733402176560221,train
17443,1,0.5540361031573499,val
17444,0,0.3542115112368176,train
17445,1,0.455401690416976,val
17446,1,0.2356604140383318,train
17447,1,0.2621048024956898,train
17449,0,0.5924835587541378,train
17451,0,0.3846785998060037,train
17452,0,0.3656858089471417,train
17453,1,0.1549224200649205,train
17454,0,0.8068963214683725,train
17455,1,0.3885981787121922,val
17456,1,0.0607778914851404,train
17457,0,0.5671808003406555,train
17458,0,0.7783367569389016,train
17459,1,0.3333969575183962,test
17460,1,0.0723331881906385,val
17462,0,0.7013975266970256,val
17463,0,0.5699298508267787,train
17465,1,0.1328172067497021,train
17466,1,0.5936982935789508,train
17470,1,0.4318203114878119,train
17472,0,0.1691248301835148,train
17473,1,0.1557332516634263,train
17474,1,0.0549862945202028,train
17475,0,0.7020997199042247,train
17477,0,0.3259472138609389,train
17478,1,0.3440054640677094,train
17479,0,0.4137953300724465,train
17480,1,0.3254060484387098,train
17481,1,0.4029205606288497,test
17482,0,0.4390499608981683,train
17483,0,0.3909831145831245,train
17484,0,0.5257202712993474,train
17485,0,0.4736760420610034,train
17486,1,0.4140929520640175,val
17488,0,0.5361484021802457,train
17489,0,0.4599366805928515,test
17490,0,0.486927090626877,train
17491,0,0.5470995010006665,train
17493,1,0.5645812770349259,train
17496,0,0.2685417869950381,train
17497,0,0.5592513920806641,train
17498,0,0.8007696382129206,train
17499,1,0.3163659762680676,val
17500,0,0.5515693864666419,train
17501,0,0.4999937656278428,test
17502,0,0.5086035139895635,train
17503,0,0.6072622195241452,train
17504,1,0.6539479602756397,train
17505,0,0.4571350969159191,train
17506,1,0.4668361586818991,test
17507,1,0.1790706285970158,train
17508,1,0.4377598345967919,val
17510,0,0.5787139778984782,train
17511,1,0.3094365928068481,test
17512,0,0.2409594037721386,train
17514,0,0.5581725535646977,train
17515,0,0.9471487433457324,train
17516,0,0.4267924286211274,train
17517,0,0.2519961363549314,val
17519,0,0.5177482567797954,test
17521,0,0.5229868581070309,train
17523,0,0.1819328047887936,val
17524,1,0.4419563255275391,test
17526,0,0.4623393274556704,train
17528,0,0.4085866660937437,test
17530,0,0.5184118965804678,train
17532,0,0.2556247661705118,train
17534,0,0.3145560525959412,train
17535,0,0.4070771287296919,test
17536,1,0.6825922914749871,val
17538,0,0.6509152325162981,val
17539,0,0.2266247919743674,test
17541,0,0.3711287688595561,train
17543,0,0.6069985562520612,train
17544,0,0.5885903962318694,test
17547,1,0.8137066536711999,train
17549,0,0.3544607572695862,train
17550,1,0.0999104050807535,val
17551,0,0.8687491460747673,train
17552,0,0.7778708323876679,test
17557,0,0.3443600743920172,test
17558,1,0.6807365555599381,val
17559,0,0.5047397943040342,train
17560,1,0.2387004781787219,train
17561,0,0.7497157968194441,train
17562,1,0.6163557426110977,train
17565,0,0.3722902716627297,train
17566,1,0.4169267259695139,test
17567,0,0.8130846848560817,train
17569,1,0.194996573933092,train
17571,1,0.3863905059480123,train
17572,0,0.6684685260957977,train
17573,1,0.2685728348577035,test
17574,1,0.3476822518985273,train
17575,1,0.198116067972392,train
17577,0,0.0700009065822527,test
17578,1,0.5575564897158133,train
17579,0,0.2235273687350667,test
17580,0,0.3658091497340171,val
17582,0,0.3765875227392199,test
17583,0,0.4756120447378177,test
17584,1,0.2460900398695756,val
17586,1,0.2072731492613225,train
17587,0,0.6301303421739604,val
17589,1,0.4172905089240426,train
17590,1,0.2943244966919679,train
17591,0,0.4219858140191421,test
17593,1,0.5933639198815479,train
17594,0,0.4402838446890984,train
17595,0,0.204555349385634,val
17599,1,0.0660137520971342,train
17601,1,0.8467375845403355,val
17602,1,0.2189418447822884,train
17603,0,0.6083161595016455,train
17604,1,0.2080525577018207,train
17607,1,0.2339475054553776,train
17608,0,0.4588552698975152,train
17609,0,0.5395726188415111,train
17611,0,0.2973328257596056,test
17612,0,0.327333170314501,test
17613,1,0.6845584955246693,val
17614,1,0.2508251559502465,train
17616,0,0.9543440572470646,train
17617,0,0.5935227049937278,train
17618,1,0.2058880826667402,train
17619,1,0.1674586953856354,train
17620,1,0.5123457150826534,train
17622,0,0.3151775727367287,val
17623,1,0.418530895326123,train
17624,0,0.6346977350365015,train
17625,0,0.457690520424225,train
17626,0,0.3688853034380935,train
17627,1,0.1995811364902223,train
17628,0,0.4948727478979297,val
17631,1,0.3898635308869466,test
17632,0,0.6502573395299791,train
17633,0,0.2891793561354031,train
17634,0,0.87581786243858,train
17635,0,0.6865583220964366,train
17636,0,0.3859222989831339,train
17638,0,0.647474949542852,test
17639,0,0.5125400482739293,train
17640,1,0.3839378853265839,train
17643,0,0.6245519300555846,test
17644,1,0.2220930841819205,train
17645,0,0.7155208216772672,train
17648,1,0.1322311020836107,train
17649,0,0.4778630384927012,train
17650,0,0.5051122155509806,train
17651,0,0.6292298963328244,train
17652,0,0.5780130580587917,train
17653,1,0.267210761743781,train
17654,1,0.36499643591619,train
17655,1,0.0697799225178241,test
17656,0,0.31520193904499,test
17657,1,0.2012393431541541,train
17658,0,0.8262307188718607,train
17659,0,0.2662358901251456,train
17660,1,0.1965014207129903,test
17661,0,0.8601607817494146,test
17663,1,0.3364387407473009,train
17665,0,0.2023123118404616,train
17666,0,0.856421981342776,train
17668,0,0.6979412855437377,test
17670,0,0.3772289550090134,test
17671,0,0.4468625879123551,train
17673,1,0.1285741528044457,train
17675,0,0.6616673550907568,train
17676,0,0.2767773299729331,train
17677,1,0.1926599395454363,train
17679,1,0.2384701641422333,train
17680,1,0.249647194565815,test
17681,1,0.2496249999213765,train
17682,1,0.3208663479476384,train
17683,1,0.0680493888210147,val
17685,1,0.249493468044075,train
17686,1,0.3773554945681456,val
17687,1,0.2960831256167454,train
17695,0,0.4754000280166544,val
17696,1,0.3303823003587058,val
17697,0,0.3277277813544931,train
17698,0,0.1989814295587461,val
17699,0,0.4246203613537288,test
17705,1,0.3639852992103469,train
17706,0,0.0345731929447621,test
17707,0,0.3115098937504896,train
17712,0,0.1776377376937524,val
17713,1,0.2221318853929258,train
17714,1,0.1783970492989773,train
17715,0,0.8299930114245009,train
17716,1,0.5057442338383573,train
17718,1,0.1248531209050791,train
17719,0,0.5331244473875743,train
17723,1,0.09624898191744,train
17724,0,0.7025917688775416,train
17725,0,0.5284479007261909,test
17728,0,0.1843248465914109,val
17729,0,0.450968811020553,train
17730,1,0.7383255851735996,test
17731,0,0.631499766419277,test
17733,0,0.4193965777282348,train
17737,0,0.4015866119816643,train
17740,0,0.3117757668289732,val
17741,1,0.8144841920983659,test
17747,0,0.785750358338543,train
17749,0,0.9381177530879218,test
17750,0,0.6588129534729198,train
17751,1,0.2118923373948027,train
17752,0,0.3495688329782928,train
17753,0,0.1296632794466334,train
17755,1,0.1297162515096735,train
17756,1,0.3668029192254683,train
17758,1,0.2138515181040228,train
17761,1,0.484001351410853,train
17766,0,0.4039903765592906,val
17767,1,0.3984327299798982,train
17768,1,0.050573307305494,train
17771,0,0.4413217124670862,train
17776,1,0.7508543265481105,train
17777,1,0.3094259024975497,train
17778,1,0.13329479797008,train
17782,1,0.4281650199459893,train
17783,1,0.2658594101377499,train
17785,1,0.1989844853215238,train
17786,0,0.1872743583165214,test
17787,1,0.6850455041585475,test
17788,1,0.785968445674315,train
17789,1,0.5934444551433051,train
17790,0,0.7500393762134346,train
17791,1,0.1756222476712496,train
17793,1,0.5959225346123064,val
17794,0,0.8252759565783194,train
17795,1,0.2041542988473392,test
17796,1,0.0965841095037217,train
17797,1,0.4490686065004848,train
17799,1,0.2675479903418513,train
17800,1,0.2442291922891576,train
17802,1,0.5216112373700672,train
17803,0,0.1858597660162422,val
17804,1,0.3756402006521013,train
17805,1,0.5804879079128279,train
17806,1,0.1235173044597605,train
17816,1,0.2008742038719078,val
17817,1,0.3306822617580838,train
17818,1,0.2389466530557606,val
17819,1,0.234929718604096,train
17821,1,0.4951271289226847,train
17822,0,0.2649885944123828,test
17827,1,0.2917354217739121,train
17831,1,0.3558427857468592,test
17832,1,0.2606282012564601,train
17835,1,0.1961073492884435,test
17836,1,0.3793533839838292,train
17839,1,0.5077983719841138,test
17840,0,0.8092668744641232,train
17843,1,0.123557548166824,train
17844,1,0.2679966797695539,train
17845,1,0.2033823584050516,train
17846,1,0.1105294777812628,train
17850,1,0.2716733119926381,train
17851,1,0.3189024967259996,train
17852,1,0.8167714726380526,train
17854,1,0.6966452694166629,train
17857,1,0.3810907734737754,train
17858,1,0.1292324794162692,train
17860,0,0.5436264857465114,train
17861,0,0.3813837785531089,val
17862,1,0.4546257483263354,val
17869,1,0.3571583233491765,train
17870,1,0.4054246703490798,val
17871,1,0.6730452586222859,train
17872,0,0.6212327929658836,train
17874,1,0.3883782616356229,train
17875,0,0.770009215923841,val
17876,0,0.6122332142777448,train
17878,1,0.9217563840545584,train
17880,0,0.5533172915149548,train
17881,0,0.7650390651548902,train
17882,0,0.096393021250283,val
17883,1,0.7122200584340794,train
17884,1,0.5105886995101302,train
17889,0,0.1822081640627524,train
17893,1,0.5041504623818208,train
17895,1,0.648102280978069,train
17896,1,0.7002348847119879,test
17898,1,0.4526546971094084,train
17899,1,0.1932937323805109,test
17901,1,0.5015086308201163,train
17902,1,0.602117352626113,train
17903,1,0.3755249274640257,train
17904,1,0.4502744090965869,train
17905,1,0.8877993820902012,val
17907,1,0.4115664118315416,train
17909,0,0.4802625955647941,train
17912,0,0.4397866457178052,train
17913,0,0.4854660051910066,train
17914,1,0.2899028666885686,train
17915,1,0.4911875734326847,train
17916,0,0.5272567234200343,train
17919,0,0.5657883466597723,val
17921,1,0.3277549285138137,val
17925,1,0.0549465979421628,train
17926,1,0.4169451538013345,train
17928,1,0.3936496930160746,test
17929,1,0.6852478980273814,val
17930,1,0.3045053759480881,train
17934,1,0.4695168933692952,test
17935,1,0.8134135365484059,test
17936,0,0.8591363036570131,train
17938,0,0.5137374203782508,train
17939,1,0.7195645990062347,train
17940,0,0.4622371805051023,train
17942,1,0.3460034600368875,test
17943,0,0.0796956153225175,train
17945,1,0.2726077538846506,train
17948,0,0.0678515589135113,val
17950,1,0.3858735533056499,train
17951,0,0.7377801518101978,train
17952,1,0.3624230747928104,train
17953,0,0.8022643583563517,val
17955,1,0.2570585101668395,test
17956,1,0.0923439604279776,train
17957,1,0.4091462368734558,train
17959,0,0.7872162361358666,val
17963,1,0.3427568160642835,train
17965,1,0.9241026541431178,train
17966,0,0.4296590594510161,test
17967,1,0.4589438367185937,train
17969,1,0.499199165879872,test
17970,0,0.3563281019939349,train
17971,1,0.2611941906715912,train
17973,1,0.3545743481433894,test
17975,1,0.3784890604461707,test
17976,0,0.8133981313226017,train
17977,1,0.2914376715448999,train
17979,1,0.4105659012035093,train
17981,1,0.182264909981728,train
17982,1,0.0558117727476645,train
17984,1,0.4794684565435524,train
17986,0,0.2772334078873784,train
17992,1,0.1530425517440152,train
17993,0,0.5708140349717981,train
17994,1,0.7994525392215315,test
17997,1,0.5765141516689858,train
17998,1,0.6533340453310319,train
17999,0,0.6096918347715063,test
18000,1,0.1502052336415704,train
18002,1,0.1845251268331401,test
18005,0,0.4453739163332483,train
18006,1,0.2431716612639545,train
18007,1,0.2549264033075226,train
18009,1,0.2172277840452767,test
18012,0,0.4475619091062331,test
18013,1,0.6824300865368429,val
18015,1,0.2239999447578338,train
18016,0,0.460258668901945,train
18019,1,0.1878514788336346,train
18020,0,0.8031875827869793,train
18021,1,0.6004885735218668,test
18022,1,0.9067833696912628,test
18024,1,0.5718797165329634,train
18025,1,0.5940102165322472,train
18026,0,0.8383760433632736,train
18027,0,0.9480201138231172,val
18028,0,0.6504063751463869,train
18029,0,0.6884222105700156,train
18031,1,0.1289167313125488,val
18033,0,0.4227309802856682,train
18036,0,0.4307571571426717,val
18037,1,0.2596679622347608,train
18041,1,0.5171718214451909,train
18042,0,0.4650378103739323,test
18043,1,0.4078525952369639,train
18046,1,0.0418428600547448,train
18047,0,0.2017095446311244,train
18050,0,0.2839579518221377,train
18051,1,0.8338332223424489,test
18053,1,0.2604121562734168,val
18054,1,0.4836215976956177,val
18055,1,0.1485568042979834,train
18056,0,0.5118915698567328,train
18057,1,0.8587175101259708,train
18058,0,0.6100820470594291,train
18059,1,0.0933000692185826,val
18060,1,0.2817831512573571,train
18061,1,0.1625389809284051,train
18062,0,0.297316977562133,train
18063,1,0.3176125409591983,train
18065,1,0.1180302093867216,train
18066,0,0.3103786496471278,val
18067,0,0.5651520010007489,train
18068,1,0.2497003898554127,test
18069,0,0.4798375130251996,train
18070,1,0.3027603299363329,train
18072,1,0.078606972461541,train
18073,0,0.9086839240484936,train
18074,0,0.8331737519800544,train
18075,1,0.4656583070026742,train
18076,1,0.0802002410302263,train
18077,1,0.111100276251326,test
18078,0,0.9878820197712812,train
18079,1,0.1158887509529147,train
18080,0,0.8447654371647629,val
18081,1,0.1432576441632739,test
18082,1,0.0607849448628616,train
18083,0,0.5266754724233933,train
18087,1,0.366136094194758,train
18088,1,0.6068341309937693,train
18090,1,0.0634842399834824,train
18091,1,0.1297630037027431,train
18092,1,0.0800003077960648,train
18093,1,0.3282765954749042,val
18094,1,0.1427955895444645,train
18098,1,0.6863819387893162,train
18100,1,0.5782290820197764,train
18101,0,0.4715971509546289,train
18102,0,0.7127293358307122,train
18106,0,0.6211376477069431,train
18107,0,0.4766719276485697,train
18108,1,0.3764198454986627,test
18109,1,0.0942810771800759,train
18110,1,0.2846255793586425,train
18111,1,0.3216707598451959,train
18113,0,0.8803102749537647,val
18116,1,0.2506232318861403,train
18118,1,0.484327767729594,train
18119,0,0.6560793806716131,train
18121,0,0.2544541667282435,val
18122,1,0.654450938389726,train
18123,0,0.676891117097705,train
18124,1,0.0507706748692743,train
18125,1,0.6493326044706429,train
18126,1,0.2384798627062709,val
18129,0,0.5541925722789462,test
18130,0,0.3358261840895921,train
18131,1,0.3236951449865559,test
18132,1,0.2259255160331149,train
18133,1,0.1942440096290982,train
18134,0,0.9100323265902488,train
18135,1,0.1979031660624138,train
18136,0,0.5297588186026645,val
18137,1,0.055137017177828,train
18138,0,0.3232363395962722,train
18139,1,0.0641318418476593,val
18140,1,0.6414468700348367,val
18142,1,0.1568006152755224,train
18143,0,0.2611025956953055,train
18146,0,0.5502226455889951,train
18147,1,0.2819634529796098,train
18151,1,0.0353016156337645,train
18152,0,0.572523691764641,train
18153,0,0.6707781223741542,train
18154,0,0.5534938919380299,train
18155,1,0.1339129191272293,train
18157,1,0.1136876044425279,val
18159,0,0.7593029565522379,train
18162,0,0.535917421738423,test
18163,1,0.3514415057453747,train
18164,0,0.4749535742208227,test
18167,1,0.0593963024305266,train
18169,0,0.127485922530527,val
18170,0,0.9298030979050252,train
18171,1,0.279060646437094,val
18172,0,0.6613767856037152,train
18173,1,0.3345205175723639,val
18175,0,0.5952612875807106,val
18177,0,0.3414263396331036,val
18178,1,0.0273300818978301,train
18179,1,0.0910351413267243,train
18180,0,0.512885372423749,train
18181,1,0.1263690406960586,train
18182,0,0.4282984536415204,train
18188,1,0.3768453901646363,val
18190,1,0.3020812000987637,train
18191,1,0.5621234605020126,train
18192,0,0.767769116840384,test
18194,0,0.6607830864822847,val
18195,1,0.5079030507566966,train
18198,1,0.3334554829958092,test
18200,1,0.0853168538012435,train
18202,1,0.2975433295563587,train
18203,0,0.6008872375855021,train
18204,1,0.349592652143382,train
18206,1,0.4076297297257215,test
18207,0,0.652805880591657,train
18208,1,0.1083833481585344,train
18209,0,0.2248278707804876,test
18210,1,0.2969681382058156,train
18211,1,0.2450167398075408,train
18212,0,0.7972901002476402,train
18213,0,0.6203292810419205,train
18214,1,0.1518571942212978,train
18215,1,0.3092508226649478,val
18217,1,0.145904842865079,test
18220,1,0.3066511589247186,test
18221,1,0.4695763915245567,train
18222,1,0.1498427220733292,train
18223,0,0.4508514116257333,train
18225,0,0.742034053852394,val
18226,0,0.460412012487613,train
18227,1,0.5008496239320279,val
18229,1,0.3767519994381049,train
18231,1,0.7059407548152101,train
18233,1,0.2056347875506073,train
18234,1,0.4211239047663363,train
18235,1,0.730385643804166,train
18236,0,0.182077837744316,train
18238,0,0.7151575105873149,train
18240,0,0.1165916499378194,val
18241,1,0.5477344323938866,train
18244,1,0.2233281149478199,train
18245,1,0.3664842025066471,train
18246,0,0.2063509338663141,test
18248,0,0.5048244166032788,train
18249,1,0.3275311443153265,train
18250,1,0.4213933098008326,val
18251,1,0.6243369727661783,train
18252,0,0.1870138958975545,test
18253,1,0.089363218378329,train
18254,0,0.4221299988852787,train
18255,1,0.3311264715903732,val
18262,1,0.0320157448027755,train
18263,1,0.6063486469235745,val
18264,1,0.3481871740718565,train
18265,1,0.5593331538657029,train
18266,0,0.5290233052180027,train
18268,1,0.9137879437228776,test
18270,0,0.8489612672426451,train
18273,1,0.3126463403165229,train
18275,1,0.5852170947809561,train
18276,0,0.2043602477992993,train
18277,1,0.819178214008095,train
18279,0,0.7458851594788523,train
18280,1,0.5616149986797168,train
18281,1,0.4859899968785499,test
18282,0,0.5649471472215435,train
18283,1,0.6323189141604173,train
18284,1,0.5045629687613016,val
18285,0,0.5372852657641063,train
18286,1,0.188846063505325,train
18288,0,0.6310793667646217,train
18289,1,0.4934798397529447,train
18290,1,0.4292447113552219,train
18291,1,0.2129176157642625,train
18294,1,0.3730734162954404,train
18295,0,0.5618764401018868,train
18296,0,0.2972072726431196,train
18297,1,0.3918151470058229,train
18298,1,0.6693625954219035,train
18301,0,0.7957694640747301,test
18302,0,0.2728075893506767,val
18303,1,0.476458916844339,train
18304,1,0.350773602721919,train
18305,0,0.3754998099189011,train
18307,1,0.3798066208045695,train
18308,1,0.3697508377321402,train
18313,0,0.7954766187094805,train
18314,0,0.6151886774329729,train
18315,1,0.5230029188943555,train
18316,0,0.505530844165508,train
18317,1,0.5909256879057629,train
18318,1,0.5005039276260059,train
18319,1,0.3691708508785782,test
18320,0,0.4714507950771694,train
18324,0,0.4979151480908974,train
18325,1,0.3588328332083654,train
18328,1,0.4892010980750014,train
18331,0,0.4790447633410376,train
18333,1,0.9023074795150164,val
18334,1,0.3749041393659461,test
18335,1,0.3825597820357126,train
18337,1,0.1891687280872978,test
18338,1,0.3432343961170089,test
18339,1,0.3494704786937659,train
18340,1,0.2425080478638134,train
18341,1,0.5433588051012527,test
18343,1,0.2409071618487884,test
18345,0,0.5536300150311725,train
18347,0,0.33945766944842,val
18348,1,0.2988166997342807,train
18349,0,0.2540234030254181,train
18350,0,0.9211663187414546,train
18351,0,0.5427989745616716,test
18353,1,0.0795646877351546,train
18355,0,0.8025435161265329,train
18356,0,0.2838712416561375,train
18357,1,0.175258711348229,train
18358,0,0.5015252693984724,train
18359,0,0.6552804194718261,train
18360,1,0.2646435021578774,train
18362,0,0.5630831037218537,train
18363,0,0.437802171856485,val
18364,0,0.7525925195877887,train
18365,1,0.573170762971603,test
18369,0,0.2186123564885915,train
18371,1,0.4949797984360966,train
18372,0,0.7215397727724746,train
18373,1,0.4366187163837417,train
18374,0,0.6384804880399985,train
18376,1,0.7329351070889838,train
18377,1,0.3498007109651012,test
18380,0,0.556415644561491,train
18381,0,0.496681991171609,train
18382,1,0.3212466758880092,train
18385,1,0.1072993530797242,train
18386,1,0.5919408591369293,train
18387,0,0.0887086214068196,val
18388,0,0.5453713299533133,train
18391,1,0.2396506104091107,train
18392,0,0.4792659719420284,train
18393,1,0.0909343646075658,train
18394,0,0.3568620163025434,train
18395,1,0.4108093665158552,train
18396,1,0.3202680395357639,train
18398,0,0.2190353078839209,val
18399,1,0.3964538035707364,train
18400,1,0.3202156413362276,train
18401,1,0.3962850562492668,train
18402,1,0.3856476228587092,train
18403,1,0.6284494013517791,train
18404,1,0.2195981399095607,train
18405,1,0.5879243035426422,test
18406,0,0.4854383732328802,train
18407,1,0.0605406446783389,train
18408,1,0.1543594414875284,test
18409,1,0.5013590807707051,val
18410,1,0.5099594208009448,train
18411,0,0.323570164108648,train
18412,1,0.0429011926282941,train
18414,1,0.7255859308376605,train
18416,0,0.453452394687778,test
18418,0,0.8540302924758715,test
18419,1,0.0673121467018346,val
18420,0,0.3475522949507535,test
18421,1,0.4813570151428397,train
18422,1,0.724843426591232,val
18423,1,0.2872526429481452,val
18425,0,0.6515771731994628,train
18426,0,0.5864916593219166,train
18428,1,0.4969649674616955,val
18429,0,0.3558858224104207,train
18430,0,0.6437648360215107,train
18432,0,0.5687122520851529,train
18434,0,0.6934125605447417,train
18435,0,0.6738619319996514,train
18436,0,0.9120819694164866,train
18438,1,0.30476942448762,train
18439,0,0.7724508369630562,train
18440,0,0.2848912711676626,test
18442,1,0.5786126511777321,train
18443,1,0.4341691388875698,train
18444,0,0.4782683477889911,train
18446,0,0.579970317258559,train
18447,0,0.3851828760949525,train
18449,1,0.1718948426462601,test
18451,1,0.1202877989345836,train
18454,1,0.5522867975806951,train
18457,0,0.5301053606062853,test
18458,0,0.6045643948537465,val
18459,1,0.6890942674275098,val
18460,1,0.2762063620960239,train
18461,1,0.2161134571126646,train
18463,0,0.4854348200076297,train
18464,1,0.3379188198402756,test
18467,1,0.5055532294239011,train
18468,1,0.673562996410837,train
18469,0,0.2426534865001587,val
18470,1,0.8607408026343476,train
18471,0,0.5004810977710452,test
18472,1,0.3654918186312758,test
18473,1,0.4048438247204048,train
18474,1,0.4995474529780462,train
18475,0,0.8322312271063099,train
18476,0,0.7592827502061547,train
18477,0,0.1765704051058447,train
18480,1,0.0745149916932468,train
18481,1,0.5071738803888705,train
18482,1,0.6266030030743991,test
18484,1,0.2479167053570546,train
18486,0,0.5390609141929952,train
18487,1,0.3342253212826034,train
18488,1,0.2635339707953535,train
18489,1,0.494805036877466,train
18491,1,0.338627838828215,train
18492,0,0.802207957545439,train
18493,0,0.8194335620808155,train
18496,1,0.2840867321638541,train
18497,1,0.780525563050823,val
18498,0,0.4096494967068268,train
18506,0,0.2944399918676752,train
18508,1,0.322678389828533,train
18510,0,0.3404355551957883,train
18511,0,0.5299606929640206,train
18512,0,0.346631702033255,train
18514,0,0.937824917313345,train
18515,1,0.2057265018770856,test
18516,1,0.0648076202282292,test
18518,1,0.4347168327690526,train
18519,1,0.6136100336183011,val
18521,1,0.3892758213974805,test
18523,1,0.0509227916299519,train
18524,1,0.2399493292934065,train
18525,1,0.6257332490724656,train
18526,0,0.4660972322295793,train
18528,1,0.3167079557537633,train
18530,0,0.4723643923588858,train
18531,0,0.6049607516432576,train
18532,0,0.1835163644222639,test
18534,0,0.4990962687589083,train
18535,1,0.2492769009520052,train
18536,0,0.3257418683971438,train
18539,1,0.4324573399752236,train
18541,1,0.231071261072307,test
18542,1,0.8633975155084256,train
18543,0,0.248499269729236,train
18544,1,0.3861649702047007,train
18545,1,0.3914373693323172,train
18546,0,0.6173246752426693,train
18547,1,0.5576479054172749,train
18549,1,0.1818892954984061,test
18550,0,0.3231743163752926,train
18551,1,0.3823576854186398,train
18552,1,0.191698448326148,train
18554,0,0.6756026176889004,train
18555,0,0.5729891500708002,train
18557,1,0.2935090909382684,train
18558,1,0.8219783609905857,train
18559,0,0.5527840312895329,test
18560,1,0.1141902115912533,train
18562,0,0.3654515526729844,test
18563,1,0.2119953372362173,train
18567,1,0.2548856201081864,train
18568,1,0.504857760613693,train
18569,1,0.2128413000445648,train
18570,0,0.7958711452199481,test
18571,1,0.3493868390477882,train
18572,0,0.591695246866272,train
18573,1,0.3902266267042085,train
18575,0,0.4795964215719783,train
18577,0,0.3379689551831217,train
18580,1,0.6423994242212435,train
18582,0,0.8288441789485661,train
18583,0,0.6730301685787292,train
18584,0,0.5236647074415715,val
18585,1,0.3329018400505168,test
18586,0,0.5123026636139252,train
18587,1,0.1365997355655175,train
18588,1,0.4702407174033943,test
18590,0,0.7076753691124674,train
18591,0,0.1469873164948875,train
18592,0,0.6378626190758989,train
18594,1,0.3429720283732892,train
18595,1,0.0669600675172854,train
18596,1,0.2684302944085978,train
18597,0,0.7398339611047982,train
18599,1,0.346389535559449,test
18600,1,0.1890769668264712,val
18602,0,0.6310565395751804,train
18603,1,0.1459842621124286,val
18605,0,0.4039070309587385,val
18609,1,0.4876747151658747,train
18610,0,0.8738709932171983,train
18612,1,0.1763005942286649,train
18613,0,0.4886929437412252,train
18614,0,0.6197320314414387,train
18615,1,0.2070186874307087,train
18616,1,0.4777404240923096,train
18617,1,0.0909332552044241,train
18619,1,0.0793822081723036,train
18620,1,0.397661044135897,train
18621,1,0.1127725711775516,train
18622,0,0.6178488632051445,train
18623,1,0.540454925696009,train
18624,1,0.7507219396389212,train
18626,1,0.1835834884058993,train
18629,1,0.1844373732460483,val
18631,1,0.1741409750259686,val
18632,1,0.2997410514009606,train
18633,1,0.2609224456244556,val
18635,0,0.3612699884568322,test
18636,1,0.2535922758292213,train
18637,0,0.3216970486329212,train
18639,0,0.4427035437261254,train
18641,0,0.5530509665324543,train
18642,1,0.1429979644476253,test
18644,0,0.4838167020263663,train
18645,1,0.5644918547177307,train
18646,0,0.7734929329299225,val
18647,0,0.3729929884149702,train
18649,0,0.5119509084456655,val
18651,1,0.0472111638833769,train
18652,1,0.8738932092009476,train
18655,0,0.6863830631276484,train
18657,1,0.1210834553346081,val
18660,0,0.2777322465991005,train
18661,1,0.3583827679296272,train
18662,1,0.3128267119873933,val
18664,1,0.3157900113535969,test
18665,1,0.2644674627411922,train
18666,0,0.3777851937027728,train
18668,0,0.6226814492193835,train
18669,0,0.4949620735049004,train
18670,1,0.1074578281914678,train
18671,1,0.1768818128410455,train
18672,0,0.4756790974167708,train
18673,1,0.1053939502674276,train
18676,1,0.4113884781989436,train
18677,1,0.1736586936095522,train
18680,1,0.2177076826777365,test
18681,0,0.4158418720583035,val
18682,1,0.2225988995381259,train
18683,1,0.0872882942610911,train
18685,0,0.854198561672113,train
18686,1,0.0616876970840859,train
18688,0,0.4109719860279184,train
18689,1,0.3515733766696751,train
18691,1,0.0887950468688875,train
18692,0,0.503263777293377,test
18693,1,0.2279788249771162,test
18694,1,0.5376513350982992,val
18695,1,0.2984834557660749,test
18696,1,0.1808132210782869,train
18697,1,0.149622538419674,train
18700,0,0.9768176028583622,test
18702,0,0.5089452269613224,train
18703,1,0.0612207744017565,train
18704,0,0.5285444963214729,train
18705,1,0.3904135908712685,train
18706,1,0.4774036141199941,train
18709,0,0.5343995940643196,val
18711,1,0.7079302668174434,train
18712,0,0.6343946089137018,test
18713,1,0.1610981171806166,train
18714,1,0.0689602165211228,train
18716,0,0.8275957966097294,train
18717,0,0.3704712880681445,val
18718,1,0.5169943118817543,val
18719,1,0.2299943418690166,train
18721,1,0.3058528471618635,train
18724,1,0.1296442481652242,train
18725,1,0.6070200784440007,train
18726,0,0.5185582704855204,test
18727,1,0.3966297297431871,train
18728,1,0.2104232265489811,train
18730,0,0.4168537988298452,train
18731,0,0.3651688618236415,val
18732,1,0.1893551918164663,train
18733,1,0.2166616847094307,train
18735,1,0.1530166356975291,train
18737,1,0.8623466357264707,train
18738,1,0.4135946733619579,train
18739,0,0.1640824841367948,train
18740,1,0.168800406827157,train
18741,0,0.6147684873737916,train
18742,0,0.6414461526586374,train
18743,1,0.267739849723177,train
18744,1,0.7198104436030133,val
18746,0,0.6347629771841766,train
18748,0,0.5669532200931297,train
18749,1,0.3286468217826536,train
18750,0,0.4466159340121036,train
18751,1,0.4814822549633663,train
18753,1,0.0242532631971089,test
18755,1,0.369225348655777,train
18756,1,0.5799196154588093,train
18757,1,0.4945697084994418,train
18758,0,0.5342196078880462,train
18759,0,0.6225899807163207,train
18760,0,0.7087335614093233,val
18761,1,0.1541213651442706,train
18763,0,0.7099602128491267,train
18764,1,0.0823831866268383,val
18765,1,0.0309018110920707,train
18767,0,0.7678862142308275,train
18768,1,0.3057368419124485,train
18771,0,0.3623244431158825,train
18773,0,0.7060934246377303,train
18776,0,0.9868735727679728,train
18777,1,0.1217595729254674,train
18778,0,0.5552251463339586,train
18779,1,0.0943859272603605,train
18780,1,0.4283148853656403,train
18781,0,0.3109977314802126,test
18782,0,0.8682360705968635,test
18784,1,0.5815708708623049,train
18785,0,0.8272512363998581,train
18786,1,0.3112434997029235,val
18787,1,0.3602967408590805,train
18788,1,0.1047963254706748,val
18789,1,0.2934710250008693,train
18791,1,0.2407627765242308,train
18792,1,0.1467177996571722,test
18793,0,0.7631315084609489,train
18794,0,0.4735636379123634,val
18795,1,0.3528029820938128,train
18796,0,0.8371626883321872,train
18797,0,0.7708010963976953,train
18798,1,0.1999339491273961,test
18799,1,0.1289942105467372,train
18800,1,0.4663761338657445,val
18802,1,0.2550367290632671,val
18803,1,0.0511879936045712,train
18804,0,0.372544755409809,train
18805,0,0.5178857712812874,val
18806,1,0.4107597790863379,train
18807,1,0.2524638293198601,train
18808,1,0.1664567834039624,test
18811,1,0.0457128903599072,train
18812,0,0.3286173664654743,test
18813,1,0.1342155307230682,train
18814,1,0.0878423952853667,test
18815,1,0.1911913409764398,train
18817,1,0.4064070154127636,test
18820,1,0.1225003607150437,train
18821,1,0.3734220573338066,train
18823,0,0.3845582068258198,train
18824,1,0.4189724662702879,train
18825,1,0.3839977426596236,train
18826,0,0.3899914647979716,train
18827,1,0.2102404136159595,train
18828,0,0.4206309196562781,train
18830,1,0.5590680997915219,test
18832,1,0.1856945850912971,train
18834,1,0.3404624657677828,train
18835,1,0.1105374277583267,train
18837,1,0.2826778007011766,train
18838,1,0.2427843724681323,train
18841,1,0.0775306302397146,train
18842,1,0.4679966591641468,test
18844,0,0.759948734641871,train
18845,1,0.3107735056203659,train
18846,1,0.1931809502534948,train
18850,1,0.2429775383735538,train
18851,1,0.2404675027702388,train
18852,1,0.279925432368789,train
18855,0,0.0831550594794714,test
18856,0,0.5526130605892663,train
18858,1,0.5237892720499517,val
18860,0,0.5586563709905461,train
18861,1,0.2944988270065125,val
18863,0,0.5073666053521071,val
18865,0,0.4486346138051785,test
18866,1,0.5386369773872971,test
18867,1,0.6077416148198715,train
18868,1,0.4689587378043532,train
18869,1,0.6305887777032531,train
18870,1,0.2162720029057041,test
18872,1,0.1141326759492459,train
18873,1,0.3868202344244972,train
18874,1,0.3802599465828022,train
18875,1,0.3154645657885725,train
18876,1,0.4732169524648205,train
18877,1,0.366765769968551,val
18878,1,0.2418515179916677,train
18881,1,0.6355803030418544,test
18883,0,0.4404264210923537,val
18884,1,0.5937511147944223,train
18885,1,0.3425924011203136,train
18886,1,0.2616450008142446,train
18887,1,0.0987241457441091,train
18888,1,0.3621741129956166,test
18889,1,0.3462158047016822,test
18890,0,0.8337566946945782,train
18893,1,0.3927061289976825,train
18894,0,0.4395524349321328,train
18895,1,0.218700169067653,test
18896,0,0.926033598318204,test
18897,1,0.0746441265858645,val
18899,1,0.3038655562625086,test
18900,0,0.8015710793007006,val
18901,1,0.4343353571922034,train
18906,1,0.272194114450603,train
18907,1,0.2712521270772337,train
18908,1,0.4993703860183257,train
18909,0,0.402621049634572,train
18910,0,0.8669267377219593,val
18911,1,0.0585074875452437,val
18912,0,0.4726376454302446,train
18913,1,0.2215481996486371,train
18914,1,0.3547901245158881,train
18915,1,0.3440255703303914,train
18916,1,0.3998171087056121,train
18917,1,0.0839634009434199,train
18918,1,0.5585797321586197,train
18919,1,0.2490087828557576,train
18920,0,0.5180705608901168,train
18921,0,0.6029132100529893,train
18922,1,0.1601195332241587,train
18923,1,0.117379233285402,train
18924,0,0.4834064379735251,train
18925,1,0.2240974147302972,train
18927,1,0.0350780320628093,test
18928,0,0.1731412676218116,train
18930,1,0.1674578089419123,train
18931,0,0.480083241193853,train
18932,1,0.3786136005249252,val
18935,1,0.4390333865898238,train
18936,0,0.5480163940495232,train
18938,0,0.4615280679248567,test
18939,0,0.5584078635427758,test
18941,1,0.2280229753700768,val
18942,1,0.2061724875644669,val
18944,1,0.4044162001525417,val
18945,0,0.1194102529011219,train
18946,1,0.1192353570733338,train
18947,1,0.489976020862771,train
18949,0,0.751636478632515,train
18950,0,0.3643222502398114,val
18953,1,0.3416309105221062,train
18955,1,0.2205390196060384,train
18957,0,0.7028622984303947,train
18960,1,0.1147987059640843,train
18961,1,0.3132641075324115,test
18962,0,0.970345918992768,train
18963,0,0.4218189327809885,val
18965,1,0.5176096739811079,test
18966,1,0.2213676645414979,train
18967,1,0.1198823324796177,train
18968,1,0.4425919780719347,train
18969,1,0.204906329116393,val
18971,1,0.5259941116476112,val
18972,0,0.1594693978627098,val
18973,1,0.47970189884491,test
18975,1,0.0578075411081611,train
18977,0,0.5858206425606296,test
18978,0,0.1699413658865357,test
18979,0,0.8970681938246112,test
18980,0,0.4820758687859895,val
18982,1,0.0872887227854736,train
18984,0,0.6394636243124902,test
18985,1,0.1400014795501559,val
18987,0,0.6602710602751859,train
18988,1,0.3567925783343502,train
18989,1,0.7271157736824373,test
18990,1,0.1442652082476927,val
18991,0,0.8621175448832175,test
18992,0,0.6353711641235904,train
18995,1,0.3860423446787431,val
18996,1,0.2155078660833724,train
18997,1,0.5253275018420441,test
18999,1,0.226585374891158,train
19000,1,0.4865745565746998,val
19002,1,0.4945351110619952,train
19003,1,0.5615822753287237,train
19004,1,0.9264440351661172,train
19005,0,0.5379444910272284,val
19007,0,0.6934232534611995,train
19008,1,0.1922105738078238,train
19009,1,0.4517517481871543,train
19011,1,0.4396566806997179,train
19012,0,0.7852311198348281,train
19013,0,0.8429015337333523,train
19015,1,0.2851586683402037,val
19016,1,0.1317491702784631,train
19017,1,0.3799816832723041,train
19018,1,0.1264742377181139,train
19019,0,0.596891079814547,train
19020,0,0.4892348127789728,train
19022,1,0.4472743754962625,test
19023,0,0.5353686074429405,train
19024,1,0.0965649247774388,train
19025,1,0.2119961872894701,train
19026,1,0.1423081041979152,val
19028,0,0.7581390670258017,train
19029,1,0.1014354475823789,train
19030,0,0.2969614343379502,train
19032,1,0.6038758854952744,train
19035,1,0.1105913637521078,train
19036,1,0.0208429400749211,train
19037,0,0.409438935339086,train
19038,0,0.4896086027235733,train
19039,1,0.4093428507485435,train
19041,0,0.3084349917643385,train
19042,1,0.8830731676869934,test
19043,0,0.1751348255597085,train
19045,1,0.5689278874819619,val
19046,1,0.3694986750568351,train
19047,0,0.3498960163041489,val
19048,1,0.2241386959701984,test
19049,0,0.5361522734715585,train
19052,0,0.5904564181830971,train
19054,1,0.044931781456896,train
19056,1,0.2278140521515329,train
19057,0,0.4016957901808752,train
19058,0,0.823595592834919,train
19059,1,0.5326722158629768,train
19060,0,0.5033499752374777,train
19061,1,0.1128311751770583,train
19063,1,0.5486475574021621,train
19064,1,0.6124379993530793,val
19065,1,0.1982503268825732,train
19066,1,0.3818591444170283,train
19071,1,0.1862852995605926,train
19073,1,0.3869309588301727,test
19074,1,0.0484089515306391,train
19075,1,0.6788178893359357,val
19076,0,0.7784672515797306,train
19080,1,0.3264138812813476,train
19081,0,0.1827968119161618,test
19083,0,0.4735191467651427,train
19086,0,0.6999633879299865,train
19087,0,0.5190653523429063,test
19088,1,0.3423161704667602,train
19089,1,0.1614531028566812,train
19090,0,0.2853320470584374,train
19091,1,0.0632092309391727,train
19092,0,0.8537497875485669,train
19094,1,0.1198266866904922,train
19096,0,0.8525660134414941,train
19097,1,0.2772462750357896,train
19098,0,0.0895068256137138,train
19102,0,0.7389719953968212,train
19105,1,0.2427756169614593,train
19106,1,0.2021198025652307,train
19108,0,0.5680269743012134,test
19110,1,0.3300457040151867,train
19112,1,0.2060155731569157,train
19113,1,0.2298907707992605,val
19114,1,0.2860428462744074,train
19115,1,0.1667769340255189,train
19116,0,0.7036734989223806,train
19117,1,0.3727214975811236,val
19118,0,0.681882388649411,train
19120,0,0.5200209009904664,val
19121,1,0.5358872316390063,train
19122,0,0.296382037643784,train
19123,0,0.2078877058521702,train
19124,1,0.4089980619442475,test
19126,1,0.446183790890418,train
19127,1,0.097614777437462,train
19128,0,0.433143522384783,train
19129,0,0.4050062469037673,train
19130,1,0.2764158743040277,train
19131,0,0.8787863662243247,train
19132,1,0.067821725467593,train
19135,1,0.054514958327018,train
19137,1,0.2737732423212312,train
19138,0,0.6267118366373843,train
19139,0,0.3030979857965115,test
19140,0,0.3234280974020025,train
19141,1,0.5657741362590627,val
19143,1,0.7665686261535518,test
19146,1,0.3231840395334948,train
19148,1,0.3776545347158585,val
19149,1,0.3167184519587263,val
19150,0,0.7876096428270349,val
19152,1,0.4333896402279173,train
19153,0,0.1053458235867288,test
19154,0,0.1560478474344148,test
19155,0,0.630730673736434,train
19156,1,0.7326506194588158,test
19157,1,0.1042817195213798,train
19158,0,0.7233488857903267,train
19161,1,0.0850568055789267,train
19162,0,0.2987824729622941,val
19163,0,0.1024847293581792,val
19164,0,0.7891645564490267,val
19165,0,0.3110367061460113,train
19169,0,0.5521394269430013,test
19170,1,0.1217185046650201,train
19171,1,0.3490413269180858,train
19172,0,0.8620488326980584,train
19176,1,0.5801535190734686,val
19177,0,0.4807819567730778,train
19178,0,0.6622912979326641,train
19179,0,0.3751465712859116,test
19180,1,0.0961136918227995,train
19181,0,0.4265554427238657,train
19183,1,0.1668854917596547,train
19184,0,0.323883256542838,train
19185,0,0.4689363487426635,train
19186,1,0.8055510469518101,test
19188,1,0.1837309271109278,train
19189,0,0.3206349991825264,train
19190,1,0.0792135417980745,test
19192,0,0.7293152144640551,train
19193,1,0.2345746778613784,val
19194,0,0.7599611957319005,train
19195,1,0.2655230967247011,train
19196,0,0.3201446014540776,train
19197,0,0.7450021297449674,train
19198,1,0.0585480081544486,train
19200,1,0.0543595613377038,train
19203,1,0.2668277333458083,train
19205,0,0.2764327164767644,train
19206,0,0.2437318330551123,test
19207,0,0.2704358815644455,test
19208,1,0.1841602603734234,val
19209,0,0.2235948591877138,train
19210,0,0.664117209405901,train
19211,1,0.3044660021342792,train
19212,1,0.1894276913980885,val
19214,0,0.4124648288620614,test
19215,0,0.861723748407078,train
19216,0,0.5178364340034303,test
19218,1,0.1612341152064225,train
19222,1,0.1323913033460362,train
19223,0,0.2151357894893989,test
19225,1,0.3930195613971304,train
19226,1,0.570027652052379,train
19227,1,0.2146923069623771,val
19229,0,0.4561454634770808,test
19230,1,0.161664433093875,train
19233,1,0.0157975903648693,test
19234,0,0.944299020785668,train
19235,1,0.1499124116958557,train
19237,1,0.2280170594095434,val
19239,0,0.5410290931406198,train
19240,1,0.3221718200297019,train
19241,1,0.0523516599365229,train
19242,1,0.1263927045194207,train
19244,0,0.8432816116624369,train
19250,0,0.5139082693044902,train
19251,1,0.5211243494307229,train
19252,1,0.1770289773548462,train
19255,1,0.1322036749790478,test
19256,0,0.839594599194125,train
19257,1,0.210910783961212,val
19261,1,0.5420746934981753,train
19262,0,0.2911050987120649,val
19263,1,0.2018693912450401,test
19264,0,0.4327718310952758,test
19266,0,0.2297592074767102,train
19267,0,0.4836482404375958,train
19268,0,0.3632932213332579,val
19269,0,0.2514004469745203,train
19270,1,0.3221707954294188,train
19271,0,0.687463694391962,val
19273,0,0.5265291815976301,train
19275,1,0.2023930911359348,train
19276,0,0.3719367120171974,train
19277,1,0.0784681331107105,train
19280,0,0.4950579342311159,train
19282,1,0.5550957927775189,train
19284,0,0.8876930692724259,train
19286,1,0.0892325210064325,train
19287,1,0.3379123802069602,val
19288,1,0.756583995643161,train
19289,0,0.9809744230037324,train
19291,0,0.8628030312551536,train
19293,1,0.0645698657958852,train
19294,0,0.9432752411058928,val
19295,0,0.8540075937696526,train
19297,0,0.8682325662857304,train
19298,1,0.4185736454132545,train
19299,1,0.1349522153269616,val
19301,0,0.4437907562258945,train
19302,0,0.2366735885235881,train
19305,1,0.1124207338408619,train
19307,1,0.4873039320191403,train
19308,1,0.4478633854861034,train
19309,0,0.887344124007994,train
19310,0,0.3810482760007648,val
19312,1,0.3905292119205251,train
19313,0,0.955934249227952,test
19315,0,0.7640749785102772,train
19316,1,0.6936913622499692,train
19317,1,0.5416927639734035,train
19319,0,0.2621098433731499,train
19320,1,0.0875514550405414,val
19321,1,0.2635432916318613,train
19322,0,0.8475632874331963,train
19323,0,0.3864840233855873,train
19324,0,0.8078195333485687,train
19325,0,0.7888855592371526,train
19326,1,0.0363053442602731,train
19328,0,0.5271073200553351,train
19329,1,0.5985657188326545,train
19333,1,0.2523763407571107,train
19334,0,0.6177507842293248,train
19337,1,0.5979707549388518,train
19338,1,0.2679374308766894,test
19342,1,0.5060236509334635,train
19344,0,0.4833670383132867,train
19345,1,0.5542673389794164,test
19346,1,0.1378062489924135,train
19347,1,0.3382435133217417,test
19349,1,0.1946575808074838,train
19350,1,0.0481574540314656,train
19351,1,0.3472824737364204,train
19352,0,0.5563270040049847,train
19353,1,0.3794826113610721,val
19355,1,0.2439832351206617,train
19356,1,0.4361439613112871,val
19357,1,0.6835803873074722,train
19358,1,0.5422759624684206,train
19362,1,0.532613242740251,train
19363,1,0.3228195952717227,train
19365,1,0.3179130538395333,train
19367,1,0.4986980430000368,train
19368,1,0.246200477959447,train
19369,0,0.9371357660646408,train
19370,0,0.5670735652649798,test
19372,0,0.3723937660898582,test
19373,0,0.448230070834159,test
19375,1,0.3163965608665039,val
19377,1,0.3255318723898017,train
19379,1,0.2475961541125737,train
19381,1,0.3216074386143432,test
19383,1,0.2383569983339,train
19384,1,0.4161725933452349,train
19386,1,0.1116116737924513,train
19387,1,0.1114087387013901,train
19388,0,0.6167422897238282,train
19392,0,0.7502916797830184,train
19393,1,0.493246524453413,train
19394,1,0.4196769595452467,test
19395,1,0.6722178137874297,train
19396,1,0.4071386078415198,train
19397,1,0.6960749961095889,train
19398,0,0.7342929057008738,test
19399,0,0.4161221141874089,train
19400,1,0.0991835549172517,train
19401,1,0.3767101562743598,val
19403,1,0.3093985175153829,train
19404,0,0.7262743949701387,train
19405,1,0.371548766411344,train
19406,0,0.8001530581897931,train
19407,0,0.6219706954832191,train
19411,0,0.2880749961817663,test
19412,0,0.49862450344214,train
19414,1,0.2049892213598558,val
19415,1,0.4366161296352907,train
19416,0,0.9255970469724754,train
19417,1,0.0961360891293811,train
19418,0,0.1813362526265514,train
19419,1,0.3894386054585939,train
19420,1,0.3562899117169393,train
19421,0,0.5384200744776038,train
19422,0,0.6543312473839478,train
19423,1,0.0645503685745314,train
19424,0,0.6946009543581051,test
19426,1,0.0301175461101136,test
19428,1,0.5089815342082775,train
19431,1,0.3071155327004323,train
19432,1,0.6020634768773022,test
19433,0,0.5790250343012009,train
19434,1,0.0597651163430382,train
19437,1,0.4320942897025076,test
19440,1,0.5125104391273363,val
19442,0,0.7216222322387107,train
19444,0,0.2211515582071718,train
19447,1,0.8073196591515677,train
19448,1,0.4919614127545476,val
19450,1,0.1558223077707315,test
19451,1,0.1029658450611388,train
19453,0,0.8556573370082998,train
19454,1,0.4227084761335149,train
19455,1,0.1240438059477395,train
19456,0,0.7923974156147384,test
19458,0,0.7615435944300388,train
19459,1,0.1380286314604607,test
19460,1,0.1851910672777672,test
19461,0,0.7497283986609824,train
19462,0,0.8674228554823183,train
19463,0,0.9140761091906304,val
19464,0,0.8318626496454808,test
19465,0,0.2139217009872418,train
19467,0,0.4158188865650435,train
19468,0,0.3881577706030361,train
19470,0,0.407447147199845,train
19471,1,0.2726241608028993,train
19472,1,0.2139632041312426,val
19473,1,0.3365212303235052,train
19474,1,0.1164638121793696,train
19475,1,0.0537464979023434,train
19476,1,0.5955756772185556,val
19477,1,0.2456413665711909,train
19478,1,0.2208629269170934,train
19479,0,0.3527630037338888,test
19480,0,0.3756273478829677,train
19481,1,0.4228617013813338,train
19483,0,0.7128549144145375,val
19484,1,0.3902690444129086,train
19485,0,0.4612508393618263,train
19487,1,0.1130611627550717,test
19489,1,0.2979344806523867,train
19490,1,0.271827595733032,train
19493,1,0.5047684238049532,train
19494,1,0.5145790704946884,train
19495,1,0.0837003758553172,train
19496,1,0.3193072171126299,train
19497,1,0.462449060162338,test
19498,0,0.4422860619296138,val
19499,0,0.5436464677719772,train
19500,1,0.0535160981193799,train
19501,1,0.4081623141842666,train
19502,1,0.449237611367358,train
19503,1,0.3655398960906129,train
19504,0,0.9285563093316596,test
19505,0,0.5783436825376649,train
19508,1,0.2961348601397552,val
19511,1,0.1245376270730099,train
19512,0,0.7609853598118017,train
19513,1,0.094218728498494,test
19516,1,0.2310855158240102,train
19517,1,0.3220098107618357,train
19518,0,0.9605089006387012,train
19519,0,0.3106714428772731,train
19520,1,0.2334382051067638,val
19521,1,0.0674805178676413,train
19524,1,0.1908398800582373,val
19525,0,0.6483452079388088,train
19526,1,0.1368503683070159,train
19527,0,0.5590387980644576,test
19528,1,0.2956792318701811,train
19529,0,0.8949852439705192,train
19531,0,0.4989297907165028,train
19532,1,0.3370928967406673,test
19533,0,0.441074482518104,train
19534,1,0.4542905040887164,train
19535,1,0.2957876205679015,train
19536,0,0.3914084204908454,test
19537,1,0.0971961642604366,train
19538,0,0.2309097172552581,test
19539,1,0.1553047962688344,val
19542,1,0.0788971105325545,train
19543,0,0.6890873444571257,train
19545,0,0.7491319035585876,train
19547,1,0.7347899397429616,val
19551,0,0.5822481261286634,val
19552,0,0.8432230061923492,train
19553,1,0.51483901164805,train
19554,0,0.7354719751612151,train
19556,1,0.0363471108551081,test
19558,1,0.492647178994315,train
19561,0,0.7622780559862025,test
19562,0,0.622453439381031,train
19564,1,0.4396735579694293,val
19565,1,0.358900826967757,train
19566,1,0.4401065554119335,train
19567,0,0.6094255954928589,train
19572,0,0.876290305255569,train
19576,1,0.3695707324289465,train
19578,0,0.4749759275954947,train
19579,0,0.3768411303473733,val
19581,0,0.3413720527107718,train
19582,0,0.5954511890139152,train
19583,0,0.5207822920372652,test
19585,0,0.6442000012940836,train
19586,0,0.808839898485377,val
19587,1,0.6409047123744892,train
19588,1,0.4649661102531131,train
19589,1,0.2248086300572027,test
19590,0,0.6325768671912559,train
19592,1,0.2852958434506683,test
19593,0,0.5298691736522607,train
19594,1,0.3789796112918209,train
19595,1,0.0776203851288542,test
19596,1,0.2398636143680411,test
19597,1,0.4033681321879371,val
19599,1,0.3597164165219396,train
19600,1,0.7367524044444959,train
19607,0,0.7658953157568287,train
19610,1,0.1103189959292876,val
19611,0,0.4818011733113667,train
19612,1,0.190517601942726,train
19615,0,0.5586176945371368,train
19616,1,0.6915187078725219,test
19617,1,0.3301944593468078,test
19618,1,0.2798349053402289,test
19619,0,0.4800545726581418,val
19620,0,0.647619919117844,test
19622,0,0.6710846265807308,val
19623,1,0.5175425032186809,test
19627,0,0.7325356232014228,train
19628,0,0.6368120530450396,train
19629,0,0.7031737951164756,train
19630,1,0.3171441393640524,train
19632,1,0.1179888962800277,train
19633,0,0.509462754543113,train
19636,0,0.7328625541807177,test
19639,1,0.396743128845077,test
19640,0,0.3865987959025266,train
19642,0,0.5022637721849639,train
19644,0,0.5986505595728426,train
19645,0,0.2975898497244392,train
19648,0,0.8479695138327432,train
19649,0,0.5704264862306916,train
19650,0,0.5252595780536968,train
19653,0,0.2275791655948791,train
19654,0,0.2428798328047516,train
19655,0,0.7802596744056364,train
19656,0,0.5365989790386709,val
19657,0,0.5459217642165723,train
19658,1,0.7366336679872133,train
19659,1,0.3599492876559383,train
19660,1,0.4165086163451279,train
19664,1,0.5180700021462687,test
19666,1,0.0416711448650529,test
19667,0,0.77546363356674,train
19668,1,0.2672007544055698,train
19669,0,0.8476603308313122,test
19670,1,0.0850812551144686,train
19672,1,0.1963776096853424,train
19673,1,0.3253189613265237,train
19674,0,0.2374089350419229,val
19675,0,0.5415824339030638,train
19677,0,0.7877437970417086,train
19679,1,0.131953447935557,val
19681,1,0.0949441375610031,train
19682,1,0.2169853455933902,train
19683,1,0.1922654092559331,val
19684,0,0.8959350000203238,train
19685,1,0.4529823624329681,train
19692,0,0.3682475252571107,train
19693,1,0.064268332119954,train
19694,0,0.9487574708041776,train
19696,0,0.6420010209826519,train
19697,1,0.6774746147624842,val
19698,0,0.5615585856031317,train
19699,0,0.4525461838437015,test
19700,1,0.064879537920739,train
19701,1,0.6693336182238467,val
19703,1,0.2032334060947893,val
19705,1,0.3986447592048874,train
19706,1,0.1703794307206942,train
19707,1,0.3613698163678325,train
19708,0,0.3379942216658397,train
19710,1,0.0764579824431117,train
19711,1,0.1655816291988724,val
19712,0,0.3355218143707172,train
19714,1,0.2697191784283681,val
19715,1,0.370340811692427,train
19718,0,0.8025355404176339,train
19720,0,0.5390906001020965,train
19721,0,0.6477838183701854,train
19722,0,0.7045435444618264,train
19724,0,0.3628950596823916,val
19726,1,0.2169866671704065,train
19728,0,0.4579894926965145,val
19730,0,0.3146795906800876,val
19731,0,0.563521224076845,test
19732,1,0.4823604484822316,train
19733,0,0.4334918276201158,train
19734,0,0.2393736272917159,test
19735,0,0.6640801484853107,train
19737,0,0.451512098689157,train
19738,0,0.8991138669047828,train
19739,0,0.9186777408448578,train
19740,1,0.4511764240149868,train
19741,0,0.5107528007744204,train
19742,0,0.619228872025659,val
19746,0,0.827463104720248,train
19747,1,0.6036132018505285,test
19748,0,0.3864083757476617,train
19750,1,0.6834952239076963,train
19751,1,0.427539503147631,train
19752,1,0.0322441015367472,train
19753,0,0.4478680083521764,val
19755,1,0.3381109867998698,train
19757,1,0.1888648463577359,train
19758,0,0.7164286062603661,train
19759,1,0.7634506558824964,train
19760,0,0.6659192847955608,train
19761,0,0.3931565934585468,val
19762,1,0.3290589765326522,test
19763,0,0.3186557840711771,test
19764,1,0.4603558676756953,train
19765,1,0.5417701359085116,train
19766,0,0.6250366014510598,test
19767,0,0.913060754606604,train
19773,1,0.4862448618737693,train
19776,1,0.1600065927970805,val
19777,0,0.6910665369805438,train
19778,0,0.6379021898936434,train
19779,1,0.0740067447824164,train
19780,0,0.7607003889390782,train
19782,0,0.8516676888938524,train
19783,1,0.171724758123982,val
19785,0,0.5186028471213049,train
19787,0,0.4270988242151116,test
19788,0,0.8267963093332015,train
19789,1,0.655095550090695,train
19790,0,0.6697280702617086,train
19791,1,0.1636842767229017,train
19793,0,0.9644240887996604,train
19794,1,0.2684750754738203,train
19795,1,0.2254119402004046,val
19796,1,0.2593359933498336,train
19797,0,0.647977406389471,val
19798,1,0.338783284848913,train
19799,0,0.6350487369878695,test
19800,0,0.8943253174702519,train
19801,1,0.0560061645664807,train
19803,0,0.4827162039397034,train
19804,0,0.8359901278700301,val
19805,0,0.684755757719796,train
19806,0,0.4290485219379721,test
19808,1,0.0254673980367704,train
19810,1,0.5878233792533383,train
19811,0,0.8441838757610646,train
19812,1,0.3492464563998647,train
19813,1,0.2770388135769339,train
19814,0,0.2540518995786224,train
19816,0,0.9160114168298944,val
19818,0,0.4231736688534875,train
19822,1,0.4448420102415088,train
19823,1,0.4067348122586318,train
19824,1,0.060873687699047,val
19825,0,0.5856215629688959,val
19826,1,0.1924454839275482,train
19828,1,0.5840637439117164,train
19829,0,0.3718710420671997,train
19832,0,0.6084678738720883,train
19833,0,0.7238553046814498,train
19834,1,0.2695622078942775,train
19835,1,0.1156163125370001,train
19837,0,0.7804345193829514,train
19838,1,0.2802372689253455,train
19839,0,0.4095264974119553,train
19840,0,0.7152314889796032,train
19841,0,0.2731337187105667,train
19845,1,0.6972545882483856,train
19846,1,0.2121972987285411,test
19849,0,0.4869223001304221,train
19851,1,0.2722679931447498,train
19852,1,0.1152471695169111,train
19853,0,0.695511696229447,train
19855,1,0.1361026284925387,train
19856,1,0.2194614537793023,train
19859,1,0.3963952621657437,train
19863,0,0.6862029403104901,train
19864,0,0.301146739960128,test
19865,1,0.3898800344499424,train
19868,0,0.1228645984933233,train
19869,1,0.3088242052988015,train
19870,0,0.8501006516186301,train
19871,1,0.6126571668768503,train
19872,0,0.8318337098566799,train
19874,1,0.5692477134284626,train
19876,0,0.7194950978751009,train
19878,1,0.3714886335742103,test
19879,1,0.0976973635414597,train
19880,0,0.722453740487331,train
19883,1,0.2603819827704269,val
19884,1,0.2302814559075947,test
19885,0,0.8108345742436518,train
19888,0,0.4426904576984138,test
19889,0,0.3565281885833924,train
19890,1,0.2962384291878943,test
19891,0,0.6301271416550736,val
19892,1,0.4520563789581249,test
19893,0,0.340327297754172,val
19894,0,0.6193375235341885,train
19895,1,0.424284936149496,train
19896,0,0.0887846538744787,train
19899,1,0.1564686971234411,train
19900,1,0.2271375366493658,train
19901,0,0.6048742043831072,train
19902,0,0.7518614194649382,test
19903,0,0.6256104052545082,test
19906,0,0.8164176543960042,train
19907,1,0.6409382604754438,val
19908,0,0.2682411242551815,train
19909,0,0.9226688816297022,test
19910,1,0.0792235718056373,train
19911,0,0.6930741923656616,train
19912,1,0.1915590006286929,train
19913,1,0.2872222396535853,train
19916,0,0.631133893431972,val
19917,0,0.4353750829707612,train
19919,1,0.5461067811909193,val
19920,1,0.5478134347622601,train
19921,1,0.2295604847307756,train
19922,1,0.0881458003011272,train
19924,0,0.453143986766797,val
19926,1,0.1198955601245109,train
19928,1,0.4670415852331947,test
19929,1,0.3997824024681873,train
19930,1,0.371576990656994,train
19931,1,0.4317889394652009,train
19933,0,0.761304767589355,train
19934,0,0.7529682818104273,train
19935,0,0.7424139488001237,val
19936,1,0.3267642427042891,train
19937,1,0.1459025306992073,train
19938,1,0.4136070190625652,test
19943,1,0.6295280849472032,train
19944,1,0.0332630479539666,train
19945,1,0.3204734477379981,val
19946,0,0.376861040137498,train
19947,1,0.3173828960135355,val
19949,1,0.1966819938291555,train
19950,1,0.1425608234053597,train
19951,1,0.4701113156157883,train
19952,1,0.108297277159409,train
19953,1,0.3356284511313353,train
19955,0,0.1521996467865953,test
19957,1,0.4138617400452169,test
19958,1,0.5345082635307488,train
19959,1,0.3682068214930292,train
19960,1,0.194003294953913,test
19961,1,0.3910998186508461,train
19962,1,0.1806163018240776,train
19963,1,0.2843138352019939,test
19965,0,0.5148665526269138,val
19966,1,0.3368678625469115,train
19967,1,0.2419977132246143,val
19968,0,0.7217496780469388,test
19969,1,0.1197632627615665,val
19970,1,0.396506488757545,train
19974,0,0.4809708655928202,train
19975,1,0.4658558018328187,train
19976,1,0.7051603615039288,test
19977,0,0.643514073275445,train
19978,1,0.280101434307486,val
19980,0,0.6327757206556122,val
19981,1,0.2003941705892173,train
19982,1,0.214400826550792,train
19983,0,0.8169212650643735,train
19984,0,0.5929181939821011,test
19985,0,0.1503947851755074,val
19986,0,0.3705302956819056,val
19987,0,0.5600298284937659,val
19988,1,0.2091151425370941,train
19991,0,0.9297599504708682,train
19992,1,0.1226944352497086,train
19993,0,0.4041764180394319,val
19995,1,0.1991118445866356,train
19996,0,0.420810959410141,train
19998,0,0.7913288385361225,test
19999,0,0.7116203490809656,train
20003,0,0.8777393615268181,train
20005,1,0.0837537932822088,train
20006,0,0.4114034392131506,train
20007,1,0.5561521394784388,train
20009,0,0.4555406616440162,train
20010,1,0.2859044703790294,train
20012,0,0.6525366374080452,train
20013,0,0.5491134878510113,train
20014,0,0.8159795733801927,train
20015,0,0.7290816813633297,train
20017,1,0.2757592958817078,train
20019,0,0.7137081769331879,test
20020,0,0.8529950781080531,val
20021,1,0.6495609895363598,val
20022,0,0.3752198204152868,test
20023,0,0.6442152335867528,train
20024,1,0.2004934529007238,train
20025,0,0.7323473138224114,train
20026,1,0.3364802344871257,train
20027,0,0.9353343876137508,train
20028,0,0.6788021265937856,test
20030,1,0.6085012969581607,val
20032,0,0.8999796246014332,train
20033,0,0.4969111038518884,train
20035,1,0.0537416034692216,train
20040,1,0.7731739759057583,val
20042,1,0.6080755955651049,val
20043,0,0.3802901601245053,train
20044,1,0.5204431019304334,train
20045,0,0.5775957042795221,train
20047,1,0.1910046545879931,train
20048,0,0.8146937199712385,test
20051,0,0.6827609431475548,train
20053,0,0.2310740979995752,val
20054,1,0.4315874930255988,train
20055,0,0.5963205800294027,train
20057,1,0.1528292202202001,train
20058,1,0.4342431426581519,train
20060,0,0.5999059074330242,val
20061,0,0.787235557146142,train
20062,1,0.2644590994529557,train
20064,0,0.3026235978239381,train
20066,0,0.5165069184967659,train
20069,0,0.5903772576619408,train
20070,0,0.7141763022237402,train
20071,1,0.1593218410077876,train
20073,1,0.3365632135323467,train
20074,1,0.2987389610438064,test
20076,1,0.4789908095298631,val
20077,1,0.1100069880547774,test
20078,1,0.6062784504024921,train
20079,0,0.5915594564600661,test
20080,0,0.6574431643949107,train
20081,1,0.2946230614397601,train
20083,1,0.2082797118428446,train
20087,1,0.3896775273232131,train
20088,0,0.5310673957121839,test
20090,0,0.2272855249759743,train
20091,1,0.5096408718267229,train
20093,1,0.2564222256296513,train
20094,0,0.6450214640451681,train
20095,1,0.4176514774874551,train
20097,0,0.5592533633103126,val
20098,0,0.4065175749389524,train
20100,0,0.826409490600326,train
20101,0,0.2140020341057483,test
20102,0,0.5937416858631429,val
20103,1,0.4629312106558535,train
20104,1,0.7423052966191988,val
20105,1,0.2544407931770368,train
20106,1,0.35350487295956,test
20109,1,0.3084449420750744,test
20110,0,0.3509734979310277,train
20114,0,0.5515718280025084,train
20115,1,0.1761933965901334,train
20116,0,0.3609533009419161,val
20119,1,0.3175087473015808,test
20120,1,0.7713004672750597,test
20121,1,0.4096629190461726,train
20122,1,0.4006982135923321,train
20123,0,0.7392697109378019,test
20124,1,0.6863120018725177,train
20127,1,0.3459380307342328,val
20132,1,0.4157402345869757,train
20133,1,0.6604428970852478,val
20134,0,0.3684910600416142,train
20135,1,0.1515049688273245,train
20136,1,0.6501045081630181,test
20137,1,0.1615780559193071,train
20138,1,0.0949055318934758,train
20139,1,0.1041290262510453,train
20140,1,0.3407611108281018,train
20141,0,0.3499801650895914,train
20142,0,0.5664351109014854,train
20144,1,0.1741255573263709,test
20146,1,0.1183366171739445,test
20147,1,0.2793695136719565,train
20150,0,0.1585421649243182,val
20151,0,0.1862082943799754,val
20152,1,0.5114058032621787,val
20153,0,0.6886851016497559,train
20155,0,0.7960824954233489,train
20156,1,0.5484245723310486,train
20158,1,0.2120270015666159,train
20159,1,0.1452498988777332,train
20160,1,0.7347721938570424,train
20161,1,0.0738418443617445,train
20163,1,0.4284341339106271,train
20164,1,0.3190481377238464,train
20166,1,0.5044027555114212,train
20167,1,0.4987012219739741,train
20168,1,0.572949441809223,train
20169,0,0.2481249597741627,train
20171,1,0.4793707302331756,train
20174,1,0.2115614680186321,train
20176,1,0.2485222001722145,train
20177,1,0.4829092099410258,test
20179,1,0.2277179799833782,train
20180,1,0.2545162654609129,test
20181,0,0.5296855657819663,train
20182,1,0.1693167870868546,train
20185,1,0.1467352505632031,val
20186,1,0.2018826958240974,train
20191,0,0.9373210977637468,train
20192,0,0.6847694992423842,train
20195,1,0.5145365888595137,val
20196,1,0.2312492432326158,test
20197,1,0.6102136775920151,train
20199,1,0.211527492896273,train
20200,0,0.6223872201349794,train
20201,1,0.4686054307736779,train
20204,1,0.1694278114268705,test
20205,1,0.3179426442857475,train
20207,1,0.1719822372788741,train
20210,1,0.3716321667322606,train
20211,0,0.15769648900337,val
20212,1,0.4589991762518861,val
20215,1,0.085184899348579,train
20216,0,0.5231967700183536,train
20217,1,0.3706195919479755,train
20219,0,0.949683609967876,test
20220,0,0.5763220717983245,train
20221,0,0.3391603722918291,train
20222,1,0.6008613994206315,train
20223,0,0.7059556120063888,train
20224,1,0.0918299371805052,train
20226,1,0.2862143970146933,train
20227,0,0.5353045977761166,val
20229,1,0.2358783330800788,train
20231,0,0.5050412320368565,train
20232,1,0.4240043892415297,train
20233,1,0.200837772292003,train
20236,1,0.108443907883091,train
20239,1,0.4260722019823063,val
20240,1,0.4927094107386467,train
20244,0,0.5205847284659015,val
20246,0,0.6520905603765232,val
20249,0,0.5798415770002134,train
20250,1,0.3460655205611745,train
20254,0,0.2220466568247382,train
20256,0,0.8126427858150499,train
20260,1,0.0432740214680399,val
20262,1,0.1826095321138381,train
20263,1,0.2640013564827856,train
20270,1,0.1786456368446053,train
20271,0,0.6383756467102562,train
20272,0,0.567887018897278,train
20276,1,0.4386672459798439,train
20277,0,0.4114245305671511,train
20280,1,0.4475666839920593,test
20283,1,0.781598299877206,train
20284,1,0.4105027133532928,train
20285,1,0.2515407005612035,train
20287,1,0.2831559698599871,val
20288,0,0.7233689656832458,train
20291,1,0.1617999832074779,test
20292,0,0.6351489434360273,train
20293,1,0.2667312954436972,train
20294,1,0.2319077933663352,train
20296,1,0.1727038624295123,train
20297,1,0.1042008755798565,train
20299,1,0.2649033353362702,train
20302,1,0.1107621849789445,val
20306,1,0.3415734087229374,train
20307,0,0.7938986113266231,train
20308,0,0.8852563068102006,train
20310,0,0.7552974438880772,test
20311,0,0.7958960795208649,train
20312,0,0.34091309185771,val
20315,1,0.6071865425747586,train
20316,1,0.4395927781178665,test
20317,1,0.062402521300318,train
20319,1,0.0282647215864298,train
20320,1,0.3430264335621875,train
20321,0,0.5894808835482366,train
20326,1,0.055389297014868,train
20328,0,0.7340981595825486,val
20335,0,0.4077995235304951,test
20336,1,0.1067154682068117,train
20337,0,0.9044999895797984,val
20339,0,0.4561621684922852,train
20340,0,0.7271541200928904,val
20341,1,0.4839286727136294,val
20342,1,0.1643717664530893,train
20344,1,0.4802840179448597,train
20348,0,0.770557711648229,train
20349,0,0.8910470638427463,train
20350,1,0.1338332741657337,train
20351,0,0.2659973195489513,train
20353,1,0.0755124874199911,train
20354,1,0.1920962057603001,train
20356,1,0.0768564613703286,train
20357,1,0.3243403301086554,train
20359,1,0.307445470058583,train
20360,0,0.3302994793304016,train
20361,1,0.1585598721175243,train
20362,0,0.3466503267624846,train
20363,0,0.7992785545042239,train
20364,1,0.5189785534500659,train
20365,1,0.4215305582847309,train
20366,0,0.7144025799190912,train
20367,1,0.7487025931348248,train
20368,1,0.4827511666855328,train
20369,1,0.1570375700724166,train
20371,0,0.4343720759944803,train
20372,1,0.3226143662658236,val
20373,1,0.1513880888749792,val
20374,0,0.5036350921351016,val
20375,1,0.4043800418490572,train
20378,0,0.3820266442560897,train
20380,0,0.6517103490689946,train
20381,1,0.1777188489710978,val
20383,1,0.5229519687786437,test
20384,1,0.4571067735091664,test
20385,0,0.6427263761234383,train
20386,1,0.4783909905314412,train
20387,0,0.7951203488847548,train
20388,1,0.0921107491675577,train
20389,1,0.3039280152932447,train
20392,1,0.2132969819046734,val
20393,0,0.6613423150709237,train
20395,1,0.3526043179835029,train
20398,1,0.1925188989238258,train
20400,0,0.4870023186143642,val
20401,1,0.0992500214498834,train
20402,1,0.043325941704909,train
20403,0,0.5714202953391889,test
20404,1,0.3658494760223874,val
20405,1,0.8513217247005667,test
20407,1,0.3030530637343966,train
20411,1,0.1048872960809005,train
20413,1,0.0435943555513261,train
20414,1,0.502521189848249,test
20415,1,0.1487448998527345,val
20417,1,0.2868166292783677,train
20420,1,0.2815806863902009,train
20421,1,0.0960523738525762,train
20424,1,0.1781674184926476,train
20426,1,0.072911113893945,test
20432,1,0.1461115375067159,train
20433,1,0.0785870439607474,train
20435,1,0.1862106164704776,train
20437,1,0.0813315613646766,train
20439,1,0.1449064744506003,test
20440,1,0.0840344940271248,train
20441,0,0.9372829848827688,train
20447,1,0.4092120604792997,train
20449,0,0.3446627565320354,train
20450,0,0.4495106033702351,train
20451,0,0.7587136062011317,train
20452,1,0.2629212245246117,train
20453,0,0.7654028330240841,test
20454,1,0.1733068363877912,train
20455,0,0.4200242662067873,train
20456,1,0.1000061289087138,train
20458,1,0.6161220432735633,train
20459,1,0.5537978555404008,train
20461,1,0.160215830782945,train
20462,1,0.1075894901268322,train
20465,1,0.7458161847257174,train
20468,0,0.8117046565405142,train
20470,0,0.5717499868907259,train
20471,1,0.0758037663353602,train
20472,0,0.7315778313192566,train
20476,1,0.2315014016000085,train
20477,1,0.1464309690390777,val
20484,1,0.2031781444558371,val
20488,1,0.3622189427159135,test
20489,0,0.2693652606291931,train
20493,1,0.1185164288777416,train
20494,0,0.3998776425068834,train
20495,1,0.6668857908818713,test
20496,0,0.6539618373787324,train
20497,1,0.3287164404675246,test
20498,1,0.2461261893875195,train
20499,0,0.6681706919385073,val
20500,1,0.3116243544930869,train
20502,1,0.1470973038855789,train
20504,0,0.8002507394393633,train
20505,1,0.5898135770423834,train
20506,0,0.5463665828510342,val
20507,1,0.2571978401064735,train
20511,0,0.3219214204439904,train
20513,0,0.6271615500794195,train
20517,1,0.1507170151206611,train
20519,1,0.193223757820815,train
20522,1,0.5210269199507657,train
20523,1,0.1106478675625017,train
20524,1,0.2130097478067423,train
20525,1,0.0866162045208578,train
20526,1,0.0916356806894986,train
20527,0,0.2922932745545966,test
20537,1,0.3506983550428784,val
20538,0,0.7121846082186928,train
20539,0,0.7288372407118751,test
20540,1,0.0607114894995337,val
20542,1,0.1599761978907374,train
20544,0,0.4617683840962048,train
20545,1,0.3796261098789606,test
20546,1,0.6636945544273182,train
20549,1,0.189260569807771,test
20550,1,0.64956034733417,train
20552,1,0.2152419183519923,train
20553,0,0.3070109267319897,test
20554,1,0.4585202796721934,test
20555,1,0.6688853085948446,train
20556,1,0.2745923666888837,train
20559,0,0.3804819653603466,train
20563,1,0.2234838471284143,train
20564,0,0.4701542045439947,train
20570,1,0.5802397304541275,train
20571,1,0.2411619049733023,train
20573,0,0.4450150658171675,train
20574,1,0.0915028996911641,train
20575,0,0.2810388762262074,train
20576,0,0.6211595219786414,train
20577,1,0.1976037561018273,train
20578,0,0.6912525182421381,train
20580,0,0.4868721601831136,train
20581,0,0.6352215172131825,train
20587,1,0.309126598316161,train
20588,1,0.3670991734689434,train
20589,1,0.7861759597705307,val
20590,1,0.4284390990065556,test
20591,1,0.2422967828670814,train
20592,1,0.2999077218248908,train
20594,0,0.6754013332224865,train
20595,1,0.2995575150318843,val
20596,1,0.1489260506174169,test
20597,1,0.3512256413206335,train
20598,1,0.0451733007271075,train
20599,1,0.6077931334310553,val
20600,1,0.3807679000097719,train
20601,0,0.8947824797646784,train
20602,1,0.1963216562289946,train
20603,0,0.4123846704709309,val
20604,0,0.7622338231558705,train
20606,1,0.1438686394326513,train
20612,0,0.3189772297975851,test
20616,0,0.5573522142980185,train
20617,0,0.2619701805735446,test
20619,0,0.440148807072777,train
20620,1,0.3251190290952237,train
20621,0,0.3056791236082024,train
20622,1,0.1207014636172384,val
20625,0,0.3361321643931829,train
20626,0,0.4868567795341368,train
20627,1,0.1083982378130264,test
20628,1,0.068090743265977,train
20632,1,0.3853389210058487,train
20633,1,0.3943423173319982,train
20637,1,0.4050615211949077,train
20640,1,0.5323252054872298,train
20641,1,0.5193409485346803,val
20643,1,0.5221577737117291,val
20646,0,0.2132400988633138,train
20650,1,0.1078299650997186,train
20651,0,0.4873182054918236,train
20652,1,0.0629382555761675,train
20654,0,0.5346100711215882,train
20655,0,0.5604573853217527,train
20656,0,0.5533446170979335,test
20657,0,0.5321408129355854,train
20658,1,0.2682456072635305,train
20663,1,0.1170231688548805,train
20665,1,0.1520547552983604,train
20666,1,0.346446959312823,test
20667,1,0.6985819319749157,val
20668,1,0.1532530656089692,test
20669,1,0.5058791644366158,train
20671,0,0.6899399917547976,train
20672,1,0.223946251865428,test
20674,1,0.0719221346454361,train
20676,0,0.6580392401363262,train
20677,1,0.2246540857572694,test
20679,1,0.4536557663486229,val
20680,1,0.3467982522557755,train
20682,1,0.5050413450043889,train
20683,1,0.2587130538875163,train
20684,1,0.1968576538227792,train
20687,1,0.7251755609339905,val
20689,1,0.0595229506114078,train
20691,0,0.4518541216378697,train
20694,1,0.3117299757080491,val
20695,1,0.1239485603600238,train
20697,1,0.301545258579587,test
20698,1,0.3805270090276282,val
20699,0,0.2325116873927792,train
20701,0,0.43058296927656,train
20705,1,0.551112880880378,train
20706,0,0.3528431455721404,val
20708,1,0.2189804773848036,val
20709,0,0.6916938157485486,train
20710,0,0.3585675327303373,train
20713,1,0.3076281062661592,test
20714,1,0.6054376995456978,train
20716,0,0.79698099252852,train
20717,1,0.4642479299550686,train
20718,1,0.0686144010722689,val
20719,1,0.0433238725261803,train
20721,0,0.6196716215945254,val
20725,1,0.2881057274414874,train
20729,0,0.705541405426269,val
20730,0,0.2971655790441293,train
20731,1,0.1892979338220284,val
20732,0,0.828379022099103,val
20733,0,0.7660728890547863,test
20734,1,0.5057540330773023,test
20736,0,0.3288581500723044,test
20737,0,0.6447888283593086,train
20739,1,0.4977846481933529,val
20740,1,0.2949505398556279,train
20744,0,0.6249899168860085,train
20745,1,0.1741774022775293,test
20746,0,0.7004596998188339,test
20747,0,0.3182345092946814,train
20749,1,0.0926772460444347,train
20752,1,0.3259832622187669,train
20754,1,0.2945267515865546,test
20756,1,0.0999913082939677,train
20757,1,0.3033438872569447,train
20758,1,0.1494753339821348,train
20761,1,0.4662316525411157,train
20762,1,0.1507152006776507,train
20763,1,0.2505889399480903,test
20764,1,0.1813246950738707,test
20765,0,0.9109134816582836,val
20771,0,0.4977735662460397,train
20772,1,0.4815659682603082,train
20773,1,0.1628771323120824,train
20774,1,0.2170415868222112,train
20775,0,0.5885082027861209,test
20778,1,0.2383821717124423,train
20780,0,0.2135540744060261,train
20783,1,0.5087757784951914,train
20784,1,0.1540870522690947,train
20788,0,0.5356578451013911,train
20789,1,0.1650538772891889,train
20790,0,0.4426318402231972,train
20791,0,0.4826500476464261,train
20795,1,0.3499465031588247,test
20796,0,0.7963755345259682,train
20798,1,0.1358712778749869,test
20799,0,0.7642041055820578,train
20800,0,0.8141595545600891,train
20801,1,0.0479594674540005,val
20803,1,0.235138408756946,val
20804,0,0.6710213180585938,train
20805,1,0.0147780999476299,train
20806,0,0.6440502246124624,train
20807,1,0.2478160619445373,train
20809,0,0.4743246925382453,train
20810,1,0.1831015101254731,train
20817,1,0.5228010949598672,val
20818,0,0.6917703021201631,train
20819,1,0.0456251243916597,train
20820,1,0.2478363613505667,train
20821,1,0.1102896714605728,train
20826,1,0.3792492356512019,train
20827,1,0.5975053902768217,val
20831,1,0.4069492503811182,train
20832,1,0.1808003543436401,train
20834,1,0.1117232871171688,train
20836,0,0.2534109009997676,test
20838,0,0.6182647163809907,train
20839,0,0.4517897959449035,train
20840,1,0.3785670484095386,train
20841,1,0.2534812236840101,val
20842,1,0.0527996763484365,train
20843,0,0.7381306773729397,train
20844,1,0.0479667457326473,train
20845,1,0.2677118661591662,train
20847,0,0.4588131940288148,train
20857,1,0.5469135395910991,train
20858,0,0.9122253265272632,train
20859,0,0.5337342349557914,train
20860,0,0.6241548290590251,train
20863,1,0.1569449082515325,train
20865,0,0.4053507034618713,test
20866,0,0.5678833343131187,train
20868,1,0.2417333913839745,train
20869,1,0.2389964922400153,train
20870,0,0.7842999856159085,train
20871,1,0.2531043535577867,train
20873,1,0.5419172873888423,train
20874,1,0.2162870444880387,train
20875,0,0.8342917614127406,train
20878,1,0.1616492413495439,train
20879,0,0.2375259729912104,train
20881,1,0.1138596569699954,test
20884,0,0.4904975996365315,test
20885,1,0.1695346375477128,val
20887,1,0.0406284218938376,train
20888,0,0.5898315266374433,train
20889,0,0.8449633901201602,train
20894,1,0.3182329954304701,train
20895,1,0.5169726468935758,val
20897,0,0.955732366289854,train
20901,1,0.2579771821058881,val
20905,0,0.3464980557267747,train
20906,0,0.3653316090114712,train
20908,1,0.3520681875036244,train
20909,1,0.3812077888611056,train
20913,1,0.1354865707031425,train
20914,0,0.8312760171014024,train
20915,1,0.3907853622375682,train
20917,0,0.2777858298707834,train
20918,1,0.4020077981129598,train
20920,1,0.2576348426438754,val
20921,0,0.6064689971399237,train
20923,1,0.5393312429507405,train
20925,0,0.4033884683255948,train
20926,1,0.170408554972277,train
20927,0,0.5510582058603786,train
20928,1,0.1088025713323037,train
20932,0,0.2071854358333523,test
20934,1,0.6962935155848619,train
20935,0,0.7012671131017514,train
20936,1,0.1495555251583822,test
20938,1,0.2587653920465022,train
20939,0,0.251208802252351,train
20940,0,0.7626192196027061,train
20941,1,0.1432130494259038,train
20943,0,0.4528695012183321,train
20944,1,0.1634420768591525,train
20945,0,0.653719217275893,train
20947,1,0.1600308883389062,val
20948,1,0.4311168493252089,train
20949,0,0.3782814950296025,train
20951,1,0.5502612888018865,train
20953,0,0.3966110592616171,train
20956,0,0.4535446157581133,test
20960,1,0.2381168622686961,test
20961,0,0.5052628660728368,train
20962,0,0.3583585275730788,train
20966,0,0.2702460435405225,train
20968,1,0.3991564633056094,train
20969,1,0.2347983807786791,train
20970,1,0.1675313063439197,train
20973,1,0.2126672939454977,train
20978,1,0.1075673385987023,train
20981,1,0.2144951291244209,val
20984,1,0.711852611152114,val
20985,1,0.4063494339433354,train
20986,0,0.7013762572293922,train
20990,0,0.5349247682235978,val
20992,0,0.4398450683062562,train
20994,0,0.7095366615519898,test
20996,1,0.3269419838605208,train
21000,1,0.3302453039646714,val
21001,1,0.1925236108536098,train
21002,1,0.2712510895307468,train
21003,0,0.3925075374147316,val
21004,1,0.1757809799116706,val
21007,1,0.5187549888611593,train
21009,1,0.2103831514834034,train
21010,1,0.125060844974133,train
21011,0,0.1411720743740818,train
21013,1,0.2054423228729763,train
21016,1,0.6354550507741537,train
21018,1,0.2514188035237887,val
21020,1,0.0810504191455625,train
21022,1,0.1637609302504131,train
21023,0,0.3002526632162376,val
21024,0,0.5833646395102425,train
21025,1,0.2822756605927738,train
21026,1,0.3731473376446956,train
21028,0,0.5894018286987739,train
21029,0,0.5020430493685446,train
21030,0,0.3254507613150943,train
21031,1,0.293569832146564,train
21033,1,0.1002384881688563,train
21034,1,0.1052364954478598,val
21036,0,0.8140428273101482,train
21038,0,0.5379074629038525,train
21040,0,0.1686109091329017,train
21041,0,0.5173933016960464,val
21042,1,0.702232754078846,train
21043,0,0.250030324976069,val
21044,1,0.131202237348128,train
21045,1,0.7842393536593322,train
21047,0,0.3483312651395414,train
21048,1,0.0399364249560543,train
21049,0,0.5403103356869148,train
21050,1,0.120413541899186,train
21052,1,0.1369024132228089,val
21056,1,0.2773147426560817,train
21057,1,0.1723661262704853,train
21058,0,0.2121456179822514,train
21059,0,0.6109323627736334,test
21064,1,0.1080309090118517,train
21065,1,0.1404297907296434,val
21068,1,0.1402629152213338,train
21070,1,0.1975043333021051,test
21071,1,0.0757335429905247,train
21072,1,0.3642442742939418,val
21074,1,0.1291073448165106,test
21075,1,0.0436510587494269,train
21077,1,0.7627329383027791,train
21079,0,0.8217315157202794,train
21083,1,0.2254667071524458,train
21084,1,0.2149425761763075,val
21085,1,0.1649498720759808,val
21089,1,0.4434962512826877,test
21092,1,0.2106952083612747,train
21093,0,0.4790211673202879,train
21094,0,0.6210375479520558,train
21098,0,0.6313353444223497,val
21099,1,0.5329250314527512,train
21100,0,0.5812968059134243,test
21101,1,0.1586143306304891,test
21102,0,0.3077669146677921,test
21103,1,0.3845393262449305,val
21107,1,0.4311948498735853,train
21108,1,0.3389732686454275,test
21110,0,0.5882303962266573,train
21112,0,0.566980386474486,train
21115,0,0.1688831677866752,test
21117,1,0.106313273545878,train
21121,1,0.2677167599946781,train
21124,0,0.3986036298043569,train
21125,0,0.5937319383449087,train
21126,1,0.0602360660547869,test
21127,0,0.7802244698369161,train
21128,1,0.4703119472736343,train
21129,1,0.501844789763654,train
21130,1,0.041374066957059,train
21131,0,0.2188485784002888,train
21132,1,0.4351457845407537,train
21134,0,0.5255278247785921,train
21135,1,0.1831045381424882,train
21136,1,0.4285844770727993,val
21140,0,0.8839746343401824,train
21141,1,0.2532277638753758,train
21142,1,0.1119811903129558,test
21149,1,0.4077195587435771,test
21153,0,0.32109512641556,val
21154,0,0.5929146122975947,train
21156,1,0.2062392576053191,train
21158,0,0.4141869437208718,train
21159,0,0.8095242204653712,val
21160,0,0.5572576264669753,train
21164,0,0.4384789710794416,val
21165,0,0.0841642254738024,val
21169,1,0.091978107937017,val
21173,0,0.2102303888912072,train
21174,1,0.2473795053412492,val
21175,1,0.7777968203114237,train
21178,1,0.3652993522019957,train
21179,1,0.2725719242828062,train
21180,0,0.9053853134212896,train
21182,1,0.6436589201176082,train
21183,1,0.2434856247812404,train
21184,1,0.1174997982641606,test
21185,0,0.6070848310311867,train
21186,1,0.0525086465630312,test
21187,0,0.5621538022195991,test
21189,1,0.3635139799191156,train
21191,1,0.3017420803017392,train
21192,1,0.1360007898270235,train
21193,1,0.2771481840241608,train
21195,0,0.3207941044442212,train
21197,0,0.4906473153381991,train
21201,0,0.8153902262526791,train
21203,0,0.6574912463500302,train
21204,0,0.6736690680992885,train
21207,0,0.7906733021445146,train
21208,1,0.3914111350103508,test
21209,1,0.2022128258115039,test
21213,0,0.6617068307080156,train
21216,1,0.0877269810552072,train
21217,1,0.0915559649603667,train
21223,0,0.5161853834404713,train
21225,1,0.4471283753455101,val
21229,1,0.0731804607891873,train
21232,1,0.5648368440590426,train
21234,0,0.677775228073215,train
21235,0,0.2482552213322114,test
21237,0,0.4504790935028852,val
21238,0,0.6615516898717401,test
21239,1,0.0443181372690945,train
21242,0,0.3714812966076855,train
21246,1,0.1582827556964314,test
21247,1,0.4748238339846047,train
21248,1,0.3621108266330948,test
21250,1,0.200275614028216,val
21253,1,0.1327210671657638,train
21254,1,0.2381747023799757,train
21255,1,0.2931626896739999,train
21256,1,0.1509615058189234,train
21257,1,0.3254990508576689,train
21258,1,0.1586680992239042,train
21261,1,0.2210880393671905,train
21262,1,0.0218889029088676,train
21265,0,0.9151604937405132,train
21266,0,0.7639817362997792,test
21270,0,0.6407450506334503,test
21271,0,0.8730063368199886,train
21272,1,0.4104751588533759,test
21274,1,0.2366444006782651,val
21276,1,0.1977728855325339,train
21278,0,0.8265928713689652,train
21279,1,0.2962607950826863,train
21280,1,0.5938829046420258,test
21281,0,0.4488314363176287,test
21282,1,0.1307780557707515,train
21283,1,0.2477293871018344,train
21288,0,0.3739678628905372,train
21289,1,0.3048739905370352,train
21291,1,0.1077490685404597,train
21292,1,0.3114606206087092,test
21293,0,0.2591264476280678,train
21294,0,0.5488577618117045,train
21300,0,0.6900554012103642,train
21302,0,0.6065036136114497,train
21305,0,0.8079442462899818,test
21306,1,0.428804219308707,train
21307,0,0.8958113803129202,train
21308,0,0.7228629155608359,train
21309,1,0.3325491963010248,train
21316,1,0.54474151826248,train
21317,1,0.5281924960561895,train
21320,1,0.3537750715495554,test
21321,0,0.5288831866079517,train
21323,1,0.0448215078793434,test
21324,1,0.3745961387226859,train
21325,0,0.6037044539533565,train
21328,1,0.3824286485803961,train
21329,1,0.1799169797403156,test
21330,1,0.2013956050976485,train
21331,1,0.3730341979144594,train
21332,1,0.3891100173335602,train
21334,1,0.5897268762033796,train
21335,1,0.2485632673061385,train
21336,1,0.0726029337304774,test
21337,1,0.5432480894371559,train
21341,0,0.6204250385488354,train
21343,0,0.9050968744773,val
21344,1,0.1383235614498368,train
21345,1,0.6313018204216354,train
21349,1,0.4926159949437622,val
21350,0,0.3025814777405758,train
21353,1,0.4171584657461178,train
21355,0,0.7438413790392819,train
21357,1,0.0993110745317388,train
21358,1,0.3974707235464797,train
21360,0,0.2711169863730654,train
21363,1,0.3604155451221849,test
21364,1,0.1778527926790135,train
21366,1,0.855268476545497,train
21367,1,0.337371635888149,train
21369,0,0.8143226702114807,train
21370,0,0.3965152660032662,test
21371,1,0.5860529089838513,train
21372,0,0.420712209596924,train
21374,1,0.2847278600171468,train
21375,1,0.2006993437165899,train
21376,1,0.2614726293685356,train
21377,1,0.2425747309395076,train
21380,1,0.1273511024459392,train
21381,0,0.3979010544386919,train
21382,0,0.881342249801911,train
21383,1,0.0389907888179308,train
21384,1,0.13384503001558,train
21385,1,0.2180186547739543,train
21386,1,0.2025012867326153,train
21387,1,0.2140098377950631,test
21390,1,0.2772958506972198,train
21391,1,0.4556629885894929,train
21394,1,0.3420168591186606,train
21395,1,0.5272688725147187,val
21397,1,0.3952530078828954,train
21403,0,0.7283077768912914,train
21404,1,0.1061293497031637,train
21406,0,0.4233928797456572,train
21408,0,0.6866028335673132,val
21410,1,0.0217168681274715,val
21411,1,0.139369496413593,train
21415,1,0.4819539675545069,train
21416,1,0.4805833258599461,train
21417,0,0.467470553118638,test
21418,1,0.1187055637813772,train
21419,1,0.1584912981248272,val
21420,1,0.1720964851546668,train
21421,0,0.4026557610043588,train
21422,1,0.3808885020034621,val
21423,0,0.3622559530301522,train
21425,0,0.6799067353569201,train
21426,0,0.6996943696613919,train
21427,0,0.6569626771794975,train
21429,1,0.0762577094392528,train
21430,0,0.2920473299536139,val
21431,1,0.1624838023075447,val
21432,0,0.8995561999322511,train
21434,1,0.2327835303173056,train
21435,0,0.3777000711575278,val
21437,0,0.5572048250212895,train
21438,0,0.1599419172907105,val
21439,1,0.239288065321355,train
21441,1,0.0578321197636858,train
21442,0,0.3445433422679116,test
21443,0,0.7807316002618082,train
21444,0,0.4108924778824843,train
21445,1,0.267839260831079,val
21449,0,0.6417993282147787,train
21450,1,0.3804750145621847,train
21451,0,0.5690560106043597,val
21453,1,0.2137642022324662,train
21454,0,0.787857055935038,train
21456,1,0.4617551526312734,train
21460,1,0.1251793557662599,train
21461,0,0.5526700869802224,train
21462,1,0.0881078154121788,test
21463,0,0.6087417752768431,val
21466,0,0.3361319661048192,test
21468,1,0.2399432324521178,train
21469,1,0.0582664428937234,train
21470,1,0.1621986900544328,train
21471,1,0.5900917819182163,test
21473,1,0.5110914669021782,train
21475,0,0.7156170398990622,val
21476,0,0.7356175153394964,train
21477,1,0.2634769447307241,train
21478,1,0.1385699172077391,train
21479,1,0.107030672460255,train
21483,0,0.3705696187172586,train
21485,1,0.9224222890022282,val
21486,1,0.4135681395067999,train
21488,1,0.0585472760757693,train
21489,1,0.4299634220285103,train
21491,1,0.3275246785181708,train
21495,1,0.0844260908625127,train
21500,1,0.6252651023661786,train
21501,1,0.0619935451114865,train
21502,1,0.0799656610370219,test
21503,1,0.1486729223669367,train
21505,1,0.5275585314633545,test
21507,1,0.4182432955450109,test
21508,1,0.073703901917418,train
21509,1,0.3683783427496186,val
21511,1,0.2112231125767706,val
21512,1,0.3497798994002166,train
21513,0,0.2111677623361821,test
21514,1,0.1860233404340919,train
21523,0,0.5321983280354607,train
21524,0,0.8466692902903599,train
21525,0,0.1533911533163598,test
21527,1,0.4882858167732024,test
21528,1,0.2361901474953982,train
21530,0,0.2168715324281687,train
21531,1,0.4171586991814164,train
21532,0,0.7107232078675636,train
21533,1,0.5241397582783618,test
21536,1,0.0480399186888232,train
21537,1,0.6308390077720635,train
21538,1,0.2807187748195441,train
21540,1,0.2366561302013239,train
21542,1,0.2999049289998563,train
21544,1,0.2632027576573436,train
21545,1,0.2080333972804141,train
21546,0,0.3280128176838595,test
21552,1,0.2072861735405691,train
21555,1,0.7359908084842219,train
21561,1,0.3669410398953062,train
21565,0,0.5252640587193014,train
21566,1,0.183993321466656,train
21568,1,0.1963692482378796,train
21572,0,0.4229433880152888,val
21573,0,0.8956740209859421,train
21576,1,0.4201065678877901,val
21577,1,0.372509818277922,train
21578,1,0.2203999849952984,train
21582,1,0.0692508406023405,val
21584,1,0.1289255832840281,train
21585,1,0.1139912742644042,train
21586,1,0.2565177780113657,train
21590,0,0.5258949759690129,train
21591,1,0.4447091007953255,train
21592,1,0.2446966317467581,train
21594,1,0.1983195400035499,train
21598,1,0.5376154651899584,train
21599,1,0.4678394680418986,train
21600,0,0.8685274787095514,val
21602,1,0.3052476768137507,train
21605,0,0.5598578475890759,train
21607,1,0.4421221896530235,train
21608,0,0.5586483743487272,train
21609,1,0.2904373863184062,train
21611,1,0.5457090207361723,train
21618,1,0.5522368415077878,train
21621,1,0.2867541440343085,train
21623,0,0.4721488138282176,train
21631,0,0.603548893291294,train
21632,1,0.0623110243188539,train
21633,0,0.7254954123320675,train
21636,1,0.2990085105711052,train
21638,1,0.0854591589894716,test
21641,1,0.2040159347274072,train
21642,1,0.4230969798250646,train
21647,0,0.5564770387996687,train
21649,1,0.1903078911845729,train
21650,0,0.7581706982544438,train
21651,0,0.1792493282269625,test
21654,0,0.7040251945022303,train
21655,1,0.3984283423258752,train
21656,1,0.5071659060519318,train
21659,0,0.93625730224132,train
21660,1,0.3378653665860925,train
21661,1,0.3387944815678891,train
21663,0,0.77617498641982,val
21669,1,0.3688227151074961,val
21673,1,0.0506302042490668,val
21675,0,0.3724909528974638,train
21676,1,0.0167361515338977,train
21677,0,0.934948808987038,train
21678,1,0.2368699557771941,train
21682,1,0.7101872729488687,train
21683,1,0.1223200604559595,train
21684,1,0.0982539615188895,train
21687,1,0.3232242228251564,train
21688,0,0.340353261761114,train
21689,0,0.3105285660462455,train
21691,1,0.1347177993226528,test
21692,1,0.3435806059517987,train
21696,0,0.8814049712227962,train
21702,0,0.4511118700376412,train
21703,1,0.2411241946849676,train
21704,1,0.1970134701673404,train
21705,0,0.7264144698680213,train
21707,0,0.8607557410478555,train
21708,1,0.2583713295934789,train
21709,1,0.1284446089436058,val
21710,1,0.1805889900921,train
21711,0,0.5799829387913413,train
21712,1,0.5886650299506078,train
21713,1,0.1216011605794887,train
21714,1,0.2057149070641964,train
21716,0,0.4545833575896125,train
21721,1,0.1863310376013509,train
21722,0,0.5011491716372423,test
21725,1,0.2242839257523723,train
21726,1,0.5709490650214752,test
21728,1,0.308623497345906,train
21729,1,0.2646439606833767,test
21730,1,0.2533046466442289,train
21733,0,0.5539432714978776,val
21736,1,0.3194165680901015,train
21737,0,0.7729230199409045,train
21738,0,0.5942311538801113,test
21740,1,0.5372329845964234,val
21741,1,0.2745232586207041,train
21744,0,0.8462279239397928,train
21745,1,0.12828134980596,test
21748,0,0.9228482529915396,val
21749,0,0.5205528253404403,test
21752,1,0.2767664147823623,train
21753,1,0.1142425111270519,train
21754,1,0.1720538888043908,train
21755,1,0.1618647660171892,train
21756,1,0.4169493210914973,test
21760,0,0.3942313006462673,test
21761,0,0.9700650590804036,train
21763,0,0.4735401487006182,test
21764,1,0.296265834180918,train
21765,1,0.1706193293086014,val
21767,1,0.4200365931405074,train
21769,1,0.1673381074730225,train
21771,1,0.1447270646770811,val
21774,1,0.2835913212733267,train
21775,1,0.1332123631783524,test
21778,1,0.3869872785763766,train
21779,1,0.5958773766438215,test
21781,0,0.3990155597243258,val
21784,1,0.3738460980063611,train
21785,0,0.0814874323291757,test
21786,0,0.5244347239286611,train
21787,1,0.093441014796836,val
21789,1,0.1579494063211649,train
21790,1,0.2102473491446232,train
21791,1,0.1861527452824299,test
21792,0,0.5976657146846809,train
21793,1,0.2712960105428236,train
21796,1,0.1081088663820215,train
21798,0,0.9860027229971356,train
21800,0,0.3902502056117028,train
21801,0,0.6489449058699008,test
21803,0,0.5910438563729894,train
21804,1,0.2752564710107745,train
21805,0,0.7030697460067183,train
21807,1,0.3349270650561475,train
21811,1,0.4825357242491653,val
21813,1,0.5153392536273709,train
21814,1,0.4197553915220269,train
21815,1,0.1808165284849445,train
21817,0,0.5347368259555425,val
21819,1,0.0292976875457647,train
21820,0,0.7085540515471118,train
21821,1,0.2981241974960784,train
21824,1,0.127839139933003,test
21826,1,0.5478341050374309,test
21831,1,0.0435655617034077,test
21833,1,0.4030643013366918,val
21835,1,0.165876652937415,val
21836,1,0.0848992998926643,train
21840,1,0.2598750839805522,train
21843,1,0.0886395681204711,test
21845,0,0.6113696400407962,train
21847,1,0.2272180255547133,train
21850,0,0.2260769218243287,train
21851,0,0.4125723530701917,train
21852,1,0.0243066152631916,train
21855,1,0.1011730245768998,val
21858,1,0.1464256039543462,test
21859,1,0.2356924493376663,val
21860,0,0.7382243154429848,train
21864,0,0.4738919334395406,val
21866,0,0.5212057812343335,train
21867,1,0.0928629062492283,train
21868,1,0.1324749540527915,train
21869,0,0.3392183451679755,train
21870,1,0.1670858668914927,test
21876,1,0.5070984785493586,train
21879,1,0.1585244111627661,test
21880,0,0.4968356424836736,train
21881,1,0.3357500088044661,train
21885,1,0.3875149488238238,train
21886,1,0.1180183768325907,train
21887,1,0.238771690360545,train
21889,1,0.4412214006456054,train
21890,1,0.2018204816436418,val
21891,0,0.6975284906072957,train
21892,0,0.5903786169804889,train
21893,0,0.3956436638845683,val
21895,0,0.8452808071103248,train
21900,0,0.1518596143496433,val
21905,0,0.9028740131641364,train
21907,1,0.1255034911170583,train
21909,0,0.2468876724987547,val
21910,0,0.4208968939031446,val
21911,1,0.1639299412557315,train
21915,1,0.4703552356616112,train
21918,0,0.8476972093472731,train
21920,0,0.359105384248002,train
21924,0,0.2489294851062176,test
21928,1,0.0676998677151918,train
21929,1,0.1742751432930217,train
21934,0,0.2860742079216878,train
21935,1,0.3340423518278739,train
21936,0,0.7675268286395962,train
21937,0,0.746332691515627,train
21938,0,0.5029272991169382,val
21940,1,0.1454874542917481,train
21942,1,0.21073742826395,train
21944,1,0.1695165240867732,train
21945,1,0.4044143298235966,train
21946,0,0.6050850369496004,train
21947,1,0.10516638008477,train
21948,0,0.3918830609034452,test
21950,1,0.2147282025641568,train
21951,1,0.5108422164141414,train
21952,1,0.066457648839334,train
21956,0,0.4599008643159711,train
21957,0,0.5368991753733352,train
21958,0,0.6193360792288336,train
21959,1,0.0559684966862333,train
21960,1,0.0446702769643139,test
21965,1,0.065353549445835,train
21968,0,0.6437167896723813,train
21969,0,0.3357100580790643,test
21970,0,0.2813260373487931,train
21972,1,0.3835247596185389,train
21973,0,0.5361663492227422,train
21976,0,0.4427888984036763,val
21977,1,0.2197737183705634,train
21980,0,0.5022046481691131,test
21981,0,0.6194437823463963,train
21983,1,0.3171343612070394,train
21984,0,0.5349996330214744,train
21985,0,0.3811430200139121,train
21986,1,0.2774720331638083,train
21987,1,0.2372439453417408,val
21988,1,0.7554102312974902,train
21989,1,0.3094280975263286,train
21990,1,0.1186939395336806,val
21991,1,0.1434859294450892,train
21992,0,0.7113561303792897,train
21993,1,0.0449959749348722,train
21994,1,0.2705242515760486,train
21995,1,0.5220709152733822,train
21996,0,0.4308923995379626,train
21997,0,0.5687914943734513,val
21999,1,0.605115926751542,train
22000,1,0.3224649812189276,train
22001,1,0.3035600158570287,train
22003,1,0.1365186804718423,train
22004,1,0.4803346317658219,train
22006,0,0.5732126241298205,val
22007,1,0.4254960757236078,train
22008,0,0.7458669578994601,train
22009,1,0.035101210377496,test
22010,1,0.6282664842365042,val
22011,0,0.5281666101769371,train
22013,0,0.6569053958379814,val
22014,1,0.1201704926197203,train
22015,1,0.5031027303444724,test
22017,0,0.8655007626078147,val
22018,1,0.1712919008770199,train
22020,1,0.5320312739638662,test
22022,1,0.1222587662829388,train
22026,1,0.5732536234052228,train
22027,0,0.6344477103063827,val
22029,1,0.257525426944218,train
22030,1,0.2741945976388408,train
22032,1,0.2500716825706334,train
22033,0,0.3894244938746505,train
22035,0,0.6672740956363731,test
22036,1,0.5876407675893134,train
22037,1,0.2291911963616524,train
22038,1,0.6348877217373116,train
22039,1,0.1605178984682468,train
22041,0,0.8964787003979656,train
22045,1,0.3984882784338207,train
22048,0,0.5873089062098347,train
22050,1,0.4101753955090103,test
22052,0,0.3779127473244112,train
22053,0,0.9005389335186463,train
22055,0,0.8187172526251825,train
22056,1,0.5105600181184581,train
22058,0,0.7676180002456385,train
22060,0,0.7867188170980898,train
22061,1,0.1948333714928705,train
22063,1,0.5607072334616368,train
22064,0,0.5920779083546144,test
22065,0,0.916486564173686,test
22067,0,0.8073109447579454,train
22068,1,0.3377631712919212,test
22070,1,0.3626059350521216,val
22071,0,0.2447125740028017,train
22075,1,0.2422347959220069,train
22077,0,0.2318047963956715,train
22078,1,0.2290571966834449,train
22080,1,0.1857206178475227,train
22081,1,0.3661641178060389,test
22082,0,0.8072746932162963,train
22084,0,0.823067801012431,val
22085,0,0.9337092346938088,train
22087,1,0.4154779003393307,train
22090,1,0.3929596351977901,train
22092,0,0.2518178605498496,test
22097,1,0.2511578898862063,train
22100,0,0.6327801721854236,train
22106,0,0.4797518697344295,test
22107,0,0.2985324055320345,train
22111,0,0.4903314031489866,train
22112,1,0.3881204461724584,test
22113,1,0.2756376339627674,train
22115,0,0.2929490204445674,train
22116,1,0.1887530855440475,train
22119,0,0.5307478128505183,val
22120,1,0.428151903478247,train
22121,1,0.3016992825825729,train
22123,1,0.163415104989596,train
22124,1,0.3850016021311513,train
22126,0,0.8297139225556914,train
22127,0,0.3563764345886622,val
22128,0,0.7627843649444783,train
22129,1,0.2099266996340684,train
22130,0,0.7942159295401083,train
22131,1,0.1004757149338413,train
22132,1,0.5202844808604917,val
22133,1,0.4489132635921647,train
22134,1,0.0423134188147236,train
22136,1,0.2678620201836205,train
22140,1,0.3212980853467395,train
22142,1,0.0924365316512562,train
22143,0,0.5861453293225231,train
22145,0,0.4582285927668165,test
22147,1,0.2112329664366777,train
22149,1,0.0689334970487053,val
22150,1,0.129730496849443,train
22152,0,0.3118245475851117,train
22153,0,0.3520184692393535,train
22155,1,0.1968103539484128,test
22156,1,0.0149767932799533,test
22157,1,0.1443542682113884,train
22158,1,0.2281865047235589,train
22160,1,0.2171988525801857,val
22161,1,0.0391678328186387,test
22163,0,0.4044226894003789,train
22164,0,0.5935394685967366,train
22168,1,0.0810701365075776,train
22169,1,0.7435422953207036,val
22173,0,0.920119017690911,train
22174,1,0.4720192593037962,train
22175,0,0.3767694754654125,train
22176,1,0.2481731704670599,train
22177,1,0.5242642157199917,train
22178,1,0.3554147119456384,train
22181,1,0.1645974062956007,train
22182,1,0.0387912508637633,train
22185,1,0.4733996639052198,test
22187,0,0.2424666245620882,train
22188,1,0.2727440643988226,train
22189,1,0.2979712900305648,train
22190,1,0.1842839371672258,train
22191,1,0.1446788060623043,train
22192,1,0.4008990413110473,train
22194,1,0.5330829412306995,test
22196,0,0.3643383638505185,val
22197,0,0.672717947220611,train
22198,1,0.1465120966178482,train
22199,1,0.94795254413604,test
22202,1,0.086716179874925,test
22206,0,0.8376196598869279,train
22207,0,0.3034310571240243,val
22209,0,0.5391137949626337,val
22211,0,0.391066419221765,train
22217,0,0.6447024535561441,train
22219,1,0.2519183738511611,train
22220,0,0.4415789763786084,train
22222,1,0.1361558279959617,train
22223,1,0.0481811900079509,train
22224,1,0.3459338291158953,train
22225,1,0.1012148285216639,val
22226,1,0.0720952076205042,train
22227,1,0.0692511547061801,val
22230,0,0.156827157796473,train
22233,1,0.1695103697983724,val
22234,1,0.1335517862524209,val
22235,1,0.091145137708378,val
22237,0,0.5730359590194152,train
22239,1,0.3105848810465473,val
22240,1,0.2447995453915934,train
22241,1,0.1968366826671835,train
22243,1,0.3488728709851431,test
22246,1,0.1617640384046045,train
22247,0,0.5226631854024282,train
22248,0,0.4658666593093274,test
22250,0,0.5890060964066373,train
22252,0,0.6110963721555949,test
22253,0,0.6370231539829136,test
22255,0,0.6248357009337917,train
22261,1,0.4499513430234114,train
22265,0,0.4424235161555112,train
22266,1,0.1471329940887714,val
22269,0,0.1866449674287185,val
22274,1,0.4572610374593582,test
22275,1,0.2668783238289584,train
22276,0,0.7230438425592407,train
22278,0,0.7422076965824604,test
22279,1,0.4595008879648014,train
22281,0,0.8593962595179314,train
22282,1,0.5534866591478063,train
22283,0,0.5597989488094024,val
22285,1,0.0975977337274174,train
22286,1,0.1490826886250329,train
22287,0,0.8374350129727552,test
22288,1,0.6223160207965717,train
22290,0,0.3663937094457209,test
22291,0,0.453438805560266,train
22295,1,0.2366161991020264,train
22301,1,0.4010340416697573,test
22302,0,0.3757286812687425,val
22303,0,0.9869558647149472,train
22305,0,0.5760128844850712,train
22306,0,0.757538012881462,train
22307,1,0.3092794902113316,train
22309,1,0.2178238581983549,train
22310,1,0.4113520235469057,train
22312,1,0.1611656212045712,train
22313,0,0.4317407016981089,val
22314,1,0.1910838197590544,train
22315,1,0.2739144494522254,train
22320,0,0.6475049696686663,train
22321,1,0.1036986346343606,train
22322,1,0.2102419564955393,train
22323,0,0.7893895375826177,train
22324,0,0.3044423779207034,test
22327,1,0.4435475607504927,train
22329,0,0.8142097075443766,train
22331,1,0.2755738423602846,test
22332,1,0.2528662406616734,train
22334,0,0.5919436639264566,train
22339,1,0.1732701972924247,train
22342,1,0.2863652887793637,train
22343,0,0.3199926017967879,val
22344,1,0.1265304022041909,val
22347,1,0.2729730670216989,train
22349,1,0.2128771122338466,train
22352,1,0.1853927110820981,train
22354,0,0.4045061140939349,train
22355,1,0.1980926983263512,train
22356,0,0.8445387839976083,train
22357,1,0.8674755467396432,test
22360,1,0.1845045847871336,train
22361,1,0.3335278602306706,train
22366,0,0.4325353258932592,train
22368,1,0.1994663676206384,val
22371,1,0.2916738082866681,train
22372,1,0.1827722213118537,train
22373,1,0.0515875107825315,train
22374,0,0.6562558571060952,val
22376,0,0.5793587950268049,train
22378,0,0.5169976795714941,train
22382,1,0.3293229838442664,train
22383,1,0.100326933685548,train
22385,1,0.0365260903882954,train
22387,0,0.5993446022250648,train
22391,1,0.3055902482099538,train
22392,0,0.419892784076273,test
22394,0,0.539995446611826,test
22396,1,0.316724964324624,train
22397,1,0.3342146078070883,train
22399,0,0.2463938690327017,train
22400,0,0.3568199944151576,train
22403,0,0.2945788408884265,val
22408,0,0.930238803105518,train
22409,0,0.5669941006973052,train
22411,1,0.29352259400834,train
22412,1,0.2696270371380039,train
22413,0,0.2986174448743628,test
22415,1,0.0068276185887266,test
22416,1,0.3050571819207962,train
22417,0,0.7319818910173621,train
22418,1,0.291858179121115,train
22419,1,0.4728543137064503,train
22420,0,0.7066652508735985,train
22421,1,0.2682333398464595,test
22424,1,0.0337756457868352,test
22426,0,0.4532464240105728,train
22428,0,0.6264234163364623,train
22429,1,0.2413024262810577,val
22432,1,0.3344614024765937,train
22433,0,0.5182216496175249,train
22434,0,0.692762626472401,train
22435,0,0.4455767844532635,train
22437,1,0.1921048202965188,train
22438,0,0.6793680918812315,test
22439,1,0.3247118173979539,train
22440,1,0.2104433505566434,test
22442,1,0.2155053182493427,val
22444,1,0.2002158442906569,train
22445,1,0.7118130330650947,train
22449,0,0.4989636808567476,train
22450,1,0.2540243050500553,val
22453,0,0.5218795326402733,val
22455,1,0.3550511319568534,train
22456,0,0.6145704751899431,train
22461,1,0.1835635145676947,train
22463,1,0.3197961640842386,train
22467,0,0.8640551630737691,train
22468,0,0.8267555497537693,train
22469,1,0.1525471102437607,train
22470,1,0.6071361447600367,test
22472,0,0.5583895020344954,train
22473,0,0.384008200968276,train
22481,1,0.289007372520906,train
22482,1,0.2661172880256593,train
22483,1,0.1152711837402419,train
22486,1,0.2677124100353859,val
22489,0,0.5058710954814027,test
22492,1,0.4917369856231539,train
22493,1,0.7829063037376905,val
22494,0,0.446177133035938,test
22496,1,0.185178137048844,train
22500,1,0.2508563985340239,val
22501,1,0.3189346263660347,test
22503,1,0.5253869650797436,test
22506,1,0.0808798907126031,test
22507,0,0.4422456204387869,train
22511,0,0.4324469004433724,train
22514,1,0.0349294087329786,train
22517,1,0.1857746174448598,train
22518,1,0.2124345749147775,train
22520,0,0.435972594675859,test
22523,0,0.715451534607765,train
22526,0,0.6854053979748509,val
22527,0,0.4208434846262808,train
22530,1,0.0909597170469079,train
22531,0,0.3690182399919334,test
22532,0,0.6600671781506708,train
22533,1,0.3343733476991172,train
22534,1,0.4953743797825267,test
22535,1,0.280014144050527,val
22536,0,0.601222533383903,val
22537,1,0.2334502920380435,train
22538,1,0.3048332526630912,train
22539,1,0.0831151650487483,train
22542,0,0.8607944089903752,test
22543,1,0.2819643593894944,val
22544,0,0.272131989034888,train
22545,0,0.1755534977118916,val
22549,1,0.5057643050243344,train
22550,0,0.5709651638517821,train
22551,0,0.5666298258572975,train
22553,0,0.5958856226927107,val
22556,1,0.3360537902312526,val
22557,1,0.5245679847103544,val
22558,0,0.3950820574639933,train
22559,1,0.0952446473106346,test
22560,0,0.8214673792520469,train
22561,0,0.877535889175506,train
22562,0,0.2101542447666028,train
22563,1,0.441950461472637,train
22564,0,0.2853352659455369,train
22565,1,0.0818670314193721,test
22567,0,0.3302519914131222,train
22568,0,0.8234559677593721,train
22569,0,0.7091185993311864,train
22570,1,0.0662235940127902,test
22571,0,0.8516015940054158,train
22573,1,0.8724780671711313,train
22574,1,0.4257172109532301,val
22576,1,0.1115300244230703,train
22577,0,0.7027649879836395,train
22578,1,0.1329461537972979,train
22580,1,0.5735632233386099,test
22581,0,0.3998740972784378,train
22583,1,0.3033318166091321,train
22586,1,0.1978423721944935,train
22588,1,0.2401555660204464,test
22590,1,0.4305575336125832,val
22593,0,0.4521882433670225,test
22595,0,0.4537540154655026,train
22600,1,0.1717049588592131,train
22601,1,0.3201078658260039,train
22602,0,0.5889884486193422,train
22603,0,0.2230089315564927,test
22604,0,0.8120963119636958,train
22605,1,0.5652972698876352,train
22607,0,0.4821484830598662,train
22608,0,0.6080662058850994,test
22610,0,0.3107393254569077,train
22613,0,0.214780021710499,train
22616,1,0.5220051185034486,test
22617,0,0.7525599016169657,train
22618,1,0.2149309392143806,train
22619,0,0.3054296022397179,train
22621,1,0.4163036110037978,train
22622,1,0.0644497894869515,train
22623,1,0.4334242422834027,train
22625,0,0.7855161000699102,train
22626,1,0.0419586456949843,train
22627,1,0.349529067870697,train
22628,1,0.0911238460328115,val
22630,1,0.6390730549441057,train
22631,1,0.1770748572877262,train
22640,0,0.6718470541873336,train
22647,1,0.3734973379836671,train
22650,1,0.3163659748281848,train
22651,1,0.4850443056093276,train
22655,1,0.4920334718660355,train
22656,1,0.6445361254718821,train
22657,0,0.3542084649571393,test
22658,1,0.4628446055567559,train
22659,1,0.2857656273970614,train
22662,0,0.5973150535563281,train
22663,1,0.1353541818799903,train
22665,1,0.0468445606858854,train
22668,0,0.5799020501819947,train
22671,0,0.5333322578721152,train
22674,0,0.4246829595368009,val
22676,0,0.6354015573472108,train
22679,1,0.1525263528279143,train
22682,1,0.3466706273912407,train
22685,1,0.4084222429652463,train
22688,1,0.3989832396148414,test
22691,1,0.3285655058919795,val
22693,0,0.4309483125917577,train
22695,0,0.4273475019034288,val
22697,0,0.6476526747119045,train
22699,0,0.5332655519052405,val
22700,0,0.6235231692666311,val
22702,1,0.3650062116106005,train
22705,1,0.7176415091608717,train
22706,1,0.1439197057991644,val
22707,0,0.8142458909177261,train
22712,1,0.3009724438256838,train
22716,0,0.9122844168132636,train
22718,0,0.2762834130888338,train
22719,1,0.167814143605858,train
22720,0,0.5751299602001323,train
22723,0,0.5429110426689424,train
22725,1,0.3069653296369563,train
22727,0,0.6133394324764421,val
22728,0,0.2283275112894971,train
22730,1,0.262179300212103,test
22731,1,0.1550629204074969,train
22732,1,0.1878412744775179,train
22734,0,0.6760023330010196,test
22736,1,0.0103410189521903,train
22740,1,0.3357263175120729,train
22741,1,0.0781340109946119,train
22744,0,0.3770402112590915,train
22745,1,0.0879450777439296,train
22747,1,0.1412455296437591,train
22749,1,0.1934675576434862,train
22750,1,0.2350625954757927,train
22751,0,0.4554025213961236,train
22753,1,0.1749886829644651,train
22754,1,0.5227274953314882,train
22755,1,0.027698923177666,train
22756,1,0.1553370482887537,test
22757,1,0.2923183850839692,train
22758,0,0.7402913100805387,train
22760,1,0.214932512550496,test
22761,0,0.3687749391586982,train
22764,1,0.1516654138334922,val
22765,1,0.5004749046546735,train
22766,0,0.5773533155581834,train
22769,1,0.2739700473612257,val
22770,1,0.6333064984074487,train
22771,1,0.5918308895621214,train
22772,1,0.1595979409736009,train
22774,1,0.4011081228672069,train
22775,1,0.1399380015641422,test
22776,1,0.1136815181469529,train
22778,1,0.0714500692013909,train
22780,1,0.0964743197842697,train
22781,1,0.3705501350304911,test
22782,1,0.4840770784153753,test
22783,1,0.0452291308717121,val
22786,1,0.1331543845614483,train
22787,1,0.6483957051102782,train
22788,0,0.587998347716902,train
22789,0,0.6817133547400149,test
22792,1,0.2084815955214961,test
22795,1,0.133868301819653,train
22796,1,0.2884586475877249,train
22797,0,0.3367201000237499,train
22799,1,0.0595469254611814,train
22803,1,0.0880771211504245,train
22805,1,0.1181668770415176,train
22807,0,0.4968167674162528,train
22809,1,0.4608743041425899,train
22810,1,0.2218752608605645,train
22812,0,0.4991438971448605,train
22813,0,0.6754285549469303,train
22814,0,0.3305044821834692,val
22815,0,0.5765190893350649,train
22816,1,0.230677778422734,train
22820,1,0.1659838802832031,val
22821,1,0.2197136530782579,val
22823,1,0.2854778839618644,val
22824,1,0.1413670432576788,train
22827,0,0.8525054976216986,test
22828,0,0.3162648786677926,train
22829,0,0.8221735215808194,train
22830,0,0.5227482088855646,train
22832,1,0.0548904670678468,train
22834,0,0.3764547352222964,train
22838,1,0.229864050934342,val
22840,1,0.1276506752934852,val
22842,0,0.1927808005888582,val
22843,1,0.1075318775817876,train
22846,1,0.1201913477778731,test
22847,1,0.4369644683708695,test
22851,1,0.2067157446121116,val
22852,1,0.3631001859194006,val
22853,1,0.7069431218028314,train
22854,0,0.3583246245302464,test
22856,1,0.409850708308172,val
22857,0,0.2303053851216625,train
22859,0,0.1360025321666551,test
22861,0,0.2627486898193287,test
22862,1,0.1626511018847803,test
22863,1,0.4895197472406499,train
22864,0,0.4366667681851005,train
22865,0,0.405951678862044,train
22869,1,0.1528702989171182,train
22870,1,0.2806747816462713,val
22871,1,0.4404116095192127,train
22874,1,0.2184656266392374,train
22875,1,0.4457951204584102,train
22878,0,0.6572189911572821,train
22881,1,0.1125233745302154,val
22883,1,0.689382574649112,test
22884,0,0.6990402940975212,train
22888,1,0.1008594378850511,train
22889,0,0.5678405329619667,val
22890,0,0.7642298539728243,train
22893,0,0.6686419139751323,val
22895,1,0.36869949999288,train
22896,0,0.6993310013658791,train
22898,1,0.0809412479177822,train
22899,0,0.5338665513787355,train
22900,1,0.1863358736399373,train
22901,0,0.4150813945058788,train
22902,0,0.8194441740272638,train
22903,1,0.3253643613162833,test
22904,1,0.3775071958683699,test
22906,1,0.2185623563832006,train
22911,1,0.3615479947249399,train
22912,1,0.134625407801292,val
22913,1,0.1789045556505745,train
22917,1,0.108528068872009,train
22918,1,0.2762570375365808,train
22919,0,0.577789595925549,train
22920,1,0.089917504433588,val
22922,1,0.2756530166618638,train
22923,1,0.2620433754327739,train
22924,1,0.3327342259189426,test
22926,0,0.3251168194964461,test
22928,1,0.122750947107814,test
22932,1,0.1307416057551541,val
22933,0,0.5812063716516707,train
22935,1,0.1013809590612421,train
22936,0,0.1362453690068923,val
22937,1,0.0558373685361345,train
22941,1,0.2162067430148628,train
22942,0,0.6654485915334725,train
22943,0,0.4909623861223948,train
22945,0,0.7630291407594529,val
22949,1,0.099088920495714,train
22951,0,0.3103873822871692,test
22952,0,0.6652607922890494,train
22953,1,0.4801911348297836,train
22954,1,0.1360660835245972,train
22955,1,0.4076397635413004,train
22956,0,0.374679292814875,test
22958,1,0.3602826193749877,val
22960,0,0.7847456596011575,train
22961,1,0.4778353837223961,val
22964,1,0.2319757476326982,test
22965,1,0.0581932181211821,test
22968,0,0.5270148459847762,train
22969,1,0.1819512786365462,train
22970,1,0.5031486683396051,train
22974,1,0.1683649720828138,val
22975,1,0.3821529293766963,train
22976,1,0.214283370815936,test
22977,1,0.1791830113167427,train
22980,0,0.384335926096476,train
22981,0,0.3152422733386458,test
22982,1,0.097754068808372,val
22986,1,0.3516011233642314,train
22987,0,0.7478871574735646,val
22988,1,0.3904498503318061,val
22989,1,0.314442568058471,val
22991,1,0.2370842288336176,train
22992,0,0.661893607945885,val
22994,0,0.5327227335248297,train
22995,1,0.3153045251330355,test
22996,1,0.3136976229036816,test
22998,1,0.298386332364932,train
22999,1,0.0830633238744075,train
23001,1,0.4715947862129402,train
23003,1,0.1562661978807701,train
23008,0,0.4621271331275693,train
23009,1,0.0970328830046112,train
23010,1,0.0541480778174242,val
23011,1,0.1630054928557368,test
23013,1,0.0716042642428168,val
23015,0,0.931385398030652,train
23016,1,0.0174164487887298,train
23017,0,0.720627128046291,test
23019,1,0.0774011951115042,train
23023,0,0.3866909017377121,train
23024,1,0.1384755760173918,val
23025,1,0.1848790175873549,test
23026,0,0.667406485763161,train
23027,0,0.7780330825970879,train
23031,0,0.5866213049452813,train
23036,1,0.1065460469847691,train
23037,1,0.2561567821818367,train
23040,0,0.7248375252697272,train
23041,1,0.2944667641865658,train
23043,1,0.1955555098589264,train
23044,1,0.4061411788969188,test
23045,1,0.5537143296657661,train
23046,0,0.4610464326403489,train
23048,1,0.188473616167367,train
23049,0,0.3081152094332536,train
23050,0,0.343485341222208,val
23051,0,0.4845430582774631,train
23055,1,0.2450951090845153,train
23056,1,0.1197752051006227,train
23063,0,0.9397700070120374,train
23065,1,0.0475635082963198,train
23066,1,0.5091511728944895,train
23067,1,0.387569780857329,train
23073,0,0.4705750641326077,train
23074,1,0.0692100667594497,train
23075,1,0.7130064857887883,train
23076,1,0.4109161665409626,train
23079,0,0.3305006236519799,val
23080,0,0.6910384203577074,val
23082,1,0.397506037924204,train
23083,1,0.1816044761267621,test
23087,1,0.3652444601261899,train
23090,0,0.3778979646226774,train
23091,0,0.3561097511894225,train
23095,1,0.4316511212890817,train
23098,1,0.2928021151101356,val
23099,1,0.1708399602017221,train
23102,0,0.241760410168739,train
23103,1,0.0758024180789269,train
23106,0,0.5432198584091059,train
23108,1,0.6211050960840946,val
23110,1,0.3618005328149029,test
23112,0,0.2698515768579709,train
23113,0,0.5311328647596786,train
23115,1,0.1912618272289185,train
23119,1,0.6124537666183626,train
23121,0,0.5823707785542663,val
23128,1,0.3706040332381932,train
23131,1,0.1067568175911795,val
23132,0,0.7399960246969082,train
23133,1,0.1995398375495924,train
23134,1,0.2649848033667333,train
23136,1,0.0781494499451268,train
23138,1,0.3336579690763118,train
23139,1,0.4608930576390799,val
23142,1,0.1344352067701556,train
23144,1,0.4034624195136215,train
23145,1,0.3009522151578174,train
23147,1,0.3169380215782161,train
23149,0,0.2895585569371928,test
23150,0,0.7569140723566604,train
23153,0,0.5959059571828874,val
23154,1,0.1113469810880046,test
23155,0,0.1722599621283385,train
23156,1,0.0609536087016219,train
23158,0,0.9162954181437222,train
23159,0,0.5931271921442485,train
23160,1,0.4105780163829104,val
23161,0,0.5183856691991313,train
23163,1,0.0618065535866714,train
23164,1,0.0892404540079353,train
23165,1,0.5921362765792078,train
23167,1,0.4379275448118539,val
23168,0,0.55271211664352,train
23169,1,0.310638907917068,train
23173,0,0.5664694940399321,train
23174,1,0.4277536135725611,val
23180,1,0.1081137194654271,test
23182,0,0.2662463667017296,val
23183,1,0.317319798405275,train
23184,0,0.5644325560559209,train
23185,1,0.1797284027589458,train
23186,1,0.6874628734116333,test
23187,1,0.1269011020811551,train
23188,1,0.8008963368848341,train
23189,1,0.0519270345410409,val
23190,1,0.2673390440813035,train
23192,1,0.2637389673752961,train
23196,1,0.6386134398790799,train
23197,1,0.1934785512562375,test
23198,0,0.71769570683268,train
23206,0,0.6831006839938926,train
23207,1,0.3877608219819052,train
23208,1,0.3906934452049855,train
23209,1,0.2324068431607802,train
23211,1,0.7299622994510495,train
23212,0,0.7272768370525411,test
23213,0,0.5664136725213206,train
23215,0,0.3797336262570965,train
23216,1,0.5953176296759597,test
23219,1,0.1350780115440175,test
23220,1,0.3915343779747556,train
23224,1,0.108505167069356,train
23225,1,0.5173627804833418,train
23226,1,0.5154420452166935,train
23227,1,0.5479130869487643,test
23229,1,0.4589925604475249,train
23230,0,0.7475462167785667,train
23235,1,0.2770269705130661,train
23237,1,0.1734045687505003,train
23238,1,0.1432274851545109,train
23243,1,0.1925295137910035,train
23247,0,0.3682861080293912,train
23253,1,0.496044008939229,test
23254,1,0.1857742797500902,train
23255,1,0.0695949195919168,train
23257,1,0.5564553283726952,val
23258,0,0.7055472026609079,train
23259,1,0.5372717712477233,train
23260,0,0.3854930506162882,val
23261,1,0.1292614979003553,val
23262,1,0.3316343916130596,val
23265,1,0.5320209284146489,train
23266,0,0.5662857640481302,val
23269,1,0.3881757764422483,train
23271,1,0.5275190606224367,train
23273,1,0.7048063759791117,val
23274,0,0.7172852087265764,train
23275,1,0.0629704586009426,train
23283,0,0.7290991258049089,train
23288,0,0.6443089287163755,train
23289,1,0.3065908104606429,test
23292,1,0.1289681487913165,train
23294,0,0.4314992187308817,train
23298,0,0.6314402129476618,train
23299,0,0.3888305081193725,train
23304,0,0.2440525199561063,test
23306,1,0.2092763529733383,train
23307,1,0.4193665336642704,train
23308,1,0.3868471663798736,train
23310,0,0.3707777903974292,train
23312,0,0.5381737967596507,val
23313,1,0.4901006622669888,val
23315,0,0.6604737416892639,train
23319,1,0.316096536219747,train
23320,1,0.0831818955877132,train
23323,1,0.2209511951611817,train
23327,1,0.1219726473278118,train
23328,1,0.3948513169595466,test
23329,1,0.0518246858952251,train
23332,1,0.4002978920471447,train
23335,0,0.489468704889702,train
23338,0,0.2549511380612124,train
23339,1,0.1419800137845828,train
23342,0,0.5343109940718014,train
23344,1,0.0876716022359977,val
23345,0,0.634021025769693,val
23348,1,0.3795832147598704,val
23349,1,0.1503080699225337,train
23354,1,0.151334689385056,test
23355,0,0.6044205848395758,test
23357,1,0.6079165235223258,train
23358,1,0.6184472923607132,train
23360,1,0.1098275186883366,train
23361,1,0.1862708832004707,train
23365,1,0.5146525391239483,train
23366,1,0.2270591867204102,train
23367,1,0.1507425961527473,train
23369,1,0.1484920941393851,train
23370,0,0.8307062099561541,train
23372,1,0.0576249415658994,train
23373,1,0.167023611027985,train
23376,0,0.2202693480891489,train
23379,0,0.9036557223092748,train
23382,1,0.2230652844708874,train
23383,1,0.0560375725540568,train
23384,0,0.3980042954192835,train
23388,1,0.3358740971448428,train
23389,1,0.1687113201424066,train
23391,1,0.2389817327442337,train
23393,1,0.4003331551150463,val
23394,1,0.0440655579874906,train
23395,1,0.2057381761721303,test
23396,1,0.3544115381381184,train
23399,1,0.4168913673005546,test
23400,0,0.8216282098964869,train
23403,0,0.4716483888396946,train
23404,0,0.7609376009531137,train
23405,0,0.2305964480270889,train
23406,1,0.1723790888643123,train
23407,1,0.199783136127883,train
23408,0,0.7131295533280977,train
23409,1,0.2833071534855116,train
23410,1,0.138446816860663,train
23411,1,0.4321802897629196,train
23413,1,0.1348385155153467,train
23415,0,0.5998540881934614,train
23419,1,0.0657136891659463,train
23421,0,0.3617448744698138,train
23422,0,0.4371390289731517,val
23425,1,0.2402634903076053,train
23426,1,0.643831681450493,test
23428,0,0.6764368707298601,train
23429,0,0.3819521957633931,val
23431,1,0.1439790836898615,test
23434,1,0.3234382125841676,train
23436,0,0.6499489810751282,train
23437,1,0.3301751089335112,train
23438,1,0.0468302582619903,val
23440,1,0.260884704005577,train
23441,1,0.019351766900061,train
23443,1,0.5298655670989776,train
23448,0,0.6459273773358922,train
23450,1,0.4190955523330135,train
23451,1,0.1889777905878904,test
23457,1,0.2009328087618062,test
23458,0,0.3250854524760799,val
23461,1,0.0932865265670461,train
23462,0,0.3708913815030411,test
23465,1,0.1126800479334628,train
23471,1,0.3894361430398344,train
23472,0,0.8213688479658883,train
23473,1,0.2334292267166805,train
23475,1,0.6460724026216225,train
23476,0,0.8032503090478769,train
23480,1,0.3590695259840474,test
23483,0,0.4523192284161688,train
23488,0,0.5811696055900568,test
23490,1,0.3142546638790073,train
23491,1,0.402977645358118,test
23492,1,0.1187089246377485,train
23493,1,0.1629153628468898,train
23494,1,0.4061786302492699,train
23496,0,0.508543871445889,test
23499,0,0.6671703038718696,val
23500,0,0.3289893193993661,train
23503,1,0.2693314983237007,train
23505,1,0.2798445384478393,train
23506,1,0.2221710350215644,test
23507,0,0.8052678090938175,train
23509,0,0.4680678389542753,val
23510,1,0.1711894994552583,val
23511,0,0.2694117025445185,train
23512,0,0.3222846242347541,test
23513,1,0.461564749969665,train
23515,1,0.1144222219777768,test
23516,1,0.4069010713543103,train
23517,0,0.382690066984634,train
23523,1,0.2435810798228281,train
23524,1,0.4849711074353918,train
23526,1,0.1462604044021945,val
23527,1,0.4842565226466833,train
23528,1,0.0524813205078869,train
23531,1,0.3710712512824057,train
23533,1,0.0493431682367168,train
23534,1,0.0628395212671754,train
23537,0,0.5061486594551018,test
23541,0,0.7479666278806654,train
23542,0,0.4132152581253152,test
23544,1,0.3078704322353558,train
23549,1,0.4594089400715125,train
23550,1,0.5387362777595721,train
23552,0,0.8140935132914657,train
23553,1,0.0161795083115462,train
23556,1,0.1959950356808215,train
23557,0,0.6556794430719913,train
23561,1,0.185785272859727,val
23563,0,0.7778102602524575,train
23564,1,0.0902878446307726,train
23566,1,0.0629852209577638,train
23569,1,0.0877988254246925,train
23570,1,0.1481228078594775,test
23573,1,0.1010182589570799,train
23577,1,0.1623821282355626,train
23578,1,0.4909962979557827,train
23581,1,0.156335697744599,val
23584,1,0.2871731976619013,test
23589,1,0.6150987118266441,train
23591,0,0.8141785690085359,train
23593,1,0.1197209697945723,val
23594,1,0.4340191355620317,train
23595,1,0.2415907814237373,train
23596,1,0.4864285047079157,test
23598,0,0.3894552649439321,train
23599,1,0.1122234850340697,val
23601,1,0.2994422882269707,train
23603,1,0.0814097069245773,train
23604,0,0.566033136510381,train
23605,1,0.1450153077676911,train
23606,1,0.224086846641769,train
23608,1,0.2523537905508496,test
23612,0,0.7594874797969913,train
23613,1,0.1273109170877568,val
23616,0,0.7187600748897103,train
23617,1,0.3882241027370093,train
23621,1,0.3801309006059165,train
23622,0,0.5018692055871816,test
23625,1,0.6223387437070756,train
23626,1,0.3152082258859161,val
23627,1,0.0488543944538811,train
23628,0,0.3434694848707804,train
23629,1,0.0743921827515918,train
23635,0,0.44077821730445,train
23636,1,0.118010354150173,train
23641,1,0.2409960078910267,train
23643,1,0.5464512896999869,train
23644,1,0.4274947192167343,test
23645,1,0.1575613526363244,train
23646,1,0.0755031207705937,val
23648,1,0.5484095164403768,val
23649,1,0.3834129268728242,train
23650,0,0.7728499147568193,train
23651,0,0.8902549630756195,train
23655,0,0.5852272174489583,train
23656,1,0.1570780847295196,train
23657,1,0.346175141053884,train
23658,0,0.7348259237273354,val
23659,1,0.0686199545532973,train
23662,0,0.6509440281604675,train
23665,0,0.4487009653681488,train
23666,1,0.1238657416183975,test
23667,1,0.2305561608009538,train
23668,1,0.228788198796444,train
23673,0,0.2558670796638985,train
23675,0,0.8881283962511894,train
23676,1,0.3786105221641022,val
23677,0,0.6462404258370714,test
23678,0,0.373946443894794,train
23680,1,0.1253951552095434,train
23682,1,0.1644569433965494,test
23683,1,0.6016626993963334,train
23684,1,0.3260484015861529,train
23685,1,0.1806593323508905,train
23686,1,0.2032849159141471,val
23687,1,0.3289287103755023,val
23688,1,0.1032673922469384,train
23689,0,0.495259361636451,val
23690,0,0.6490894348183178,test
23692,1,0.0784649727109635,test
23695,1,0.0804174764100169,train
23696,1,0.1862894401263386,train
23697,0,0.7115896542671489,val
23698,1,0.2083171239083581,train
23699,1,0.0423165755864264,train
23701,0,0.3624626126657984,train
23702,1,0.1661846086360389,train
23706,1,0.1109832976239648,train
23707,0,0.3012153165157263,train
23708,1,0.5457402387626694,train
23710,1,0.173462780061541,train
23712,0,0.6933996800086042,train
23714,1,0.3761866073065042,val
23716,0,0.473264076228496,train
23723,1,0.3194399756332514,train
23726,1,0.4893025830783782,train
23728,1,0.184321551886893,train
23730,0,0.7054718797593691,train
23731,1,0.3893769371232825,val
23736,0,0.5601706370595068,test
23737,0,0.5106255587008761,train
23738,1,0.0434470412611888,val
23739,1,0.0806778526813788,train
23740,0,0.4864602508519207,train
23746,1,0.1133038618897174,train
23747,0,0.4690976474084812,test
23751,1,0.4826302614145334,train
23753,1,0.5127442925683268,train
23757,1,0.3410387606992632,train
23760,1,0.1924802134284339,train
23762,1,0.4945239337628171,val
23764,0,0.8091059644055109,train
23767,1,0.5222639590563294,train
23768,0,0.6499444450930257,val
23769,1,0.5106290848202428,train
23770,1,0.3085203587677959,train
23771,0,0.3159720809851655,test
23772,1,0.8966312851177244,train
23773,1,0.2130120361947141,test
23775,1,0.5935397434050759,train
23776,0,0.283177543080687,test
23781,1,0.2105089436002012,train
23782,1,0.1832657629670788,val
23784,0,0.5421190249380428,train
23786,1,0.5137312870109386,val
23788,0,0.327015454492957,train
23790,1,0.2085113206753683,test
23792,0,0.441134224840093,test
23793,1,0.0667013826251557,train
23794,1,0.2725008955779031,train
23796,0,0.5003138876594941,train
23797,1,0.0917349538016376,train
23798,1,0.1744511573399014,train
23800,0,0.5297847324415064,train
23801,0,0.7786167325042501,val
23802,1,0.2071926566352175,train
23807,1,0.4246007550443129,train
23808,0,0.9742450127996372,train
23809,0,0.5474946408576874,train
23811,0,0.9168354866314464,train
23813,1,0.2641868231593967,test
23815,0,0.3814097900299613,val
23816,1,0.2030169063399746,train
23819,1,0.4203405042380285,train
23820,1,0.2499601901000531,val
23821,1,0.5454603210468141,train
23822,1,0.1919839740832833,train
23825,1,0.182319778772181,val
23826,1,0.3943064450676048,val
23827,0,0.6379705781210915,train
23828,1,0.6040915071035416,val
23830,1,0.3824892786156557,train
23831,0,0.3604942580120011,train
23832,1,0.2811263524233186,train
23833,1,0.1104684598452275,train
23834,1,0.1173664971786996,train
23835,1,0.3687097063957522,train
23836,0,0.5302382279835173,train
23839,1,0.1551829184190836,train
23841,0,0.5861183361899704,test
23843,0,0.4115866235534859,train
23844,1,0.2728362748830529,train
23845,0,0.7653350257750324,train
23847,1,0.1195080766476233,train
23850,1,0.069192383245502,train
23851,1,0.1985872428313201,train
23853,0,0.5408580486488956,train
23856,1,0.2584072055551636,train
23857,1,0.4017719656130291,train
23860,1,0.474197455497792,train
23861,0,0.4323571840846938,test
23863,1,0.1626266258886738,train
23864,0,0.805839330712078,train
23865,0,0.7371131292984354,train
23867,1,0.1753631123981753,train
23868,1,0.3187582828991848,test
23870,1,0.2352007690488297,train
23871,1,0.1440044572459732,train
23874,0,0.6928544644641539,train
23875,0,0.4944502750285955,val
23877,1,0.2480158460220485,train
23882,1,0.2830132268661974,train
23885,0,0.8641786007075203,train
23886,0,0.8434246779838002,train
23887,0,0.7844936813305513,train
23890,0,0.4204504538360591,train
23891,0,0.1762904643941061,train
23893,0,0.593976024434758,train
23894,0,0.6482898896835239,val
23896,0,0.639701275098437,train
23899,0,0.2086609156471737,train
23902,1,0.3855746723502768,train
23904,0,0.6762209493806797,train
23905,0,0.358421447781246,val
23908,1,0.0296936892021398,train
23910,0,0.7677898089461064,test
23911,0,0.8575006564948036,train
23912,0,0.2818044010373861,val
23913,0,0.5903075871348507,test
23914,1,0.1071064785525153,train
23920,1,0.3673668299507926,train
23923,0,0.7438048673098353,train
23925,0,0.9288181484432404,train
23926,0,0.4716576194578513,test
23927,1,0.0895655502993784,train
23933,0,0.9132372463546358,train
23934,1,0.5847540732927747,val
23936,1,0.3796046097172667,val
23938,1,0.8415858347288749,test
23940,0,0.6012319230454287,train
23941,1,0.3864677960059136,train
23947,1,0.3760272418225193,test
23948,1,0.1357108292440068,train
23949,1,0.1104118762883861,val
23950,0,0.4884135368594844,test
23954,1,0.197234312491767,train
23958,0,0.6919701239583677,test
23959,1,0.2076108650825886,train
23960,1,0.1696979398716842,test
23962,1,0.0567859148673252,train
23963,1,0.3733171056066136,train
23964,0,0.4252245597243757,train
23966,1,0.125580128591731,train
23968,0,0.5684243222555145,train
23971,0,0.7622311160656713,train
23974,0,0.2783172854515565,val
23976,0,0.874923472764885,val
23978,1,0.127861938848155,train
23979,0,0.7641193686015285,train
23980,0,0.573591123833421,train
23982,1,0.042637916277718,test
23985,1,0.4549444005810362,train
23987,1,0.3201243934306047,val
23988,1,0.1851278923707171,train
23989,0,0.9378960199617736,train
23990,1,0.2260220120961752,train
23991,0,0.3577865709668451,train
23992,0,0.5271584816334038,train
23994,0,0.8322871572927586,val
23996,0,0.4737858486384824,train
23997,1,0.514865813129775,val
24002,1,0.3217515239826495,train
24007,1,0.1633265569041787,train
24009,1,0.6825092539259631,train
24012,0,0.3450560965672443,train
24013,1,0.0698096157823482,train
24015,1,0.1115493312043417,train
24016,1,0.1541267001970294,train
24022,1,0.487696758256436,train
24023,0,0.7467313426065256,test
24026,0,0.9339966255725836,train
24027,1,0.5119490454313101,train
24028,1,0.5961094264545427,train
24030,1,0.1380785481998431,val
24031,1,0.0575276587501117,train
24032,0,0.5267652312613331,train
24034,0,0.238505803147995,train
24036,1,0.686366636176176,train
24037,1,0.3614648924008482,train
24039,1,0.3571480806095949,train
24040,1,0.2510147639850774,train
24041,1,0.1275856370667542,train
24042,1,0.1523131671707088,train
24048,1,0.0737454208891701,train
24050,1,0.1526845251018308,train
24051,1,0.2561202551574693,test
24054,1,0.4780852380104785,train
24057,1,0.297559004153146,train
24059,1,0.0527627082725328,train
24060,1,0.6033997964554462,train
24061,0,0.2889934968873574,val
24062,0,0.440334655539649,test
24063,1,0.0107193777139248,train
24064,1,0.1355352519763608,train
24066,1,0.5864816751229304,val
24067,1,0.0741683907020692,train
24069,1,0.0838582380629504,train
24070,0,0.7073714249609437,train
24071,1,0.0921135446241124,train
24072,1,0.1531104366929681,train
24078,1,0.2980644625619316,train
24081,1,0.3952796478768707,train
24082,1,0.4425559024269936,train
24084,1,0.1399463395371116,val
24085,0,0.7618004878911562,train
24086,1,0.209472721007058,train
24087,0,0.7472772116550206,train
24089,0,0.5089837281187624,train
24090,1,0.2650965493749916,val
24091,1,0.4132139436987738,val
24093,1,0.2986713729095767,train
24094,0,0.558155281900651,train
24095,0,0.7369490778922716,val
24098,0,0.3967544607870121,train
24099,0,0.4941896646317298,train
24100,1,0.0373985075242555,train
24105,1,0.2662208346438584,val
24106,1,0.0344444581911081,train
24109,1,0.1625617483689933,train
24110,1,0.298200062002476,train
24113,1,0.335462928829078,train
24114,0,0.302300039593992,train
24115,1,0.7429533632471554,train
24116,0,0.4300128247606143,test
24117,1,0.3580128901162264,train
24121,1,0.0887101435864013,test
24122,1,0.2064682059376834,train
24123,0,0.4301254671942603,train
24124,1,0.2665609326174245,train
24126,1,0.3742356780776884,train
24127,1,0.3310243452300991,train
24129,0,0.6326490638906624,val
24138,1,0.0532471103958239,train
24142,0,0.4574066410388531,val
24145,1,0.1815935751249596,train
24146,1,0.2126594035053246,train
24147,1,0.3458237485025441,test
24148,0,0.4458608864605157,train
24149,1,0.167039746368108,train
24150,1,0.5768154251791606,test
24151,0,0.8428648481870985,train
24153,1,0.170052093808408,train
24156,0,0.3083138958433064,train
24158,1,0.2411461800753394,train
24159,0,0.585834080846429,train
24161,1,0.2944475621591953,train
24162,1,0.6585024394934655,test
24165,0,0.6750376761271734,train
24168,1,0.3614612075174709,train
24169,1,0.1449474569037214,train
24175,1,0.3655873281718463,train
24176,1,0.1327326375499652,train
24177,0,0.7210988843949095,train
24180,0,0.90539019718677,train
24182,0,0.6746403529184513,train
24184,1,0.3297426631767247,train
24185,0,0.1835218837781891,test
24186,1,0.1737266230804997,train
24191,0,0.2781394134206307,train
24192,1,0.1444753994214443,train
24193,1,0.0112726714928116,train
24195,1,0.1568882695361881,test
24196,1,0.2401956944533629,train
24197,1,0.1497948577581315,train
24198,0,0.5968020679687891,train
24199,1,0.3005411785186352,val
24200,1,0.0909602917523363,train
24204,0,0.3415374375930062,train
24206,0,0.6135616154676375,val
24207,1,0.3741246359454315,test
24208,0,0.5251425766910625,train
24209,0,0.1489377619171178,train
24212,1,0.0529660571676734,val
24213,1,0.0902806337609131,train
24215,1,0.2380683440574188,train
24218,0,0.9264617316482048,train
24219,0,0.3193161279833164,val
24220,1,0.4502258469281459,train
24223,1,0.4112397517678245,test
24229,0,0.8115575072641713,train
24232,1,0.136650801203457,train
24233,0,0.6899189527609064,train
24236,1,0.0262388959224796,train
24238,0,0.3748051729295922,train
24242,0,0.4608179633775303,train
24243,1,0.4359533937080777,val
24247,1,0.3225197694513519,test
24249,1,0.1092911399742588,train
24252,0,0.4964004346367938,train
24254,0,0.4018019407021282,train
24256,0,0.7645264051998671,train
24257,0,0.6899574996560117,train
24258,1,0.5327049476417929,train
24264,1,0.1946492579527224,test
24265,0,0.8392080268839075,train
24267,1,0.3040734927029346,train
24272,1,0.7197454197807114,train
24274,1,0.3016987473462403,test
24275,1,0.0753028943654855,train
24278,1,0.1282510269300126,train
24281,1,0.0793291555531221,train
24285,1,0.4373638849089215,train
24286,1,0.6931656295452469,train
24288,1,0.1972640468478946,train
24289,0,0.9577134296002382,val
24291,0,0.5611590306561389,train
24294,0,0.2999618828343693,train
24295,0,0.4228048353776161,train
24298,1,0.1638957316229444,train
24299,1,0.0859419634094277,train
24301,1,0.3047708251034273,train
24304,0,0.3369001556875562,train
24306,0,0.1932317913093255,test
24307,1,0.7609743318087981,val
24310,0,0.8327226896449484,val
24314,1,0.8196682312485075,test
24316,0,0.5909293805078515,train
24318,1,0.4192503099564462,train
24319,0,0.8093430055800748,train
24320,1,0.2011305979725297,train
24321,0,0.2556114740065314,train
24323,1,0.2027808317111028,train
24324,1,0.1837765095161019,val
24326,1,0.8304401399622662,test
24328,1,0.4021771535156883,train
24329,1,0.5053847633101101,train
24337,0,0.5058462496950551,test
24338,0,0.5513494260106213,train
24340,1,0.1551153666035335,train
24341,0,0.9192174513732498,train
24345,0,0.6590353693141191,train
24346,1,0.1341045092246773,train
24348,0,0.3034792000276133,val
24349,1,0.8566307023985462,test
24350,0,0.585686657867595,train
24353,1,0.2782276804232202,train
24354,0,0.5404972106378259,train
24356,0,0.7093999877214465,train
24357,0,0.6977515907531329,test
24358,1,0.1033158336982759,test
24359,0,0.7047313339631042,train
24360,1,0.3077529608967337,test
24361,0,0.7279215137379209,train
24362,1,0.138109907020576,val
24363,1,0.2737282814669238,train
24365,1,0.4782669558841594,val
24366,0,0.5153976531499578,train
24368,0,0.1411721211720729,train
24370,1,0.4783393380660146,test
24375,1,0.3165378121108794,train
24376,0,0.2150345040516929,train
24378,0,0.5159515152327887,train
24379,1,0.1317007092696276,test
24381,1,0.1935247914872496,train
24382,1,0.5051746119820064,train
24384,1,0.0498223614000128,train
24385,0,0.9246450238046028,train
24386,0,0.3367060595645149,train
24387,1,0.3331404187192793,train
24391,1,0.5420812185659227,val
24392,1,0.4454786257695378,train
24395,1,0.4573973093787538,train
24399,0,0.6514925850548168,train
24402,0,0.910837802365024,val
24403,0,0.4553170140024445,train
24404,1,0.4290379477845486,train
24405,1,0.3466156378360377,train
24406,1,0.270388410141828,train
24407,1,0.071816219670891,test
24408,1,0.2015391564740577,train
24410,1,0.5470204228110845,train
24417,0,0.7338175237348279,train
24418,1,0.5322965237635844,train
24419,1,0.3306317232062704,train
24420,1,0.2651585181028354,test
24421,0,0.7833035949917404,train
24422,0,0.8765497166774063,train
24423,1,0.3532002223612036,train
24424,0,0.8803892631830179,train
24427,1,0.5102414473843925,train
24430,1,0.1842335469808227,train
24432,1,0.066497230378766,train
24434,1,0.4121840926344146,train
24435,1,0.1552265395862652,train
24439,1,0.107194851929126,train
24441,1,0.2797687185265283,val
24442,1,0.0872908403044444,train
24444,1,0.2274538343808495,test
24446,0,0.7565622610310532,train
24447,1,0.0799863824256571,train
24448,0,0.5561799577527298,train
24449,1,0.3533018062259672,train
24450,1,0.4216855137922961,test
24454,0,0.7991909766073957,val
24455,1,0.3575049082221464,test
24458,0,0.3151598237534907,train
24459,0,0.6506715423555273,train
24460,1,0.3738824650364929,train
24461,1,0.4917102383603535,train
24462,1,0.1171973367703514,train
24463,0,0.7228490077743521,train
24465,1,0.192242379981447,val
24466,1,0.6934720819375368,train
24469,1,0.0929559267890971,train
24470,1,0.1875629689481361,train
24471,1,0.2074951725635888,test
24474,1,0.2948133041420228,train
24475,0,0.4828328371225158,val
24477,0,0.5625801535248132,val
24480,0,0.636559564473961,test
24487,0,0.7732843364769071,train
24491,0,0.7852305777686389,train
24493,1,0.2498326752825087,train
24494,1,0.4297562115935395,val
24495,1,0.677712473840492,train
24496,0,0.7946705172912115,test
24502,1,0.2909311583569265,train
24503,1,0.2039054280221376,train
24504,1,0.1213567094997816,train
24505,1,0.3142435110509608,train
24506,0,0.4355820587995072,val
24508,0,0.7693523353438235,test
24510,1,0.0947838760193898,test
24511,0,0.846906113853994,train
24513,0,0.3556668514324667,test
24514,0,0.4372194570552707,train
24515,0,0.6283687848794717,train
24518,1,0.8650454671087057,train
24519,0,0.6355445431862257,train
24521,0,0.2812022007077748,val
24523,0,0.6771457593443488,test
24525,0,0.8326722957653554,train
24526,0,0.9420454819403912,train
24527,0,0.5878481481609142,val
24528,1,0.1244628467262426,train
24537,0,0.3586813725454633,train
24538,1,0.1384607013620666,train
24539,1,0.3204899386436107,test
24540,0,0.5162954812349054,train
24541,0,0.9382079299528928,val
24542,1,0.1239983479686691,train
24545,1,0.4892580803306608,train
24547,0,0.7578904151700218,train
24548,0,0.2376882947825811,train
24549,1,0.6833683493486633,train
24550,0,0.5703589901464327,val
24551,1,0.0970669442167921,train
24552,1,0.5519506937222929,train
24553,1,0.5040617498290373,train
24554,1,0.8749999396159245,train
24557,1,0.4281033115315714,train
24558,1,0.5792311295138355,test
24559,1,0.0139841175697107,train
24562,0,0.5284982871154005,train
24563,0,0.5558471509893728,test
24564,0,0.4071059053785155,train
24565,1,0.3838215388471879,test
24566,0,0.4790417484466912,train
24570,1,0.3108766035604877,train
24571,1,0.3292774293352714,train
24572,1,0.0888907321235388,test
24574,1,0.1681291644878343,train
24575,0,0.3433861553680046,train
24576,1,0.2271148504519378,test
24578,1,0.2649775438949595,train
24579,1,0.354360514253594,train
24580,0,0.4223812909649955,test
24589,1,0.2938318300038712,train
24590,1,0.0791433610188786,train
24592,0,0.5928813344752154,train
24593,0,0.7532430559674632,train
24594,0,0.2513326753188035,val
24596,1,0.14163514569635,val
24597,0,0.309879460615605,train
24601,1,0.1524338552755791,train
24602,0,0.5528883545640231,val
24603,0,0.4542368014605356,val
24604,1,0.1502942175712556,train
24605,1,0.4860975151587191,test
24607,1,0.4162109014370061,test
24609,1,0.1456345556450118,train
24610,1,0.2041391914756876,train
24611,1,0.3195856735334627,train
24612,1,0.3351572117875294,train
24616,1,0.4542086152425436,train
24617,1,0.1589121578858213,train
24620,0,0.6358169040458552,train
24621,0,0.6543267711826234,train
24622,1,0.3596055395332792,val
24624,0,0.8182592535659653,train
24625,0,0.2332726270960265,test
24627,0,0.5625847515248883,test
24631,1,0.3697092300734396,train
24635,0,0.1705508684772468,train
24636,0,0.4915521239309905,train
24637,1,0.2887375211692159,train
24640,0,0.4393962251062878,train
24641,1,0.0913249721972776,train
24642,1,0.4298819242611681,train
24644,1,0.268442966403087,train
24645,0,0.3643533639590991,train
24647,1,0.4198586630659709,val
24649,0,0.6075148548783156,train
24650,1,0.2097116922396382,train
24653,1,0.0829313563771956,val
24654,0,0.7928172671985784,train
24658,1,0.2493429711079409,train
24659,0,0.8770647844924813,test
24662,0,0.8108196420121299,train
24665,1,0.370045809267394,train
24666,0,0.9181831420319216,train
24677,1,0.0545252008845571,test
24679,0,0.5066123167394583,train
24680,1,0.1132904478642525,train
24682,1,0.3661947477404186,train
24683,0,0.5915405305059132,test
24684,1,0.363995033535551,train
24687,0,0.2739220879087555,train
24689,1,0.3876750862790064,train
24692,1,0.330581121227797,test
24693,1,0.0519693607733873,train
24694,1,0.3642538027114098,train
24696,0,0.4928553837443901,test
24698,1,0.5321025527196241,train
24699,0,0.6306209691574363,test
24700,0,0.3175926444899331,train
24701,1,0.5851638138977922,train
24703,1,0.4797384554419911,train
24705,1,0.0736641524051539,train
24706,1,0.1232235298384522,train
24708,1,0.334455647915672,train
24709,1,0.2042374156297265,val
24710,1,0.0518294336152472,train
24712,1,0.135419988187661,train
24713,1,0.1920861145346567,train
24715,1,0.1753796912285596,train
24717,1,0.1214701040501186,train
24718,0,0.6619268735156827,train
24721,1,0.1871718693613596,test
24724,1,0.0186149606226032,train
24729,1,0.1826671724153227,train
24730,1,0.0402133485032175,train
24731,0,0.5596832340076727,train
24734,1,0.3126015148326672,train
24735,1,0.2050173911559556,train
24736,1,0.1932604389240425,train
24738,1,0.4224788807985145,train
24739,0,0.4996738640644705,train
24740,1,0.1375228293761433,train
24741,1,0.2696056098240338,val
24742,1,0.2178788816608177,train
24743,1,0.0720578645215674,train
24745,0,0.5803256419503761,train
24747,0,0.7320536536579095,train
24748,1,0.1072654032513973,train
24749,1,0.1103752835109946,train
24752,1,0.5024345505442185,test
24753,1,0.0925462436739772,test
24755,1,0.5210519844327381,train
24756,0,0.4754012572086724,train
24763,0,0.4725819104676478,train
24765,0,0.5523020458572171,test
24766,1,0.3121194232094026,train
24768,0,0.3796816198867745,train
24771,1,0.0862971733208073,train
24773,0,0.4457806086086747,train
24774,0,0.7718913008298928,val
24776,1,0.119539791424844,train
24779,1,0.7430613363985072,test
24781,1,0.1624985773541732,train
24782,0,0.6603583188564306,train
24784,1,0.1506692223091167,train
24786,1,0.3813461959446934,train
24788,0,0.6468934095507306,train
24790,1,0.2300043977328336,train
24794,1,0.2090654257211973,train
24796,1,0.1550814395944577,train
24797,1,0.2502256498818451,train
24799,1,0.2657310581710146,test
24801,1,0.1935276905855675,train
24804,1,0.2356424081550173,train
24807,0,0.5720083279688493,val
24808,1,0.026379755694608,val
24810,0,0.566253789660353,val
24815,0,0.49870662845781,test
24817,0,0.8607424121081542,val
24818,1,0.1828788476182055,train
24819,1,0.1780256731013136,train
24820,1,0.1881494986561834,train
24822,0,0.4828691609493643,train
24824,0,0.6409579593043282,train
24825,0,0.3900096967099411,val
24826,1,0.3123617000512533,test
24833,1,0.0911678422576469,train
24834,1,0.1460181144452136,train
24837,0,0.4692067166190397,test
24838,1,0.3658499985055491,train
24839,1,0.6374312836814556,train
24840,1,0.4226152871264141,train
24841,1,0.3351784776888861,test
24842,0,0.8981471438474015,train
24843,0,0.7319055445114673,train
24847,1,0.4713019736486979,train
24848,0,0.5382708850299329,train
24849,0,0.7539637119120107,test
24851,0,0.2198768414044857,val
24852,0,0.2301551529554329,train
24855,1,0.4344269584818766,train
24861,1,0.4623212839634447,train
24864,0,0.9311203562268066,train
24869,1,0.1188928500738022,train
24875,1,0.2270866176429415,val
24878,1,0.8768709385966946,val
24879,1,0.8050333682506959,train
24880,1,0.79116435862781,val
24882,1,0.4820279364177448,val
24883,0,0.7154001649662557,train
24884,0,0.6156323038339855,train
24885,0,0.5692728672693672,test
24886,0,0.5872609046945587,train
24887,1,0.1063750513761929,train
24891,1,0.2407089338576051,test
24892,0,0.4849572757919012,train
24897,0,0.7372265242310467,train
24898,0,0.8431014920113928,train
24899,1,0.1141867975990346,train
24900,1,0.5484368448618582,train
24901,0,0.8380368829981657,train
24902,1,0.2479836285408361,test
24904,1,0.6876548150924363,test
24905,0,0.737016940718657,train
24906,0,0.7530405758356984,train
24909,1,0.1140680215079441,val
24910,1,0.8397809617747358,test
24912,1,0.5985884028631117,train
24916,1,0.3627052598904369,test
24917,0,0.4699510998318884,train
24920,1,0.1884195485118392,train
24921,1,0.0492088502379701,train
24922,1,0.3005787814757195,test
24925,1,0.1966764783720563,train
24926,1,0.2254378286795791,val
24927,0,0.542175843254946,train
24930,0,0.800642032241572,train
24931,1,0.2721613201872516,train
24933,1,0.0603849981751115,train
24936,0,0.2837059578268823,train
24939,0,0.3449195739296548,train
24944,0,0.8537824603913406,train
24946,1,0.6068206050450339,train
24947,1,0.0883622991859979,train
24948,0,0.5886910196569496,train
24950,1,0.7643707646565383,val
24951,1,0.2797232438643448,train
24952,1,0.2993155735137975,test
24953,0,0.6259739986638295,train
24954,0,0.8471713334957494,train
24955,1,0.6746667685295249,train
24956,1,0.3446732893336598,val
24957,1,0.3137779296521877,train
24958,0,0.555648070277167,train
24960,0,0.6756017230810268,train
24961,1,0.4414656026896082,val
24962,1,0.4253943397439792,test
24964,1,0.5422676022962684,train
24967,0,0.6543070822433044,train
24968,1,0.0489058664892239,train
24970,0,0.5591365898027765,train
24971,1,0.2524596993387829,train
24973,1,0.3857258253918689,train
24974,0,0.2783927227697795,train
24975,1,0.2628148847599227,train
24976,0,0.3915346642271333,train
24978,0,0.6291369339212987,train
24979,1,0.1221721758503575,val
24980,0,0.6974106217031804,train
24981,1,0.3964023132039084,train
24982,1,0.2251868790152917,val
24984,0,0.4422245690799918,train
24986,1,0.1414743375216902,train
24988,1,0.1604605193598091,train
24989,0,0.23117938785804,train
24991,1,0.0695146136390113,train
24992,0,0.6999548874918193,train
24993,1,0.1117056394955285,train
24994,1,0.5579490593709227,train
24996,0,0.2771149112304102,train
24997,1,0.3749392868728322,train
24998,1,0.1120411628057701,train
25000,1,0.4407095540479799,val
25001,1,0.196997349358059,val
25002,1,0.5402628897612167,train
25006,1,0.0799375006557271,train
25007,0,0.7427261293795635,train
25012,1,0.4827703557799481,train
25014,1,0.2515163018738225,train
25015,1,0.2573977211486885,val
25016,0,0.8094387201435197,train
25017,1,0.4982703840759669,train
25019,0,0.4440702651850389,train
25020,1,0.0553197345861042,train
25021,1,0.1238067013019271,train
25022,1,0.202082883070846,train
25029,1,0.493493663384553,train
25030,1,0.1887749423795547,train
25031,1,0.1402876295958874,train
25032,1,0.5144855395517445,train
25033,0,0.630682971007956,train
25034,1,0.1472993303434051,train
25035,0,0.7942201191671021,train
25036,0,0.8142357210356128,train
25038,0,0.2321158722330877,train
25039,1,0.3432146293606491,train
25041,1,0.4537917567499533,train
25042,0,0.3177078913562884,val
25045,1,0.07958143817347,train
25046,1,0.2536321750548671,train
25047,0,0.9594008782107234,train
25049,1,0.07037678935538,train
25053,1,0.2181151545053928,train
25055,1,0.0829525667161406,train
25058,0,0.7343845494031094,train
25060,0,0.6411499107324738,train
25061,0,0.4424112764214651,test
25064,1,0.016100903881499,train
25066,1,0.0916749864791467,train
25067,0,0.8539750953934568,train
25068,1,0.0437912201611335,train
25070,0,0.3219859048483019,val
25071,1,0.0417178501527252,val
25073,1,0.5791858144669135,train
25075,0,0.6442364722979386,test
25077,1,0.2840063011182929,val
25078,1,0.4324198725467415,train
25085,1,0.6807359510322382,val
25086,1,0.3211876323869532,train
25088,0,0.3289169289664944,test
25091,1,0.7259981221034856,val
25093,0,0.6391988769293029,train
25094,1,0.1757255798833555,train
25095,0,0.1625746357600292,test
25098,1,0.3884591510234408,val
25101,1,0.0882764170354063,train
25102,0,0.642020271411117,train
25104,0,0.8881242247877077,train
25105,1,0.4398738323796838,train
25108,1,0.7111341951410617,test
25109,0,0.5751658799305623,train
25110,1,0.2817812668063917,train
25112,1,0.6346210275146871,train
25113,0,0.3762299507715106,train
25114,0,0.4841049482768048,train
25117,1,0.4311835222923645,train
25119,0,0.9611046003877252,train
25121,1,0.1783089066860321,test
25122,1,0.087105776367079,train
25123,1,0.2799402184335157,train
25124,0,0.2753173942759498,test
25128,1,0.3331806020240303,train
25129,0,0.6038281157854108,test
25131,1,0.4773004150152243,train
25132,1,0.6292485746692658,train
25133,1,0.0588227631378981,train
25134,0,0.4449260877269942,train
25136,1,0.1798010503245946,test
25137,0,0.6823198187608301,train
25138,1,0.3984618443782148,val
25140,1,0.340768539799313,train
25141,1,0.0932957053495069,train
25144,1,0.1407959502764587,train
25145,0,0.1556164033228688,test
25150,0,0.7750090941596685,val
25151,0,0.5001632341518731,val
25152,1,0.7445557958826106,train
25154,0,0.9378559725484568,train
25155,0,0.7393550784724013,test
25157,1,0.3703287919962328,train
25158,1,0.162472153353537,train
25159,0,0.3503062734064409,train
25160,0,0.6425898231220843,test
25164,0,0.9375551573273924,train
25165,0,0.8464571929021054,train
25166,1,0.5103742078996938,train
25167,1,0.2991165571089723,val
25169,1,0.2717680837317593,train
25173,0,0.7823699027935789,val
25174,1,0.3501164557618116,train
25175,1,0.408740865010475,train
25176,1,0.1388811008223855,train
25178,1,0.3979688871167594,val
25179,0,0.4426494097880064,val
25180,0,0.6761453829341514,train
25181,1,0.0747520873719779,train
25182,0,0.7271373340640059,train
25183,1,0.2873346368986326,train
25185,1,0.173404969771273,test
25188,0,0.8186544154344285,test
25190,0,0.2357531481870928,train
25191,1,0.0331697177824094,train
25194,1,0.1332249861263523,train
25198,1,0.3380035453734495,train
25199,1,0.1492845799006499,test
25200,1,0.1343791266790441,val
25201,1,0.1481260417315334,test
25202,1,0.2547182885277403,train
25204,1,0.2016605678004991,train
25206,1,0.2302096954001143,train
25209,1,0.2125025602901139,train
25212,0,0.3018197351116662,val
25214,1,0.2552757498788169,val
25218,1,0.2133982356748903,train
25220,1,0.1810611430313432,test
25221,1,0.2124257848567265,train
25222,0,0.2840155014968882,train
25225,1,0.2910665972048138,val
25228,1,0.0560635805306124,train
25231,1,0.3220096270870405,train
25236,1,0.4402767067384129,train
25238,0,0.8875611953010926,train
25239,0,0.4014206283519499,test
25240,1,0.351439380409364,train
25241,0,0.8168131336647686,train
25242,1,0.0768751379846758,train
25246,0,0.6389566034205768,train
25249,1,0.1036144953548291,train
25250,1,0.1376272762631714,train
25251,1,0.2751143436781841,val
25253,1,0.1482779318537838,train
25254,1,0.1580985798392953,train
25263,0,0.7369947500724493,train
25264,1,0.1438062303369323,train
25268,0,0.7060539789180329,train
25270,0,0.7197776485209617,train
25271,0,0.8241836878584672,val
25275,1,0.0634388195384991,train
25277,1,0.139610529721979,train
25278,1,0.0204902268137399,train
25280,1,0.1361634671595202,train
25281,0,0.6403140605997004,train
25282,1,0.2445179849256303,train
25285,1,0.2897662624018939,test
25287,1,0.2400274174574488,train
25289,1,0.4078384715678516,train
25290,1,0.1599203520473093,train
25291,1,0.7718292849907276,val
25292,1,0.5037698901488927,train
25294,1,0.2744326857880488,test
25296,0,0.9257679587744542,train
25298,1,0.1689036380971039,train
25299,0,0.8481710721336403,test
25300,0,0.2561687195217983,train
25303,1,0.249553120543724,train
25304,1,0.2211749205686772,train
25307,1,0.0763184835548467,train
25308,1,0.3114715345412316,train
25310,0,0.6810574040270088,train
25312,1,0.0992444664547329,val
25313,0,0.719530429097309,test
25314,1,0.5186651387647019,train
25315,1,0.0278159023113951,train
25320,1,0.1464356332272866,train
25323,0,0.6169653089773124,train
25324,1,0.1118087796217911,train
25326,1,0.1874184018201476,train
25328,1,0.3481178852192419,train
25329,0,0.7239202727942698,train
25331,0,0.1501644844160486,train
25333,1,0.27040678972647,test
25335,1,0.4275223074107915,test
25336,0,0.7658103096748743,train
25337,0,0.6310403559388413,train
25339,0,0.3965571548079298,train
25342,0,0.7270721039940073,train
25343,1,0.3710605695895471,val
25345,1,0.3877442295043896,train
25347,0,0.3132365512164469,val
25349,0,0.4926749254976448,train
25350,1,0.3528669284097893,test
25352,1,0.5185926833969243,train
25353,1,0.2840701827811723,test
25355,1,0.1697149151979261,train
25356,1,0.3448013143431994,test
25360,1,0.0569101926696546,train
25361,1,0.2576918673725895,train
25362,0,0.3996435938574905,train
25363,1,0.5115200045231822,train
25364,0,0.4811527045906348,test
25368,1,0.1192680571438127,train
25369,1,0.2319798311394181,train
25371,1,0.4018615117085905,train
25373,0,0.8099629443420155,train
25374,0,0.8174944958725436,train
25375,0,0.4164267443746009,train
25376,1,0.5947717127492047,val
25377,0,0.1903043629271285,test
25380,0,0.5564915818921439,train
25381,1,0.3715693467968189,train
25383,1,0.2269255834825193,val
25386,1,0.5253577430259835,train
25387,1,0.1671671632733411,train
25389,1,0.184029244202837,train
25390,0,0.8246776501080499,test
25392,0,0.4888566248387019,train
25395,1,0.1083250489659872,val
25398,1,0.0862225245525082,val
25401,0,0.4815266417350126,test
25402,1,0.0476018805113699,train
25404,1,0.5751915205448576,train
25405,0,0.6061039283991911,train
25407,1,0.2941366587995025,test
25409,1,0.2938158502298187,train
25410,0,0.6139130994730457,val
25413,1,0.5468956348844738,train
25415,0,0.4535867993786526,train
25416,1,0.1307462542891206,train
25417,1,0.2677014682152981,train
25418,1,0.5416505656095434,test
25420,1,0.1564399677768134,train
25423,1,0.0789215390682079,train
25426,0,0.3648555374973966,train
25427,0,0.3146665119045775,train
25429,1,0.1523930102903337,train
25432,0,0.6606975361746741,train
25433,1,0.0353107109521211,train
25434,1,0.3479923326753111,train
25438,1,0.1661073929791865,val
25440,0,0.5304820580021676,train
25442,1,0.2552388093537324,train
25443,0,0.6432329629601357,train
25446,0,0.4059411939612276,test
25447,1,0.6134628192476621,train
25448,1,0.2064612511226827,train
25450,1,0.2434062795450531,train
25451,1,0.0989841504334435,test
25452,1,0.0332839074964935,train
25453,1,0.3216403988348436,train
25454,1,0.4675452622794287,test
25457,0,0.9716971566314578,train
25459,0,0.736154420560959,train
25461,1,0.544738250568549,train
25462,1,0.2151730382769783,train
25463,1,0.145248412089607,test
25464,1,0.4843032722785955,train
25465,0,0.5868302675432222,val
25466,1,0.0848674645304777,train
25469,1,0.1981616331687022,val
25470,1,0.287222160872532,train
25472,0,0.6340853686666393,train
25473,1,0.0817752292937882,train
25474,0,0.5440346601593214,train
25477,1,0.2704853837406776,val
25478,0,0.8758867498468332,val
25482,1,0.0702448983929903,train
25483,1,0.1192454743061948,train
25484,1,0.1978939810688073,train
25485,1,0.2290878894895516,train
25486,0,0.7550869615090969,train
25488,0,0.4401222905725691,train
25490,1,0.765631157081301,train
25492,1,0.0213136136950076,train
25493,1,0.2680903142445305,test
25495,0,0.5523845947090604,train
25496,1,0.1825750783375731,test
25499,0,0.6111146574830253,train
25501,1,0.4545941474179596,train
25503,1,0.2912978699738497,train
25504,0,0.3375225438543258,train
25505,1,0.5866296461319467,train
25507,1,0.2446808421812865,train
25508,0,0.6657808097698632,train
25509,0,0.916294111392489,train
25511,1,0.0887635123369912,val
25512,1,0.0359049560791047,train
25513,1,0.3469190493752945,val
25514,1,0.0479573438735261,test
25516,0,0.4140413671668873,train
25517,1,0.3636280828269267,train
25519,0,0.593980141217316,test
25522,0,0.6297477201613113,train
25523,0,0.7390465548323866,train
25526,0,0.8328343146163482,train
25527,0,0.6184758409260322,train
25529,0,0.7282757489763939,train
25530,1,0.2303804318619662,train
25532,1,0.0720687204604758,val
25534,0,0.7117391237551529,val
25536,1,0.5450035448564778,train
25543,0,0.8361057524558309,train
25544,1,0.6779115780444112,train
25545,1,0.0171017281814087,train
25548,1,0.2638684417548743,train
25550,1,0.5516978668481034,val
25551,1,0.4719339884195643,train
25554,1,0.141721940984013,train
25555,1,0.2292633521365793,test
25557,0,0.3979566507919806,test
25559,1,0.1801389127803864,train
25560,1,0.5617636636257317,train
25561,0,0.3990573028741161,val
25562,1,0.07727314156209,train
25565,1,0.0546635680884899,train
25567,1,0.1326027476516269,test
25569,1,0.4968285878180207,train
25571,0,0.3990166761359865,val
25572,1,0.1286777115464462,val
25573,0,0.6102151295899931,train
25575,1,0.3925656231736552,train
25576,1,0.3388321862292611,train
25578,1,0.3100089101334438,train
25581,1,0.3139241055986422,train
25585,0,0.3796585544673275,train
25587,0,0.6490770204568403,test
25588,1,0.2493703468379045,train
25595,1,0.393433194755841,test
25596,1,0.3281395352280365,train
25597,0,0.3303596599694793,train
25601,0,0.8708351415699569,train
25602,1,0.7250628681731162,train
25603,1,0.2204776906650621,train
25604,1,0.3013116533860444,train
25605,0,0.3143092955713467,train
25606,1,0.1387851691508649,train
25607,1,0.3276720227049831,train
25609,1,0.365082340000369,train
25611,0,0.5085991843184949,train
25614,1,0.1845950551945837,train
25615,1,0.4538279150506249,train
25616,1,0.3619355635573328,train
25617,1,0.141375672641459,train
25618,1,0.4316977166310317,train
25620,1,0.1653415970599,val
25622,1,0.3629090851581319,train
25624,0,0.764354383652196,val
25628,0,0.935415111064778,train
25629,1,0.327990118106946,test
25631,1,0.1247888060065046,test
25632,0,0.588498201464453,val
25633,1,0.0950117319727569,val
25634,1,0.1691211110563699,train
25637,1,0.6368779986790369,val
25639,1,0.1853895623642066,train
25641,1,0.1378270555136713,train
25645,0,0.4995844192564622,train
25646,1,0.3107188577815414,train
25651,0,0.5951710289382884,train
25652,1,0.6775147035182898,test
25653,1,0.2290405057485379,train
25654,0,0.8794582293107162,train
25657,1,0.4138020312959963,train
25659,1,0.6278910910746132,train
25660,0,0.8240820954503567,train
25661,1,0.3866916601724756,train
25662,0,0.2141626107243704,val
25665,0,0.2879222084950601,train
25667,1,0.5204052846706971,train
25669,1,0.251997809005936,train
25671,0,0.7511516095483228,train
25672,1,0.1083768560799219,test
25673,0,0.9263478616893835,train
25674,0,0.6246798768858194,train
25675,1,0.3728824263339565,train
25676,0,0.6907541532248871,val
25679,1,0.293539739737377,train
25680,1,0.3266797994898769,train
25681,1,0.263053499414479,train
25682,1,0.230286039752079,train
25683,1,0.2121385287218093,train
25686,1,0.0492125703067752,train
25687,1,0.7728579223269546,train
25688,1,0.3702706210064181,train
25690,0,0.4643604752356481,train
25691,0,0.6574870040855122,train
25692,1,0.4670018835977262,train
25693,0,0.7093514724908587,train
25696,0,0.2929367851765018,test
25697,1,0.1045118077900119,train
25698,0,0.5061129689949007,train
25699,1,0.1362265302703924,train
25702,1,0.2696025250078714,train
25704,1,0.2956802007377299,train
25705,1,0.187689225563773,train
25707,1,0.3914085950117297,train
25708,0,0.2906454160837973,val
25711,1,0.3560072030018723,val
25712,1,0.080991157264801,test
25713,0,0.5062429905225678,train
25714,0,0.6956160006087613,train
25716,0,0.6682740538964851,val
25717,1,0.1417597663938046,train
25718,1,0.4846212530424555,train
25719,1,0.4941501689226064,train
25721,0,0.3007780170796502,train
25724,0,0.365090174555009,train
25725,0,0.2867111284551581,train
25726,1,0.1350104087855451,train
25727,1,0.4147533590857161,test
25730,1,0.6169181190443591,test
25731,1,0.0484976685653133,train
25732,1,0.1786941364256803,train
25734,1,0.218439162564647,train
25735,0,0.1145966054387895,test
25737,1,0.0297032539427344,train
25739,1,0.4193814524924574,val
25741,1,0.4500919510774404,test
25742,0,0.8401136346937754,train
25745,1,0.376062300244112,train
25748,0,0.7866015449661082,val
25749,1,0.3006898258053599,test
25750,1,0.2778025707531583,train
25751,0,0.6872133563915631,train
25752,0,0.5169383907677888,test
25753,0,0.9380652419657292,val
25756,1,0.341091195449044,train
25758,1,0.2498362090280049,train
25761,1,0.1207450499249066,val
25763,1,0.0354074383019027,train
25766,1,0.1361758460946965,train
25768,1,0.4809520253643592,val
25769,0,0.7214149888717669,train
25772,1,0.3235707394110141,test
25773,1,0.1309226176642373,train
25774,0,0.3997181458067266,test
25775,1,0.035339634950856,train
25776,1,0.0874312394035752,train
25777,1,0.2581352771925761,train
25778,1,0.2177534582378816,train
25779,0,0.6617315151506495,val
25780,1,0.2182938070207025,train
25781,1,0.055028764047308,train
25782,1,0.2001317053047439,train
25784,0,0.6274580751897123,train
25787,0,0.620592504671015,train
25795,1,0.1498008270604035,val
25796,1,0.0842629210178226,val
25798,1,0.3301080566162969,test
25801,1,0.1180407729975756,train
25803,1,0.135098365743452,train
25805,0,0.6161104107701993,train
25809,1,0.0846894855041424,train
25810,0,0.5183664728148749,val
25811,0,0.5072216826749743,val
25812,1,0.26281656171538,train
25813,1,0.3001060824370133,train
25817,0,0.5551645571515988,val
25819,1,0.1905681889505639,train
25820,1,0.1930006723553377,train
25821,1,0.3856710533500269,train
25823,0,0.5012070533624456,val
25825,1,0.1871099752237253,train
25827,1,0.3138855281536755,train
25828,1,0.5011501663155147,train
25829,1,0.4100052523082726,train
25830,1,0.137893369568087,test
25831,1,0.2569407391758228,train
25832,0,0.4829684008731193,train
25833,0,0.6199105897036812,train
25834,1,0.2056624367471659,train
25835,1,0.3959293728178333,train
25836,1,0.7352098177657111,val
25837,0,0.8607488316615759,val
25842,0,0.3921742427293168,train
25844,1,0.4299246297139892,train
25845,1,0.2357187609304311,train
25846,1,0.502072305952366,train
25847,0,0.7200753403359245,train
25849,0,0.8944812790753089,train
25850,1,0.4800588058079886,train
25851,1,0.2611096066324843,val
25854,1,0.2820811853240221,val
25855,0,0.8973931740526644,train
25856,0,0.3484943954576595,test
25858,1,0.2376849659719453,train
25859,0,0.2926995514710572,train
25861,1,0.0602329959631342,train
25862,0,0.5337667994585072,train
25864,1,0.2881280146374567,train
25865,1,0.2888378682427455,train
25867,0,0.4080614121296552,val
25868,1,0.4619258970476233,val
25869,1,0.5989781088760557,val
25872,1,0.1989541875867845,train
25873,0,0.7435143552992058,train
25874,1,0.0739148822168017,train
25876,0,0.7187410678799981,train
25878,0,0.4420908230099448,train
25883,0,0.9557743899519632,train
25884,1,0.571215207253155,train
25886,1,0.3867476937161264,train
25887,0,0.8251169395677515,val
25890,1,0.578159369023717,val
25892,1,0.1854735906702345,train
25893,1,0.2911094106001615,train
25895,1,0.0880074135174039,test
25896,0,0.9037626729985871,val
25898,0,0.6141443692980534,train
25899,0,0.8507634111848064,train
25901,1,0.4188908366853058,train
25902,1,0.6472716157855714,train
25903,0,0.4781368481190536,val
25907,0,0.6853116896334891,train
25908,0,0.3524195388218231,train
25912,1,0.9360115767528624,test
25913,1,0.3936439555048313,train
25914,1,0.3378006616915361,train
25915,1,0.2399435199475902,train
25917,1,0.5199216957652648,train
25920,0,0.5393184627953598,train
25926,0,0.7307984661225393,train
25928,0,0.2340281198240837,val
25929,1,0.2853619052626077,train
25930,1,0.0266901274781621,val
25932,1,0.1178182219713099,train
25933,1,0.4985949515608566,train
25934,0,0.2900558840591213,train
25935,1,0.1163228808023382,train
25936,1,0.2103502085662953,test
25937,1,0.1922193037574293,train
25938,1,0.1583840610241406,train
25939,0,0.841343555235487,train
25940,0,0.2525817471176467,train
25942,1,0.0186400857573565,train
25943,1,0.412971403069765,train
25944,0,0.5673943099765569,val
25946,1,0.4370018300134163,train
25947,1,0.4620539175105703,val
25948,1,0.4205370623691928,test
25949,0,0.6366462163810529,train
25951,1,0.6386938880347571,test
25952,0,0.4027005955757939,test
25954,0,0.728431399703514,test
25955,0,0.8650574462384086,train
25958,1,0.2381538021657347,val
25960,0,0.8785762215143789,train
25961,0,0.8435200011550462,train
25964,0,0.1222320811934745,val
25966,1,0.2434614244611126,train
25967,1,0.155538488003033,test
25968,0,0.3148950399611973,train
25974,1,0.2794097877708447,val
25975,1,0.5733504046376255,train
25976,1,0.0739742410455673,train
25980,1,0.255528557723802,train
25981,0,0.6860547321918026,train
25983,1,0.2203196264544379,train
25984,1,0.1781199937482218,train
25985,1,0.5107113500996581,train
25987,1,0.1173009263600585,val
25990,0,0.8724019267265433,val
25991,1,0.3661639676897041,train
25993,1,0.1006901662522189,train
25995,1,0.1811669910817681,val
25996,1,0.1669076138220413,val
25999,1,0.2255926674040642,val
26000,1,0.2292042066946124,train
26001,1,0.1885567639957477,val
26003,0,0.6877626775791787,val
26004,1,0.2531600952239693,train
26005,1,0.2452739121579856,train
26006,1,0.192344234170227,train
26008,0,0.3534367419677078,train
26009,1,0.4474494733760426,val
26011,0,0.3694363815243481,train
26013,0,0.299569256681911,val
26017,1,0.1809707502774837,train
26018,1,0.1968236985698462,train
26023,1,0.0736247379781557,test
26024,0,0.3175447335176476,train
26025,0,0.5212921703232252,train
26026,0,0.6081881658873989,train
26027,0,0.2160241993862238,train
26028,1,0.7982074299794278,train
26029,0,0.5485812103169178,test
26032,0,0.4396815057125154,train
26034,1,0.0697545298503682,train
26035,1,0.2097965331296489,train
26036,0,0.4452141716590339,train
26042,1,0.1987455790441884,train
26043,1,0.0785787046326229,train
26044,0,0.5922903016006169,test
26047,0,0.576050318625648,val
26048,1,0.0653884609813397,train
26049,0,0.3628269277400049,train
26052,0,0.7003844895580851,train
26053,1,0.627944605126276,train
26056,0,0.8744331830915884,train
26057,1,0.533919990253396,val
26060,1,0.2774724515743187,test
26068,0,0.6935301002728267,train
26069,1,0.1059962711226779,train
26072,1,0.3553112350343784,train
26073,0,0.5683067131208435,train
26076,1,0.4029004502164807,train
26086,0,0.2289550251967151,train
26087,0,0.8721446699001344,train
26088,0,0.5796846838767131,train
26090,1,0.3080437762563691,train
26093,1,0.5048668904896634,test
26094,1,0.1405131412998534,train
26095,1,0.3348694423122006,train
26096,0,0.2882505400321289,train
26097,0,0.8694176335647386,train
26098,0,0.7061909593209748,train
26099,1,0.1206212463862446,train
26101,1,0.0723012559735464,train
26106,0,0.4463971255689447,train
26108,0,0.3225565770353279,train
26110,1,0.0052934147588264,test
26111,1,0.6549713488979749,train
26112,1,0.2874042618404712,test
26114,1,0.1417662074447662,train
26116,1,0.5285273359979423,train
26119,1,0.4642742630060051,train
26121,0,0.162445329258969,val
26122,1,0.6530716668534662,val
26124,1,0.1933601566235105,train
26125,1,0.2345939983112872,train
26128,1,0.3073020176790053,train
26134,1,0.7354457053775596,val
26140,0,0.7058354785530088,train
26144,1,0.4635773966924534,train
26145,0,0.529902610008854,train
26146,0,0.6132659262425638,train
26148,1,0.2108334812184092,train
26152,1,0.609633266963931,train
26155,1,0.1315990932376733,train
26156,1,0.4337953147128158,test
26158,0,0.4711283485543073,train
26161,1,0.2489467376410871,test
26163,0,0.2062385628159532,val
26164,1,0.8600790125470861,train
26168,1,0.4256576273908899,train
26169,1,0.2506921933373753,train
26170,1,0.280884128564136,train
26171,1,0.3073630013396538,val
26172,1,0.1354569670458469,test
26173,1,0.1185860955403133,train
26175,0,0.2710663429646797,train
26176,1,0.1148172241908661,train
26177,0,0.6544313785712313,train
26182,1,0.3660445190606225,train
26183,0,0.91289196513325,train
26184,1,0.4738819625093103,val
26191,1,0.4163597355925159,train
26195,1,0.3934943948602917,train
26196,0,0.5397874068794699,train
26200,1,0.2669187320956854,train
26201,0,0.913961795227176,test
26202,1,0.3404556803857109,train
26203,1,0.1684579002341909,train
26207,1,0.232308705245734,train
26209,0,0.6290767712777471,train
26210,0,0.8926646435282449,train
26212,0,0.5936655019425107,train
26214,1,0.418713201999879,test
26215,0,0.4264625270385409,train
26218,1,0.3190965989936903,train
26219,1,0.1827033887824307,val
26221,1,0.0925253765059512,train
26222,0,0.3649536402911518,train
26223,0,0.317686892291588,train
26224,0,0.7886192385322142,train
26225,1,0.0933535205432352,train
26227,0,0.2836887496892404,train
26228,0,0.7521980374780761,train
26230,1,0.3669265014456899,train
26233,0,0.7188334023729448,test
26234,0,0.442376235103887,train
26236,0,0.5477804449441872,train
26238,0,0.8659964355731211,train
26239,0,0.5024820194903996,train
26240,1,0.1544202591162865,train
26241,0,0.5630691697522243,val
26242,1,0.4269608175158684,test
26243,0,0.5356772984824036,train
26245,0,0.6556770193611045,train
26247,0,0.7854161670079072,train
26249,0,0.8671376433209951,train
26250,0,0.8615256388975931,train
26251,1,0.1533458498122268,train
26254,1,0.1345077868412821,train
26255,0,0.7441266620031226,train
26256,1,0.1264731117018744,train
26257,0,0.8846314486905572,test
26258,1,0.0969830379293054,val
26259,1,0.0993172107441026,test
26260,0,0.2848966726205592,train
26261,1,0.0703610223369973,train
26262,1,0.5444407109903189,test
26264,1,0.124043492376049,train
26265,0,0.8372577673960077,train
26266,0,0.8786566045572217,train
26267,1,0.7490874908381966,val
26268,1,0.0308728658437805,train
26269,0,0.5504063860412579,train
26270,0,0.6425031367486633,val
26273,1,0.0485700628818251,train
26274,0,0.8407831995842534,val
26275,0,0.5018248018697906,train
26276,1,0.1862271622782279,train
26277,1,0.3239354110321798,val
26278,1,0.5051456761292579,train
26279,0,0.4588320685798114,train
26281,0,0.903630637899622,train
26282,0,0.5384372891959698,train
26283,0,0.758582364326432,train
26284,1,0.2620361732166142,test
26285,1,0.0925986195111929,val
26286,0,0.8377834730752503,train
26287,0,0.5245417443653417,train
26290,0,0.7810476744504405,train
26292,0,0.8997843665987985,train
26293,0,0.4642821534577817,train
26295,0,0.4034231400773319,train
26297,0,0.9011664510503048,train
26298,0,0.7577533294954715,train
26299,0,0.6033494425383376,test
26300,1,0.0986997843803946,val
26302,0,0.3986096671931651,train
26304,1,0.1275900091526081,train
26305,1,0.2447197358812018,train
26307,1,0.1590788902223782,train
26308,1,0.2138598756308788,train
26309,0,0.9736018681802844,train
26310,0,0.7738284820188028,test
26313,0,0.806467065025998,train
26315,1,0.2893845155060501,train
26317,0,0.4443477791640691,test
26318,0,0.8647156094702284,train
26320,0,0.8394587717325198,val
26321,0,0.8178540879651918,train
26322,0,0.9495099282882088,train
26323,1,0.1497917100157914,val
26325,1,0.1643282227381098,train
26327,0,0.7055750650951276,train
26328,1,0.5736605808846666,train
26329,0,0.7953225819992015,train
26330,1,0.4208504315508223,val
26331,0,0.3259322023804971,train
26332,0,0.7886648976542471,train
26334,0,0.3287200101732495,train
26335,0,0.9195353920221938,test
26336,1,0.7753337442728472,train
26337,1,0.1277418249437668,test
26339,1,0.0819380936899738,train
26342,1,0.0628513565000001,test
26344,0,0.7597009308117793,train
26346,0,0.7710611396891182,train
26347,1,0.2152102345873892,test
26349,1,0.3161702536009584,train
26350,1,0.2130108053455023,train
26351,0,0.8019523642308771,train
26352,0,0.619509330086353,val
26354,0,0.6172761040726871,train
26355,1,0.4972944070518295,val
26356,0,0.7320655273386965,train
26357,0,0.8189306706079563,train
26358,1,0.6277790658178859,train
26361,0,0.7892989149317572,train
26362,0,0.7559574644428527,train
26363,1,0.2719532797149085,test
26364,0,0.5163549948872935,train
26365,0,0.5525558374784971,train
26366,0,0.7073319418428623,train
26367,0,0.6230895026329365,train
26368,0,0.6437407060006566,train
26369,1,0.2729833328984145,train
26371,0,0.969326782318293,train
26372,1,0.3813708072748542,train
26374,0,0.5111707093788597,val
26376,0,0.8244246004568723,train
26377,1,0.7279708035532153,train
26379,0,0.1612535285088684,test
26381,0,0.7110683733274455,train
26382,0,0.7455424436147967,train
26384,1,0.3753688730050614,train
26385,0,0.8759911507800797,train
26386,1,0.0909043358829228,train
26387,0,0.9201031003952584,train
26388,0,0.6585945119293222,train
26389,0,0.6547413122629442,train
26390,0,0.5184613093339154,train
26392,1,0.1559696318790101,val
26393,1,0.1768465283765483,train
26398,0,0.7487970692915209,val
26400,1,0.2671508920155494,train
26401,0,0.6810711205296538,train
26402,0,0.5411433550479249,train
26404,0,0.6062565945454946,train
26405,0,0.8160408488502537,train
26407,1,0.0933345105381572,test
26408,0,0.4859229085654438,train
26409,0,0.8200138801000622,test
26410,0,0.5090196643364188,train
26412,1,0.2002865392099571,train
26414,1,0.1561852302867652,train
26415,1,0.4029167495827608,train
26416,1,0.362342300385889,train
26417,0,0.4574848227017448,test
26419,1,0.6308318152618986,val
26420,1,0.3994701050768111,train
26421,0,0.9059475303067276,train
26422,1,0.4260465831978767,train
26423,1,0.5941782339809887,test
26424,0,0.247520548232224,val
26425,1,0.0374270475864191,train
26426,0,0.4462658858565579,test
26427,1,0.8080985288998757,train
26428,1,0.1217197463154748,train
26430,1,0.7927936131599773,val
26431,0,0.9195399271213808,val
26433,1,0.0895035695848637,train
26435,0,0.9487338585938248,train
26436,0,0.8640086980796619,val
26437,0,0.3674651257443598,train
26438,1,0.0424722818167068,train
26439,0,0.7421503597077375,train
26440,1,0.4252555750425114,train
26441,0,0.7593576564557243,train
26442,1,0.0432536888032003,test
26443,1,0.1164617862224173,train
26445,1,0.5112491171092473,val
26446,1,0.5868714737851903,val
26447,0,0.5277505094808744,train
26449,1,0.5332773191116094,train
26450,1,0.3383920208732638,train
26451,1,0.3656975824081504,val
26452,1,0.1863086707049266,train
26454,0,0.4974037540746541,val
26455,1,0.5440604814903522,train
26456,0,0.5975358464197835,train
26457,1,0.0356208526764203,test
26458,1,0.4701521633505706,train
26459,1,0.6504574035738198,train
26460,0,0.5211302044954229,val
26463,0,0.321778934417132,train
26464,0,0.825211388065338,test
26465,0,0.5746726202588079,train
26469,1,0.4450612960618121,test
26470,0,0.6574967619412208,train
26471,0,0.647118730208013,val
26473,1,0.3670978679091669,train
26474,1,0.5559456504779091,train
26477,1,0.2118149215152909,val
26479,0,0.5888309433909689,test
26481,0,0.6981518080929552,train
26482,1,0.1653685464377149,test
26484,1,0.2940386092915407,train
26485,0,0.8292628874742513,train
26486,1,0.1334501002982121,val
26487,1,0.4432738980487389,train
26490,1,0.4924894961120385,train
26491,1,0.031267481219009,train
26494,1,0.1418301025999959,val
26495,1,0.4141370794400928,test
26496,1,0.0274923781965346,train
26499,0,0.3932519463764785,train
26501,1,0.2239210882075432,train
26504,1,0.1433781315994493,val
26505,1,0.5113376864027215,train
26506,1,0.25138589332547,test
26508,1,0.2898215643926664,val
26510,0,0.6246949448611316,train
26511,1,0.1519546216880346,train
26512,0,0.3392736420786312,test
26513,1,0.5342105378562549,train
26514,0,0.4184291093568627,train
26516,1,0.4273145498837778,val
26517,1,0.649824637432248,val
26518,1,0.3149093751726944,train
26520,1,0.3750978010454069,val
26521,1,0.3854761268886549,train
26522,1,0.2796536240825563,train
26525,0,0.2786715641843158,train
26526,1,0.2113380546971008,train
26535,1,0.1738084020277492,train
26537,1,0.2707566273333346,train
26538,1,0.5514170877037146,val
26539,1,0.33760378688877,train
26541,1,0.0763888140673072,train
26542,0,0.75896497064578,train
26543,0,0.7341937374675778,train
26545,1,0.6437763880249721,train
26549,1,0.3911887064764929,train
26550,1,0.2099533061566297,train
26551,0,0.5838574117329763,val
26552,1,0.2987081421953231,train
26553,1,0.1733726756628141,test
26555,1,0.2292899725013641,train
26556,1,0.1621717613039742,train
26557,1,0.7075607176157812,val
26558,1,0.3979754310687894,train
26559,1,0.1707851000168707,test
26560,1,0.3599977120622297,train
26561,0,0.4921702036100192,test
26563,1,0.1088229210556865,train
26565,0,0.4639601115478038,test
26566,1,0.2036945218788194,train
26567,0,0.6055072319594437,train
26568,0,0.8137716844653304,train
26569,1,0.2466160851645896,val
26571,0,0.109730945889938,val
26572,1,0.1240027251739284,train
26573,1,0.0808175337239854,train
26574,1,0.172308430100829,train
26575,0,0.6252418231250689,train
26577,0,0.4163275895824506,train
26581,0,0.3827211988175363,train
26583,1,0.0965825984656589,val
26586,1,0.1284361128131841,train
26587,1,0.3553047809598466,train
26588,1,0.3624452536589617,test
26592,1,0.0330802522204006,train
26594,1,0.4777350977318492,test
26595,0,0.8251636644530268,train
26596,0,0.574084580757483,test
26598,0,0.474465975040539,train
26599,1,0.2473319132914375,train
26600,1,0.2715992530166752,train
26601,0,0.6111929571365637,val
26602,1,0.0582606612476156,train
26603,1,0.14976481777961,train
26604,1,0.1665942044982447,train
26606,0,0.6531755622140603,train
26608,1,0.263816548529587,train
26609,1,0.1439071075460252,train
26610,1,0.1449775471400909,train
26611,1,0.1547899163252502,train
26612,0,0.4088770662898551,train
26613,1,0.2283843573272582,train
26614,1,0.1259351422446907,val
26616,1,0.3327830994250725,train
26617,1,0.1671463211363081,train
26618,1,0.3262943523687732,test
26619,1,0.0356885418579894,train
26620,1,0.0657382712688552,train
26621,1,0.4731041919850657,test
26623,0,0.3201353790055817,train
26624,1,0.1183196480626983,train
26625,1,0.0488799491652682,train
26627,1,0.2088717988547731,train
26628,0,0.5460532505564046,val
26630,1,0.0802814201894597,train
26632,0,0.3050610347698417,val
26633,1,0.3331878225863854,train
26634,1,0.1059834592870548,train
26637,1,0.0905511013874975,train
26640,0,0.5679165112890341,train
26641,1,0.1080359270568902,test
26642,1,0.0186213305901684,val
26644,0,0.3972243242232752,train
26645,0,0.4738422263855093,train
26646,1,0.5557170855867466,test
26647,1,0.0904209587539861,val
26649,0,0.8515876330704519,train
26650,1,0.200248488056692,train
26651,0,0.2462607675060034,train
26653,1,0.07698083037455,train
26654,1,0.2471845282172335,val
26655,0,0.1791515741749993,train
26657,1,0.245940159518186,test
26660,0,0.4700637112377662,train
26661,0,0.9111339382370784,train
26662,1,0.0390742940444586,train
26664,0,0.8637988255137727,train
26668,1,0.1212577740321646,train
26669,0,0.3990763357070003,train
26670,0,0.7983064093976634,train
26671,0,0.4753233962605974,train
26672,1,0.0699744016191017,train
26675,1,0.3588500062257685,val
26676,1,0.3238469376963041,test
26677,1,0.3603148754637284,val
26678,1,0.1074074242877555,train
26680,0,0.4318120344767998,train
26681,0,0.448957795996365,train
26682,0,0.6162581346864076,train
26683,0,0.6717721055015557,train
26685,1,0.2979589606332404,train
26687,1,0.1012931234679497,test
26688,0,0.6007483232581274,val
26689,0,0.4511906276925752,val
26690,1,0.3457820605058567,train
26691,1,0.3635596539039532,train
26692,1,0.1468191845643146,val
26693,1,0.0946916775372526,train
26694,0,0.5867136105052837,val
26695,0,0.865542853998191,train
26696,1,0.2218464848969743,train
26697,0,0.7710062677646075,val
26699,0,0.4137037955931264,test
26700,0,0.3586119503961911,test
26701,1,0.3640375126697988,test
26703,1,0.1157358502043942,train
26704,1,0.1503610205185966,train
26705,0,0.704057250932234,train
26707,1,0.0791213392177063,val
26709,0,0.2054096926640182,train
26710,1,0.5125148073178369,val
26711,0,0.1194411047289888,val
26712,0,0.2989970333491024,val
26713,0,0.2831702704749628,val
26715,0,0.8948778256836283,val
26716,0,0.1591082795270385,val
26717,1,0.2677525932005327,train
26718,1,0.7738824337301946,test
26719,0,0.4384013715926221,train
26720,0,0.585412521264521,train
26723,0,0.9192699640697676,train
26725,1,0.2576307950506369,val
26726,1,0.1285284177736669,val
26727,1,0.0723966777231018,train
26728,0,0.5377922958151569,train
26729,0,0.8712723391675197,train
26730,1,0.0720562909674491,train
26732,0,0.5695960737614927,train
26734,0,0.5182809802405359,train
26735,0,0.2846442823144967,train
26737,0,0.5539965762428938,train
26741,0,0.5146764232416361,train
26742,1,0.0332396849061524,train
26743,1,0.250604260028882,train
26745,0,0.7148839642957441,train
26746,1,0.1513664250733927,train
26747,0,0.7204727355073619,test
26748,0,0.685962764262416,train
26750,1,0.2791051770935338,test
26751,0,0.4380340793843895,train
26752,1,0.2166598764146169,train
26753,0,0.9372356164789408,train
26757,1,0.0536908190791984,train
26758,1,0.1120664657894942,val
26759,0,0.5902496976493111,train
26760,0,0.4729648559982635,train
26761,1,0.1713323100154606,train
26763,1,0.1326769917983977,train
26764,1,0.9001353132034796,train
26765,1,0.1942488301079865,train
26766,0,0.2128058017642226,train
26768,1,0.2091081073487541,train
26769,1,0.5660758784307227,train
26770,1,0.1008436206942389,test
26771,1,0.0984349195149215,train
26772,1,0.2065199666099939,train
26773,0,0.0937731005703333,val
26776,1,0.1107097671671375,val
26777,1,0.2230767086685563,train
26778,0,0.3638924706979307,train
26779,0,0.2383385203192038,train
26780,1,0.2499003377334703,train
26782,0,0.2090678598878946,test
26785,1,0.0858615879209777,val
26786,1,0.2885217542096315,val
26787,1,0.1710688347427174,train
26791,1,0.3878517215009129,train
26792,0,0.3240424974238096,val
26793,1,0.0901790847055945,train
26794,1,0.3531347896203566,train
26795,0,0.2756779011254091,train
26796,1,0.1331859778881399,train
26797,1,0.1061895229237255,test
26798,1,0.6555208820351472,test
26799,1,0.4444436345402095,val
26800,0,0.2042524103555326,train
26801,1,0.4317839589655873,train
26802,1,0.670698770398136,val
26804,0,0.9357541021347726,train
26805,0,0.3869915230414137,val
26806,1,0.1057445910515632,test
26809,0,0.5184732044512523,train
26810,0,0.7747895954405821,train
26812,1,0.1067761713442149,train
26813,1,0.2496588649583974,val
26814,1,0.4009786512373277,train
26817,0,0.6201029894182621,train
26819,0,0.2628048840656489,train
26820,1,0.4014140262655948,train
26822,1,0.1809799517099215,val
26823,1,0.0893478723628853,test
26824,0,0.2678946865644591,train
26825,1,0.2314885792611074,train
26826,1,0.0780265836560164,train
26827,0,0.7517796809600832,train
26829,1,0.7652669453891721,train
26831,0,0.8629368589866133,train
26832,1,0.039145448938398,train
26833,0,0.3991332468331162,train
26834,1,0.2651990779620436,test
26835,1,0.6037990809479279,train
26836,0,0.6641854996359053,test
26837,0,0.4787905834385899,train
26838,1,0.5590933412591972,train
26839,0,0.6727435475391462,train
26840,1,0.1688360868826968,train
26841,0,0.541939768682447,train
26843,1,0.3076888992916754,train
26846,0,0.9106366138194278,train
26848,0,0.4980611450425384,test
26849,1,0.3109479794316104,train
26850,1,0.0882257922109737,val
26851,1,0.4847220041362287,train
26852,1,0.2787570090343417,train
26853,0,0.3521216107064442,train
26854,1,0.3203976654787266,test
26855,1,0.9535055338887152,train
26856,1,0.5064213526170229,train
26860,0,0.6335812796473933,train
26861,1,0.3761617270692374,test
26862,1,0.3653168572187655,train
26863,1,0.0980354760997102,val
26864,0,0.8633538990602282,train
26866,0,0.9131547834405744,val
26867,0,0.6886739954536694,val
26869,1,0.0909366711903146,train
26871,1,0.5054857780059594,test
26873,0,0.854624813226384,train
26874,0,0.6993843935289222,test
26875,1,0.5208729507166454,test
26877,1,0.1455447349388257,train
26878,1,0.090002773154322,train
26880,0,0.8293496209707746,train
26881,1,0.0918130144762339,val
26883,1,0.0484516775060797,test
26884,0,0.6474194565890223,train
26885,0,0.9331704778959454,test
26887,0,0.3757248438323645,test
26889,0,0.1531963865328794,test
26890,1,0.3337631619126272,train
26893,0,0.7356888684989735,train
26896,1,0.6131641028997921,test
26897,1,0.1079336793649945,test
26898,0,0.7430320221978661,val
26901,0,0.4130251527024503,train
26902,1,0.2116257056753031,val
26904,0,0.3615677682642432,val
26905,1,0.1646892912757841,train
26911,1,0.1620280082625474,train
26912,0,0.5412113575638535,val
26913,1,0.0492831947942493,train
26914,1,0.160058373080005,train
26915,1,0.0724337132543571,train
26917,0,0.2937494147612968,train
26918,0,0.8609733960807784,train
26919,0,0.624545334794308,test
26920,1,0.0676529295015652,val
26922,0,0.6066968274340282,train
26924,0,0.3570141825034649,val
26925,0,0.7616962066956199,val
26927,0,0.2420190301787181,train
26928,1,0.114325124127079,train
26929,1,0.4479889379264603,train
26930,1,0.3876099079754026,train
26931,0,0.473960151712737,test
26933,0,0.8944224518261567,train
26935,0,0.2691277965198348,test
26937,0,0.9844136226527628,train
26938,1,0.5676517165426547,val
26939,1,0.1802644468037539,train
26940,1,0.0909376626025676,train
26942,0,0.922624186546058,train
26943,0,0.5115229191607298,test
26945,0,0.2206203668316978,train
26947,1,0.3943207306689931,train
26948,1,0.39130337304099,train
26950,1,0.0636240039741298,train
26951,1,0.7298375699622388,val
26952,0,0.4210810474956725,test
26954,1,0.5395482217293224,test
26955,1,0.4586628541646795,test
26958,1,0.458585817434593,train
26959,0,0.4595862962121421,test
26960,1,0.2228586341631456,train
26961,1,0.3346721229528917,val
26962,0,0.9199183802513028,train
26963,1,0.1839790495376784,test
26964,1,0.3871934125506853,test
26965,1,0.141313571106641,train
26966,1,0.2720006860274688,val
26968,0,0.935329241057518,test
26969,1,0.355239935125086,train
26971,0,0.9303037459765242,train
26972,0,0.3359620240932428,test
26973,1,0.3296960502841626,train
26974,0,0.8711378537300395,train
26975,0,0.5303450754542699,train
26976,0,0.9587918290321816,train
26977,1,0.0892166959726993,train
26978,0,0.5315746934691337,train
26979,0,0.5453219690185476,train
26980,1,0.2299773917452647,train
26981,1,0.6500684959427723,train
26982,1,0.1183258819754559,train
26984,1,0.1822998631441513,test
26987,0,0.5704235387307042,train
26988,1,0.5118818150455976,train
26989,1,0.1032048758020809,train
26990,1,0.0363224368754218,train
26991,0,0.5413109596219219,test
26992,0,0.5666282972225714,train
26994,1,0.1852783651202894,train
26995,1,0.1303993149491479,train
26996,1,0.2701087848547344,train
26997,1,0.314051947483464,train
26998,0,0.3963293204384972,train
26999,0,0.900957117633818,train
27000,0,0.471594250451851,val
27002,1,0.3356122477494792,train
27003,0,0.5548084710785142,train
27004,1,0.5589873215734058,test
27005,0,0.5528898155535723,train
27007,1,0.3931516681059218,train
27010,0,0.4756668371124292,train
27012,1,0.3461724348216886,val
27013,1,0.0315280398342997,train
27015,1,0.3145805195492088,train
27016,1,0.1560949941413701,train
27018,1,0.1045942711685437,train
27019,0,0.3505494052738497,val
27021,0,0.6373474047782968,train
27023,1,0.07628166274346,train
27024,0,0.3800976118722764,train
27025,0,0.5379579782101508,train
27026,0,0.4069996464238039,train
27027,0,0.8934463796456373,train
27028,0,0.5716382665747455,train
27029,1,0.1764222826368405,train
27030,1,0.5450874600499281,train
27031,0,0.4591206822399093,train
27032,1,0.163198539894339,train
27033,1,0.3224106230055252,val
27036,1,0.0712200273708509,train
27037,1,0.1152805202550789,train
27038,1,0.2639390133152891,test
27039,1,0.1831906852696454,train
27040,1,0.0569996944586636,test
27041,1,0.044195126173808,val
27043,0,0.3794985095826885,train
27044,0,0.3687586220708407,train
27045,0,0.5234256089936512,train
27046,0,0.4671966503682681,train
27047,1,0.6662066808998709,train
27048,1,0.2092218824213129,train
27049,0,0.3836980431244602,train
27050,0,0.4980013512766904,val
27051,1,0.0942058002486433,test
27054,0,0.904445882031134,val
27056,0,0.8866731575172309,train
27057,0,0.3047044534284907,train
27058,0,0.5842948045960525,test
27059,0,0.4413478119637974,train
27060,0,0.8401682058904608,test
27061,1,0.5077115577330822,train
27063,0,0.917486447247136,train
27064,0,0.532736755261189,val
27066,1,0.3180656134233698,train
27067,0,0.3617569449721166,train
27070,1,0.4411561254157575,train
27071,1,0.3616103977964869,test
27072,0,0.7890449135345521,train
27075,0,0.3766359939332044,val
27076,1,0.2809904530959609,train
27078,1,0.5906529145980697,test
27079,1,0.1407636322393137,train
27080,1,0.1403007446363726,train
27081,1,0.2494248435450055,test
27082,1,0.3223148986709593,train
27083,0,0.7086868902127321,val
27085,0,0.3439345007092911,train
27088,0,0.8841067108023645,train
27089,0,0.6145293312011798,val
27090,0,0.380070010383278,train
27091,1,0.3477290327407126,train
27092,1,0.9040072688640274,val
27094,1,0.1807306796804952,train
27095,0,0.7560874877264795,train
27096,0,0.4795021088775278,train
27097,1,0.320835919633236,train
27098,0,0.3360755579274032,train
27101,1,0.1751745608897321,train
27102,1,0.3439245813823691,train
27104,0,0.4445180446620007,train
27108,1,0.6060441642102055,train
27109,0,0.7761938031511708,train
27110,1,0.2036260511325498,train
27112,0,0.3583748196073293,train
27113,0,0.2749657848583253,val
27114,0,0.3045262743890917,train
27117,0,0.5796290591601722,test
27118,1,0.1240839537527084,train
27119,1,0.6571683549256857,test
27120,0,0.3155869907398321,val
27122,0,0.3870495942008263,train
27123,1,0.3174411468480913,val
27124,0,0.4737630804715126,test
27125,1,0.4056030223023892,train
27127,0,0.8981413503798042,train
27131,1,0.8017539485562026,train
27132,0,0.5757199800208816,train
27133,1,0.1369238609487668,train
27134,0,0.951138878767246,train
27135,1,0.3261633351138648,train
27137,1,0.1687476902481972,train
27139,1,0.184444363892544,train
27141,0,0.5819202499412789,train
27142,1,0.0827247946241817,train
27144,1,0.2463973985764024,test
27145,1,0.429675641317286,train
27146,0,0.6299895372151986,test
27147,0,0.2819180506040869,train
27148,1,0.1260828389612649,train
27151,0,0.7837822761254788,val
27152,1,0.5389841015851076,train
27153,1,0.635757801250929,test
27154,1,0.2086499196112756,train
27156,0,0.4229829885913553,train
27158,1,0.284769909560267,train
27159,1,0.4501401789339738,train
27161,1,0.3655111935802808,train
27162,0,0.5112721852371729,train
27164,0,0.3669218234962885,train
27165,0,0.9269755416152332,val
27167,0,0.1309966289696025,val
27170,0,0.7247746210122763,train
27171,1,0.4083182176057182,train
27172,0,0.495468924219969,val
27173,1,0.0814248656732445,val
27175,1,0.4660085964425767,train
27176,1,0.3331084332198131,train
27178,1,0.4087171172401033,train
27179,1,0.1401790775936529,train
27180,0,0.4307305792465725,train
27181,1,0.1854348378041107,train
27182,1,0.0884865398029234,train
27183,1,0.0608511777965018,test
27184,1,0.1210652942953831,train
27185,0,0.3787329353157228,train
27187,1,0.1490493297656134,train
27189,0,0.5016572318763812,train
27190,1,0.066510416794761,train
27191,0,0.368523233785208,train
27192,0,0.4463224023559272,val
27193,1,0.4672701906788307,train
27195,1,0.607483662882559,test
27196,1,0.1032569699013971,train
27198,0,0.6032991293177811,test
27199,1,0.1036818101589587,train
27200,1,0.1743664023700203,train
27201,0,0.2001225723382573,test
27202,0,0.6656129707648493,train
27203,1,0.4042626720478427,train
27204,0,0.8560506198001229,train
27206,1,0.4408080859199892,val
27209,0,0.4592797698289824,test
27210,0,0.2564179826858883,val
27211,0,0.4822014879641778,val
27214,0,0.2570854422512317,train
27216,1,0.0967343550859628,train
27217,0,0.5261109895200293,train
27218,0,0.737707853889039,train
27219,1,0.0623838442633203,train
27223,0,0.2396394986298399,val
27227,1,0.3812525253445056,test
27230,1,0.1906442216876132,train
27231,0,0.8957432225764318,val
27232,0,0.829317422383282,train
27233,0,0.3472572757617882,train
27234,1,0.2783169861286111,test
27235,0,0.3809777419669907,train
27236,1,0.2488690592858486,val
27238,1,0.2267339972580702,val
27239,1,0.1342398085273652,val
27240,1,0.244637376283229,test
27241,0,0.8780167916917605,train
27243,0,0.6539557776460398,test
27244,1,0.0662352027813849,train
27246,1,0.018059215505623,train
27247,0,0.7299255673278362,val
27248,0,0.5320602664744959,train
27249,1,0.2018604285084058,train
27252,0,0.4652655833527722,train
27253,0,0.6183947591943653,train
27254,0,0.5536921540922626,train
27256,1,0.5462710980368943,test
27257,0,0.5696707196199976,train
27259,1,0.5771091692650044,test
27260,1,0.2973182538628099,val
27261,1,0.5064007222749858,train
27262,0,0.2282221511547648,val
27263,1,0.530358901159328,train
27264,1,0.1310485807446845,test
27265,0,0.5338393537264376,test
27267,0,0.3489575180552485,train
27268,0,0.5077261736380319,train
27269,1,0.2992218801241285,val
27270,1,0.0548865653593989,train
27271,1,0.61975694588368,val
27272,0,0.8544275674589278,test
27273,0,0.5041205174750834,val
27274,0,0.6557203477523559,train
27275,0,0.9386704191071872,train
27278,1,0.0940716426186154,train
27279,1,0.2037145114709794,train
27281,1,0.1194468266265064,test
27283,1,0.0308924045083089,test
27284,0,0.4924393576368102,test
27286,0,0.6212270551715521,train
27289,1,0.5563610970152568,test
27290,0,0.7136636617674114,test
27291,0,0.4018584866132081,train
27292,0,0.2670623882439127,train
27294,1,0.4375820039734621,train
27295,1,0.367745281643378,test
27296,0,0.3806812839988498,test
27297,0,0.4875290581158532,train
27298,0,0.3918824042748354,train
27301,0,0.922399068648214,train
27302,0,0.5223169195398266,val
27303,0,0.8801668539089822,train
27304,1,0.0996409457682917,val
27305,1,0.0479835330905631,train
27306,0,0.3363192055164967,train
27307,1,0.2427675559487212,val
27311,1,0.0440621335297681,train
27315,0,0.6795429149353052,test
27316,0,0.4817562103748057,train
27317,0,0.5197483798755229,train
27318,1,0.2713344725497827,test
27319,1,0.0991612902320107,val
27320,1,0.0071266222055996,train
27321,0,0.158684811741987,test
27322,0,0.7445835137118946,train
27323,0,0.5125996763507389,train
27324,1,0.1577925281417923,test
27325,0,0.8335278750558353,train
27327,1,0.0958991814043175,train
27329,1,0.1117260745757058,test
27330,0,0.8121437293651443,train
27331,0,0.884638043282245,train
27332,0,0.3822236711141753,test
27334,0,0.1279620490481433,train
27335,1,0.2950874253338436,train
27336,0,0.2802563126751117,train
27338,0,0.472620257640641,train
27339,0,0.9149342848629832,train
27340,1,0.1425832755982908,train
27341,0,0.6684872243694054,train
27342,0,0.4980846512333952,train
27343,1,0.728591613981383,train
27345,0,0.850675014146532,train
27346,1,0.2102525522088392,train
27347,1,0.4682435140736087,train
27349,0,0.1614043885785293,test
27350,0,0.9859284294108226,val
27351,0,0.5341507164763806,train
27352,0,0.3146912965569681,train
27353,1,0.2022250997523251,train
27354,0,0.5040255246837103,train
27355,1,0.2104581296162336,val
27358,1,0.1527503420431494,train
27359,0,0.2566171588209298,test
27360,1,0.2926411511304422,train
27361,0,0.2080186027937444,train
27363,1,0.2753266874407293,val
27365,1,0.0884855371455958,train
27369,0,0.3083019180632015,train
27370,1,0.1788713345592724,test
27374,0,0.6502095635494884,train
27375,1,0.409391195163337,test
27378,1,0.2329233355445806,train
27379,1,0.1129277814812531,train
27380,0,0.5674405126451421,train
27385,1,0.4251139257204723,test
27386,1,0.3825644102250788,train
27387,0,0.5487706224986516,train
27388,1,0.5468019054616154,val
27391,0,0.5468411857439546,test
27392,1,0.2114071958388269,train
27394,0,0.3800722300597845,train
27395,0,0.4214468380660582,val
27396,1,0.0491977516386348,train
27398,0,0.7156077616689481,train
27399,0,0.8488297853483489,train
27401,1,0.2231527107063835,train
27402,1,0.3756506948222856,test
27406,0,0.3675756654084876,train
27408,1,0.2758934404478309,train
27412,1,0.3954286563014416,train
27414,1,0.2897093398988669,train
27416,1,0.3423858294938264,train
27418,0,0.4732900262419907,train
27420,0,0.5384411034668557,train
27423,0,0.1196587382941974,train
27426,1,0.4071197528584636,train
27427,0,0.7871656855640521,test
27428,0,0.1495948724444207,train
27430,1,0.5377776762576856,test
27432,0,0.4805983380669512,train
27433,1,0.4033673583299411,train
27434,1,0.3712606099295477,train
27435,0,0.2565725209082659,train
27436,1,0.158643537377241,train
27439,1,0.375421611301972,train
27440,1,0.1030379283396364,train
27441,0,0.3276114755089084,train
27443,0,0.395067052712666,train
27444,1,0.2876757746322632,val
27445,1,0.4060880560581476,train
27446,1,0.1861784424158088,test
27448,1,0.1010502902471847,test
27450,0,0.315384759708582,val
27451,1,0.2792584552775099,train
27453,0,0.6026084950013004,train
27454,0,0.3549438877670591,val
27455,0,0.3494195251648218,train
27456,0,0.5151458943900882,train
27457,1,0.5780330469572312,val
27460,0,0.2047762429952158,train
27462,0,0.6098744316853661,train
27465,1,0.540632092957199,test
27466,0,0.3053817438125413,val
27467,0,0.5473843588466532,train
27468,1,0.3406382696738527,val
27469,1,0.0772791354605471,val
27472,1,0.1713751309991229,train
27473,0,0.5235604148429067,test
27474,0,0.8104415073158573,train
27476,0,0.6072117000953152,val
27477,0,0.4608207680092772,train
27481,1,0.1059489971636423,train
27482,1,0.3753941219146967,train
27484,0,0.5028793898729855,train
27487,1,0.1417316929874909,train
27488,1,0.2205020083061541,train
27490,0,0.3945461677903426,train
27494,1,0.2058808021422752,train
27496,1,0.1207087111336998,train
27497,1,0.0160494161821853,train
27500,1,0.3106790649530719,test
27501,1,0.0432112402671687,test
27502,0,0.4882606678057419,train
27503,0,0.5621693644000644,train
27504,0,0.6404645312068,train
27505,1,0.2126788266285333,train
27506,1,0.2293984850402207,train
27507,0,0.7132121805897943,val
27508,1,0.1338743340836645,train
27509,1,0.2803932991690331,train
27511,1,0.294780572146851,train
27514,1,0.0675716310523573,train
27515,0,0.5314519672136109,train
27517,0,0.5276739958063577,train
27518,1,0.2098855456188872,test
27519,1,0.4098501075399579,train
27523,1,0.2814905988986432,train
27524,1,0.1071570306172899,train
27526,1,0.3770191144674633,test
27528,0,0.5776443868473158,train
27529,1,0.1153397175432204,val
27530,0,0.1484182024502827,test
27533,0,0.4483196935649824,val
27534,0,0.3988562784302462,test
27535,1,0.1706568802535418,train
27538,1,0.2914486242703713,train
27539,1,0.2874249724640886,train
27542,1,0.5881578722298917,train
27543,0,0.2012861857920288,train
27544,0,0.7389833033897427,train
27545,0,0.9274683519589256,val
27546,1,0.0468525631654602,train
27547,0,0.7727262455803433,train
27549,1,0.429661342644017,val
27552,1,0.0419654034003762,test
27554,1,0.2881118301622011,train
27555,0,0.3879606698078671,test
27557,1,0.056262063356429,test
27558,1,0.2430770807607594,train
27561,0,0.4773595616615148,train
27562,1,0.1978007539685258,train
27563,1,0.0611596469697749,train
27564,1,0.3852930547336026,val
27573,0,0.2597091726208992,train
27574,1,0.057069812670953,train
27579,0,0.5378283597461873,train
27582,0,0.9261354550262496,train
27584,1,0.5510160376188998,test
27585,1,0.1544601191280796,train
27586,1,0.0843901584852739,train
27589,1,0.205407052748751,train
27590,1,0.0541277248589822,train
27591,1,0.5856073377717698,train
27593,1,0.193162386297376,train
27595,0,0.5543626722897226,train
27596,0,0.6299261376722453,train
27597,1,0.396912532996761,train
27599,0,0.372613021967829,train
27600,0,0.5613864698071809,train
27602,1,0.2760786558856415,val
27603,1,0.2897515025146162,train
27605,1,0.5670988902342979,test
27606,0,0.2406572479657248,train
27608,1,0.516381799336411,train
27610,0,0.4449272212276433,train
27612,1,0.1960114548393049,test
27613,0,0.7253382016154639,train
27616,1,0.3615024946304793,train
27617,1,0.2014048944290226,train
27619,0,0.726318869223161,train
27620,1,0.2732158327884187,val
27622,1,0.2048846526698774,train
27624,1,0.1032745277772684,train
27625,0,0.4353219187001599,train
27627,1,0.1443300821677234,val
27630,1,0.1379657456943026,test
27631,1,0.2334877823776441,test
27632,1,0.2318352614712264,train
27633,1,0.3816473972404903,test
27634,1,0.252006803336785,train
27636,0,0.2650837815130021,train
27637,1,0.08999828141524,train
27638,1,0.1345228434283584,train
27639,1,0.7578377645213442,train
27640,1,0.3926325081101314,train
27644,0,0.8424971721073278,train
27645,1,0.0812987537545645,train
27647,1,0.5151708101545022,test
27648,0,0.9210292697025384,train
27649,1,0.5319011155593301,train
27650,1,0.2918669768902834,train
27651,1,0.2167139751902106,test
27652,1,0.8802517192755135,test
27653,1,0.3348489912293945,train
27654,0,0.5222077442260342,val
27655,1,0.167833385034959,train
27656,1,0.6957607069222571,train
27657,0,0.5544084944377794,train
27658,0,0.7781535831690672,test
27660,1,0.4476260167737242,train
27661,1,0.192831206487803,train
27662,0,0.38103431580404,train
27664,1,0.0790216752306642,val
27666,0,0.8964409204407592,val
27669,0,0.7672450117463767,train
27671,0,0.466106312679435,test
27672,1,0.0324314988121579,test
27673,1,0.5489737226306846,train
27674,0,0.1589483650455334,train
27675,1,0.2985076352751202,val
27676,0,0.6122237028370096,train
27677,1,0.2529929003842079,train
27678,0,0.5624378874725846,val
27680,1,0.1115646146641454,test
27683,1,0.0769689237477886,val
27685,1,0.4544511983609303,train
27686,0,0.6850000538937383,train
27687,1,0.6100488501367259,train
27689,1,0.2594634351115034,val
27690,1,0.3854855122669939,val
27691,1,0.3577276923083343,train
27692,0,0.4473811548361597,train
27693,1,0.1019603794486903,train
27696,0,0.6356942191868888,train
27698,0,0.2168421205022915,test
27699,0,0.5806366283166742,train
27703,1,0.102815523429066,train
27704,0,0.807791177878111,train
27705,1,0.2505389984010913,train
27707,0,0.4318993354745372,test
27709,1,0.4969298601606094,train
27711,0,0.5251288426507933,test
27712,1,0.2311176656789801,test
27714,0,0.9497151066342986,test
27715,1,0.0924993398107858,train
27716,1,0.2664078184466764,train
27717,1,0.2934191012729155,train
27718,0,0.9061392293227816,train
27719,1,0.0301915415958765,val
27720,1,0.1274996448251638,train
27722,0,0.4692705115656218,train
27726,1,0.1858423651360415,train
27730,0,0.3556692966502522,test
27731,0,0.7309128327582206,train
27732,1,0.3047227843604019,train
27734,0,0.5287927824860118,train
27735,1,0.2678875021420585,train
27736,1,0.0257210568962618,train
27737,0,0.3459757110140711,train
27738,1,0.177453292139693,train
27745,1,0.490803693577303,train
27747,1,0.1868659297967663,train
27748,1,0.4508340682464806,val
27749,1,0.0556269814295384,train
27750,1,0.4749492634771572,train
27753,0,0.7872423995933271,train
27756,1,0.0528329897814107,test
27758,1,0.5139789376131694,val
27760,1,0.400500723882253,train
27761,1,0.1710204509680143,val
27764,0,0.2800654635830401,train
27766,0,0.1990569828434608,train
27767,0,0.7451439457636313,train
27771,1,0.8408228649660907,test
27772,1,0.012813531088386,test
27773,1,0.2730993845373878,train
27774,1,0.4008990760248372,val
27775,1,0.3637673647495094,test
27780,1,0.8132515571563023,val
27781,1,0.2060200046610654,test
27783,1,0.1379849442114727,train
27785,0,0.6079314083881945,train
27787,0,0.8018865017926121,test
27788,0,0.578251686465707,val
27790,1,0.2126868761045295,train
27792,1,0.2160963933535172,train
27793,1,0.5295232366489007,train
27794,1,0.0458856466136115,train
27795,1,0.1702704893101357,test
27796,0,0.6124499371514316,train
27797,0,0.3496908080882481,train
27801,0,0.1574442375164617,train
27802,1,0.3811236041053895,val
27804,0,0.3689511783822611,train
27807,0,0.4756615281738267,train
27808,0,0.4127542762999675,val
27812,0,0.245886780531702,train
27814,1,0.3987164369121334,train
27815,1,0.4567284400986305,train
27816,1,0.0689090565029989,train
27817,1,0.0532224824773367,val
27818,1,0.1501672562479201,train
27819,1,0.1566628279170313,val
27821,1,0.4424011285027637,val
27822,1,0.129272628857517,train
27823,1,0.4137958073970172,train
27824,1,0.3260074239028051,train
27826,1,0.4779308984448384,train
27827,0,0.3860957066925368,train
27829,0,0.7532105862000533,train
27830,1,0.108380725832662,train
27831,0,0.0602817870669627,train
27832,0,0.8472943427448454,train
27834,1,0.5602064442669581,train
27835,1,0.1159272051618001,train
27837,0,0.6934307909626192,train
27839,1,0.3132150039334218,train
27840,1,0.017155002106024,train
27841,1,0.2767733342040963,train
27842,1,0.3681098080104894,test
27843,1,0.3418399891964144,train
27844,1,0.143208283225679,val
27845,1,0.1089046318584051,train
27848,1,0.0690267704301903,val
27849,1,0.3546344040281032,train
27850,0,0.1963215023851634,train
27851,0,0.6064502002133672,train
27853,1,0.8205023611243466,train
27856,0,0.480967204796634,train
27857,1,0.0417935723160904,train
27858,1,0.295009251394572,train
27859,1,0.5629729860399539,val
27860,1,0.5576280740865085,train
27863,1,0.1684259691370172,train
27864,1,0.4990420374771722,val
27865,1,0.078112421583593,train
27867,1,0.0976220741533154,train
27870,0,0.847526507597134,train
27871,1,0.1197443182043948,train
27873,1,0.0475227932130989,train
27874,1,0.3451125904945771,train
27875,1,0.1764825968030295,val
27876,0,0.4543507420687028,train
27877,1,0.6670864585984683,train
27879,1,0.3911666530115236,train
27881,1,0.5466326572391674,val
27882,1,0.0754610276090764,train
27883,1,0.0242735912766663,val
27884,1,0.3204059987544329,val
27886,1,0.0756375178887966,train
27887,1,0.0550263075420683,val
27888,1,0.1320199073223409,train
27889,0,0.3358265494215913,train
27892,1,0.4322067225598518,test
27893,1,0.1536346830724001,test
27894,0,0.5540462344154928,train
27896,1,0.3828412376583814,train
27897,1,0.3477729705392387,train
27898,1,0.7495885380159867,test
27901,0,0.6816583112558234,train
27907,0,0.652988764483085,train
27909,1,0.0178829093316753,val
27910,1,0.158105356140196,train
27911,0,0.7327104077995663,test
27912,1,0.2491344771971657,test
27914,1,0.4662202669796701,test
27916,1,0.1113830739542279,train
27917,1,0.1547013624067654,train
27918,0,0.8232314317247447,train
27919,0,0.334416505841163,test
27920,0,0.8170090295687864,train
27922,1,0.4076682476994909,train
27923,0,0.358430064670277,val
27924,0,0.3054050693603908,train
27926,1,0.2015304061639145,val
27928,0,0.7078239242147376,train
27929,0,0.4900502403727408,test
27930,1,0.3026968304882234,val
27932,0,0.3284551783489509,train
27934,1,0.0902291229346146,train
27935,1,0.5394335257797849,train
27937,0,0.0539828199582963,train
27939,1,0.2600825147558002,train
27941,0,0.4785040939670107,train
27944,0,0.0735275432802115,val
27945,0,0.5638816070945102,val
27946,1,0.2833842750833676,train
27947,1,0.1361072962381079,train
27950,1,0.2302788846862805,train
27951,1,0.1364710213273086,train
27952,1,0.0954822501263189,train
27953,1,0.8472551236459585,test
27954,0,0.1120837535273457,train
27955,0,0.449032352260727,train
27956,0,0.673103213480228,train
27957,1,0.0418848447126692,test
27958,0,0.5836352618257804,train
27959,0,0.5709019144800982,test
27961,0,0.6561455562988332,train
27963,0,0.1804935766328209,test
27965,1,0.5206415522558385,test
27967,0,0.5865776421615544,train
27970,1,0.2463150428082988,train
27971,0,0.8549375597924087,val
27972,1,0.3685391442264391,val
27973,1,0.0970046377898452,train
27974,1,0.1478223311760471,val
27975,1,0.3679843204396262,test
27976,0,0.4765476618830844,train
27978,1,0.4038337313901916,train
27979,1,0.0375889531904246,train
27980,1,0.1528674059683087,train
27981,1,0.1915186588325295,val
27983,0,0.595537302679805,train
27985,1,0.0965470082378541,train
27986,1,0.3025435045876091,train
27987,1,0.2783273365722289,test
27988,1,0.0405950530573966,train
27989,1,0.2819721677189299,test
27990,1,0.3297910554780144,train
27991,1,0.2829991671012827,val
27993,1,0.1757352102489859,train
27995,1,0.2077224543690641,test
27996,1,0.0122864704998023,train
27997,0,0.6137710525272999,train
27998,1,0.0897111381292999,test
27999,1,0.4514653129510323,train
28000,1,0.081690775758356,test
28001,1,0.0306810845121202,train
28002,0,0.5922952777713992,train
28003,0,0.8246174661003569,train
28004,0,0.5177452466656401,train
28005,1,0.3204012134266687,train
28006,1,0.2893698579050219,train
28007,1,0.0041201581576589,train
28008,0,0.8939586573648538,train
28009,1,0.0463534041507684,test
28010,0,0.4283288486546253,train
28011,0,0.6779335159613018,train
28012,0,0.617385037508875,train
28014,1,0.3061731616870831,train
28015,1,0.5111488107155282,val
28016,1,0.1305838143888417,test
28018,1,0.1771550444291185,train
28019,1,0.0936919110720851,train
28020,0,0.3153777827857286,test
28021,1,0.3479006077636151,train
28022,0,0.83769438321637,val
28023,1,0.3891295526743631,train
28025,1,0.3636248081270399,val
28027,1,0.4841809874809822,train
28032,1,0.2490782026483818,train
28033,1,0.1748925969673253,train
28035,1,0.1320857375203388,train
28036,1,0.1276341454102466,train
28037,1,0.6803210750416654,test
28039,1,0.4661955043086145,train
28040,1,0.3554651053821986,train
28041,0,0.5480585453335091,val
28042,0,0.2708871475936681,val
28043,0,0.2041986364684747,val
28044,0,0.4416152814561151,train
28045,0,0.5353147122541333,val
28047,1,0.1784906989989724,test
28049,0,0.5129175983047995,train
28052,0,0.3891561677982189,test
28053,1,0.1653339220350855,train
28054,0,0.7529520559873424,train
28055,0,0.3928158713351216,train
28057,1,0.6369881523241261,val
28058,1,0.2499219163283496,train
28059,1,0.0663764720802281,train
28060,1,0.0641619301371084,train
28062,1,0.3937407729636286,train
28063,0,0.3750989098641581,train
28066,0,0.8601002720111888,train
28067,0,0.5016501253005995,test
28068,1,0.0868660465028691,val
28069,1,0.4778693444454215,val
28070,0,0.3252971165186203,test
28071,1,0.3077897981239041,train
28075,1,0.4627179303222445,train
28076,1,0.1065672259201706,train
28078,0,0.4521978716075046,test
28079,1,0.188475155519352,train
28080,0,0.6930401817908256,train
28081,1,0.2917207855609716,test
28083,0,0.4565378859153497,test
28085,1,0.2633178442282882,val
28087,0,0.6317114503389991,train
28089,1,0.3905876519538297,test
28090,0,0.620352694729327,train
28091,1,0.4486321590603616,val
28092,1,0.2436456254159192,train
28093,0,0.8548877346487774,train
28094,1,0.1306952041246901,train
28095,0,0.6648301807142797,train
28096,1,0.4073460196466435,val
28097,1,0.3720854737257451,train
28098,1,0.2736814066918661,train
28099,1,0.5589358840740728,train
28100,1,0.2039210388067618,train
28101,1,0.0426749382369323,train
28103,1,0.6085206363741712,train
28106,1,0.1075412418576835,test
28107,1,0.1278925470327151,train
28108,0,0.5644882057281176,train
28110,0,0.4410853212229885,train
28111,1,0.0811417130436494,val
28112,0,0.5943249665447958,train
28113,0,0.6195441760360292,train
28114,0,0.8360425026054663,train
28116,0,0.5757891023268902,val
28117,1,0.2922609760534236,train
28118,0,0.7813595711479262,train
28119,1,0.2199861563584058,test
28120,1,0.1671805919742042,train
28121,1,0.0890873121802825,train
28122,0,0.9089192749998368,train
28123,0,0.3558492528389361,train
28124,0,0.4822026108007327,test
28126,1,0.2217730693772842,train
28127,1,0.0734010725339125,test
28128,1,0.1277458992673952,train
28129,1,0.1689494480713609,train
28130,1,0.5378412746994436,test
28132,0,0.4918265317042578,val
28133,0,0.4495382619192007,train
28134,1,0.3255783179549932,train
28135,1,0.5689776925744672,train
28136,1,0.1176021106470128,train
28137,1,0.291996298634656,train
28140,1,0.3181947001730798,train
28141,0,0.7392816915171043,train
28142,1,0.6843944351003836,train
28143,1,0.2309967424835578,val
28144,0,0.7955207674143401,train
28145,1,0.2055988598757652,train
28147,0,0.8113239136334076,train
28148,1,0.048620624050109,test
28149,1,0.0726681217473823,train
28150,0,0.7852245546282539,train
28151,0,0.4624907336764163,train
28153,1,0.5807832520540692,train
28154,0,0.41791237203853,train
28156,1,0.6751262839729235,train
28157,1,0.6809555879359329,val
28159,1,0.2187183075398561,train
28160,0,0.3488565912747108,train
28162,0,0.2723330585450507,train
28164,0,0.6660685409077827,val
28165,1,0.4877387305500337,test
28166,0,0.5346276720073658,train
28167,1,0.1288297329609373,test
28168,1,0.203867538469871,train
28170,1,0.5359194275421857,train
28172,1,0.2634587092727944,train
28173,0,0.6246758459425983,train
28174,1,0.5957183634169847,val
28175,1,0.1706617030358166,train
28178,1,0.0838147657883575,val
28179,0,0.1945797262068882,train
28180,0,0.110029480188399,train
28183,0,0.5556995216233003,train
28184,1,0.0497680508607665,train
28185,0,0.8773056364210019,train
28187,1,0.3506255122654754,train
28188,1,0.1806801593677017,train
28189,1,0.8845060141375105,train
28191,0,0.6703343238697325,train
28193,1,0.3701003068731677,train
28194,0,0.4730449360704507,train
28195,0,0.5781694163826154,train
28196,0,0.4713468631216341,val
28197,0,0.5309483742392962,train
28198,1,0.0244187114151164,test
28199,0,0.5805762084184966,train
28200,1,0.3740603910244925,train
28201,1,0.1518701821164448,val
28202,1,0.749458947289009,train
28203,0,0.7933011124198693,test
28205,0,0.3641755595532657,train
28207,1,0.1820355792866603,test
28209,0,0.7524920614898031,train
28211,1,0.058264253784136,train
28214,1,0.675122970630478,train
28215,1,0.0815657933417918,train
28217,1,0.0238097362535979,train
28219,1,0.4072262287903337,train
28220,1,0.0735706935028479,train
28221,0,0.6497763245422246,train
28222,0,0.3730648222200706,train
28223,1,0.1713903928816452,test
28226,1,0.5246760856112773,train
28227,1,0.2369233987680519,test
28228,1,0.3059197394526034,train
28229,1,0.1759185570550169,train
28233,0,0.7167746043428428,train
28235,1,0.3922459365496581,train
28236,1,0.2026513995632178,val
28239,1,0.394055078791278,train
28240,0,0.6840536434761035,train
28241,0,0.4999030669387679,train
28242,0,0.485685707909043,train
28244,0,0.8705716432205812,test
28245,0,0.3690043341514737,train
28247,1,0.2343259939464435,train
28249,1,0.2190337607618371,train
28250,0,0.1833890272131382,train
28251,1,0.3120473582831233,train
28252,1,0.5473987111333174,train
28255,1,0.5546961817346763,train
28256,1,0.0629014411687112,train
28257,0,0.6622497366408487,train
28258,1,0.4889872364842321,train
28259,1,0.0660714713417049,train
28260,1,0.0356559143644732,train
28262,0,0.5622979440196794,train
28264,0,0.5939550867103527,train
28265,1,0.4968778996426387,train
28266,0,0.7519100414658697,train
28267,1,0.1387706733399624,train
28269,0,0.5618308159796046,test
28271,1,0.3890280523130749,train
28272,1,0.258426916040428,train
28273,0,0.6099959604759325,train
28274,1,0.0609471012537143,train
28278,1,0.1995328601810989,train
28279,1,0.2136780051748528,train
28282,1,0.4520202615831483,train
28283,1,0.3248282306633187,train
28284,1,0.5880817816018363,train
28285,1,0.531016553950378,val
28286,1,0.671417430138068,train
28287,1,0.6413338635678654,test
28288,1,0.0335093151854808,train
28290,0,0.3431197239690775,train
28291,1,0.6344779225806578,train
28292,1,0.3371548814533156,train
28293,0,0.510535499730363,val
28294,1,0.2521942852784915,train
28295,0,0.5180152860274412,train
28297,0,0.7351849602113705,train
28299,1,0.2035549459088195,train
28302,1,0.6012262052954581,train
28304,1,0.2379685717756829,val
28306,1,0.1915750163842031,train
28307,0,0.7012540501380398,train
28308,1,0.3704613808416569,val
28309,1,0.1609126733567684,train
28310,0,0.5803124637999214,train
28311,1,0.5165387176938014,train
28313,1,0.1161980380084343,train
28315,1,0.0502462985955279,val
28316,1,0.5323021926218536,train
28317,1,0.0872666555256894,train
28319,1,0.1490327317868397,train
28322,0,0.6985409843600072,train
28323,0,0.413150898835401,train
28324,1,0.3668395977678157,train
28326,1,0.1344251612631714,train
28327,0,0.7248030037810018,val
28331,1,0.2339659762324799,train
28332,1,0.5707038177278143,train
28333,1,0.1236699448517417,val
28334,1,0.4420802629853807,test
28335,0,0.7640991569034442,val
28337,0,0.4419423605361297,train
28338,0,0.4449521026624099,train
28340,1,0.180180856545697,train
28342,1,0.5106030214480883,train
28343,0,0.4365975715595794,train
28345,0,0.1958187351276042,test
28347,0,0.7274763197011118,val
28348,1,0.3044447709753535,val
28349,1,0.1605437497632377,train
28350,0,0.9033881049130432,train
28352,1,0.3857479201920071,test
28354,0,0.5171077652335672,val
28356,1,0.4400798208996418,train
28358,1,0.0601568983917453,train
28359,0,0.4891965436000975,train
28360,1,0.1285038681398921,train
28362,1,0.1972834161493329,train
28365,0,0.4388164852318567,train
28366,1,0.064075596615502,train
28367,1,0.3800605297491657,train
28368,1,0.6399909531524429,val
28369,1,0.2290511659943289,train
28372,0,0.489253564259412,train
28373,0,0.4541434907892966,train
28374,1,0.6160642652894237,train
28375,1,0.6097397549277983,train
28379,1,0.0506133069635916,train
28380,1,0.0208258555586219,train
28381,1,0.1388199717770876,train
28382,0,0.7810898909201676,train
28383,0,0.6317472480418806,train
28384,1,0.1193576110493256,train
28386,1,0.1948816125121745,train
28387,0,0.3179008147367869,val
28391,0,0.7533073182426613,train
28392,1,0.2652643561394067,train
28394,1,0.3932544353348015,train
28395,1,0.1310071259796924,train
28396,1,0.1354629659690523,train
28397,0,0.8299159261679834,train
28398,1,0.519148184136444,train
28399,1,0.3228306670366538,test
28400,0,0.637191316043715,train
28401,1,0.1663503492695311,test
28402,1,0.3066766871194203,train
28403,1,0.1550387590030084,train
28404,1,0.386546549278797,train
28405,1,0.2941891997681239,train
28406,0,0.4917898570848347,val
28407,1,0.1240961714889312,val
28408,0,0.4170753827085954,train
28409,1,0.5803957376938105,val
28411,1,0.6290569050500932,val
28413,1,0.2229255960906137,train
28414,0,0.3656967612248845,train
28415,1,0.2668667945713169,train
28416,1,0.0278703541122917,train
28419,0,0.7027947167013822,train
28420,1,0.5550355181995366,train
28422,1,0.0996006721830519,test
28423,1,0.3599215008540057,train
28425,0,0.8850931549437615,train
28426,0,0.9410687557324422,train
28427,1,0.5996708184157371,train
28429,0,0.3199906684780216,train
28430,0,0.7553710860401597,train
28431,1,0.0975483811779587,train
28432,1,0.1026919464616374,train
28433,1,0.1194018875182468,train
28434,1,0.1256744304465229,train
28436,1,0.1683763635360535,test
28437,1,0.1344248650581754,test
28438,0,0.6338987318871492,train
28444,1,0.3961030102254604,train
28446,1,0.490321548706501,test
28449,0,0.8639297691992662,train
28450,0,0.9136396073577792,train
28451,0,0.9041234202516472,test
28452,1,0.0837745754494769,train
28454,1,0.3059137913954196,test
28455,1,0.2329563222209822,train
28456,1,0.2328111742091428,test
28458,0,0.6138242292762525,train
28459,1,0.0540784563556274,train
28461,0,0.7443669732696259,train
28462,1,0.5315149973455471,test
28464,0,0.9397401346073528,train
28466,1,0.2870014373600572,train
28467,1,0.5082466027655956,train
28468,0,0.5371302282307158,train
28470,1,0.4879069480061899,train
28471,1,0.6285713553002039,test
28473,1,0.6322036835125778,train
28474,0,0.8730436392635106,train
28475,1,0.5065016532727326,test
28476,1,0.422399312903017,test
28477,1,0.138402449731619,train
28478,1,0.1363962735413343,test
28480,1,0.5337077722616062,val
28482,1,0.3213835962976301,train
28483,1,0.1257165871557845,val
28485,0,0.8524864444529539,train
28486,1,0.2129521452831126,test
28487,1,0.302140522130366,train
28488,1,0.1450654517390365,train
28490,1,0.0754070544266732,test
28491,0,0.4100960755783811,val
28492,0,0.5480069795294309,train
28494,0,0.8885848365541834,train
28496,1,0.336199541089561,train
28497,0,0.6865682294923581,train
28498,1,0.6751654870412003,val
28501,1,0.1837538418727016,test
28502,1,0.1236193842225833,train
28503,1,0.4221140667683022,train
28504,1,0.4233582828543428,train
28505,1,0.3446507997717949,train
28507,1,0.2142484711844773,train
28508,1,0.4596609015322938,train
28509,1,0.1907592326820475,train
28511,1,0.4454332176694281,val
28513,1,0.3568298504864536,train
28514,1,0.2150922996216513,val
28515,1,0.040635520862486,val
28516,1,0.2684683050861174,train
28517,1,0.0899471305707043,test
28518,1,0.1444824136205712,train
28520,1,0.2818369443012491,train
28521,0,0.6914426236029825,train
28522,1,0.2881376773941055,train
28523,1,0.2166072565076556,test
28525,1,0.3874373761574474,train
28526,0,0.3885412493401937,val
28527,1,0.1770337960815076,train
28528,1,0.0607808437210574,train
28533,1,0.2563219080915959,train
28534,1,0.2695564390989498,test
28535,1,0.3040003740609357,train
28536,1,0.0518431567940328,train
28538,0,0.1159025889169369,train
28540,1,0.1011562069371074,train
28542,1,0.5296595316043051,train
28543,1,0.6101241286677762,train
28546,1,0.2726441493222351,train
28547,1,0.6236008103097561,train
28548,1,0.3887722665878288,train
28550,0,0.6535574240566976,train
28551,1,0.0067871148261271,val
28552,1,0.1519427071053498,train
28553,1,0.1615500355746207,train
28554,1,0.0906826537908506,val
28555,0,0.5885767684263099,train
28557,0,0.5754693100542397,train
28558,1,0.4751383714348117,train
28559,1,0.2708839338203732,test
28563,0,0.7885781410508883,train
28564,0,0.4702418106959338,val
28565,1,0.4166414556844443,val
28567,0,0.6474772695454023,val
28571,1,0.3434142190721246,train
28572,0,0.4008504331322668,train
28575,1,0.0885723548912225,train
28577,0,0.6730013437994677,train
28579,1,0.3766208537936064,train
28580,1,0.3710251412661582,train
28581,1,0.2115303716082274,train
28582,1,0.1568089506654648,test
28583,1,0.255009177713942,train
28585,1,0.3097514521646158,train
28586,0,0.6702730089681208,train
28587,1,0.0523273887157269,train
28592,1,0.0805578062487856,train
28593,1,0.7809319373177299,train
28594,0,0.4931216238312949,train
28595,0,0.4318581419364143,test
28596,1,0.1301313353475562,train
28597,1,0.1406749722288,train
28598,0,0.6613390123093459,train
28599,0,0.614171938015734,train
28600,1,0.6720183206782457,val
28603,0,0.4807291714550428,train
28604,1,0.4900506631818814,train
28605,0,0.413911876330301,train
28607,0,0.5170720678213105,train
28608,1,0.265488312392777,test
28611,0,0.5165977209352929,train
28613,1,0.1883591983143724,train
28614,0,0.4097290836651855,val
28618,1,0.5277003314014509,val
28619,0,0.8204922470498996,val
28621,1,0.2441425134428781,train
28622,0,0.7483322489361146,train
28623,1,0.3817360448801212,train
28624,0,0.5190711953375382,train
28625,0,0.3174214071361692,train
28626,0,0.8339968202437777,train
28627,1,0.5184084806136405,train
28628,0,0.7826348905720905,test
28629,0,0.7733228200517579,train
28630,1,0.1617999453078936,train
28632,1,0.1487403961449662,train
28633,1,0.6641435387771149,train
28635,1,0.2274389678727132,train
28636,0,0.881121485286992,train
28638,1,0.2386934766200812,train
28640,0,0.3748532633904894,train
28641,0,0.8269397901817784,train
28642,1,0.2067647736509227,train
28644,0,0.5339883059143273,train
28645,1,0.4410928268116992,test
28646,1,0.3821238018854882,val
28649,1,0.0744148201044661,train
28650,0,0.5566461582508413,train
28651,0,0.7118746264060407,train
28652,1,0.3023664799190989,train
28655,0,0.7709908233299605,train
28656,1,0.2035920133243286,train
28657,1,0.2818488130673573,train
28658,1,0.4788974625522981,train
28660,0,0.2223922397655916,train
28661,1,0.2339631351729368,train
28662,0,0.8607894687248635,test
28663,1,0.2759930522303447,train
28666,1,0.3459340085006751,train
28667,1,0.416425076081507,train
28668,0,0.781483443360731,train
28670,1,0.0441414897280846,train
28671,1,0.6040161720874649,train
28672,1,0.1204032332555388,test
28675,1,0.36209968495155,train
28679,0,0.6498747879647734,test
28680,1,0.3310088813893944,test
28682,0,0.4052389637436618,test
28683,0,0.5028011297373405,train
28685,0,0.6909826380642645,test
28686,0,0.5028432417453974,val
28687,1,0.2052507398404151,val
28688,1,0.3434738197166037,train
28689,1,0.155386726533776,train
28693,0,0.8110039390508255,train
28694,1,0.0088202245919311,train
28696,1,0.3139183551268648,train
28699,0,0.364670326592333,train
28700,1,0.2645484671595322,train
28701,1,0.4268242835391,train
28703,1,0.2176038252341428,train
28704,0,0.4437169094804194,train
28706,1,0.1630655903655924,train
28708,0,0.8984224669398277,train
28709,0,0.336964589916217,train
28710,0,0.518913444543491,train
28714,0,0.639466030001386,val
28716,1,0.1220590889858709,train
28717,1,0.3341883351629249,train
28718,0,0.7608294799499593,val
28719,1,0.4204555973615441,train
28720,0,0.6197452923390423,train
28721,0,0.5529704581512227,train
28722,0,0.4923010786199332,test
28724,1,0.2461727059300696,test
28725,1,0.1484408146009548,val
28726,1,0.0966188189619013,train
28728,1,0.0793399755541451,train
28730,1,0.2034336003552659,train
28731,1,0.2496775365816042,test
28733,1,0.3031062356500006,test
28735,1,0.2331021690472363,train
28738,1,0.2936746245282258,train
28739,1,0.1186612515080484,test
28740,1,0.6106280533165991,train
28741,0,0.722587018442563,train
28742,0,0.8443509933864604,train
28743,1,0.0709334716292925,train
28744,0,0.4425526442885551,train
28745,1,0.2303503069126313,train
28746,0,0.900046667589571,train
28747,0,0.3321164429049799,test
28748,1,0.6501326377901009,train
28749,1,0.5809472121728487,train
28752,1,0.8369922823224212,val
28753,0,0.5550734123683692,train
28755,0,0.8784120384523747,train
28756,0,0.6216753740219261,train
28757,1,0.5297109045910772,train
28758,1,0.5849396726381102,train
28759,1,0.3799647916204713,train
28760,1,0.5045997089484369,train
28761,0,0.4345498688868527,train
28763,1,0.5142329462553917,train
28764,1,0.7123092025786981,val
28765,0,0.8429367728924742,train
28767,1,0.0280856137599787,val
28768,1,0.060458105913798,val
28771,1,0.6275292729151967,val
28772,0,0.2727684364495389,test
28773,0,0.1616282618388265,train
28776,1,0.637317187037556,train
28778,0,0.7699747097974806,val
28779,0,0.6183210904126658,train
28780,0,0.1880130436556958,test
28784,0,0.7462110378747322,train
28788,1,0.4855230064789642,test
28789,0,0.7747734713761999,train
28790,1,0.0546883024783684,train
28791,1,0.3501087373493683,train
28793,1,0.1865459202973179,test
28797,0,0.3598172343887816,val
28798,1,0.0116788875678239,train
28799,0,0.7018361280846703,train
28800,1,0.1602201105312352,test
28801,1,0.8738331380509424,test
28802,1,0.1342658700539061,train
28804,1,0.2938500362664442,train
28805,0,0.1462013437731871,test
28806,0,0.6485367491659306,train
28808,0,0.8218443806387448,train
28809,1,0.4374600735728167,train
28814,1,0.0518179738351997,train
28815,1,0.6787838428571311,test
28816,0,0.2102047520628055,train
28817,0,0.550368853412811,train
28818,1,0.4937843877974092,train
28820,1,0.0926847647309105,test
28821,0,0.6436442077323847,train
28823,1,0.8748317135008201,train
28824,1,0.0848192212532972,val
28826,1,0.3130402202951066,train
28828,1,0.0967789181363484,train
28830,0,0.6543456633554827,train
28831,0,0.8436109122433311,test
28832,0,0.5033418630244764,train
28833,1,0.2286694786248896,test
28837,1,0.0708455527390016,train
28839,0,0.4755472640236853,train
28840,0,0.554727021157795,train
28841,0,0.7391007810261532,test
28844,0,0.8119824549007352,train
28845,1,0.8895602585679858,test
28847,0,0.8283081719328623,train
28848,1,0.7272058794270648,train
28853,1,0.6880332807780243,val
28856,0,0.2677379424851078,train
28858,0,0.7360182329591829,train
28859,0,0.5782570744812214,train
28860,1,0.4760837102793844,train
28863,1,0.5242631358902414,train
28864,1,0.2263587147501861,train
28865,0,0.3220037395423538,train
28867,0,0.427881061473222,train
28868,1,0.2105893920439822,val
28869,1,0.611985145134053,train
28870,0,0.895041188205642,train
28872,1,0.5871504627378726,train
28873,1,0.0736987450236091,train
28874,1,0.246744638735388,train
28876,1,0.2016133850414279,train
28877,0,0.740262402576175,train
28879,0,0.5130912364822007,train
28880,0,0.7463737111958602,test
28881,1,0.1406499220791464,train
28883,0,0.5514392410221218,train
28884,0,0.5712546972421282,train
28885,1,0.4524113479444714,train
28886,1,0.552848626478919,train
28888,1,0.7753075960495867,train
28889,0,0.8260512015494013,test
28890,1,0.3092239378102834,train
28891,1,0.0871032881505093,val
28892,0,0.2953879574013603,train
28894,0,0.41424542521216,val
28896,1,0.7045345945958397,val
28898,1,0.550928958528173,test
28899,1,0.7958611245717807,test
28900,1,0.2801996146121879,train
28902,1,0.5212842544553578,test
28903,1,0.0855450961125484,train
28905,0,0.6146763874307666,test
28908,1,0.5203588894248442,train
28909,0,0.4189154214481912,train
28910,0,0.6900708627596713,train
28913,0,0.303314786024101,train
28914,1,0.0528236471639219,train
28915,1,0.3964238937622485,train
28917,1,0.4776727218928063,train
28918,1,0.2519413744478391,val
28921,0,0.3646550871936076,test
28922,1,0.4050275177027719,test
28923,0,0.8561079211247021,test
28924,0,0.2587608146352026,train
28925,1,0.9270536085389796,test
28927,1,0.463673963928816,train
28928,0,0.4272365463086761,train
28930,0,0.2472944201818722,val
28931,1,0.6487260131847403,train
28932,1,0.5105257741200473,train
28935,0,0.3670059318709827,train
28936,1,0.3547767770700385,val
28937,0,0.7018061146796368,train
28938,1,0.0852291050162512,train
28940,1,0.0620560179728791,train
28942,1,0.6602900759352526,test
28943,0,0.2782556505347847,train
28944,1,0.2589911424795805,train
28950,0,0.7633152994800227,val
28952,0,0.2045321859657248,train
28955,0,0.6370636838968613,train
28957,1,0.3685262286597176,train
28958,1,0.4404302317845772,val
28959,1,0.813117956540403,test
28960,1,0.4985915452970424,train
28962,0,0.8316838423171138,train
28963,1,0.7929217172388807,val
28964,1,0.8386169621384656,val
28965,1,0.1272041339872545,train
28967,0,0.4095282651278334,train
28968,0,0.4943830864187439,train
28969,0,0.6293992668127109,train
28970,1,0.2779123815474754,train
28971,1,0.6302961385057588,train
28972,0,0.4816564031656679,train
28973,1,0.3929884181573692,train
28974,1,0.5759116634957849,train
28977,1,0.4469938794542712,train
28985,0,0.776329222994823,train
28986,0,0.9066267466170814,test
28987,0,0.686471472357265,train
28992,1,0.3294011813738617,train
28995,1,0.1142901889055324,val
28997,1,0.4544079653003834,train
28998,1,0.4568372736549595,train
29003,0,0.2009174297951964,train
29007,0,0.9024385741291424,train
29011,0,0.881700280314916,train
29013,0,0.1569793235962113,val
29014,1,0.4214007448931587,train
29015,0,0.223725031674878,val
29017,1,0.0550458432398557,train
29018,0,0.5100626236324062,val
29019,0,0.6063027836379702,train
29020,1,0.8136485985433322,test
29021,1,0.2836093192961865,test
29024,1,0.0964378064067095,train
29027,1,0.1839999796703709,val
29028,0,0.5601998384799458,train
29029,0,0.6454921232649922,train
29030,1,0.2326952684695818,train
29033,0,0.3484266621460282,train
29034,1,0.4329120139470352,train
29035,0,0.4552400132583136,train
29038,0,0.4922603421939369,test
29039,0,0.6580804908232714,val
29040,1,0.2687670066426896,train
29042,0,0.1343063158462281,train
29052,1,0.1901437118579187,val
29053,1,0.3933762943469779,val
29054,1,0.1139996732786315,train
29057,1,0.2818168323350182,test
29059,1,0.5309017043873772,train
29060,1,0.4884357317895055,val
29061,0,0.7012213590270364,val
29063,1,0.4632265079468731,train
29065,1,0.0996224224251827,train
29066,0,0.5474191214953537,train
29067,1,0.3588919750809333,val
29071,0,0.7525352513829189,train
29074,0,0.4939929189064671,train
29076,1,0.2695025589699888,train
29078,0,0.5574410040573765,train
29079,1,0.401844508983516,train
29080,0,0.330402851872177,train
29084,1,0.3428004978072179,val
29085,0,0.2976166588959679,train
29087,0,0.7332341160740214,val
29090,1,0.0440844089157124,train
29093,0,0.6181379058105868,val
29094,0,0.8302120426215314,train
29095,0,0.3385621401254693,train
29096,0,0.4138545442760515,test
29098,0,0.4061501832173134,train
29100,1,0.0524484148790201,train
29101,0,0.4073159902946525,train
29102,1,0.5586653775490398,val
29103,0,0.2546859392927905,train
29104,0,0.6608124809092681,test
29105,1,0.8499651193607698,val
29106,1,0.668747304964807,train
29108,1,0.2291296817824284,train
29111,0,0.1931729509976769,train
29112,0,0.9449571282510134,train
29114,1,0.4392053804775021,train
29117,0,0.2385110393070386,val
29118,1,0.419286492035563,train
29121,0,0.6143317471308036,test
29126,1,0.250197277335181,val
29127,0,0.6134008777885304,val
29128,1,0.4147489541452702,train
29129,1,0.6066662456881262,train
29130,1,0.3612179153936674,val
29131,1,0.2730422980370099,train
29133,1,0.1621975168565125,train
29134,1,0.4508923651283966,test
29136,0,0.2240947334564501,train
29138,0,0.5873183678097448,val
29140,1,0.3164613457117002,test
29141,0,0.617251702991512,train
29142,1,0.1938320240298924,train
29143,1,0.1934775300268433,test
29144,1,0.4656382733050855,val
29145,1,0.0740885216111015,train
29146,1,0.2486494981840563,train
29147,0,0.485889319999934,train
29149,1,0.3134751891408817,train
29150,1,0.2976906518549638,train
29151,1,0.0655935123747087,train
29152,0,0.4851180873333477,val
29153,0,0.8819940421188119,train
29155,0,0.6314847601591825,train
29157,0,0.4711766730478255,val
29159,1,0.1765551456637707,train
29161,0,0.2727844475204772,train
29163,1,0.0496528040412339,train
29164,1,0.410601958143918,val
29165,0,0.6482152060338948,train
29166,0,0.4745042646264641,train
29167,0,0.4292307033406382,test
29168,0,0.6397228498450007,train
29169,1,0.6870753986040996,test
29170,0,0.8685093825022232,train
29171,0,0.6134247059082423,train
29173,1,0.3687260976363322,train
29174,0,0.3686430899271357,train
29175,0,0.8527080559985705,val
29176,0,0.5153329253149916,train
29177,1,0.2544287168391798,train
29178,1,0.4033011121743302,test
29180,0,0.6631007043564054,val
29181,1,0.2017314451435223,train
29183,1,0.3931453473800761,train
29184,0,0.8680065956552225,test
29185,0,0.3144117680083983,test
29186,1,0.6491113115583208,train
29187,1,0.3296070918295896,test
29188,0,0.8746466197647461,test
29191,1,0.2071127221054673,train
29197,0,0.3404730675496301,test
29200,1,0.4686382015731879,train
29201,1,0.6451286321223721,train
29202,0,0.8154733166696163,train
29204,1,0.0464445181845682,train
29205,0,0.6587072595803072,train
29207,1,0.4580898576851042,train
29208,0,0.8636563654375977,train
29209,1,0.256746504881902,val
29210,0,0.2360531520289397,train
29211,1,0.1761236455829933,train
29213,0,0.3716133356675288,train
29214,1,0.750558585487636,train
29215,0,0.2126840354661189,test
29218,1,0.3846878301993948,train
29219,1,0.2886868064435517,train
29220,0,0.1122984600960532,test
29222,0,0.3887281338299039,test
29223,1,0.3157224312531774,train
29226,1,0.1089815257822236,test
29227,1,0.0241354728834337,train
29228,1,0.7878120489045183,val
29229,0,0.6979271490145018,train
29230,0,0.7021615453530132,train
29231,0,0.5788594896290815,train
29232,1,0.2531247261030929,test
29233,0,0.4369482198210496,train
29235,1,0.1044221110223438,train
29237,0,0.8286441463360699,train
29238,0,0.7751262611356027,train
29240,0,0.5341834940310264,train
29241,0,0.5457852113378219,val
29242,1,0.3636999311537536,train
29243,0,0.3487881058316423,val
29244,0,0.7286207885468525,train
29245,1,0.0409254031360697,train
29247,1,0.2571349065955458,test
29250,0,0.2576394961551241,train
29252,1,0.3654598395160872,val
29253,0,0.4217445649131343,train
29255,1,0.7378110228363046,train
29256,1,0.6576365835311648,train
29257,0,0.8427320808113188,train
29258,1,0.3987844352582066,train
29259,1,0.616550139117261,train
29260,0,0.3962236379014964,val
29261,1,0.2374505415571515,train
29262,1,0.5808678136230239,train
29264,0,0.507815701408963,train
29266,0,0.4280255717700412,train
29267,0,0.5555000325389783,train
29269,1,0.2132372558547373,train
29271,0,0.6287404449243886,train
29272,1,0.1459210156907794,train
29273,1,0.3690973785359444,test
29274,0,0.7929274770674448,train
29275,1,0.303568673814418,val
29277,0,0.5105110096640513,val
29278,1,0.5784797702271622,train
29279,0,0.6662647147067597,train
29280,0,0.5464897458810047,train
29281,1,0.3443810726525649,val
29282,0,0.7628420770172831,train
29286,0,0.4688276036498122,train
29288,1,0.2465322225776506,train
29289,1,0.2964327460062566,train
29292,0,0.7201704777997355,val
29293,0,0.6513160227050618,train
29295,0,0.905686750183238,val
29296,1,0.534542444269815,train
29297,1,0.1388135752194728,train
29299,0,0.486635030206061,train
29300,0,0.235231723636038,val
29301,0,0.3937532203435646,val
29304,1,0.506675407131642,train
29305,0,0.53383794771378,train
29306,0,0.8957011554424265,train
29309,1,0.0707742631424935,train
29310,1,0.2039190111914824,train
29311,0,0.6490481411090187,train
29312,1,0.0700999507276906,train
29313,1,0.2423900069436653,train
29314,1,0.4247500456227312,val
29315,1,0.4133497534042228,val
29317,1,0.6443725719010283,train
29318,1,0.0995262290997438,val
29319,0,0.4275066525656819,train
29320,1,0.6666450318972632,train
29322,0,0.4481270840933342,val
29323,0,0.3471245423735329,train
29324,0,0.5971399210706572,train
29325,0,0.6445153515307188,val
29326,1,0.4087634125662263,train
29327,0,0.3866963990903016,train
29328,0,0.5622690680740646,train
29329,0,0.4264867553393824,train
29330,0,0.2089203550623332,val
29333,1,0.03427431854744,train
29336,0,0.5043279353855428,test
29337,1,0.0619924225312465,train
29339,0,0.4602210935931309,train
29341,1,0.2483495577420661,train
29344,1,0.2400861588213949,val
29345,0,0.5712575380360829,train
29346,1,0.2218615263861443,train
29347,1,0.262876118837033,train
29348,1,0.2738731521050799,val
29349,0,0.3827871436850264,train
29350,1,0.3077696872797401,test
29351,1,0.0746136662901655,train
29353,1,0.2533502257676862,train
29356,1,0.2583115984906486,train
29357,0,0.4393879161492168,test
29358,1,0.1089630751706408,train
29359,1,0.0627577951003375,test
29361,0,0.578422911809819,train
29362,1,0.3293737884463981,train
29363,1,0.364166508475356,val
29365,1,0.2242137989111633,train
29367,1,0.2819990865224356,train
29369,1,0.1163644776135324,test
29371,1,0.2765295067229041,val
29373,1,0.0995462516401991,test
29375,1,0.2153115981693188,train
29376,1,0.2837090678597629,train
29378,0,0.5126803376649804,train
29379,0,0.6291367263155652,train
29380,1,0.3326334586575229,val
29381,1,0.1802244232391782,test
29382,0,0.475254854313906,val
29383,0,0.3511821746026183,val
29384,0,0.5045645598642341,train
29385,1,0.3170967772744832,train
29386,1,0.160741587597531,train
29387,0,0.515821604430929,train
29388,1,0.2795175565587731,train
29391,1,0.1252006475060483,train
29392,1,0.1096136553163282,train
29393,0,0.6003065297385018,val
29395,0,0.6663360473653963,train
29396,0,0.5929129688031141,train
29399,1,0.0941314384124868,train
29400,0,0.6008859195090761,train
29401,0,0.3221085912372032,train
29403,0,0.6885068206448018,test
29404,0,0.8548362517810641,train
29407,0,0.8048251787366548,train
29408,0,0.3750081736842791,train
29409,0,0.3390984595348378,train
29410,0,0.2757719595390051,test
29413,0,0.4792102519353903,val
29414,1,0.3091420896956411,test
29416,0,0.552367472715602,train
29417,0,0.3023086931947925,val
29418,1,0.0750166398337766,val
29421,1,0.7946872227197335,test
29422,0,0.9121227496404212,val
29424,1,0.1448493499003075,train
29425,0,0.8021018386834353,train
29427,1,0.2977664909147071,val
29428,1,0.1421836864563807,test
29429,1,0.6467428309874141,train
29430,1,0.4388626049087742,test
29431,1,0.3541284233914833,train
29432,1,0.3083523740960514,train
29434,1,0.4694639854369362,val
29436,0,0.6022368533835737,train
29437,0,0.3986065940861977,train
29439,0,0.5643298569694446,train
29440,1,0.091781636988981,train
29441,1,0.5671293577211773,train
29442,1,0.2458269305767668,train
29443,1,0.1362840553264008,train
29444,1,0.1273899376429582,train
29447,1,0.2460295474015625,test
29448,0,0.485417333401705,train
29449,1,0.296580028210529,train
29452,1,0.306654789944492,train
29453,1,0.2311554575497697,train
29454,1,0.0642736630732275,test
29455,1,0.0837083761564787,train
29456,1,0.0794099453802672,train
29460,1,0.3681035259293571,train
29461,1,0.2360042743956755,train
29462,1,0.4146346209720738,val
29463,0,0.548797596916198,train
29466,0,0.6274348650738986,train
29468,1,0.0504741666881921,val
29469,0,0.6530321601862275,train
29470,1,0.4004062325269706,train
29471,0,0.2946742195328722,train
29472,1,0.3608047859408992,train
29473,0,0.5550798309317424,train
29474,0,0.4738224827504474,test
29475,0,0.4578914123847072,train
29478,1,0.432887130377812,train
29480,1,0.3650497361966599,test
29481,1,0.1070439132119779,train
29482,0,0.7762374584205644,train
29484,0,0.574963622750708,train
29485,0,0.8791196333297283,train
29486,0,0.5585962479428681,train
29487,0,0.2844391560225665,val
29488,1,0.1389172699129188,train
29489,1,0.4429662002798318,train
29490,0,0.6346782213043227,train
29492,1,0.1275066640298494,train
29494,1,0.5112002471439947,train
29501,1,0.3400685096479288,val
29502,1,0.2848524350301478,train
29504,1,0.4454498170822354,train
29505,1,0.6418454881049669,val
29507,1,0.5165200986363103,train
29508,1,0.5241732148051437,train
29509,1,0.2222850925482034,test
29510,1,0.2532208028872597,val
29511,0,0.5967766783274855,train
29512,0,0.61544064475078,train
29515,1,0.2742565216042321,val
29516,0,0.5231427390052998,train
29519,1,0.4512869276318393,test
29520,1,0.597330694639848,val
29521,1,0.1965850170141427,train
29522,1,0.0623095978303563,val
29523,0,0.6348671878361258,train
29524,1,0.1096877348432951,train
29526,1,0.4558973077820976,val
29528,1,0.1892910435765021,train
29529,1,0.5484522537477787,train
29530,1,0.0853278891249132,val
29531,1,0.2221408839127465,train
29532,1,0.6010134062934742,test
29534,1,0.4949262552066832,train
29535,1,0.1031200062838457,train
29538,1,0.4595236038614381,val
29540,1,0.4296100337430607,val
29543,0,0.3848542256613593,train
29544,1,0.3358996449753988,train
29545,1,0.2572203643662225,train
29546,1,0.2833365340039895,train
29547,1,0.4531955863348494,test
29548,1,0.4100181365003905,test
29549,1,0.5045653483179051,train
29550,1,0.048578903643043,train
29551,1,0.1715535475035894,train
29552,0,0.5420023594309311,val
29555,1,0.3666883173678563,train
29556,1,0.3384300984951864,train
29557,1,0.5464196055750257,val
29559,0,0.4051302927045501,train
29562,1,0.552188693133532,train
29564,0,0.682193728438985,test
29565,0,0.5254528653610633,train
29567,1,0.2517463075761239,train
29568,1,0.2492715972457085,test
29570,1,0.0593558325754985,train
29571,0,0.7035373306136938,train
29572,1,0.2258524593296967,test
29573,0,0.8446505327273655,val
29574,1,0.1969883714426324,train
29576,1,0.5209853352046564,val
29579,1,0.270290204170543,train
29580,1,0.5337009193620325,train
29581,0,0.6948080737350721,test
29582,1,0.3403092298628365,train
29584,1,0.2982902865427049,train
29586,0,0.5657734387682979,train
29587,1,0.3615722654975446,train
29588,1,0.2516966491785972,train
29590,0,0.2111085923521916,train
29592,1,0.3636311980180587,train
29595,1,0.0913218233490239,train
29596,1,0.3718993873526913,val
29598,1,0.5597564881633417,train
29599,0,0.4647195533681689,train
29603,1,0.4109338293628779,train
29604,0,0.8827844009466921,val
29605,1,0.4331564204301241,val
29606,1,0.3530944616038756,train
29607,1,0.6967652224929342,train
29610,0,0.5123570360079477,train
29613,1,0.0579877087549902,train
29615,1,0.7154093135093857,test
29616,1,0.2455031642241251,val
29617,1,0.3112242201335876,train
29621,0,0.4119201439770088,train
29622,1,0.5574048449914755,train
29623,1,0.3168749630071902,train
29624,1,0.4403221734091028,test
29627,1,0.2350236156694926,test
29628,1,0.3620799576883894,train
29629,0,0.8139200302479956,train
29630,0,0.8245629987025281,train
29631,1,0.3396727192765679,train
29632,1,0.2158786205956785,train
29633,0,0.6236247900153884,val
29634,0,0.4187590826768129,train
29637,0,0.8381976271269193,test
29639,0,0.1436338528597772,test
29640,1,0.1543269098310219,test
29641,1,0.2565820547705958,train
29642,1,0.3851849146901221,train
29643,0,0.472188623273842,val
29644,1,0.7368926700992278,train
29645,1,0.3194008999496519,train
29646,0,0.831994777132346,train
29647,0,0.6306271489464742,train
29649,0,0.6619928026163162,train
29650,1,0.2432475499605005,test
29651,1,0.5251518802058897,val
29653,0,0.8738188370966286,test
29654,1,0.4818154639642775,test
29655,0,0.3058640863136476,val
29656,1,0.3614663236269514,train
29657,0,0.5860594425717959,train
29658,0,0.7060193708404269,train
29659,1,0.3937582024213577,val
29660,1,0.0971186484979109,train
29661,1,0.3476311843157953,train
29662,1,0.4883765526779102,train
29663,0,0.8610433051807502,train
29664,1,0.4627388945156984,train
29665,0,0.4340882427862083,test
29667,0,0.8881337350406927,train
29669,1,0.2488083215829621,train
29670,1,0.3238013105649706,train
29671,0,0.585210501652365,train
29673,1,0.4038821770293582,train
29674,0,0.6932222510237265,train
29677,1,0.4800662935638032,val
29678,1,0.4738170944109843,train
29679,0,0.675257876393023,train
29680,1,0.1389039502733537,train
29681,0,0.8410954548705238,test
29683,1,0.0897435093786195,train
29684,1,0.4753762257936206,test
29685,0,0.496478378523414,test
29686,0,0.3530230521257356,val
29690,0,0.2937706383347733,train
29691,1,0.6552454745020002,train
29693,1,0.5001683502866665,train
29695,0,0.6412486100103658,train
29697,0,0.5962729947714892,test
29698,1,0.1542721758869741,test
29699,1,0.3399000063406661,train
29700,0,0.3863250035584225,val
29701,1,0.2141047982389042,train
29702,0,0.5938453855300078,train
29704,0,0.4062925506532822,train
29705,1,0.5455180899686309,train
29706,0,0.7554903911618999,val
29707,1,0.1471929046439962,test
29708,1,0.4007102036668712,train
29709,0,0.4331504049252394,train
29710,0,0.4089360686853289,train
29711,1,0.5599738394125486,train
29712,1,0.4108143167350067,train
29716,0,0.3467191205600128,train
29717,1,0.09569681780751,train
29719,0,0.4619425459743722,train
29720,1,0.5702222256298148,train
29721,1,0.609717062495239,train
29723,1,0.1277202171949147,val
29725,1,0.3184239519216068,train
29727,1,0.2740120227714232,train
29728,0,0.6900941595633099,train
29729,1,0.2952822898906034,train
29730,1,0.0931021060262762,train
29731,1,0.6232083523016441,train
29732,1,0.0170052594916184,train
29733,1,0.850943336974621,test
29735,0,0.6542515079430408,train
29737,0,0.872694954752548,train
29738,1,0.0866245113165555,val
29739,0,0.6679229274698594,train
29740,1,0.2299828760741351,test
29742,0,0.5484500365778255,train
29744,0,0.2477839478145322,val
29745,0,0.2862617696374361,test
29746,0,0.8467818372299297,train
29749,0,0.8186875372085921,train
29750,0,0.5591444289586834,test
29752,1,0.4133708820510117,val
29754,1,0.3054435871180894,train
29755,1,0.3440853034648147,train
29756,0,0.7735307364687297,train
29757,0,0.4408010380656176,train
29758,1,0.1416783887852072,train
29759,0,0.7304505481037991,test
29760,1,0.2778502425074379,test
29761,0,0.861204545304294,test
29762,0,0.7673024307626701,train
29763,0,0.3365812395278816,val
29765,1,0.6351437140094975,test
29766,1,0.1987224954225619,val
29767,0,0.4437842599250443,train
29772,1,0.1877693901714457,train
29773,0,0.8846080972188586,test
29775,1,0.1240498998451156,train
29776,0,0.3534868453431358,val
29780,0,0.6984916569839871,val
29781,0,0.5929976924031428,train
29782,1,0.2935130398216591,val
29783,1,0.2979909541366977,train
29785,1,0.4512859558893894,train
29786,0,0.5968696501746229,train
29789,0,0.5481146661474361,train
29790,0,0.6948254366377202,train
29792,0,0.9102418654337858,train
29794,0,0.5488858758644262,train
29795,0,0.5509610717396621,val
29797,0,0.8995883710703434,val
29798,1,0.1711156482437902,train
29799,1,0.417383346073737,train
29800,1,0.1777989883605447,train
29802,0,0.6839136285297658,train
29803,1,0.8385990252527575,val
29804,1,0.1854718259166006,test
29805,1,0.3718513369845423,train
29806,1,0.3244169166968544,train
29807,1,0.7694041943381594,train
29808,0,0.5441927922521509,train
29810,1,0.0642262218046523,train
29811,0,0.7865662412171108,train
29812,1,0.1493870082000633,train
29813,0,0.5542816532166501,train
29814,0,0.6971696737211617,train
29816,1,0.3052663106882678,train
29817,0,0.3002985247977959,test
29819,0,0.277103396266055,test
29821,1,0.259933186184926,train
29823,0,0.5238738256201363,val
29828,0,0.632680726116353,train
29829,1,0.3603900013302509,test
29831,1,0.53982143377038,val
29834,1,0.4039881233745727,val
29835,0,0.5139410157151358,test
29836,1,0.3643347364854531,train
29837,0,0.5198997419041864,train
29840,0,0.696283475300597,train
29841,1,0.2000295225342312,train
29842,0,0.3349163178082124,train
29846,1,0.2809476281599479,train
29850,1,0.2838937157027205,test
29851,0,0.4699705395618789,train
29853,0,0.6474365417581203,train
29854,1,0.4531980566105286,train
29855,1,0.4030541202136062,train
29857,1,0.2999475901366641,train
29858,1,0.1070087203998004,train
29859,0,0.4843507420403095,test
29861,0,0.7385332529987425,train
29862,0,0.4000327443024773,train
29863,1,0.1208049279279125,train
29864,1,0.7402164191333083,train
29865,0,0.7299607672010613,train
29866,1,0.2536643000591174,train
29869,1,0.4272700982923136,train
29872,0,0.3223418211069633,train
29873,1,0.0705338758774285,train
29874,0,0.4754960276120402,train
29875,0,0.89142524000276,val
29876,0,0.3707683926733072,train
29878,0,0.827468778745847,train
29882,1,0.3016825876444327,train
29883,0,0.5953391013956205,train
29884,1,0.0339125186101026,test
29886,0,0.2214361655431436,train
29887,0,0.4461972080254421,train
29888,1,0.2676619197880092,train
29890,1,0.3907153072915731,train
29891,1,0.2356211140105921,train
29893,0,0.1516605781419815,test
29894,1,0.1875461270827599,train
29895,1,0.5666696055812692,val
29896,1,0.5347264919401236,train
29898,1,0.3374037799510837,train
29899,1,0.3409466677529094,train
29900,0,0.8236082094303814,train
29902,1,0.294564029854262,train
29903,0,0.4950756621626384,train
29905,1,0.2662888949836632,val
29906,1,0.54547938445759,train
29907,1,0.0642135886880111,train
29909,1,0.1310743864335845,test
29910,0,0.5617359687231323,train
29911,1,0.3590202877075931,train
29912,0,0.5038044232190471,train
29913,0,0.5144017952998761,test
29916,0,0.5864380384580885,test
29917,0,0.8102815923648201,train
29919,0,0.4329464379089254,train
29920,1,0.2332967230900152,test
29922,0,0.6934413222387426,train
29923,0,0.612719428460877,val
29924,0,0.3231707796335109,test
29927,0,0.3148714522056861,val
29928,1,0.1337900977386545,train
29930,1,0.1014293039702668,train
29932,1,0.6128595394020039,train
29933,1,0.3773414937768253,train
29935,1,0.207404970644027,train
29936,0,0.5494121067831339,train
29939,0,0.5379383656861507,test
29940,0,0.7535144564043043,train
29942,0,0.3448567193313041,train
29944,1,0.2722485789687092,train
29945,0,0.7989433735185392,val
29946,0,0.5327272275731214,train
29947,1,0.2101792701490652,train
29949,1,0.1105970891371884,val
29950,0,0.2384188893265884,val
29952,0,0.4157468489428518,train
29953,0,0.7985391828591231,train
29957,1,0.6467541433571412,test
29958,1,0.57223100436124,train
29959,1,0.2514881355257695,train
29960,1,0.5573604441705557,test
29962,1,0.2190695077695866,test
29964,0,0.4932909363905214,train
29965,1,0.6282870608919428,train
29966,0,0.8756719410072626,train
29967,1,0.4286286351346404,train
29968,1,0.1805894528613201,train
29969,1,0.0959647308097783,train
29970,1,0.3348116974716094,test
29971,1,0.3765543773035938,train
29972,1,0.1249858528970878,test
29973,1,0.0988477773488653,test
29974,1,0.429027725505151,train
29976,1,0.2427348937389024,train
29977,1,0.5117283544899739,val
29978,1,0.1411585338184114,train
29979,1,0.230266734383963,val
29981,0,0.275322971191246,train
29982,0,0.7943464909676703,train
29984,1,0.6423487242722323,val
29985,1,0.0715734919916174,train
29986,1,0.2411597272966543,val
29989,0,0.7662065243236593,train
29991,0,0.5908727860094141,test
29993,0,0.6627190310778056,train
29996,1,0.2787080209024261,test
29998,1,0.1921463859915372,train
29999,1,0.4971482663739737,test
30000,1,0.3668184548980895,train
30001,1,0.3820297760251776,train
30003,0,0.4851984019293066,train
30004,1,0.3973182895344137,test
30005,1,0.2219319178651365,train
30006,1,0.2974383702369872,train
30008,1,0.2034964037895597,train
30009,0,0.274875138271397,val
30011,1,0.0761404839722676,train
30012,1,0.2531857725489091,train
30013,0,0.5551987981837572,train
30014,0,0.5937573464413991,train
30015,0,0.3844438162700717,test
30018,1,0.3005357103883349,test
30023,1,0.6409998646880664,test
30025,1,0.4163235029998997,train
30027,0,0.7364762265612954,val
30028,1,0.3352160004905061,train
30030,1,0.2539386601571388,train
30031,1,0.7801840050401598,train
30035,1,0.1576449112554185,train
30036,1,0.2344122495171406,test
30038,0,0.7457600579667677,train
30039,1,0.3918024109868587,val
30040,1,0.6982022026221945,train
30041,0,0.4972813048042754,train
30042,1,0.2240290783832191,train
30044,1,0.7358258921104492,test
30045,1,0.2341216250379274,train
30046,1,0.0879803628292166,val
30048,0,0.6895306377474313,train
30050,1,0.2296449580109938,test
30051,1,0.0520333250893131,train
30053,0,0.6688295718286212,train
30054,1,0.2617228144556464,val
30055,0,0.7391926758611956,test
30056,1,0.0754984628757708,train
30057,0,0.6937514285334845,train
30061,0,0.7019650452820725,train
30062,1,0.1925253690645834,train
30065,1,0.1729700031727523,train
30066,1,0.7436057169780286,val
30067,0,0.3158369620961181,val
30069,1,0.1291459575736282,train
30070,0,0.7114196127110192,train
30072,0,0.9066144836717202,train
30073,1,0.3890925019291352,test
30074,1,0.0870427763444301,train
30077,0,0.6665014489841765,val
30079,1,0.3846290706519114,test
30080,0,0.2271523454749263,train
30081,1,0.3962759741189318,test
30083,0,0.3531097921340408,val
30087,0,0.2066947413671771,train
30088,1,0.134561868734455,train
30089,1,0.421834435256104,test
30090,1,0.4119249840900741,train
30091,0,0.4817636693382595,train
30092,1,0.3936983948731847,val
30096,0,0.6807302392039674,train
30099,0,0.5484290636216242,train
30100,0,0.4245281854577153,val
30101,1,0.3336759983284328,train
30102,1,0.091588120206322,train
30103,0,0.5807771904964723,train
30104,1,0.2344914295543648,train
30105,1,0.5759302432317864,train
30106,0,0.6876133099074777,train
30109,0,0.4141606163374741,train
30110,1,0.1001647078792189,train
30112,1,0.17808277110192,train
30114,0,0.6673012108814056,train
30115,1,0.5328868637079656,train
30118,1,0.4672854746037072,val
30119,0,0.8076152297499999,train
30120,1,0.1473905309933723,test
30122,1,0.7625421169161054,train
30128,1,0.0646388502500904,train
30129,1,0.168290527320051,train
30130,1,0.3202616684862575,test
30131,0,0.6711905997781864,train
30132,1,0.4015929448321553,train
30134,0,0.4186254630088366,train
30135,0,0.54946756646711,train
30138,0,0.7757080450709062,train
30139,1,0.2584278469548939,train
30140,1,0.3875998318815006,train
30141,0,0.4729148179829029,train
30143,0,0.2896778198753691,train
30144,1,0.3734105576788603,train
30147,1,0.1485811892773525,train
30148,1,0.3791172777781859,train
30149,1,0.2000591568721877,train
30152,0,0.7598024482803315,train
30153,1,0.4857706708563356,train
30154,0,0.4414034006258936,test
30156,0,0.1231718310288449,test
30157,0,0.3911319379596756,train
30158,0,0.5498313719357384,test
30160,1,0.1088762955783043,train
30161,0,0.9534700801696312,train
30163,1,0.1601639832295229,test
30164,0,0.380802146889881,train
30165,1,0.265604676710461,train
30166,0,0.5289134953127177,train
30167,1,0.0329133391002955,val
30169,1,0.3631487833819373,test
30170,1,0.2700336313412974,test
30171,1,0.2962957431927258,train
30172,0,0.6503585282658402,train
30174,1,0.0941270317733009,val
30176,1,0.1430136843173113,train
30179,1,0.2147813681545248,train
30180,1,0.3170170383251213,train
30181,0,0.0959511242759019,test
30185,1,0.0533941432896394,val
30186,0,0.3529452076835064,train
30187,0,0.5261994224668247,train
30188,1,0.1803154983007416,train
30189,0,0.7807823648380462,train
30190,1,0.404456154307389,train
30193,0,0.9470134935206468,train
30194,1,0.2331996386765924,train
30195,1,0.0875653762089146,train
30196,1,0.1103335019795525,val
30200,1,0.5319563274137573,train
30202,0,0.4037550083083606,val
30204,1,0.1639435760620831,train
30205,1,0.3353566237086969,train
30206,0,0.5560288158396308,train
30207,1,0.0822626659080287,train
30208,1,0.1599209123546178,train
30209,1,0.1496576480016078,test
30211,1,0.231405408902852,train
30212,0,0.6972541789789419,val
30213,0,0.6683631380659931,train
30214,1,0.118401668678695,val
30215,1,0.3467260440427616,train
30216,0,0.8801082737625425,train
30218,1,0.0993317445985043,train
30219,0,0.4302155087521725,train
30220,1,0.2398031275942193,train
30221,1,0.1024499136691013,val
30222,0,0.1832870499355023,val
30224,1,0.3301625631066158,train
30229,0,0.1482922491311136,val
30231,1,0.2835069193932666,test
30232,1,0.5291440438469857,train
30233,1,0.1214782574251034,train
30234,1,0.4937129109063476,train
30235,0,0.6249338780225122,train
30236,1,0.125272002233845,train
30237,1,0.1990792142757106,train
30238,0,0.6647954929069639,val
30239,0,0.6084887598640949,train
30240,1,0.2377950136419963,train
30241,1,0.3936123135357985,val
30243,0,0.274341898990489,val
30244,1,0.2718192378242323,train
30245,0,0.7284296067011646,train
30246,1,0.3254342413016512,train
30247,0,0.5251270793438981,train
30249,0,0.1628758137282997,val
30250,1,0.2482793659744723,val
30251,0,0.702464184137553,test
30252,0,0.5252469502882156,train
30253,0,0.4782941875480173,test
30254,1,0.1401942728476269,train
30255,1,0.2700335965094883,test
30256,1,0.3184205611199369,train
30257,0,0.4615804625816945,val
30259,0,0.5376246254437094,train
30261,1,0.6109635729503631,train
30262,1,0.1299406191779319,test
30263,1,0.0968555791713142,test
30265,1,0.258351689216697,train
30266,0,0.328568085623433,test
30267,1,0.0406732566839007,train
30269,0,0.4306762449428929,train
30270,1,0.0785364536431599,train
30272,1,0.3673329150250305,train
30273,1,0.0697301105028742,train
30274,1,0.3890601044874942,val
30275,1,0.5452999828125467,train
30278,1,0.0874960515445232,train
30281,0,0.5870924724322788,test
30282,0,0.2824420985149926,test
30283,1,0.385260387894864,val
30284,1,0.2213111408102025,train
30285,1,0.0927983848821795,train
30286,0,0.6798843937828195,train
30287,1,0.2108060797568605,train
30290,1,0.3710533879202452,train
30291,1,0.3803323770503387,train
30292,1,0.2339289721729033,train
30293,1,0.366070981957773,train
30294,1,0.1658832707989689,train
30296,1,0.3037259956725648,train
30297,0,0.8394694028659382,train
30298,1,0.109965758673174,test
30299,1,0.3258584118150516,train
30300,1,0.1401787345371701,train
30301,0,0.6670012818455979,train
30303,1,0.6894041268627853,val
30305,0,0.5916859653174047,test
30306,1,0.0397858947825122,train
30308,0,0.713949646981614,train
30310,1,0.2729725301162281,test
30311,1,0.1681553181704757,train
30312,0,0.5413112980567591,train
30313,1,0.093751730482172,train
30314,1,0.2878162804648011,val
30315,1,0.1474984202545486,val
30316,0,0.7303603874635158,train
30317,0,0.5806698378958859,train
30318,1,0.1311515488071836,train
30319,0,0.76243064985717,train
30322,0,0.5333110893779899,val
30324,1,0.2358530982913109,train
30325,0,0.3718644210857151,train
30326,1,0.3125761522636515,train
30327,0,0.4110559167806336,train
30328,1,0.0428664395322249,train
30329,1,0.5128181381280023,val
30332,0,0.5404328076163896,train
30333,1,0.7340590839361241,test
30334,1,0.3468618125290778,train
30336,0,0.4434829802933921,train
30337,0,0.6011757197838481,train
30338,1,0.3404919563090244,train
30339,0,0.9134282419530384,train
30340,0,0.2058034968803178,train
30341,1,0.786406457974346,train
30342,0,0.7876578440039882,train
30346,1,0.5427872352545569,train
30349,0,0.6332302426825778,train
30350,1,0.5606981397189109,train
30351,0,0.4093016521398944,train
30357,1,0.3439044565406373,train
30358,0,0.1581854372467487,val
30359,0,0.7159224970811251,train
30360,1,0.2433939658107471,val
30361,1,0.3958140252263213,train
30363,1,0.4398025802133525,train
30364,0,0.536959920618023,test
30365,0,0.2926194700347256,train
30366,0,0.6390849300735795,train
30367,0,0.4138848850270556,train
30368,0,0.5464695386587732,train
30369,0,0.1495838985315557,train
30370,0,0.6061843592174172,train
30371,0,0.2685873412013483,train
30373,0,0.5117018825164861,test
30374,0,0.1370532087951261,val
30375,1,0.4398399145298178,val
30376,1,0.332716490142948,train
30377,1,0.2100143055108444,val
30378,0,0.7058072487937181,val
30379,1,0.4861055042425208,test
30380,1,0.3176806616563272,train
30381,0,0.5297116303000399,train
30382,1,0.3437620608478232,val
30383,1,0.1545387175340133,train
30384,1,0.1997548441711254,train
30385,1,0.4116815393802165,train
30386,1,0.4632251124727153,train
30387,1,0.5471042018808694,train
30389,1,0.2613744121266679,val
30391,1,0.1611092279292354,train
30393,1,0.0146633165513151,train
30394,0,0.4010293663347467,train
30395,0,0.604052009137239,train
30396,1,0.2321454910077416,train
30398,1,0.1390935949053324,train
30400,0,0.301756218945893,test
30403,0,0.4812730319121266,train
30404,1,0.3514521888720634,train
30405,0,0.6924190773384825,train
30406,1,0.56029181457328,test
30407,1,0.4359577320172759,train
30408,0,0.5077556535416593,train
30409,1,0.125652920596368,train
30412,0,0.628593838867305,train
30413,1,0.062286662091338,train
30417,1,0.7434423024776529,val
30419,0,0.4751164356263999,train
30422,1,0.5557423967852924,test
30425,0,0.6188233234854381,val
30427,1,0.6569564157959222,train
30428,1,0.2213445681039985,train
30429,1,0.3739980357883452,train
30430,0,0.316658068645401,train
30431,1,0.1183047589843995,train
30435,1,0.0946714895576065,train
30436,0,0.5389217150527692,train
30437,0,0.2267882326705098,train
30438,1,0.2243332094457945,train
30439,0,0.8960442200633683,train
30442,1,0.2835954420513447,test
30444,1,0.1324291745752008,train
30446,0,0.6184702769972383,test
30447,1,0.4607536354322011,train
30448,0,0.6921655992320186,train
30449,1,0.2277773294216123,test
30451,1,0.2759569716465156,train
30453,0,0.4052838669986172,test
30455,1,0.4653444204611539,train
30456,0,0.9281748504663058,val
30457,0,0.5196207173748779,train
30458,0,0.7949090065245101,train
30459,1,0.152881940905836,train
30460,1,0.4901205330361927,train
30462,0,0.4782143628499292,val
30463,1,0.2987024245910341,test
30464,0,0.6819038040794088,train
30465,0,0.6282435685145682,test
30466,1,0.1471655707550641,val
30469,1,0.427355239826648,train
30470,0,0.5374101977321979,train
30471,1,0.5039231640026927,train
30472,0,0.3490722282112456,train
30475,0,0.7442926094710908,train
30476,0,0.7884495300346387,test
30477,0,0.6229970604260477,train
30478,0,0.5412694934712863,train
30479,0,0.7793527644976899,train
30480,1,0.0779655235960171,train
30481,0,0.4793956765304068,train
30485,1,0.1860361751278202,train
30486,1,0.4339306326748497,val
30488,0,0.5192345746096982,train
30489,0,0.3998573405785672,train
30491,0,0.6386921839210158,train
30492,0,0.5985746051641523,train
30493,1,0.3455366356722209,test
30494,1,0.2146269360618398,test
30497,1,0.4977194968595354,train
30498,0,0.5945596137790525,test
30500,1,0.4679825300133604,train
30501,1,0.4129283261351201,train
30503,0,0.93702154770614,train
30504,0,0.2812289476495568,train
30505,1,0.4253773293203666,train
30507,1,0.2337775768720097,train
30510,1,0.3467696764015792,test
30511,1,0.1801982190125839,train
30512,1,0.3394401762445118,train
30513,0,0.7684200171171022,train
30514,0,0.50890357785462,train
30516,1,0.120594717513659,train
30517,1,0.3428372558093023,train
30518,1,0.1182177368800984,train
30520,0,0.6769091837716299,test
30522,1,0.3698545351648151,val
30523,0,0.5438903511091115,train
30524,0,0.5719924251801926,train
30525,1,0.2832057836437448,train
30526,1,0.2858846290374567,train
30527,0,0.6352407361401065,val
30528,0,0.6563572021619188,train
30530,1,0.2566396718241719,train
30531,1,0.0522611139752715,train
30534,1,0.2758470603390576,test
30535,1,0.4743154292076493,train
30536,0,0.2774026774426565,val
30537,0,0.6366071733923842,train
30539,1,0.225287637852259,train
30541,0,0.3495375393985536,val
30542,1,0.3591856264316106,test
30543,1,0.4329949369939313,train
30544,0,0.6984328633636585,test
30545,1,0.5129052889295834,train
30548,1,0.3787565601683468,train
30549,1,0.3318016436109939,train
30551,1,0.3725771902311042,val
30552,1,0.1618910934202002,val
30553,0,0.5458699409286947,train
30555,0,0.5993285181939368,train
30556,1,0.4013267995463766,train
30558,0,0.5653426578620546,val
30560,1,0.1589040837251517,test
30561,0,0.650263492034608,train
30562,1,0.3795516544957481,train
30563,1,0.3824500745597278,train
30564,1,0.2024221401210529,train
30566,0,0.8372611611240415,train
30568,0,0.5453207369606861,train
30571,1,0.3589299673993238,train
30572,1,0.2661244931543099,val
30573,1,0.2799204596259669,train
30574,0,0.493995239410252,test
30575,1,0.8280644019450752,val
30578,0,0.312186924427713,train
30579,1,0.100857553768886,train
30581,1,0.292382599555946,train
30582,1,0.4217717797958262,val
30584,0,0.5658825598731057,train
30586,1,0.2870784283403651,test
30588,0,0.3391351546672048,train
30589,0,0.4066601198175724,train
30591,1,0.2795990239224303,train
30592,0,0.6318652011708181,test
30593,0,0.7747576822300993,train
30596,1,0.0318469800249855,train
30598,0,0.3607432340741833,train
30600,1,0.1538045361036978,train
30602,0,0.7911888151485871,train
30603,0,0.6700841411215219,train
30604,0,0.5878634883120697,val
30606,1,0.2409613332568957,train
30607,1,0.4037828842911959,train
30608,1,0.0852175037733317,train
30609,1,0.100562206336098,train
30610,0,0.6522120825011595,train
30613,1,0.2985834994987612,val
30614,1,0.5259549659963846,train
30615,0,0.9113608009422502,train
30616,1,0.1317264353344351,train
30617,1,0.173679875530513,val
30619,1,0.117827251201467,train
30620,0,0.5140322677565601,train
30622,1,0.2185047646797064,train
30624,1,0.3639471588417946,train
30625,0,0.8812964419529773,train
30627,1,0.3191635477463158,train
30628,1,0.2312024569405155,train
30629,1,0.099048969356741,train
30630,0,0.7359745434947872,train
30634,1,0.0369719442387379,train
30635,0,0.4280872870981584,train
30636,1,0.5172148522726232,train
30637,1,0.3525078306111825,train
30638,1,0.2013954639480391,train
30639,1,0.1436687432591965,train
30640,1,0.3568554121480838,train
30641,1,0.5157534594462803,train
30642,0,0.5248720926823048,train
30644,1,0.1098057202119425,test
30645,1,0.4030031188333806,train
30646,1,0.1665477706392069,val
30648,1,0.5051738101868146,train
30649,1,0.1183657676126862,train
30651,1,0.2220139822099104,train
30652,1,0.2218531841419336,train
30653,1,0.5030875790398115,train
30654,1,0.2450486161149062,train
30655,0,0.6108997384323043,val
30656,1,0.1521688597287201,train
30657,1,0.0576790362020513,train
30659,1,0.0583731802695013,train
30661,1,0.3445652657214699,test
30662,1,0.45758901296646,train
30666,1,0.4961581073362796,train
30671,0,0.5332841518364759,train
30673,0,0.8946741008158818,train
30676,1,0.3162815662238507,train
30677,1,0.5296214739509622,train
30681,0,0.6728956215390913,train
30682,1,0.2298706344808812,train
30683,1,0.5846600878587744,train
30684,1,0.538012375302449,train
30685,1,0.3223085603968459,train
30687,0,0.7130562973457588,train
30688,1,0.3438111020591898,test
30689,1,0.2951486263021494,train
30691,0,0.3054406703057554,test
30692,0,0.3661972678468972,train
30693,1,0.7250346292463054,test
30695,1,0.2865553602429941,train
30697,1,0.1539239352899145,train
30701,1,0.2976462136399351,test
30704,0,0.5498562605080581,test
30708,1,0.6395640513006458,train
30709,0,0.613264830456768,train
30710,1,0.3089725727665378,train
30712,1,0.428377245186722,test
30713,0,0.3640390161378453,train
30717,0,0.7008438611884162,train
30718,1,0.4861973463035683,train
30719,1,0.4407001794449053,test
30720,1,0.1017620363405319,test
30721,1,0.5112114108263839,train
30722,1,0.1654073357689434,train
30723,0,0.6506570196685697,train
30725,0,0.8107937816371472,val
30726,0,0.6797754637980893,train
30727,1,0.4063677864836527,train
30728,1,0.6884875290042783,test
30729,0,0.7269072040633531,train
30730,0,0.4464473000755136,test
30731,1,0.0508634534700283,train
30732,1,0.578142305547849,train
30736,0,0.4514667174906281,val
30737,0,0.1615358676004827,test
30740,1,0.2253945823440821,train
30743,1,0.4005499539116829,train
30744,0,0.7811178743518232,train
30745,1,0.3669848720325377,train
30747,1,0.7740737080445335,train
30749,1,0.1888689755005793,train
30750,0,0.2618476306240783,train
30751,0,0.4101141866291365,val
30753,1,0.6940535053142236,val
30754,1,0.2110539073980214,train
30755,1,0.1119995430537397,train
30759,1,0.2714252242290795,train
30763,0,0.2580011679182207,val
30766,1,0.4249224571964602,train
30767,1,0.3741600092342009,train
30768,0,0.4654211439869962,train
30769,1,0.4323850308052449,train
30770,0,0.8189390067404567,val
30771,1,0.1982662968125866,train
30773,0,0.7338507350282623,train
30775,0,0.6751301859064356,train
30779,0,0.8134165453683444,train
30780,1,0.5649302944169324,train
30781,1,0.425563089241105,train
30785,0,0.2989146944842239,train
30786,1,0.0611629188249071,train
30789,1,0.3026008629705604,train
30790,0,0.6278791154246017,train
30791,1,0.3968133691395268,train
30794,1,0.4813385357504981,val
30795,1,0.4744966039957967,train
30798,1,0.2713019955515833,train
30799,0,0.4141666041131707,test
30800,1,0.3186399652575624,test
30801,0,0.7339656155640444,train
30804,0,0.3802880444258254,train
30805,1,0.2454322491296523,train
30808,1,0.072055741473498,train
30809,1,0.6809142256364561,val
30810,0,0.4934574490879082,val
30811,0,0.591893765612119,train
30814,1,0.2573439152982526,train
30815,0,0.3596402850780168,train
30816,1,0.1404615800404403,test
30817,1,0.3015438300559337,train
30818,0,0.8539960126687106,test
30819,1,0.520461497477817,train
30820,1,0.2624078792620899,train
30822,0,0.7026724090079048,train
30824,1,0.244052055106593,test
30825,1,0.1370060616860846,train
30827,0,0.5650834124277053,train
30828,0,0.5432150017639298,train
30829,0,0.8828571101466829,train
30831,1,0.2981487162639907,train
30832,0,0.9252736273452876,train
30833,0,0.3813351234797931,train
30835,1,0.1689945254477862,train
30837,0,0.4412505155934514,train
30839,0,0.4545013805143617,train
30840,0,0.6688603055381995,train
30841,1,0.5226100910034128,test
30843,0,0.5162572406135068,train
30846,1,0.1131183119883343,train
30847,1,0.108863611269629,test
30850,0,0.6962664961998534,train
30851,1,0.3755589034541716,val
30852,0,0.4653624123873936,train
30854,0,0.2533730682272394,train
30855,1,0.0335615029070688,train
30856,1,0.1210146048323272,val
30858,1,0.1098822079741551,train
30859,1,0.3195304832216998,test
30860,1,0.1407676908315295,train
30861,0,0.3056976355116123,val
30865,0,0.5834561486698383,train
30866,1,0.1247072672280737,train
30867,1,0.7026151299101135,val
30868,1,0.027918148891577,train
30869,0,0.5825576956854301,train
30870,0,0.1493206096092825,train
30871,0,0.4071938965705963,train
30872,1,0.253130496225415,test
30874,1,0.1762802719102948,train
30876,0,0.6344691990931673,train
30879,0,0.3515279187667387,train
30880,0,0.4017047990172708,val
30881,1,0.474514550431996,val
30882,1,0.1768422234684693,train
30883,1,0.1702704459316308,val
30885,1,0.3164338775128014,train
30887,1,0.2361372132767505,train
30890,0,0.492425645600599,train
30892,0,0.3508214130424726,test
30893,0,0.363438521630714,train
30894,0,0.951067313471891,test
30896,1,0.0448885388444354,val
30898,1,0.4077255321207828,train
30899,1,0.3128818451669239,train
30900,1,0.1272009988305323,val
30903,0,0.4552235563085534,train
30904,0,0.689130195176314,train
30905,1,0.0987553767471189,test
30906,0,0.6426734247726642,train
30907,1,0.2903325328162304,train
30908,1,0.1177146980873037,test
30910,0,0.6650739176227844,train
30912,0,0.8360260758927066,val
30915,0,0.6469666647748876,train
30916,0,0.8883352227566698,test
30917,0,0.569131314520644,train
30918,1,0.5630073365792052,train
30919,1,0.3182908386483579,train
30920,1,0.1659780678577695,val
30923,1,0.0853446762899383,train
30924,0,0.2138986344582653,val
30925,0,0.4238704852735068,train
30926,1,0.0301963022813975,train
30927,1,0.1659498049309686,val
30929,0,0.6566608569322386,train
30932,1,0.2091875548227211,train
30937,1,0.0997592518657864,val
30938,1,0.2393268426277214,train
30940,0,0.4229731541348414,train
30942,1,0.1953624480765935,train
30945,1,0.2138536813666782,test
30946,0,0.4902573444534777,test
30947,1,0.4621344063463265,train
30948,1,0.607428608564215,val
30949,1,0.1530707493649027,train
30952,1,0.2233554398698291,train
30953,0,0.912387322712563,test
30954,1,0.1050774295891714,val
30955,1,0.6055223778922145,test
30956,0,0.6208913606688475,train
30958,1,0.1421783437951577,train
30959,0,0.3622193076559528,train
30961,1,0.0265664709634324,test
30962,0,0.6220263340396808,train
30966,0,0.6874723356775008,train
30968,0,0.5989652052272278,test
30969,0,0.465104881036698,val
30971,0,0.19979213498488,test
30974,0,0.3126873094632134,test
30975,1,0.106575475186335,train
30977,1,0.339656953252872,train
30978,0,0.5610905030758214,train
30979,0,0.5715710781839473,train
30980,0,0.2697360899510677,test
30981,1,0.073639653356934,train
30982,0,0.2980909883415068,train
30983,0,0.3194925527558682,train
30984,0,0.8888064239740615,train
30985,1,0.1068911918107715,train
30986,1,0.1995226946662444,val
30988,0,0.7406725067724134,train
30990,1,0.2787734789511231,train
30991,1,0.4137911140587131,train
30992,1,0.3086146349983591,test
30993,1,0.319123487958141,train
30994,1,0.2567045339142739,train
30996,0,0.1072657346081179,test
31000,1,0.0676613172943872,test
31001,0,0.8177142442116059,train
31006,1,0.2164168737024471,test
31008,0,0.3868104275382137,train
31010,1,0.1778251109721985,test
31011,0,0.3916733828673273,train
31012,0,0.7381424841750727,train
31013,1,0.1476503656139487,train
31014,1,0.2309339238195362,train
31015,0,0.855946490250466,train
31016,1,0.1742975468753533,train
31021,1,0.3840921053708369,train
31022,1,0.0638432356552348,train
31023,1,0.151166895367399,train
31024,0,0.4183878225853917,train
31025,1,0.7035459976040441,val
31027,1,0.1517842910491427,train
31033,1,0.210763773801114,train
31034,0,0.6581947246765164,train
31035,1,0.0937962731277937,train
31036,1,0.1905300875124831,val
31037,0,0.2025766052456306,val
31039,1,0.1162507122272703,train
31041,1,0.2054709260976308,train
31043,1,0.1161067834389879,train
31046,1,0.2304080788612974,train
31047,1,0.0462995920125389,train
31048,0,0.746281540437238,train
31049,0,0.4563248698888407,train
31050,1,0.5221782293127764,train
31051,1,0.2338576405818268,train
31052,0,0.7905970861805317,train
31053,0,0.4770377678717845,test
31054,0,0.6832641860729312,train
31055,1,0.4264316128794407,test
31057,0,0.5397592857079434,train
31061,1,0.2375049106552685,train
31062,0,0.4265448017740798,train
31064,1,0.2446863881355757,train
31066,0,0.5867016192146048,val
31069,1,0.0505413242272925,train
31070,1,0.1403963877247902,test
31071,0,0.5118588920856328,train
31072,0,0.3499646346895032,train
31073,1,0.2809878706446176,val
31074,0,0.3885481907084201,train
31075,1,0.1677893014878485,val
31076,0,0.5698292116811386,train
31078,1,0.171981307064431,train
31079,0,0.7885910331273647,train
31080,0,0.8014653752427451,train
31082,0,0.7825838889134531,test
31083,1,0.2200572987687354,test
31085,1,0.2830580481953116,train
31089,0,0.3872628622332342,train
31090,1,0.1510794640969077,train
31091,1,0.137925656048504,val
31092,1,0.2726922960302844,train
31093,1,0.1484885662717294,val
31094,0,0.4079014853125898,train
31096,0,0.9489786457156796,test
31097,0,0.2989279242544419,test
31098,1,0.1681532193583429,train
31099,1,0.4242885588334245,train
31100,1,0.2615769993006296,train
31102,0,0.7117596050769397,train
31103,0,0.5915846872160704,train
31104,1,0.2748678654352923,train
31105,1,0.5073945089326688,train
31107,0,0.4974075854488332,train
31109,1,0.1571450500703837,train
31112,1,0.2186825109854671,test
31113,1,0.214769603868917,train
31114,1,0.3379146168160228,test
31115,1,0.3287039020024593,val
31117,1,0.1141979265760333,val
31118,1,0.321734957038863,test
31119,0,0.9178180039307966,val
31120,0,0.3826131176072518,val
31121,1,0.2936783919376839,train
31122,1,0.2071481254079662,test
31123,1,0.110592082059147,train
31125,0,0.6950701818176712,train
31126,0,0.5334950848892266,test
31127,1,0.4024315098809883,train
31128,1,0.3632330748789016,test
31129,1,0.4285101578335865,train
31132,1,0.1970224000770358,train
31133,0,0.2009422839065694,val
31134,0,0.5661878766099645,train
31135,0,0.4587406769913611,train
31136,0,0.9488776352545262,test
31137,0,0.7207967571870861,train
31139,0,0.7612600682537013,train
31141,0,0.5041270415242449,train
31142,0,0.8993220392640515,val
31143,1,0.1346837288106578,val
31145,0,0.3264933129164725,train
31148,1,0.1616799887893093,train
31149,1,0.2485491351719285,val
31150,1,0.3647877808359903,train
31151,1,0.4139810605856229,train
31152,1,0.7581757060450967,test
31153,1,0.1972400018809754,train
31154,1,0.229319723134676,test
31155,1,0.23914749030659,train
31156,1,0.1575289754473087,train
31157,1,0.1221803774061602,train
31158,0,0.4060250892851227,train
31160,1,0.0355578716048061,train
31161,0,0.3121341584712008,train
31163,1,0.318362058488703,train
31164,0,0.3951716574406715,test
31165,0,0.6893888161754046,train
31166,0,0.8536124921552183,test
31167,0,0.7999002458435766,val
31170,1,0.1927359310953001,train
31172,1,0.3719661159986068,train
31173,0,0.7694606548715179,train
31175,1,0.1306221478494554,train
31177,1,0.1752908146620108,val
31179,0,0.6517481672388163,train
31211,1,0.0182174099332991,val
31212,0,0.5374934498625068,train
31213,1,0.2810339513554284,train
31214,1,0.2971242706325724,train
31215,1,0.4647789740064992,train
31218,1,0.0049400622237797,test
31219,1,0.1988197837895532,train
31221,1,0.3495715238677915,val
31223,1,0.4607460282354652,train
31226,1,0.5650660279323106,train
31227,0,0.4256678636518678,test
31228,0,0.7152557473225027,val
31229,1,0.3037596832457165,train
31232,0,0.3823001507461213,train
31233,1,0.2671716948553355,test
31234,1,0.6431303454503412,test
31235,0,0.4404808699988285,test
31236,1,0.4333151517513604,train
31238,0,0.6867844438027106,train
31239,1,0.1005937024584623,train
31240,1,0.3744589236831912,val
31241,0,0.8131345966614912,train
31242,0,0.7090098091464174,val
31243,0,0.892776773155851,train
31244,1,0.050970786566693,train
31245,1,0.4597817621994733,train
31246,1,0.0576639792985349,train
31247,1,0.2451248882965364,train
31250,1,0.4342377731265238,train
31251,0,0.5825939419088005,val
31253,0,0.659525688610509,train
31254,1,0.2768289177505489,train
31255,1,0.3503743285099303,train
31258,1,0.1917722065762316,train
31259,1,0.2438376299758268,train
31261,1,0.566135126431025,val
31264,1,0.0927461983709305,train
31265,0,0.7613716912203249,train
31266,1,0.7535882572517427,train
31267,1,0.4616202138564815,train
31268,0,0.4021400765949419,train
31269,1,0.0366596890400449,test
31270,0,0.2273199925022258,train
31273,1,0.1317562757789284,val
31274,1,0.0370977082002955,train
31276,1,0.1539103132034728,train
31277,1,0.3630415552270093,train
31278,0,0.7325891830917688,train
31280,1,0.3365592669299256,train
31281,1,0.3587263637306227,train
31282,1,0.1699108176660043,train
31285,1,0.1511800707099007,test
31286,1,0.5965729037496631,val
31287,1,0.1409323452370087,val
31288,0,0.4755226543239899,train
31290,1,0.5506596272154496,train
31291,1,0.3813925935820725,test
31295,1,0.3185792236660935,val
31296,1,0.4222183731784009,train
31298,1,0.3084464328730202,train
31299,0,0.4074766857115374,train
31300,0,0.8613356314875531,train
31301,1,0.3802032142830679,train
31302,1,0.112341340455909,test
31303,1,0.0952679644387144,train
31306,1,0.482789430235759,train
31308,0,0.8347700689807214,train
31309,1,0.3898321937953748,val
31310,0,0.8149418487392555,train
31311,0,0.5796813325829053,train
31312,0,0.7283927213936585,test
31313,1,0.0190608420865544,train
31315,0,0.7265745371002249,train
31316,1,0.1182268100107415,train
31317,0,0.5525109707848259,train
31318,0,0.3652807831220107,train
31319,1,0.1418835586448653,test
31320,0,0.8863217795264073,train
31321,1,0.2105333388016751,train
31323,1,0.369262932167509,val
31324,1,0.3298948231316315,train
31325,1,0.104921178586268,train
31326,1,0.414342545524019,train
31327,1,0.4638583430682433,train
31328,1,0.5117194328943266,val
31329,1,0.2462881296641779,train
31332,0,0.3108404010658731,test
31335,1,0.3461223131009568,train
31336,0,0.3953499581542432,train
31337,1,0.2917244147273081,train
31339,1,0.5475051783079641,test
31341,1,0.2791653567699333,val
31342,0,0.4562338282272116,test
31344,1,0.1461693230190586,val
31345,0,0.4288971545308018,train
31346,0,0.5254836835386616,train
31348,1,0.1685772208236212,train
31350,0,0.4674470095463253,train
31352,0,0.5936528634985085,train
31354,1,0.2441694394955782,val
31355,0,0.5027003378893259,train
31356,1,0.4548244561718093,train
31358,0,0.666420635426649,train
31359,1,0.3648598511396291,train
31360,1,0.1778400498252472,train
31361,1,0.3789132923061467,train
31364,1,0.2487357042521606,val
31365,1,0.6217109016013138,train
31366,1,0.3357010692207914,test
31367,0,0.6270994283629615,train
31368,0,0.8886494313450464,train
31370,1,0.4959651500351925,test
31371,1,0.3751498252309772,train
31372,1,0.3722153264638409,test
31373,0,0.391084705732542,train
31375,1,0.1040311580543682,train
31377,1,0.2986643857843282,train
31381,0,0.404979376299826,val
31382,1,0.5517251169613918,test
31383,1,0.7889399043453955,test
31384,0,0.6620583822959599,train
31385,1,0.4818704799729576,train
31388,1,0.4478711045847875,train
31389,1,0.3264467662204608,train
31396,0,0.5483835800725805,train
31397,1,0.2454518731202766,train
31399,1,0.4508097880095835,train
31401,1,0.3015471094485032,train
31404,1,0.1822879907135774,train
31405,1,0.2973497626205075,train
31407,0,0.6845128890822052,train
31409,1,0.1910383201671222,train
31411,1,0.7911768770175155,val
31412,1,0.0531682806235314,train
31413,0,0.5587202867418526,train
31414,1,0.4203548674059471,val
31416,0,0.911139286765825,train
31417,0,0.4523829894302398,val
31418,0,0.6499751558437764,train
31419,0,0.8261378125165142,val
31420,1,0.0130012834275522,test
31421,0,0.7434908238296923,val
31422,1,0.1057591766020448,train
31423,1,0.2357872552401637,train
31424,1,0.3105175465640799,train
31426,1,0.6340075904131499,test
31427,1,0.108066142764285,train
31429,0,0.4232775650040604,train
31432,0,0.8806680169790503,val
31433,1,0.1513263438315746,test
31436,1,0.1891604904624397,val
31438,1,0.5687971396686059,train
31441,1,0.4539463259903629,test
31442,0,0.694151083230842,train
31443,0,0.4070182384692841,train
31444,1,0.4147544911686079,train
31445,1,0.4159828870610977,train
31447,0,0.4531879205838593,test
31449,0,0.4943923050352858,train
31450,1,0.159359931901573,train
31451,1,0.1835333591251192,train
31452,0,0.5820868686224795,val
31454,1,0.4138066746794605,train
31456,0,0.2931419455692345,test
31457,1,0.6339442610391848,train
31458,1,0.1873996439144802,test
31460,1,0.4641029144957495,test
31461,1,0.3936407266947236,train
31465,1,0.3633527972032135,test
31466,0,0.6011164923874366,train
31468,0,0.5855509795251822,val
31469,1,0.2268390116601382,train
31471,0,0.251339146193414,test
31474,0,0.4406877754929488,test
31476,1,0.0523271748202954,train
31478,0,0.2516889225435589,train
31479,0,0.1510840746244984,train
31480,0,0.5400705936336575,test
31482,1,0.1165475462927472,train
31484,1,0.5987343855671594,test
31485,1,0.5628581221461242,train
31488,1,0.2566920988654987,test
31490,1,0.3804349374106941,train
31492,0,0.4021619234618174,train
31495,1,0.174528283149293,train
31496,0,0.3554746252809626,train
31497,0,0.2179770560830936,train
31498,0,0.6110840923589281,train
31499,1,0.0775881725117828,train
31500,1,0.288516936884527,train
31501,1,0.3025319720277398,test
31505,0,0.5927703576387086,train
31506,1,0.174215549057236,train
31507,0,0.6123664705127478,test
31508,1,0.1381174509850279,train
31509,0,0.6965960952077539,val
31511,0,0.4812207075504805,test
31513,1,0.7131519604635979,val
31515,0,0.4622608309880358,train
31516,0,0.5719439624220529,val
31517,1,0.0259751393542063,test
31519,0,0.4603404895905207,train
31520,0,0.6319938253181908,train
31521,0,0.5783762953086435,train
31522,1,0.3720225592480616,test
31524,1,0.1360504137285341,val
31525,0,0.2323894954710698,train
31529,1,0.1251703553873702,train
31530,1,0.1361592124108077,train
31531,1,0.3118972548788746,train
31532,1,0.6310926759888673,train
31533,1,0.6374013305001145,test
31536,0,0.8448711543735901,val
31537,1,0.0286527404463572,train
31538,0,0.2443761922900058,train
31540,1,0.3142872945225232,train
31542,0,0.9137838649576026,train
31543,1,0.1460503586959866,train
31545,1,0.5499051537448207,train
31546,0,0.6074048116946646,train
31547,1,0.0821596067797832,train
31548,0,0.209539667193754,train
31550,1,0.6520298539967173,train
31551,0,0.5731556022746049,test
31555,1,0.2573114457813559,train
31556,1,0.0681565133789358,train
31557,0,0.6796843245445753,train
31559,1,0.4401068236967619,train
31562,0,0.6603643983647605,train
31566,1,0.2406597838808518,test
31567,1,0.3035834945877773,train
31568,1,0.442287215932282,train
31569,1,0.0484589185749998,val
31571,1,0.2578484306714906,train
31573,1,0.6326533022288172,test
31574,1,0.3128268572522488,train
31575,0,0.5238763348843178,val
31576,1,0.1591182358098201,train
31577,0,0.3220839234940825,val
31578,1,0.3210599779204982,train
31579,1,0.3749386865010771,train
31580,1,0.3227390581194355,train
31581,0,0.5852259862270566,train
31584,1,0.1048389452161637,train
31585,1,0.7497818143260611,train
31586,1,0.1360761567958379,train
31587,1,0.8387598097252651,train
31588,0,0.7139585204412815,train
31590,0,0.5819230878751894,train
31592,0,0.4192295206670134,train
31593,0,0.4910175536625497,val
31594,0,0.3943935751335383,train
31595,1,0.2846192990568574,train
31596,0,0.1868747895691188,train
31597,1,0.4066830770283068,test
31598,1,0.2796041978895682,train
31599,0,0.1270782867665763,train
31601,1,0.1708218939956931,train
31602,1,0.1924239564603118,train
31605,1,0.1891997110416767,test
31606,1,0.1541440132892032,train
31608,0,0.8198504508585307,train
31610,1,0.2265713014932839,train
31611,0,0.5856394542225032,train
31613,0,0.27454915551111,train
31615,1,0.4215347978934364,val
31616,1,0.2487520159582937,train
31617,0,0.5680581372670177,train
31618,1,0.2635554156134153,train
31620,1,0.13669305133489,val
31621,1,0.2007733364277155,train
31622,0,0.8924287037009908,test
31624,0,0.5797911892583627,train
31625,0,0.5372415336879348,train
31626,0,0.3811010126391501,test
31627,1,0.2528031835834685,train
31628,0,0.2118417815081285,test
31629,1,0.3464434322385683,val
31630,0,0.5309147730283348,train
31631,1,0.2313205908396901,val
31632,1,0.5377422230196884,train
31633,0,0.5738856240538134,val
31635,1,0.3072999980173566,test
31638,1,0.566620074886708,train
31640,1,0.0747548623068358,train
31641,0,0.8641444240452303,val
31642,1,0.8225184590563923,train
31643,1,0.3389779747706045,train
31644,0,0.4782120834832458,train
31645,0,0.4158888621141595,train
31646,0,0.5619347208858366,train
31649,1,0.4924784787996707,train
31650,1,0.1738185342495154,train
31651,0,0.6525661912327054,train
31652,1,0.1506805684677704,train
31653,1,0.0462213205440934,train
31655,0,0.5214284026983664,train
31658,1,0.1420815872447263,train
31660,1,0.2369678925830182,train
31661,1,0.1003866530922829,train
31662,1,0.6570357422119736,train
31663,0,0.3754660054247931,val
31664,0,0.3882405790523642,test
31665,0,0.6669400977367759,val
31670,0,0.2973146564430571,train
31672,1,0.2186606252296697,test
31673,1,0.2917931903525933,train
31674,1,0.1966325079164057,val
31676,1,0.395782462785049,train
31679,1,0.1640636107588432,train
31680,1,0.0078560317716023,train
31682,1,0.1693239873230893,train
31683,1,0.2535573961910238,train
31684,1,0.3936184815692748,train
31685,0,0.6913774054359739,train
31687,0,0.8742674196960046,val
31688,1,0.5222231470995442,train
31690,1,0.0438634278789964,train
31691,0,0.4150538054526528,val
31694,0,0.5678870160031309,train
31697,0,0.4378031226533717,val
31699,0,0.928434247284103,train
31701,0,0.7315636474644549,train
31703,1,0.4120522629329082,train
31707,0,0.4058965052880614,val
31708,1,0.2828938297555827,test
31710,1,0.2311137176097611,train
31711,1,0.2154915523351376,train
31714,1,0.4616702264074068,train
31715,1,0.1350357214885432,val
31716,1,0.2424013587216197,train
31717,1,0.1893523324460718,train
31718,0,0.5093623287109494,train
31719,1,0.0464050241636894,train
31720,1,0.1168234219487951,train
31722,0,0.6643991176022981,train
31723,1,0.2262556162609987,train
31724,0,0.2796484380110872,val
31725,1,0.8641805150131514,test
31726,0,0.347867517739621,train
31727,0,0.7268559452782652,train
31728,0,0.6453781461433745,train
31729,1,0.1168421863015097,train
31732,0,0.5803587998301247,train
31734,1,0.0710754743201059,train
31735,1,0.1237291826622415,train
31738,1,0.0749056290020571,val
31739,1,0.3945862203057431,val
31740,0,0.2412045466142861,test
31741,1,0.4817719125583209,train
31742,0,0.8983743817450316,train
31743,1,0.2134123805896274,val
31744,1,0.5331692633717358,test
31746,0,0.5773328371386608,train
31747,0,0.3030191857574154,val
31748,0,0.812810469232495,test
31749,0,0.8580952682759266,train
31750,0,0.1915260847263722,test
31751,1,0.2410275815331258,train
31752,0,0.4718372694671935,train
31756,1,0.5134458217207007,train
31757,0,0.2643424980895139,train
31758,1,0.3468826748122484,train
31759,0,0.4797773391461188,train
31760,0,0.3976547066214733,train
31761,0,0.6002173709967682,train
31762,1,0.3119948533067528,train
31763,0,0.5462525250239475,train
31764,1,0.4370527173004099,train
31766,0,0.3247783892015513,train
31767,1,0.1269193058920729,test
31769,1,0.1431942575525476,train
31771,1,0.5562181760831519,train
31772,1,0.0513527137565313,val
31775,1,0.4841199877237456,train
31776,1,0.466839936664565,val
31777,1,0.3466083505890373,train
31778,1,0.2018066628496151,test
31781,0,0.5056557852084222,train
31782,1,0.4848392441616765,train
31783,1,0.1204104748811872,test
31784,1,0.4933863251006151,train
31785,1,0.3593528038320095,train
31786,1,0.3337411743321712,train
31787,1,0.1036973433840565,train
31791,1,0.3513439051634437,train
31794,0,0.6501665402376922,train
31796,1,0.660961287683983,train
31797,0,0.7746419209731146,train
31799,1,0.1148043225017318,train
31802,1,0.0805085403046588,train
31803,1,0.2731280395133547,train
31804,1,0.1715713572232587,val
31807,0,0.1595809346141352,val
31808,1,0.2382648344033756,train
31811,0,0.428548894126925,test
31812,0,0.3458662174298931,train
31813,1,0.0998557457219115,train
31817,1,0.1380285267608564,train
31820,1,0.1489830595910941,train
31821,1,0.6940925881459145,train
31824,0,0.7703724951517439,train
31825,0,0.5106802475814397,val
31826,1,0.5404962188231279,train
31827,1,0.0786082644392096,train
31828,1,0.605466673019845,train
31829,1,0.328545025606577,train
31831,1,0.0922012539952427,test
31833,1,0.3246523383511143,train
31835,0,0.6502896992596283,train
31836,0,0.5935942756535886,test
31838,0,0.6796061182339781,train
31839,1,0.1049435851972807,train
31840,0,0.7651439587364962,train
31841,1,0.3914015064937474,train
31842,1,0.062757277062407,val
31843,0,0.5750850037830386,train
31846,1,0.1801448269543554,train
31847,1,0.1050362018378697,val
31849,0,0.7727656199627309,train
31850,0,0.6444426484554514,train
31851,0,0.4958724454373878,val
31852,1,0.3427115973198149,train
31853,1,0.2739993727566825,train
31856,0,0.7583875543750004,train
31857,1,0.0936177495719753,train
31859,1,0.6877252771062268,val
31860,0,0.5277951071454607,test
31863,0,0.5367271586757258,train
31865,1,0.5832693474365187,train
31866,1,0.1290843398639339,train
31867,1,0.1749384256697504,train
31868,1,0.1274560839799671,train
31869,0,0.9578949905601012,train
31870,1,0.3670051403657499,val
31871,0,0.5366864238956908,train
31872,1,0.3907798395708742,train
31873,1,0.266527696848421,train
31877,0,0.2127285582108278,test
31878,0,0.5265830362327968,train
31879,1,0.5430168677477452,train
31880,0,0.3994907687843267,val
31881,0,0.8215999333033603,train
31882,1,0.800347749628467,test
31883,0,0.0521104635622901,train
31886,1,0.0778952735287838,test
31893,1,0.0997707181745807,train
31894,1,0.1834488627297645,val
31895,0,0.3597878405688799,train
31896,1,0.0740287369252585,train
31898,0,0.7318319060791971,train
31901,1,0.1225713073823916,test
31902,1,0.320213817013376,test
31903,0,0.7585278961316576,test
31905,1,0.622698682151317,train
31907,1,0.1942341800338657,train
31908,0,0.8618178658712341,test
31909,0,0.8475868623577222,val
31912,1,0.1783218462755403,train
31914,0,0.2496573788074425,train
31916,0,0.5444874657869145,train
31917,1,0.1778029238146474,test
31919,0,0.595321180402108,train
31920,1,0.0410811884315173,train
31921,1,0.5313237532442949,train
31922,1,0.5355640407503772,train
31924,0,0.6818323303976249,val
31925,1,0.1964672920509254,train
31928,0,0.7648927941386413,val
31929,1,0.3343094044663343,train
31932,1,0.0698442073218471,train
31933,1,0.2369985451415992,train
31934,1,0.3659354105949534,train
31935,1,0.130179928812042,test
31936,0,0.2886727749363011,train
31937,0,0.7911881307417157,test
31941,0,0.4729509181323463,val
31943,1,0.2474919300115409,train
31944,1,0.1557179575500544,train
31945,1,0.1561365603810041,train
31946,0,0.6756101329348037,train
31947,1,0.1758645179351218,train
31948,1,0.3149205618253936,train
31949,1,0.4822486661014352,train
31950,1,0.3081650513824956,train
31951,0,0.5336634284028171,val
31954,0,0.3525629552364907,train
31955,0,0.5111712405390307,train
31956,1,0.1897642855381697,train
31957,1,0.2598853439738552,train
31958,1,0.0395178225699893,test
31959,1,0.0468117649567478,test
31960,1,0.0327730122274312,val
31961,1,0.4904299034867824,train
31962,0,0.5752188736025473,train
31963,0,0.7453656109080458,train
31967,1,0.7955705157981509,val
31968,1,0.5174028786215239,train
31969,0,0.4044383958909898,val
31970,1,0.1346637703158176,train
31971,0,0.8942105131215337,train
31976,1,0.1330785519957319,test
31980,0,0.4777421922517538,train
31982,1,0.194887882481226,train
31984,1,0.4029141558135601,train
31985,1,0.7542651205246337,train
31986,0,0.4649980660647619,val
31988,1,0.5344395884950328,test
31989,0,0.3313167019159714,train
31990,0,0.4521731354886743,test
31992,1,0.4460973073694594,train
31993,0,0.9134127514052498,train
31994,0,0.478925373536757,train
31995,1,0.2941162152065499,train
31996,0,0.5677333865511196,train
31998,1,0.1078996579372553,train
31999,1,0.4502666404298524,train
32002,1,0.1003917230126583,train
32003,1,0.2452032363439922,val
32005,1,0.1146698787050698,train
32006,1,0.1313894276299214,train
32007,0,0.5825139844461102,train
32009,0,0.879398511446961,train
32010,1,0.2564026040414215,test
32011,1,0.5069645299460971,train
32013,0,0.4369186227141822,test
32014,0,0.3954458428228098,train
32016,0,0.2794790972574621,train
32017,1,0.381061228835839,train
32018,0,0.5795482474116114,train
32019,1,0.2369049926780693,train
32021,1,0.1617536126401048,train
32022,0,0.569629320937341,train
32024,0,0.5806283043576086,train
32025,0,0.7889936949648764,train
32026,0,0.5380913278824919,train
32027,0,0.512042660484393,train
32028,1,0.3797679309893532,train
32030,0,0.9281692837886212,test
32031,1,0.1246352487262699,train
32032,0,0.2219916047875304,train
32033,1,0.40027624511378,test
32034,0,0.6773099344868256,test
32035,1,0.3160164564161738,train
32036,1,0.3711406020736693,train
32038,1,0.5105358388636319,val
32040,1,0.1496619649166738,train
32041,1,0.1527033188485957,train
32042,0,0.2551702465635048,train
32043,1,0.1781181253334139,train
32044,1,0.2726575972435866,train
32045,1,0.5640166796461449,test
32046,1,0.4009028181531241,train
32048,0,0.7271028911683501,train
32049,1,0.462606409575914,train
32050,1,0.4183806733621512,test
32051,1,0.6133076224612617,val
32052,0,0.7462025172966436,val
32053,0,0.7768883919984753,train
32055,1,0.2275782183668034,val
32056,0,0.4335824384127009,train
32058,1,0.0621894788725261,train
32059,0,0.6792498551335604,train
32062,0,0.5625734344616402,train
32063,1,0.5256504380454383,train
32064,1,0.3518727042648658,train
32066,1,0.4603670122511697,train
32067,0,0.4388716084377568,train
32069,0,0.9267138654668606,train
32071,0,0.8988654274425918,train
32072,1,0.4653468229271345,train
32075,0,0.3279386886737377,train
32080,0,0.6688237699623377,train
32081,0,0.14232818139995,val
32082,1,0.1181586666036896,train
32083,1,0.2938486463188894,train
32084,1,0.2583205561331545,train
32085,1,0.2085733526079423,train
32087,0,0.9274643919374131,train
32088,1,0.2827098112276535,train
32090,0,0.7864248401652604,train
32091,1,0.0420367236454998,train
32093,1,0.3257656250485166,train
32095,0,0.5486551428820003,train
32096,0,0.1959842028698913,train
32097,0,0.5737411502884107,train
32099,1,0.4181622509375743,train
32100,1,0.1597669360694676,test
32102,0,0.484213914340492,train
32103,1,0.4701911694982926,train
32105,0,0.6712086655829721,train
32106,1,0.1406845375107625,train
32108,1,0.5227058900129681,train
32109,1,0.0581666271807893,train
32110,0,0.5656916919401056,train
32111,0,0.8911020930804566,test
32117,1,0.1277869927599326,train
32119,0,0.198924972411174,test
32120,1,0.037605267165485,train
32122,1,0.1448256473015743,val
32123,0,0.5980438689416715,train
32125,0,0.3815998193028492,train
32126,0,0.7033758800600951,train
32127,1,0.1670747877084776,train
32128,1,0.2014934918344872,test
32129,1,0.4546139264226163,train
32130,0,0.5307751662486403,test
32132,1,0.2104006256587774,train
32133,0,0.6040214722343388,train
32134,1,0.0354684114236971,val
32135,0,0.4310550106189569,val
32136,1,0.1051311798046548,train
32137,1,0.1328735513075575,train
32140,1,0.4399761710836964,test
32141,1,0.1434970401013082,train
32142,1,0.5140874420871249,val
32143,1,0.3343986926079314,train
32144,1,0.3062211227074198,test
32145,0,0.1161589070776791,train
32146,1,0.1579474482160816,train
32149,0,0.6227446557528877,train
32151,1,0.515061215508045,train
32152,1,0.1076046962135287,train
32153,0,0.5095218118281155,test
32154,0,0.7539380848232178,train
32155,1,0.0367393796039894,train
32156,1,0.1391131605872345,train
32158,0,0.4635929434967033,train
32159,1,0.1081712309290627,val
32160,1,0.064101789878073,test
32161,0,0.9037430855592752,train
32162,0,0.8363555396515032,train
32164,1,0.1539954676119169,val
32165,1,0.3932728070896171,train
32168,1,0.3839669304372547,test
32169,1,0.2699502780905571,train
32171,1,0.2485571130638546,train
32172,1,0.1334126646019146,train
32174,1,0.1181417686038862,train
32176,1,0.4706850630488198,val
32177,1,0.5009703414504223,train
32178,1,0.1467415296264869,train
32181,0,0.7480752017869794,train
32182,1,0.4672501085152196,val
32183,0,0.5663628732500635,train
32185,1,0.6325028912649027,train
32186,0,0.5261626483643762,test
32187,0,0.6332107041895426,train
32188,0,0.8680548187713082,train
32189,1,0.0211896901296556,train
32190,0,0.5222914094999623,train
32191,1,0.1974107699064495,train
32192,1,0.1856073418294781,train
32193,1,0.7777378203154641,val
32194,0,0.3113944701452354,val
32196,1,0.1928491186466771,train
32198,0,0.3394389088793645,test
32199,0,0.5832150893920607,train
32201,0,0.5817547192175299,train
32207,0,0.8093531946619219,test
32208,1,0.1289719075626527,train
32209,0,0.4538660758622292,test
32210,1,0.4165406917390872,val
32212,1,0.1265145253071495,train
32213,1,0.638037122920571,train
32214,0,0.5140493086126594,train
32215,1,0.1156646655377228,val
32218,1,0.1269701750232664,train
32219,1,0.4586272360636605,train
32221,0,0.8302813677845907,test
32224,1,0.3398469651006456,test
32225,1,0.1826645414476717,train
32227,1,0.3169055694136756,train
32228,1,0.0745375007846133,test
32229,1,0.2911200635456377,train
32230,0,0.5181684598130094,train
32231,0,0.3932127620087062,train
32233,0,0.8867093925519559,val
32234,1,0.2677267789552608,train
32236,1,0.8022977075687395,test
32237,1,0.1011854255968959,train
32238,0,0.6410731373541377,train
32239,1,0.0817096282631372,train
32240,1,0.631588043868115,test
32241,1,0.5503579853748748,test
32242,1,0.2802868214124505,train
32243,1,0.2624127242410325,train
32245,1,0.0643452526998148,train
32248,0,0.3972881819618765,train
32249,0,0.3039707354155158,train
32250,1,0.2098070178379724,test
32251,1,0.4667319317949085,test
32252,0,0.7044704471246931,train
32253,1,0.3065449800343517,test
32254,0,0.5368669058312938,val
32255,1,0.1540848823637054,val
32256,1,0.3252589155054441,val
32257,1,0.1695176820284275,val
32258,0,0.3705759879112786,val
32260,0,0.6682987857838613,val
32263,0,0.757881896849758,train
32264,1,0.1599922317841903,val
32265,1,0.4852824687835796,train
32268,0,0.6353146089558046,train
32271,0,0.3300464252445574,train
32273,1,0.1392441021134156,train
32274,0,0.9751898661511876,train
32275,1,0.9261670804138558,train
32276,0,0.3707936847795355,train
32277,1,0.300472193098441,test
32278,1,0.3433087048344251,train
32279,0,0.7651361715642954,train
32280,0,0.6224550600765465,train
32281,1,0.2269607203280818,val
32283,1,0.2408531328343863,test
32284,1,0.5744604704743235,test
32285,0,0.2523458735299237,train
32286,1,0.1604938003069392,train
32289,0,0.586022465514654,train
32290,1,0.3878883203715798,test
32291,0,0.475562629738431,val
32292,1,0.1274858869598191,train
32293,1,0.2700239385892559,val
32294,1,0.404449359040589,test
32296,1,0.1226011692341259,train
32298,0,0.4920357681458992,test
32301,1,0.0457575859088742,train
32302,1,0.0818099935886366,train
32306,1,0.5947053925585561,val
32307,0,0.3865137219821081,train
32308,0,0.7261576102863991,train
32310,0,0.4940904403733159,train
32311,0,0.909159870672966,val
32312,0,0.6764509509179639,train
32313,0,0.2852326053347619,train
32314,1,0.2998515357595723,train
32315,1,0.2175572469727321,train
32316,1,0.0700882223752886,train
32317,1,0.5627373551630057,train
32318,0,0.901629446538476,train
32319,1,0.0759989033431566,val
32321,0,0.7361034931528803,train
32322,0,0.4399772344293483,train
32323,1,0.3071017180972288,train
32324,0,0.4194279243873426,train
32325,1,0.3004523730336353,test
32326,0,0.4983120510120156,val
32328,1,0.1599716704847844,train
32331,0,0.5392225024877981,train
32335,0,0.6586319803188321,train
32336,1,0.2580751750810389,test
32337,1,0.3587512428674779,test
32338,1,0.4952364907150316,train
32339,1,0.6765872546726808,val
32340,1,0.6388686600405733,train
32344,1,0.4898643152733279,test
32345,1,0.2699549381614431,train
32347,1,0.0957610637740575,train
32348,1,0.2958335853266768,train
32349,1,0.4010394189182616,train
32350,1,0.1837137680034138,test
32351,0,0.3140190538613241,val
32352,0,0.7077908390067165,val
32353,1,0.2939076183566688,train
32354,1,0.5714049613452099,train
32355,1,0.1774031010492901,train
32357,1,0.192510358004681,train
32358,1,0.0795610865257182,train
32360,0,0.4996935229694025,val
32361,1,0.3454096611518353,val
32363,0,0.44947899950121,train
32364,1,0.2259854354406804,train
32365,0,0.2919198862634063,train
32367,0,0.4963115069669693,train
32368,1,0.6541046066744453,val
32371,1,0.7218299939304551,train
32372,1,0.1164216241726974,test
32373,0,0.5973618795516238,train
32374,1,0.5652757763200142,train
32375,1,0.3975661070242199,train
32376,0,0.4777614696840544,train
32377,0,0.6250244603654742,test
32378,0,0.6745880399262425,test
32379,1,0.281169010188278,test
32381,1,0.3360115358885398,val
32382,1,0.3751885937171064,train
32385,1,0.1319975064796661,train
32388,0,0.6867512666199599,train
32391,1,0.8688551044276058,train
32393,0,0.6750728745870515,test
32394,1,0.0319283634098086,train
32395,1,0.0352460570159282,train
32399,1,0.0899179558953839,train
32400,1,0.2748282216545564,train
32405,0,0.5694365475131389,val
32406,1,0.4693732378157724,train
32407,0,0.8605058106036219,train
32408,1,0.579249980439385,train
32409,0,0.2110208296226543,test
32411,0,0.2179914551868678,test
32412,1,0.1651972301089184,train
32414,1,0.0425200978081943,train
32416,1,0.1364129511419377,train
32417,1,0.2666456377733479,train
32420,1,0.1833943030420253,train
32422,1,0.61235782525941,train
32423,0,0.2393212224804414,test
32424,1,0.2505310777379869,test
32426,1,0.6650121901962663,train
32427,0,0.4775417428850222,train
32428,1,0.3714056844704204,train
32431,1,0.2880328278442806,train
32434,1,0.1106667298358147,val
32435,0,0.419601248151819,test
32436,0,0.5986851782220496,train
32437,1,0.5757475540320494,val
32438,0,0.5005693781701894,train
32440,1,0.1996594712600714,test
32441,0,0.7381535064422391,train
32443,1,0.2857985850374014,train
32444,0,0.7333833779824607,train
32445,0,0.3847866922895646,train
32446,1,0.0644385167454457,test
32447,1,0.0756822472922443,train
32448,1,0.1206716877549204,train
32449,1,0.1139543788229133,train
32450,1,0.581994226331535,val
32452,0,0.6591074725736641,train
32453,1,0.1903622777534909,train
32455,0,0.5120684144514922,val
32456,1,0.0443579418033017,val
32457,1,0.2912585646499321,test
32458,1,0.3186288126548597,train
32459,0,0.3752249611520678,train
32460,1,0.1062763806985048,train
32461,0,0.472188308960801,val
32462,1,0.0647725031363782,test
32463,1,0.2014410957320175,test
32468,1,0.3336539248176218,train
32470,1,0.3139806505702421,train
32471,0,0.4775485044914987,train
32472,0,0.3903966164479509,test
32473,1,0.3822678843423018,train
32474,1,0.1029650983833826,test
32476,1,0.2566877841707313,train
32477,0,0.3389342026924691,train
32478,1,0.0713384246345109,train
32479,1,0.177519033544379,train
32480,1,0.5932172540077916,test
32481,1,0.148962117636074,test
32482,1,0.286333542368219,train
32484,0,0.852775406509292,train
32485,0,0.5255415918260937,train
32486,0,0.5091923320893763,train
32487,1,0.570364873010124,train
32488,0,0.5293402529558185,train
32490,1,0.1770788518610433,train
32491,0,0.5046517565772201,test
32492,1,0.4561483093032026,val
32493,0,0.8814529872911704,test
32494,0,0.4289936372750375,train
32497,1,0.054997137374369,train
32498,0,0.5517860530660517,train
32499,1,0.194424775261858,val
32500,1,0.1703748652140748,test
32503,0,0.2849436163180795,val
32505,1,0.0661816595024679,train
32511,1,0.1167241501311159,test
32512,0,0.2987862226951268,val
32516,1,0.085447397754204,train
32517,1,0.0413569015063243,val
32518,0,0.6219349103041507,train
32521,0,0.730654387174654,train
32522,0,0.8430331543748629,train
32523,0,0.4563569388548608,train
32524,1,0.5706224554080644,val
32526,0,0.7938409455150488,test
32527,0,0.5386382999898407,train
32528,1,0.3061748603800719,train
32533,1,0.2617697497468166,train
32534,1,0.1819890783261093,test
32535,1,0.2390373128288279,train
32537,0,0.5624568301571271,test
32541,0,0.7325146607242067,val
32542,1,0.0503697556865563,test
32544,1,0.0984218014800307,train
32546,1,0.4194961970730537,train
32547,1,0.4988912612518443,val
32548,0,0.5892102450748428,train
32550,1,0.3253719203833313,train
32551,1,0.1364457877530283,test
32552,1,0.0750777664048596,train
32553,0,0.6708833548706361,train
32554,0,0.8969134301348749,val
32556,0,0.6260933695991213,val
32557,0,0.7022418860330213,train
32558,1,0.1649321774491814,train
32560,0,0.7580510136731573,train
32563,0,0.2444193246954633,train
32564,0,0.7083096388974108,val
32566,1,0.2321695578323083,train
32568,1,0.3578352506744257,train
32572,1,0.1165800696576485,train
32573,1,0.1482609865278439,train
32574,0,0.3025024530579534,train
32575,1,0.3267142676632935,train
32577,0,0.4960277505326559,test
32579,1,0.0787529480007114,train
32580,0,0.6980688133705488,train
32581,0,0.4055693725222381,train
32586,1,0.1529644275805863,train
32587,0,0.9202977531089348,train
32589,1,0.1266282664925259,train
32593,1,0.4233595306016641,train
32594,1,0.0782927981030441,train
32595,0,0.1923716220534365,train
32597,0,0.3704072470468458,train
32601,1,0.1576975305742378,test
32602,1,0.4517014468522619,train
32604,0,0.732866088809577,train
32605,1,0.0816529512786738,val
32606,1,0.1494960671771855,train
32608,1,0.3476435257587417,train
32610,0,0.8864468757635012,test
32611,1,0.1594800898535698,train
32612,0,0.4297495371120645,train
32614,0,0.4891026383226375,train
32615,1,0.1694227945578951,val
32616,0,0.4843597572097681,train
32617,1,0.1945104831143432,train
32618,1,0.0577753426493578,train
32619,0,0.3540208040816888,val
32620,1,0.4528111225889211,train
32623,1,0.3014659823269471,train
32624,0,0.4159888728825714,train
32626,0,0.6621416418048713,train
32627,1,0.4478889730996475,train
32628,1,0.1090263720911336,train
32630,1,0.0970880840023518,test
32632,1,0.3370501782581404,train
32634,1,0.1557413837633966,test
32635,1,0.1073736471369318,train
32637,0,0.1424903204671215,val
32639,1,0.0956490656044698,train
32640,0,0.5194369086831387,val
32641,0,0.730176179390267,train
32642,1,0.1222544451356479,test
32643,1,0.0604779548173844,test
32644,1,0.2248010848621212,train
32648,0,0.9614854073590602,train
32650,1,0.4695219925703201,train
32651,1,0.1121063099800809,train
32653,1,0.2741343278875802,test
32658,1,0.2279393123347807,train
32660,0,0.5009087876346534,train
32662,1,0.1013103230225567,train
32663,0,0.6213105492811697,train
32664,1,0.4851621729743184,val
32665,0,0.5937595865941735,train
32667,0,0.4621638538232079,train
32669,1,0.3499878458014912,val
32670,0,0.5424490296927684,train
32671,1,0.4696326056471981,train
32672,1,0.0380942654495902,train
32674,1,0.0711806391602583,test
32677,0,0.6922444988299692,train
32678,1,0.3275007679629056,test
32679,1,0.0541916970206889,train
32680,1,0.21736698631616,test
32681,0,0.4048883751304474,val
32684,1,0.0069355663273824,val
32686,1,0.4637816386978024,test
32688,1,0.3343191473307277,train
32690,0,0.7744234741389526,test
32693,1,0.2107538673908737,train
32694,0,0.4896367723571495,train
32695,1,0.4575873803449308,train
32696,1,0.4380340294702516,test
32697,0,0.6787866036591712,train
32698,0,0.4030552545202478,test
32699,0,0.2815479250349871,train
32700,0,0.3452009349216047,train
32701,1,0.3417974796081144,train
32702,1,0.2796284362740396,train
32703,0,0.9399684792114116,test
32706,1,0.3876326272353232,train
32707,1,0.0348689236685505,val
32708,1,0.8039408156624899,test
32710,0,0.0575042563292507,val
32711,0,0.5028143266556209,test
32713,1,0.5123910387319381,train
32714,0,0.5468366246052312,train
32715,0,0.4768629648084423,train
32716,1,0.2470425127385905,train
32718,0,0.456293349626884,val
32719,0,0.5308237503754385,test
32720,0,0.3580348451630517,train
32722,0,0.5201364760637619,train
32724,0,0.4006456906763951,train
32728,0,0.6309378646968753,train
32729,1,0.104664516734269,train
32731,1,0.6500754815940548,test
32733,0,0.7019133630647647,train
32735,0,0.8686636986631653,val
32738,0,0.6600156921121636,train
32741,1,0.4920052044359193,train
32742,0,0.4428760499029774,test
32743,0,0.4052970180737197,train
32746,1,0.2226887118264059,train
32749,0,0.2987515710726304,test
32750,1,0.0545108174752535,train
32751,1,0.1636433972716787,val
32752,1,0.0416243528803743,train
32754,0,0.136892057262837,train
32755,1,0.2543102136632039,train
32756,0,0.0642927441087823,test
32757,1,0.1108971154418629,train
32759,1,0.2898356880442067,train
32760,1,0.2740780227850442,test
32761,1,0.307542103625704,test
32762,1,0.2723463155637469,train
32763,0,0.631063522113277,train
32764,1,0.1271976100117122,train
32767,0,0.8719105832851162,train
32769,1,0.0404872861639709,val
32770,0,0.2491438785241001,train
32772,0,0.4804082595479099,val
32773,0,0.6611478552801402,train
32775,1,0.4072367688461351,train
32776,1,0.1847253414015437,train
32778,0,0.5816868894819501,train
32780,0,0.3752920051813855,train
32781,1,0.4110110607767495,train
32782,1,0.2873810430877226,train
32783,1,0.0491379337707352,test
32784,1,0.0473157995145967,val
32785,1,0.3169605283182296,test
32786,1,0.0872789831769769,test
32787,1,0.2527376662226939,test
32792,0,0.2613307929793496,train
32793,0,0.5393931626849993,train
32796,1,0.397356840093448,val
32797,0,0.5896365548349909,train
32798,0,0.9189307638508356,train
32800,1,0.422448453318222,train
32802,1,0.1287136821335718,val
32803,1,0.0635572385455662,test
32805,1,0.1084701199234545,train
32807,1,0.0831691933623138,train
32808,0,0.294139109071059,val
32809,0,0.6680734192327331,train
32810,0,0.5349061535484865,train
32813,0,0.5703390708012142,train
32814,1,0.2975314593948849,train
32815,1,0.224560946358396,train
32816,1,0.6161006911976017,val
32819,1,0.131671064429718,train
32820,1,0.191395952058852,train
