master_id,p_at_risk
1,0.023537695
2,0.016454339
7,0.019532442
9,0.0076282024
11,0.44258034
13,0.96660626
16,0.98993856
17,0.8136062
18,0.011436105
20,0.0044154525
22,0.021963537
23,0.96689224
24,0.988585
25,0.011161923
27,0.0049479604
28,0.94116545
30,0.9884382
31,0.97430605
32,0.026094437
35,0.07974118
37,0.97574455
41,0.0052616
43,0.011392653
44,0.07411909
47,0.004012406
50,0.004328251
51,0.0050233603
52,0.6459011
54,0.0073648095
56,0.029953599
58,0.005896628
59,0.9762611
61,0.028328538
62,0.065231144
64,0.020982802
66,0.016356409
69,0.029076755
71,0.019841313
77,0.015899181
78,0.9891105
81,0.0045407414
82,0.9708928
83,0.008646548
85,0.057100534
87,0.9640423
89,0.03626865
90,0.85698795
93,0.0076158643
95,0.014556646
96,0.006491065
99,0.017887473
100,0.022186875
101,0.06510115
103,0.010946572
104,0.020743966
105,0.01944679
107,0.956817
109,0.01650381
111,0.97868407
112,0.012640655
114,0.96432173
115,0.004494667
116,0.042794764
118,0.025566459
121,0.006707549
125,0.9886087
126,0.0053718686
127,0.052715063
128,0.9616906
130,0.04150909
131,0.0034175515
132,0.037301064
134,0.98741645
135,0.012926102
139,0.0047861338
142,0.005509615
147,0.004096091
148,0.004246354
149,0.029645145
153,0.037837386
157,0.9740546
161,0.9877782
162,0.010514677
167,0.0305928
168,0.98190534
169,0.9458027
171,0.3502639
173,0.96080387
175,0.03766507
178,0.01734227
181,0.02210766
188,0.10800731
189,0.96127814
190,0.9897402
193,0.9628852
194,0.62832665
195,0.9596593
197,0.009957433
199,0.019361734
202,0.022040844
203,0.03513533
204,0.9573275
205,0.020456374
207,0.03896165
211,0.009228706
213,0.9387993
214,0.9706964
217,0.013002157
218,0.0042940974
219,0.97018826
223,0.004720688
224,0.13000584
226,0.006461084
227,0.037338436
229,0.9792393
232,0.013719559
233,0.0058775544
235,0.01638025
237,0.0121977925
238,0.9665284
241,0.9740257
247,0.012831211
248,0.00815928
250,0.9542986
251,0.0034308434
254,0.930301
256,0.9630217
261,0.00461787
263,0.01368928
265,0.9616835
267,0.0049216747
269,0.0040738583
273,0.991578
274,0.01804328
277,0.024868667
278,0.018107414
281,0.004696846
282,0.20571941
283,0.006226599
284,0.96633124
285,0.035031617
286,0.0070921183
287,0.014064193
288,0.020028591
291,0.004248023
296,0.012988567
297,0.0058743954
299,0.007135868
302,0.0154953
304,0.7562339
314,0.9331811
315,0.95765144
318,0.0037415028
325,0.0059022903
329,0.9722958
332,0.25923413
333,0.019796371
335,0.008502662
337,0.01462853
339,0.9240072
340,0.96062243
342,0.96131456
344,0.19399518
345,0.9837028
347,0.9622467
349,0.9829985
350,0.988351
351,0.0043765903
354,0.027682602
358,0.9588412
359,0.054163456
361,0.9848084
362,0.033707082
364,0.011392534
365,0.9212967
367,0.005633652
368,0.009680748
369,0.014894962
371,0.9622186
372,0.009244859
374,0.9702836
376,0.10493511
377,0.9861249
379,0.008011162
381,0.2894526
382,0.9555252
383,0.9865926
384,0.011550307
385,0.054109633
387,0.012496889
388,0.9786467
393,0.9644229
394,0.94984764
396,0.7544888
397,0.9618058
402,0.2212649
403,0.0627678
405,0.0039850473
407,0.011544585
408,0.0073714256
410,0.95816696
411,0.01645106
413,0.8384527
416,0.96846056
421,0.033245087
423,0.015085101
426,0.006156683
428,0.9671698
429,0.012380362
430,0.6469451
431,0.036078393
432,0.015907407
433,0.9822443
437,0.009786189
441,0.010317326
444,0.08182746
445,0.0074997544
450,0.005140662
452,0.9845656
454,0.007718146
455,0.004435241
461,0.6384667
462,0.42585212
467,0.96178985
469,0.015752316
474,0.9898826
476,0.97208965
477,0.0069616437
478,0.9496134
479,0.006819606
482,0.45073944
485,0.97143435
486,0.9869891
487,0.9666026
489,0.068829656
493,0.030036032
494,0.017123997
496,0.9650595
499,0.9868593
503,0.7080604
504,0.01794672
506,0.016624749
507,0.015339673
510,0.019757688
513,0.23479998
514,0.033173323
515,0.08896077
522,0.0042022467
524,0.010293245
528,0.956593
530,0.004809499
533,0.9591953
536,0.9614924
538,0.0449934
539,0.0067845583
541,0.0066438913
542,0.0037765503
544,0.9624325
548,0.30071485
549,0.968001
550,0.006836772
553,0.971472
554,0.005481899
555,0.016329885
556,0.95356137
557,0.9615114
558,0.90024126
559,0.034201384
560,0.9602324
561,0.96772134
562,0.91424656
564,0.004391372
565,0.9904756
566,0.036358178
567,0.9787431
570,0.025579274
572,0.035818756
574,0.92525303
575,0.97532624
576,0.018196702
578,0.006902039
579,0.21634823
580,0.98123544
581,0.005020082
582,0.9703406
585,0.0051621795
586,0.86141837
589,0.013668895
591,0.027203858
592,0.10784614
593,0.05457759
598,0.08085418
599,0.004324019
602,0.81393665
604,0.005726397
605,0.9717611
607,0.022594273
610,0.03684956
614,0.2350691
615,0.02163446
617,0.026621819
622,0.96337116
623,0.0064244866
630,0.01050055
631,0.0062816143
632,0.9548093
634,0.011449158
636,0.05769527
640,0.96923816
641,0.02964896
642,0.9461857
644,0.95395976
645,0.9927146
647,0.0053813457
648,0.032441318
649,0.005583048
650,0.0076459646
653,0.009561062
655,0.007281184
656,0.005355239
657,0.4570548
660,0.7570019
661,0.009447932
662,0.005687475
663,0.3044814
666,0.018196344
667,0.01389277
669,0.8876821
671,0.0049922466
673,0.2145471
674,0.864219
675,0.07727665
676,0.96722376
678,0.9568396
681,0.009136796
682,0.0077199936
684,0.0038459897
688,0.0051062107
689,0.98882294
690,0.014687359
691,0.049600482
693,0.025715053
695,0.041994333
696,0.0079984665
698,0.2631476
702,0.9767724
703,0.6453302
704,0.003728509
705,0.006073177
706,0.033473074
709,0.019031465
710,0.91580117
711,0.7828059
712,0.01022023
714,0.9591034
715,0.011372149
716,0.003357768
717,0.020845532
718,0.0063212514
719,0.037168026
720,0.0046804547
722,0.007096231
723,0.025224388
728,0.015730858
733,0.036863685
735,0.0116558075
736,0.08292091
739,0.14007473
742,0.83704
743,0.9636513
747,0.012991965
748,0.9741324
749,0.98414457
750,0.059326112
751,0.004396558
754,0.004277587
755,0.006606281
757,0.9920729
758,0.97050494
759,0.064671576
760,0.0051887035
761,0.007913172
764,0.68648493
767,0.004378617
770,0.011217654
771,0.004309833
775,0.9658822
776,0.0037856698
777,0.07170379
778,0.008660853
780,0.0050931573
781,0.8500689
782,0.0100034475
783,0.02277702
785,0.0066151023
787,0.01703912
789,0.9375441
792,0.9780689
793,0.9636135
794,0.9627828
795,0.9591766
796,0.02807939
799,0.8732723
803,0.01276499
804,0.0032392144
807,0.0061490536
808,0.007935107
809,0.09170812
810,0.10371196
812,0.5735769
813,0.9664796
814,0.005451858
815,0.014799118
817,0.91574913
820,0.97174174
821,0.98859286
823,0.019589365
824,0.0061091185
826,0.015997231
829,0.96653265
831,0.9657521
833,0.0064961314
834,0.008727372
835,0.967345
837,0.036119044
838,0.98036444
839,0.002943039
840,0.0037830472
843,0.0061758757
845,0.044991195
846,0.0034056306
847,0.010874748
848,0.14644986
849,0.0038636327
851,0.0049660206
854,0.010167599
855,0.47870559
858,0.10306442
860,0.98167807
861,0.012476206
863,0.60907304
864,0.007848382
865,0.015280604
867,0.031220555
869,0.0039654374
870,0.013718545
873,0.0061756372
875,0.9288069
878,0.008217335
880,0.0047885776
882,0.9799161
884,0.96874493
886,0.98961955
891,0.9295504
895,0.9683126
901,0.95156753
903,0.9670848
904,0.029718578
909,0.9628775
911,0.021430612
912,0.0058895946
916,0.9769978
917,0.96624756
921,0.0066841245
924,0.010496855
926,0.9684135
927,0.98441404
928,0.015803635
929,0.00359416
930,0.015913308
933,0.8493303
934,0.03649831
940,0.008746922
941,0.005232334
942,0.0037134886
944,0.9715678
945,0.006231904
946,0.99085224
947,0.9909392
949,0.9851502
951,0.7704873
952,0.9880182
957,0.9167779
961,0.95031554
963,0.9665191
965,0.95801705
966,0.15230227
968,0.36388576
969,0.029958427
971,0.0071724057
973,0.97744054
974,0.96935827
976,0.010984361
977,0.009531081
980,0.98742807
981,0.008418977
985,0.009218991
987,0.007265806
988,0.0034876466
990,0.022434115
993,0.9780523
994,0.9574949
995,0.0072948337
996,0.009832263
998,0.96132475
1004,0.02402383
1006,0.9694212
1009,0.0047860146
1012,0.97119397
1014,0.9810249
1015,0.012912273
1019,0.9081039
1020,0.008832991
1021,0.96914977
1022,0.0061987042
1024,0.021099687
1028,0.9560894
1030,0.048428297
1032,0.021924198
1033,0.96604717
1035,0.008541286
1036,0.063277125
1039,0.97039664
1041,0.9804418
1042,0.024177194
1045,0.9748708
1046,0.0119614005
1050,0.00640893
1051,0.013494194
1052,0.016883373
1054,0.9614307
1056,0.36316854
1057,0.96823466
1058,0.009826064
1061,0.8987058
1062,0.0043362975
1063,0.0050133467
1064,0.97526854
1067,0.97176147
1071,0.96140397
1073,0.0077978373
1074,0.009760022
1075,0.040830553
1076,0.21380025
1077,0.96706563
1078,0.96766514
1079,0.04518795
1082,0.008643746
1083,0.017631948
1085,0.02695179
1086,0.009619057
1091,0.0063375235
1092,0.9883515
1093,0.027207136
1096,0.98644006
1097,0.08145809
1098,0.96442777
1099,0.9756206
1104,0.293231
1105,0.0032682419
1106,0.034220934
1110,0.0035929084
1111,0.0075463653
1112,0.13903487
1113,0.1075871
1114,0.009717822
1115,0.0030287504
1118,0.014877558
1120,0.0047931075
1123,0.97036016
1125,0.1727423
1126,0.024392843
1128,0.021497965
1129,0.96027386
1131,0.005387664
1132,0.059466302
1137,0.034120202
1138,0.0035794973
1140,0.04278773
1142,0.94864786
1143,0.0044908524
1144,0.025201142
1146,0.035945415
1150,0.004800439
1153,0.008972704
1155,0.0055958033
1156,0.96692115
1157,0.9699916
1160,0.011643469
1161,0.023221135
1164,0.0133885145
1165,0.03993523
1166,0.95447624
1168,0.049764276
1169,0.9721373
1173,0.0034347177
1174,0.8617087
1178,0.96781284
1179,0.010503173
1181,0.9854952
1182,0.3373028
1184,0.99181676
1185,0.072408676
1186,0.96449333
1187,0.014533401
1188,0.006564975
1189,0.007469833
1190,0.97279924
1192,0.004853785
1195,0.021430016
1196,0.06869125
1197,0.017292678
1198,0.9274013
1200,0.015283942
1201,0.9677603
1202,0.05847293
1205,0.020076215
1209,0.014724374
1211,0.9740993
1212,0.9593259
1213,0.013193965
1214,0.9832409
1218,0.0063896775
1224,0.9533727
1228,0.00821346
1230,0.009007037
1231,0.955327
1232,0.9660803
1234,0.035931468
1236,0.95970714
1237,0.49174476
1238,0.9924569
1241,0.978622
1242,0.9656241
1246,0.01211369
1248,0.0074201226
1249,0.011767328
1252,0.008688033
1254,0.9712129
1255,0.9643142
1256,0.004076481
1261,0.0034286976
1264,0.0074789524
1268,0.017607987
1275,0.033279836
1277,0.008228958
1279,0.9645622
1281,0.011945903
1282,0.0029491186
1284,0.02788496
1286,0.96711695
1287,0.02393794
1288,0.010121226
1290,0.08150995
1291,0.98699164
1292,0.054967523
1293,0.22439635
1295,0.0070549846
1296,0.0071869493
1300,0.008581281
1302,0.9672785
1305,0.9667446
1310,0.96031296
1313,0.04438609
1317,0.55842936
1318,0.0170452
1323,0.013048172
1324,0.97507566
1325,0.02565384
1328,0.9827048
1329,0.94970924
1330,0.03290993
1334,0.96516764
1335,0.9694867
1336,0.009358466
1339,0.97300655
1340,0.0056136847
1341,0.044714212
1342,0.96102315
1345,0.21310467
1346,0.6734407
1347,0.03539151
1350,0.009804666
1351,0.16173786
1352,0.9890083
1353,0.008449435
1355,0.011414111
1356,0.003384173
1358,0.98530126
1360,0.96227217
1361,0.0048455
1364,0.0048180223
1365,0.0036976337
1366,0.62677324
1369,0.003965795
1371,0.0065792203
1372,0.0055909753
1374,0.66943
1375,0.019248724
1377,0.9743856
1380,0.03681308
1381,0.060121
1382,0.9738666
1383,0.96140736
1385,0.0166865
1386,0.51808274
1387,0.83040416
1389,0.99034446
1390,0.9726547
1391,0.96639234
1392,0.005486846
1394,0.011001527
1396,0.007200837
1397,0.0036999583
1402,0.028403342
1403,0.959488
1407,0.96456885
1411,0.9820051
1412,0.97378844
1413,0.94838446
1414,0.036536574
1416,0.042211354
1418,0.568769
1423,0.942422
1424,0.009474635
1425,0.96656126
1426,0.03310007
1427,0.9647031
1428,0.02174294
1431,0.008226454
1432,0.027203739
1433,0.005409479
1434,0.09943664
1435,0.9693798
1442,0.25506997
1443,0.031543195
1446,0.012722015
1449,0.01206398
1451,0.9630398
1453,0.12562752
1455,0.06319219
1456,0.20896989
1459,0.96449995
1460,0.030056596
1462,0.013122499
1464,0.96819854
1465,0.008503675
1466,0.0077120066
1467,0.014731586
1468,0.006091237
1469,0.9691514
1470,0.0039885044
1471,0.9529724
1472,0.022602618
1473,0.96501005
1474,0.0051293373
1476,0.9700387
1477,0.015727162
1478,0.3428045
1480,0.042013466
1481,0.0074548125
1482,0.96521467
1484,0.95920324
1486,0.004205942
1488,0.4406559
1489,0.08184755
1493,0.9725539
1495,0.0046786666
1496,0.003561616
1497,0.018112004
1498,0.0057804585
1501,0.013350785
1503,0.97306526
1504,0.71488047
1505,0.02521813
1506,0.961994
1509,0.0076963305
1510,0.63634276
1512,0.25594896
1513,0.010826826
1514,0.0075656176
1517,0.026844084
1518,0.036407888
1520,0.05926913
1524,0.013597429
1526,0.012657523
1528,0.9537785
1529,0.0048419833
1531,0.0046666265
1532,0.011275351
1534,0.980095
1536,0.9699463
1537,0.006738484
1540,0.005461514
1541,0.94863266
1542,0.035803616
1545,0.011467695
1546,0.003909886
1547,0.013111651
1548,0.044284523
1550,0.0123490095
1551,0.5222282
1552,0.00304842
1554,0.010721803
1555,0.025346816
1556,0.01548332
1557,0.96222365
1559,0.9886033
1561,0.0072237253
1562,0.8505355
1563,0.12577635
1567,0.15150219
1569,0.006748259
1570,0.005642712
1571,0.004987061
1574,0.9617453
1578,0.93990976
1580,0.05233717
1581,0.9575384
1583,0.110000074
1584,0.9853491
1585,0.83161503
1586,0.0055322647
1588,0.023385346
1589,0.98640907
1590,0.022025466
1591,0.0067323446
1592,0.4079885
1593,0.96445024
1596,0.012483835
1602,0.0060333014
1604,0.0042055845
1607,0.0080628395
1610,0.96381295
1612,0.016258717
1613,0.0068403482
1619,0.013233125
1622,0.022484839
1626,0.09548479
1628,0.013140559
1630,0.9696921
1631,0.9653684
1632,0.011734843
1633,0.96545905
1634,0.16363007
1642,0.015794039
1645,0.340698
1647,0.006903827
1648,0.021222115
1650,0.103167
1651,0.9500568
1652,0.818934
1655,0.018917918
1656,0.02509582
1657,0.008335531
1658,0.006716728
1659,0.95853996
1660,0.01110363
1661,0.9661007
1662,0.105563104
1663,0.0039440393
1664,0.01681155
1666,0.033462167
1667,0.0077881813
1669,0.97238797
1671,0.021074176
1672,0.0050834417
1675,0.98025584
1676,0.10815978
1678,0.0058377385
1682,0.029576361
1685,0.02197355
1688,0.015596986
1689,0.031264544
1690,0.010677278
1693,0.018318951
1695,0.041778624
1696,0.13073736
1698,0.0032399297
1699,0.008968234
1702,0.02447927
1704,0.9568942
1705,0.9630042
1707,0.011637509
1708,0.012581944
1709,0.016623318
1710,0.9904202
1711,0.8932673
1714,0.97173196
1715,0.030822992
1716,0.94770056
1720,0.0042340755
1722,0.0055935383
1723,0.013941705
1724,0.010509431
1725,0.019367695
1727,0.01609373
1729,0.0073063374
1730,0.0041891336
1732,0.015642643
1734,0.015812755
1735,0.9604744
1737,0.9899241
1739,0.97884184
1741,0.2476576
1742,0.010645151
1746,0.07226074
1747,0.96700907
1750,0.95561063
1753,0.109255075
1755,0.9660066
1758,0.008060396
1760,0.0038109422
1761,0.9752937
1763,0.009876072
1764,0.019365907
1767,0.01769656
1769,0.012356639
1773,0.0060813427
1775,0.0074789524
1776,0.011921823
1777,0.06613904
1781,0.9774733
1782,0.9613186
1783,0.011743009
1786,0.006623566
1792,0.011105955
1796,0.96920323
1798,0.011254489
1799,0.028500676
1800,0.988941
1802,0.9302103
1803,0.98611677
1804,0.005162418
1805,0.9873834
1806,0.07020384
1807,0.95693755
1808,0.0058648586
1810,0.008460343
1813,0.011718929
1814,0.0078498125
1815,0.015157223
1816,0.013076723
1817,0.050626934
1818,0.0055086613
1820,0.011411667
1821,0.9606196
1823,0.022373974
1826,0.9887686
1828,0.008210897
1832,0.9905294
1834,0.012429535
1836,0.97358334
1839,0.057581782
1844,0.9681885
1845,0.9659985
1846,0.004881859
1852,0.0072669983
1855,0.100786805
1858,0.010752976
1859,0.06620753
1862,0.8333759
1863,0.034049273
1865,0.9652024
1866,0.95539695
1867,0.98054624
1871,0.0053274035
1872,0.010192335
1879,0.9745354
1880,0.9627404
1882,0.016309202
1883,0.005464077
1884,0.025744557
1886,0.08263415
1887,0.0077412724
1888,0.920773
1889,0.010673881
1891,0.9443631
1893,0.9642938
1894,0.9638293
1895,0.0029910207
1899,0.0036633015
1900,0.022698581
1902,0.97454035
1904,0.97767293
1906,0.8538056
1907,0.0049437284
1909,0.0040116906
1911,0.009271622
1919,0.96407163
1921,0.009964287
1922,0.9773546
1923,0.97653025
1925,0.032023847
1926,0.9812986
1928,0.012402356
1929,0.034048557
1930,0.010420382
1931,0.019293189
1933,0.005321145
1934,0.9886597
1935,0.95674485
1936,0.020284772
1939,0.629977
1942,0.016201794
1944,0.9863277
1946,0.007137716
1953,0.37491906
1955,0.041251898
1958,0.98624325
1960,0.9647076
1966,0.9705916
1967,0.017838359
1969,0.03343731
1974,0.0048190355
1976,0.95568055
1978,0.005138576
1981,0.9877209
1983,0.46379226
1984,0.015490472
1988,0.92182183
1996,0.005333543
1998,0.24205106
2006,0.97389257
2008,0.07320845
2009,0.010916293
2010,0.0051779747
2015,0.00861758
2017,0.018175423
2018,0.024180055
2019,0.036865234
2020,0.42288792
2021,0.90064114
2023,0.9713024
2025,0.009246945
2028,0.0314759
2029,0.014522612
2031,0.009228706
2032,0.037038147
2034,0.06512368
2036,0.044706523
2037,0.017216086
2039,0.01507616
2041,0.0044571757
2044,0.9524781
2045,0.011907935
2047,0.0070975423
2049,0.9883209
2050,0.011898994
2054,0.97623086
2056,0.056828678
2058,0.0033025742
2060,0.968541
2062,0.9769606
2064,0.96395105
2066,0.9846612
2068,0.004653156
2069,0.022685707
2071,0.041897178
2072,0.9766357
2074,0.96651155
2077,0.16646135
2079,0.015816987
2085,0.47732198
2088,0.9892861
2090,0.010768354
2094,0.9397446
2095,0.006137252
2096,0.9581598
2097,0.963886
2098,0.004206538
2100,0.86736804
2102,0.97176677
2106,0.97235334
2108,0.005515635
2109,0.0148651
2112,0.08835292
2114,0.9867698
2116,0.11248493
2117,0.9790755
2118,0.01286155
2120,0.9633236
2124,0.97630894
2125,0.011393487
2128,0.97030073
2129,0.9695807
2131,0.011927724
2132,0.95166636
2134,0.9735925
2135,0.00442034
2136,0.008449793
2137,0.946941
2141,0.98473895
2143,0.96808934
2144,0.9065445
2148,0.014796495
2151,0.9713383
2157,0.06608194
2161,0.95109797
2163,0.03820783
2165,0.110465825
2166,0.978288
2167,0.9706718
2168,0.9789853
2170,0.94721496
2171,0.005242586
2174,0.9543995
2176,0.0057424307
2181,0.9633506
2182,0.9684757
2183,0.0054523945
2186,0.0133193135
2192,0.017752588
2193,0.94091505
2194,0.69825083
2196,0.008345842
2197,0.009503841
2205,0.9668681
2208,0.6616292
2210,0.0040625334
2211,0.9101097
2212,0.0699383
2215,0.9632511
2221,0.9693054
2222,0.9693905
2223,0.06372547
2225,0.0598619
2226,0.010528147
2229,0.0053423047
2231,0.0068451166
2233,0.092172325
2234,0.01887399
2235,0.96942186
2236,0.96087825
2237,0.010843039
2238,0.0058353543
2239,0.10148144
2241,0.9655821
2249,0.9832474
2250,0.9609677
2251,0.091825485
2254,0.9691296
2255,0.003916025
2256,0.9729707
2257,0.019106746
2259,0.033875823
2260,0.9769451
2261,0.71191037
2262,0.9549281
2263,0.9612916
2265,0.005662501
2270,0.012961209
2271,0.004831791
2272,0.0073946714
2273,0.9636519
2274,0.5842229
2279,0.053635716
2280,0.013453722
2281,0.01592356
2282,0.005099714
2285,0.96837837
2287,0.92656857
2292,0.043375254
2294,0.010446906
2295,0.013382256
2296,0.02263403
2297,0.012000024
2298,0.96264875
2299,0.97158116
2300,0.95851004
2304,0.9835332
2305,0.36448866
2308,0.9785071
2310,0.004484713
2311,0.9662714
2313,0.009038627
2314,0.9667688
2315,0.95688486
2316,0.012501061
2317,0.013511479
2318,0.9620525
2319,0.9727205
2321,0.97497946
2324,0.030474067
2331,0.027347445
2333,0.0074350834
2336,0.008947313
2340,0.35879058
2341,0.018618107
2343,0.016915858
2344,0.96944255
2345,0.9607217
2346,0.9788853
2352,0.9618918
2353,0.008767068
2354,0.007920086
2357,0.1352818
2358,0.97753155
2361,0.029155076
2366,0.008342862
2367,0.756905
2369,0.9596134
2370,0.004196942
2371,0.96196556
2372,0.98980296
2373,0.9651734
2376,0.0036773682
2378,0.971619
2379,0.8633014
2380,0.0058300495
2381,0.0050306916
2384,0.076847315
2387,0.004354596
2390,0.035588086
2392,0.011524439
2394,0.96461
2396,0.02099353
2397,0.95734155
2398,0.974796
2399,0.0049104095
2400,0.9614418
2405,0.012090623
2408,0.020249724
2411,0.03294134
2416,0.84471846
2417,0.009323478
2418,0.03521055
2421,0.0036208034
2423,0.03864014
2424,0.019441187
2426,0.012676775
2428,0.98706937
2429,0.006951213
2430,0.016127288
2431,0.017461658
2432,0.030600548
2434,0.9771891
2436,0.006683588
2438,0.96517605
2439,0.045479715
2442,0.96090025
2443,0.046249688
2445,0.03652364
2446,0.0143041015
2448,0.014802396
2449,0.0030905604
2450,0.09453982
2451,0.961404
2453,0.0057376623
2455,0.9625809
2456,0.009197712
2459,0.019484043
2460,0.008867562
2461,0.70416546
2466,0.0061198473
2467,0.26304907
2468,0.054960728
2470,0.9754447
2474,0.98367846
2475,0.8917254
2479,0.009845018
2486,0.9675075
2489,0.8240047
2490,0.05374223
2491,0.9608354
2492,0.004555583
2494,0.9237941
2497,0.0076865554
2499,0.014514744
2500,0.9661699
2502,0.9624228
2504,0.01846093
2505,0.96290845
2506,0.021609664
2507,0.27389318
2509,0.01668042
2510,0.009646773
2512,0.009613991
2517,0.09491366
2518,0.96149087
2519,0.85269105
2520,0.032069862
2522,0.085015416
2523,0.9726318
2525,0.0071718097
2530,0.09723431
2532,0.9684688
2533,0.34944594
2535,0.007747829
2538,0.06421739
2539,0.07792455
2540,0.004270017
2549,0.986293
2550,0.8291235
2555,0.0048745275
2556,0.011490524
2557,0.008862972
2558,0.909974
2559,0.06277037
2561,0.9604268
2563,0.9834168
2564,0.96824056
2567,0.1584627
2568,0.0056045055
2570,0.008954823
2573,0.13542062
2575,0.732515
2578,0.011577189
2581,0.030937076
2582,0.98445547
2584,0.032219827
2588,0.039126277
2589,0.01068157
2590,0.9716418
2592,0.008157253
2594,0.007762611
2595,0.07746166
2599,0.9631138
2603,0.0041189194
2605,0.013951778
2607,0.046564043
2609,0.98887163
2611,0.8976553
2613,0.014470398
2614,0.3222775
2617,0.004638374
2620,0.0049055815
2621,0.029169321
2622,0.025018632
2623,0.008398235
2632,0.006302297
2634,0.9469963
2639,0.0043177605
2643,0.028673947
2644,0.9688186
2646,0.96716076
2648,0.9899503
2650,0.13046992
2657,0.0036854148
2658,0.0068894625
2659,0.9610722
2660,0.0651415
2661,0.95799947
2664,0.98872036
2671,0.022021592
2672,0.078653336
2673,0.9750447
2674,0.01810819
2677,0.9614308
2679,0.010455966
2680,0.0150821805
2681,0.27592784
2682,0.03180152
2683,0.006497085
2687,0.0072929263
2688,0.073863745
2689,0.97782737
2692,0.004297316
2693,0.005646825
2695,0.013358653
2697,0.9563781
2699,0.028449714
2700,0.004209459
2701,0.017530322
2704,0.07801962
2705,0.98381954
2708,0.058184683
2711,0.97059506
2713,0.003837347
2715,0.012100995
2717,0.0070263147
2718,0.95905674
2719,0.9571588
2721,0.029532552
2723,0.010022938
2724,0.013896048
2725,0.0096024275
2727,0.9819277
2730,0.9713066
2731,0.004469812
2735,0.9790171
2738,0.025829911
2740,0.004706919
2741,0.02044493
2744,0.0048039556
2745,0.02026999
2746,0.014024913
2749,0.0077126026
2750,0.008638322
2753,0.016921282
2759,0.2233643
2760,0.0068798065
2761,0.9571248
2764,0.013608336
2766,0.04190415
2767,0.01359117
2775,0.011259139
2778,0.0035040975
2780,0.9904137
2783,0.15841717
2784,0.011058629
2785,0.97070396
2787,0.11264163
2788,0.9571953
2789,0.007712364
2790,0.00530982
2791,0.013068855
2792,0.019192874
2794,0.0043928027
2795,0.9220437
2796,0.96065545
2797,0.8862593
2798,0.09654623
2799,0.02800113
2810,0.95577174
2812,0.026786149
2815,0.007468641
2819,0.048508823
2825,0.02187723
2827,0.9642162
2828,0.018444598
2829,0.007501304
2832,0.8082551
2834,0.014769077
2836,0.86561984
2837,0.042933643
2838,0.003257811
2839,0.0036342144
2840,0.007368326
2841,0.9677007
2843,0.0060759187
2844,0.1466459
2845,0.008388042
2849,0.008894861
2851,0.15034229
2854,0.00620687
2855,0.9762856
2857,0.633835
2858,0.9883196
2861,0.005317509
2862,0.17562503
2863,0.96807134
2864,0.018100858
2865,0.6986886
2866,0.96252024
2867,0.95025164
2869,0.0077974796
2870,0.93023396
2871,0.9630671
2872,0.87361056
2874,0.0065339208
2875,0.008909345
2876,0.01239574
2877,0.092282295
2878,0.009727299
2879,0.011503577
2880,0.9687062
2882,0.0032485723
2884,0.009187639
2886,0.0039654374
2887,0.007750869
2890,0.026764274
2891,0.9708857
2894,0.023589194
2895,0.643196
2897,0.011434019
2902,0.042732596
2904,0.960507
2907,0.96331984
2908,0.95999
2909,0.021092474
2910,0.022665203
2913,0.20152342
2914,0.01647669
2917,0.02486974
2918,0.13890779
2920,0.00626868
2921,0.0164963
2925,0.9676788
2926,0.019914687
2928,0.9649551
2929,0.01049149
2930,0.69014335
2931,0.0054299235
2933,0.20527643
2934,0.83040583
2935,0.11495292
2937,0.018973231
2940,0.9890626
2941,0.9792199
2943,0.9598566
2944,0.9803036
2945,0.0047060847
2947,0.014522612
2948,0.024029136
2950,0.9743436
2951,0.0906747
2952,0.008047998
2954,0.94167566
2957,0.051120102
2958,0.004110396
2961,0.21635753
2964,0.00699836
2966,0.95125407
2968,0.004958689
2973,0.027194262
2975,0.0037502646
2977,0.014155865
2979,0.04062754
2981,0.9715319
2983,0.008520782
2986,0.96493465
2988,0.9489254
2989,0.119497955
2990,0.007896066
2992,0.0043219924
2995,0.011202157
2996,0.19317347
2997,0.0059816837
3000,0.008443832
3002,0.008459985
3003,0.09076035
3004,0.95367163
3008,0.030016541
3011,0.9702539
3013,0.011167049
3016,0.03028518
3019,0.022880614
3023,0.95942116
3024,0.049205065
3026,0.93645537
3028,0.0048294663
3030,0.96848667
3031,0.96750796
3036,0.035285294
3038,0.030609488
3042,0.046265602
3043,0.967113
3044,0.97430336
3046,0.96348727
3047,0.9929785
3049,0.6950619
3051,0.9718625
3056,0.009690583
3057,0.004159689
3059,0.7359872
3063,0.59371895
3064,0.053905785
3066,0.012587547
3067,0.9712184
3069,0.0046768785
3071,0.004662633
3072,0.9933269
3073,0.9565205
3074,0.00474447
3078,0.8893885
3079,0.9704139
3080,0.0071393847
3082,0.98864204
3084,0.07419717
3085,0.030213654
3086,0.62191904
3088,0.9256671
3092,0.04441452
3095,0.9654189
3098,0.024238408
3099,0.19193316
3100,0.98041946
3101,0.9836503
3102,0.6800268
3103,0.94658124
3104,0.9606385
3105,0.04235065
3106,0.028599024
3108,0.19024795
3109,0.97141045
3111,0.01309365
3113,0.026485741
3116,0.01617378
3117,0.015926123
3119,0.9808793
3120,0.0049394965
3121,0.96619457
3122,0.010457873
3123,0.79707956
3126,0.9158805
3128,0.003677249
3130,0.984673
3132,0.012391627
3134,0.92727137
3137,0.0056346655
3139,0.008570254
3140,0.035921276
3142,0.43794334
3143,0.0035641193
3144,0.9854664
3145,0.9556297
3146,0.9878705
3147,0.012175083
3149,0.0049268603
3150,0.007824123
3152,0.9615746
3154,0.041761577
3155,0.025752068
3157,0.3807264
3158,0.98043334
3159,0.17030132
3161,0.97993106
3162,0.0056979656
3163,0.984202
3165,0.016379595
3167,0.0045416355
3169,0.9626961
3170,0.023961842
3173,0.9706096
3174,0.06672418
3175,0.010290444
3176,0.05606103
3178,0.012360513
3179,0.01129818
3180,0.9301405
3181,0.009047866
3183,0.95999765
3184,0.06264055
3187,0.043940783
3189,0.049087584
3190,0.98099625
3191,0.9487982
3194,0.014164627
3195,0.01458019
3196,0.004979968
3200,0.01548332
3203,0.053843975
3204,0.008342862
3207,0.011069
3208,0.0057498217
3210,0.010178208
3211,0.9716497
3213,0.007621646
3216,0.24220729
3217,0.03415048
3218,0.9784619
3220,0.02899301
3222,0.005767286
3223,0.006050825
3224,0.9753188
3226,0.012258053
3227,0.9682963
3228,0.017097354
3230,0.741863
3234,0.032042503
3236,0.030174315
3238,0.009907782
3243,0.98664016
3244,0.98864126
3245,0.86001647
3247,0.019344449
3249,0.043355525
3250,0.8108721
3251,0.9712253
3252,0.005129695
3255,0.963338
3256,0.005003214
3257,0.0054557323
3261,0.042939425
3263,0.9686686
3264,0.95744234
3267,0.0037057996
3269,0.851827
3272,0.9734229
3273,0.015667439
3275,0.004706681
3276,0.46797132
3279,0.010713339
3280,0.056348085
3281,0.00440073
3282,0.024905741
3283,0.0120693445
3284,0.006891012
3287,0.9662185
3288,0.96930426
3289,0.9233201
3290,0.0053057075
3291,0.93225074
3296,0.006786227
3299,0.97214186
3300,0.017652988
3302,0.011441112
3305,0.010203302
3306,0.024529338
3309,0.020383239
3311,0.9681659
3312,0.9363377
3314,0.10411686
3319,0.006282449
3322,0.96202356
3323,0.004575908
3324,0.96424514
3327,0.048276305
3331,0.9855124
3334,0.983477
3335,0.97438526
3337,0.65311897
3342,0.024342358
3344,0.018564522
3347,0.97814727
3348,0.0037584305
3349,0.96145964
3350,0.007905066
3354,0.16390556
3355,0.7143313
3356,0.9690574
3357,0.41239917
3358,0.024350822
3359,0.96160585
3360,0.9830118
3361,0.018506289
3363,0.0066693425
3366,0.00729692
3367,0.95468533
3369,0.9587894
3370,0.15952235
3371,0.01745832
3374,0.97648835
3376,0.016677618
3377,0.0105391145
3378,0.9648379
3379,0.9600275
3382,0.9497019
3383,0.9628376
3385,0.066422045
3387,0.09547871
3389,0.95379037
3390,0.973157
3393,0.025001407
3396,0.39984173
3404,0.039004147
3406,0.98040277
3407,0.98904014
3408,0.19504094
3409,0.01604867
3411,0.89540195
3412,0.008778572
3413,0.96104413
3414,0.0039545894
3417,0.95704186
3418,0.97829616
3419,0.96503615
3422,0.96222866
3424,0.9519702
3425,0.017858863
3428,0.028760612
3429,0.0038038492
3431,0.9698206
3432,0.0039221644
3434,0.40951377
3435,0.6241501
3439,0.96097225
3442,0.8055304
3443,0.03687972
3444,0.9158065
3448,0.990351
3449,0.92418295
3450,0.393129
3452,0.9032506
3453,0.9586069
3454,0.02001971
3455,0.018376172
3456,0.975201
3458,0.987114
3460,0.036061227
3463,0.05126971
3464,0.013171792
3465,0.99221355
3466,0.006357074
3467,0.980975
3472,0.026958168
3473,0.018979967
3476,0.8606997
3477,0.009693146
3478,0.009572864
3479,0.9688509
3480,0.0053512454
3487,0.01618129
3488,0.9790873
3489,0.0036178827
3490,0.04469955
3495,0.034436643
3496,0.007119417
3498,0.04008454
3501,0.9686799
3503,0.9653898
3504,0.036030173
3505,0.008165717
3506,0.96055114
3509,0.004311383
3510,0.96714175
3511,0.009604633
3512,0.014475644
3516,0.9793206
3517,0.9646085
3521,0.9733906
3522,0.9641624
3524,0.9554585
3529,0.9418611
3530,0.026283324
3532,0.03500122
3534,0.96509176
3535,0.010419667
3536,0.9691144
3538,0.9326165
3539,0.014180899
3540,0.006730616
3542,0.92183083
3543,0.0046594143
3544,0.95315087
3546,0.028665483
3551,0.26712573
3552,0.0071695447
3553,0.9671044
3556,0.03208953
3558,0.009013772
3562,0.018148541
3563,0.9802818
3565,0.9261935
3566,0.48937923
3569,0.0078037977
3570,0.9801179
3573,0.013087153
3574,0.94214827
3575,0.007336378
3578,0.96541375
3580,0.97279143
3581,0.9836408
3582,0.020650744
3585,0.006949663
3586,0.004869938
3587,0.030466437
3589,0.0062592626
3591,0.004436612
3596,0.9662546
3598,0.005251825
3599,0.039178252
3601,0.022089303
3602,0.009411812
3603,0.01108104
3605,0.03523892
3606,0.0069097877
3608,0.9634824
3611,0.06319231
3614,0.016832054
3616,0.049298465
3617,0.011453509
3620,0.9705499
3621,0.961991
3622,0.013721287
3624,0.9322755
3625,0.03629905
3627,0.5350961
3628,0.008211553
3631,0.003926277
3634,0.98784
3635,0.965874
3637,0.017722785
3639,0.0032662153
3640,0.98871166
3641,0.9589139
3642,0.0042057037
3644,0.10421455
3648,0.0044389963
3649,0.052984655
3650,0.9676684
3651,0.022613168
3652,0.9753247
3654,0.011908531
3655,0.96510273
3657,0.049750447
3658,0.022217393
3659,0.9863384
3662,0.0038157105
3663,0.7703383
3665,0.0092615485
3667,0.039682567
3669,0.5564059
3671,0.025679886
3672,0.005794227
3675,0.96036947
3678,0.9321975
3679,0.42893112
3680,0.5871137
3681,0.97142166
3684,0.28650415
3685,0.7193135
3686,0.9748887
3691,0.08698493
3694,0.96273345
3695,0.9891135
3701,0.012900114
3702,0.9612771
3704,0.004320264
3705,0.0058251023
3707,0.0326187
3708,0.9732418
3711,0.010586381
3716,0.90459806
3717,0.016609311
3718,0.98577446
3721,0.00787282
3722,0.0043618083
3723,0.8530097
3725,0.014928222
3726,0.95968163
3730,0.022521853
3731,0.9573361
3732,0.028334796
3734,0.003960252
3736,0.64523876
3737,0.02861929
3740,0.97482675
3742,0.98783034
3743,0.6989143
3744,0.007180631
3746,0.03432244
3747,0.9676201
3749,0.96036035
3751,0.0052389503
3753,0.09672445
3757,0.98084277
3758,0.0058365464
3763,0.007933497
3765,0.0043925643
3767,0.034028113
3771,0.9807798
3772,0.85625046
3776,0.0046099424
3777,0.012116492
3778,0.93959826
3782,0.05734569
3784,0.17881
3785,0.9672361
3786,0.014081597
3787,0.027304828
3790,0.0071796775
3794,0.7429346
3797,0.9853812
3798,0.03527844
3800,0.014669418
3801,0.01447469
3803,0.8375233
3804,0.96398795
3806,0.0073425174
3810,0.021536052
3811,0.91265655
3812,0.886268
3813,0.9724644
3814,0.006650746
3816,0.7843241
3818,0.97040856
3819,0.9822031
3820,0.007345319
3821,0.012674212
3822,0.007080734
3823,0.047842145
3824,0.0067201257
3830,0.9155697
3833,0.9671943
3835,0.005853176
3837,0.9725273
3838,0.012495339
3840,0.9586468
3841,0.17542493
3842,0.020312548
3843,0.003895998
3847,0.03555751
3848,0.00426507
3849,0.036626995
3850,0.026679754
3851,0.014428496
3853,0.0049669743
3854,0.019001305
3856,0.0062392354
3859,0.018506646
3860,0.8874656
3862,0.007241845
3863,0.0070149302
3865,0.024486005
3870,0.024403632
3875,0.0065027475
3877,0.9792961
3878,0.964099
3880,0.8905448
3882,0.01237911
3883,0.97953504
3884,0.35477328
3887,0.15035588
3890,0.0069889426
3892,0.98437715
3893,0.009132981
3895,0.95364696
3896,0.007950842
3900,0.94925165
3902,0.9537388
3903,0.030944467
3906,0.9680945
3908,0.92804503
3912,0.050806165
3913,0.013249099
3918,0.014352441
3919,0.02647239
3925,0.97559774
3929,0.9728854
3931,0.95348215
3932,0.020083904
3934,0.01349932
3936,0.9652588
3938,0.96280056
3939,0.9759466
3942,0.96836156
3943,0.018461347
3945,0.09606123
3946,0.0075286627
3947,0.010930479
3949,0.01481998
3952,0.008571804
3954,0.009728134
3955,0.066036165
3956,0.00826937
3957,0.9656336
3958,0.059732378
3963,0.97550577
3966,0.99097395
3970,0.029892027
3972,0.95552933
3973,0.038748205
3974,0.02768284
3976,0.9870512
3978,0.0043171644
3979,0.95943743
3980,0.006496489
3981,0.3517396
3982,0.1585272
3983,0.98271954
3984,0.97978103
3985,0.0065788627
3986,0.9623729
3987,0.051855803
3989,0.010076702
3990,0.006467581
3992,0.052236557
3993,0.007602036
3995,0.40601987
3996,0.92711604
4000,0.91069347
4002,0.9694166
4004,0.89265573
4005,0.01306951
4006,0.9534996
4007,0.0056244135
4009,0.0047979355
4012,0.0071483254
4013,0.007975459
4014,0.9578379
4015,0.9768799
4017,0.97356117
4019,0.021654963
4022,0.07854998
4024,0.010236144
4026,0.9687904
4028,0.038867056
4030,0.961939
4035,0.9821267
4036,0.018901944
4037,0.9659824
4038,0.00434196
4041,0.93689275
4042,0.96792054
4043,0.01420325
4046,0.023742259
4048,0.0033883452
4050,0.026837528
4052,0.004391134
4053,0.005636692
4055,0.9775264
4057,0.059057593
4060,0.08880359
4062,0.023615122
4063,0.9734089
4066,0.96805084
4070,0.04622376
4072,0.96362925
4075,0.026158094
4076,0.025534213
4077,0.005957544
4079,0.9681165
4080,0.39614618
4081,0.0031645894
4086,0.022896647
4089,0.014310718
4091,0.01705432
4093,0.011831045
4094,0.008512855
4097,0.9668403
4101,0.02757293
4105,0.976988
4106,0.9887516
4107,0.0035890937
4110,0.89303464
4112,0.016420066
4113,0.005124986
4115,0.9925813
4117,0.008450985
4122,0.9636955
4124,0.035865903
4125,0.030657232
4126,0.12131268
4127,0.961569
4128,0.24879223
4132,0.4552322
4134,0.9852013
4135,0.9613593
4140,0.006168127
4141,0.008730054
4142,0.009188175
4146,0.016924798
4147,0.98882157
4148,0.89275557
4151,0.97725695
4155,0.9727749
4156,0.9540188
4158,0.92477936
4159,0.005006373
4160,0.0051760674
4161,0.019479275
4163,0.017343342
4165,0.022123694
4166,0.06655383
4168,0.0047955513
4169,0.04645872
4170,0.03171581
4173,0.0035613775
4174,0.86703056
4175,0.004402697
4176,0.0067399144
4180,0.0391742
4181,0.98781914
4183,0.0035194755
4184,0.03875792
4185,0.014018178
4186,0.10293883
4188,0.98051786
4189,0.0066419244
4191,0.19403607
4197,0.639258
4199,0.0073952675
4200,0.0069540143
4201,0.96571964
4202,0.011005819
4207,0.9716109
4209,0.020853698
4211,0.0063732862
4212,0.005535066
4215,0.0043336153
4216,0.005596757
4217,0.97120774
4232,0.0072883368
4234,0.0050886273
4236,0.019949138
4237,0.9653965
4238,0.035186887
4239,0.9593675
4241,0.015448391
4242,0.022157133
4248,0.23337513
4253,0.9806161
4256,0.01780665
4257,0.9703601
4258,0.017810225
4259,0.95449096
4261,0.9735297
4262,0.0056530833
4263,0.95964205
4264,0.009030521
4265,0.02938521
4267,0.042810142
4268,0.9661746
4269,0.008299649
4273,0.9678734
4275,0.4548375
4277,0.006569445
4280,0.851817
4283,0.009652376
4285,0.0037753582
4286,0.0060714483
4287,0.017371535
4288,0.005617261
4289,0.03591132
4296,0.98568785
4299,0.0876714
4301,0.96737295
4302,0.016171575
4304,0.13133162
4305,0.013359129
4306,0.9736365
4307,0.15479934
4308,0.0057742
4309,0.9507668
4310,0.003860414
4311,0.023103654
4313,0.98323655
4316,0.96478045
4317,0.01231575
4318,0.028855443
4321,0.011682689
4322,0.96626914
4324,0.95911956
4328,0.0051977634
4329,0.02795124
4330,0.005563259
4333,0.95080054
4336,0.0079190135
4341,0.96101904
4344,0.7688125
4345,0.16126919
4348,0.95956564
4354,0.18487936
4355,0.02207768
4356,0.00594908
4357,0.012647986
4362,0.021492362
4368,0.05415088
4371,0.9534693
4373,0.022767842
4374,0.97012144
4375,0.02665943
4376,0.033181906
4377,0.96781397
4379,0.9582834
4381,0.99110776
4384,0.011846483
4386,0.005869806
4387,0.9587934
4389,0.9885852
4390,0.9615532
4392,0.011212647
4393,0.096180916
4396,0.9585857
4399,0.011045337
4400,0.9658287
4401,0.98661536
4403,0.0041093826
4405,0.019731998
4407,0.97122514
4410,0.0063080788
4411,0.95309865
4413,0.9564367
4414,0.02072084
4415,0.020959377
4417,0.959524
4418,0.015535533
4421,0.9708705
4423,0.032889605
4424,0.004950464
4425,0.0107495785
4432,0.0070744753
4437,0.9839497
4440,0.92035484
4441,0.027953684
4442,0.067322075
4443,0.010066211
4448,0.017182708
4449,0.0041884184
4450,0.07930601
4453,0.96793544
4454,0.94756645
4458,0.012061894
4461,0.007507503
4462,0.9668949
4463,0.0051755905
4465,0.009657025
4466,0.011582673
4471,0.9723438
4472,0.9650533
4475,0.98961824
4477,0.006596744
4479,0.9516799
4480,0.5779623
4483,0.8590409
4484,0.005432129
4486,0.9437555
4487,0.013334751
4488,0.97375697
4491,0.9742082
4492,0.004126847
4494,0.0059066415
4497,0.078725815
4499,0.94685125
4500,0.012406647
4502,0.053531587
4503,0.9733847
4504,0.06589025
4506,0.2778021
4509,0.016323864
4510,0.012729764
4513,0.038272023
4515,0.98380476
4516,0.97718525
4517,0.9605216
4518,0.037550032
4520,0.0045749545
4521,0.006141126
4522,0.9771608
4523,0.9727642
4525,0.055081427
4526,0.96420056
4527,0.009162486
4531,0.29082853
4532,0.9356189
4534,0.97120094
4535,0.0058856606
4537,0.020356834
4539,0.006275356
4542,0.96769506
4543,0.0041546226
4546,0.93382657
4547,0.018077374
4548,0.00986886
4549,0.047430634
4551,0.01381582
4552,0.98308074
4556,0.9670287
4557,0.93779993
4558,0.008998334
4560,0.019209623
4562,0.9463826
4563,0.039301515
4566,0.9639824
4567,0.96374214
4569,0.98559713
4570,0.04130268
4571,0.9577342
4574,0.020702243
4575,0.009400308
4576,0.009819388
4577,0.9642011
4579,0.8632753
4581,0.0123279095
4583,0.96881956
4585,0.004769385
4588,0.008849978
4592,0.5961534
4593,0.9516709
4594,0.065113425
4595,0.0040981174
4598,0.95203125
4599,0.95281494
4600,0.0094406605
4601,0.9539837
4602,0.037730634
4603,0.96035004
4604,0.015720248
4606,0.95448035
4607,0.9468468
4608,0.023313284
4609,0.00983119
4610,0.020990252
4613,0.014016926
4614,0.0070976615
4615,0.96598476
4617,0.21894306
4618,0.0039700866
4619,0.96578056
4622,0.95317775
4623,0.004650414
4624,0.9440923
4630,0.9618061
4635,0.007039368
4636,0.98883504
4637,0.9550987
4638,0.009045303
4639,0.9308865
4640,0.9903391
4641,0.02383095
4642,0.98999
4643,0.9616913
4644,0.15713823
4645,0.009505272
4650,0.9853863
4653,0.16724396
4654,0.025033474
4655,0.08152443
4657,0.003816545
4659,0.040202618
4660,0.1947915
4661,0.01045835
4663,0.026451945
4667,0.9761594
4669,0.96318984
4670,0.9808577
4671,0.02251321
4678,0.00910157
4680,0.8200834
4682,0.9770151
4683,0.9395638
4686,0.8281187
4687,0.0056424737
4688,0.966527
4689,0.530709
4690,0.01037395
4692,0.6545732
4693,0.03410262
4695,0.03578806
4697,0.018613398
4698,0.007490158
4699,0.03318268
4700,0.096762896
4701,0.96805704
4702,0.92608386
4704,0.009232819
4705,0.952788
4706,0.0060817003
4707,0.0036198497
4708,0.0062036514
4710,0.037300885
4712,0.004616201
4714,0.41343087
4715,0.9762157
4717,0.96548784
4719,0.96416175
4720,0.0043635964
4721,0.9706566
4728,0.004697323
4730,0.96661544
4731,0.9677998
4732,0.18487054
4733,0.0054883957
4736,0.98884195
4738,0.9863487
4739,0.9624348
4741,0.025631785
4744,0.008186579
4745,0.027876854
4746,0.05682391
4747,0.0034059882
4748,0.01401335
4750,0.011366248
4753,0.0062556863
4755,0.10184556
4756,0.03215629
4759,0.0040171146
4761,0.007268727
4763,0.0201779
4764,0.96560943
4766,0.55425274
4768,0.96519214
4771,0.99297994
4773,0.0049954057
4774,0.97054434
4776,0.050370395
4780,0.0045873523
4781,0.9254824
4782,0.98066545
4783,0.9729827
4784,0.08411354
4788,0.9868793
4794,0.97953784
4795,0.023348391
4797,0.00913018
4798,0.9629142
4799,0.008729935
4800,0.98904604
4801,0.98871696
4802,0.017647684
4803,0.011922717
4806,0.9861652
4807,0.96349394
4808,0.02378869
4809,0.008701503
4811,0.95198584
4814,0.0075677633
4816,0.9660116
4821,0.012910306
4823,0.007897794
4825,0.004553616
4827,0.9818085
4828,0.40012008
4829,0.20619416
4830,0.0038083792
4831,0.006154597
4832,0.9646188
4835,0.9700121
4836,0.8811876
4837,0.96991974
4839,0.9710898
4840,0.04158467
4842,0.0281744
4845,0.9819414
4846,0.952974
4848,0.26699656
4850,0.98123515
4851,0.008941591
4852,0.99315906
4855,0.007889807
4856,0.97132546
4858,0.95055276
4860,0.09408826
4862,0.008227408
4863,0.006244898
4867,0.9697517
4870,0.0047294497
4871,0.03052628
4872,0.016419053
4875,0.11089593
4879,0.9845587
4880,0.973534
4882,0.004052937
4884,0.0074158907
4888,0.004454732
4891,0.6315341
4892,0.007162392
4894,0.9405293
4897,0.007126093
4899,0.9530541
4900,0.97626805
4903,0.01086241
4904,0.010565221
4907,0.007039249
4908,0.97946626
4910,0.9711585
4912,0.070477605
4913,0.0060327053
4914,0.004761815
4915,0.966081
4917,0.0052595735
4919,0.96804327
4920,0.009402573
4921,0.54816836
4924,0.4484321
4927,0.044265687
4929,0.014712572
4930,0.003604114
4932,0.9752597
4933,0.3422966
4936,0.9728275
4937,0.9793898
4938,0.23721427
4939,0.959091
4941,0.014334559
4942,0.007310927
4944,0.0055185556
4946,0.0050405264
4947,0.029710233
4949,0.00683254
4950,0.004941821
4953,0.003723979
4954,0.97338897
4956,0.9640319
4957,0.9645257
4961,0.011116445
4962,0.011264265
4963,0.9193022
4972,0.003753841
4974,0.0053411126
4978,0.9646313
4979,0.9652799
4983,0.0055140853
4984,0.010560572
4985,0.051519632
4988,0.029292345
4989,0.0547204
4990,0.9426428
4992,0.0063206553
4996,0.025699079
4999,0.025230944
5002,0.010017097
5003,0.9634168
5005,0.004166007
5008,0.014926732
5009,0.99070203
5011,0.01661092
5012,0.957276
5016,0.0045498013
5018,0.00924623
5019,0.9505942
5021,0.009738147
5022,0.95991516
5024,0.97157884
5029,0.9748286
5031,0.016968012
5034,0.006909013
5036,0.9664081
5037,0.9698919
5039,0.0070096254
5040,0.0052696466
5041,0.9631088
5042,0.009335995
5043,0.022554398
5044,0.848353
5047,0.9609229
5050,0.9619949
5052,0.006075084
5053,0.72836375
5056,0.013295531
5057,0.9564228
5059,0.116687775
5061,0.17790347
5062,0.9502293
5064,0.0048392415
5065,0.058133185
5067,0.0076993704
5072,0.00963515
5073,0.9647272
5076,0.017623842
5077,0.21915096
5078,0.017350018
5081,0.99311775
5082,0.0052863955
5084,0.0043411255
5085,0.048443615
5086,0.004462123
5088,0.023114204
5089,0.004766166
5091,0.9590575
5097,0.024965823
5098,0.36966127
5099,0.9759416
5101,0.021323264
5102,0.00609982
5103,0.011476457
5106,0.9565376
5108,0.9590614
5109,0.9595112
5110,0.022902012
5113,0.06028986
5115,0.078069985
5118,0.0036604404
5119,0.0043341517
5123,0.005220413
5124,0.99324775
5127,0.9575458
5128,0.0940125
5129,0.017120183
5130,0.018126488
5132,0.022463858
5136,0.97099996
5138,0.47193938
5141,0.6998001
5144,0.065918565
5145,0.98963326
5148,0.087028444
5150,0.007944286
5154,0.012146354
5155,0.9514789
5156,0.20276886
5157,0.022576988
5160,0.008576453
5162,0.0097513795
5164,0.9764977
5165,0.018149316
5166,0.0047680736
5167,0.9870763
5172,0.021574557
5173,0.9527259
5174,0.030494213
5177,0.024889886
5178,0.98493296
5179,0.016900837
5183,0.0054166913
5184,0.30490637
5185,0.9636141
5189,0.9619904
5190,0.96449035
5191,0.010629654
5192,0.024786592
5193,0.9541613
5194,0.0052649975
5197,0.9718367
5198,0.9898495
5199,0.97940016
5202,0.96256477
5203,0.085164905
5205,0.95763975
5208,0.024565816
5209,0.94813174
5213,0.020511508
5215,0.033254623
5217,0.0054769516
5219,0.97634214
5224,0.0076663494
5225,0.00560534
5226,0.9588027
5227,0.01945573
5228,0.0045307875
5229,0.01575154
5233,0.9706179
5234,0.05639708
5235,0.9839426
5240,0.97368854
5242,0.037397087
5247,0.013865054
5248,0.9752683
5250,0.008915305
5252,0.03165579
5254,0.0040976405
5255,0.9421086
5258,0.055289507
5259,0.028732717
5260,0.03455776
5266,0.8718342
5268,0.12101787
5272,0.014300644
5275,0.0056754947
5279,0.028676629
5281,0.13823324
5282,0.03000307
5283,0.6334691
5285,0.9704859
5288,0.96617985
5290,0.971386
5294,0.8248519
5295,0.8299624
5296,0.008506179
5297,0.0134913325
5298,0.053681612
5299,0.9592887
5300,0.006289959
5302,0.016016245
5304,0.9407
5305,0.0059772134
5306,0.039201558
5310,0.75565565
5311,0.0048758388
5312,0.036079824
5313,0.9728259
5316,0.0077003837
5317,0.98990005
5320,0.010593712
5321,0.9537878
5322,0.03872341
5323,0.005975306
5324,0.96356505
5325,0.038654804
5327,0.96971476
5330,0.93728024
5331,0.0117926
5332,0.031671643
5333,0.97212243
5334,0.9863809
5335,0.3840946
5339,0.94894236
5340,0.95444214
5342,0.005308926
5343,0.0046802163
5345,0.96871
5346,0.2918262
5347,0.9599226
5348,0.015203834
5350,0.97535485
5351,0.9650891
5354,0.0075927377
5357,0.98284477
5358,0.0046612024
5359,0.9527334
5364,0.010667682
5365,0.0047554374
5366,0.0061048865
5367,0.018362701
5368,0.970328
5369,0.0040442944
5371,0.005670607
5372,0.44965756
5375,0.956344
5377,0.99080414
5378,0.96709347
5379,0.95930076
5385,0.84982646
5386,0.007266164
5387,0.019580185
5389,0.97278464
5390,0.0047717094
5393,0.96085715
5394,0.96218103
5396,0.7293849
5397,0.016991735
5401,0.95300937
5407,0.2684406
5408,0.85689294
5409,0.014771223
5410,0.95936006
5413,0.00511086
5414,0.13011473
5415,0.95904845
5416,0.1798684
5417,0.9814196
5420,0.0090402365
5421,0.006986916
5422,0.032444358
5423,0.9890242
5424,0.96402615
5426,0.023207366
5428,0.026633024
5429,0.006026566
5430,0.9702558
5431,0.90230286
5432,0.023250699
5433,0.24388248
5435,0.031813025
5436,0.0041285157
5437,0.96025646
5441,0.017054439
5443,0.8913258
5444,0.0034419894
5446,0.969787
5448,0.024698317
5451,0.019177258
5454,0.006158352
5455,0.97723323
5456,0.09423542
5457,0.010761261
5459,0.03197044
5461,0.044247508
5469,0.9680034
5470,0.017006516
5471,0.9673883
5473,0.89398295
5479,0.9671661
5481,0.02115053
5483,0.011711717
5484,0.9699868
5489,0.9668182
5494,0.9883253
5495,0.68749183
5496,0.012590885
5497,0.28666526
5501,0.96932715
5502,0.10981059
5503,0.012966633
5504,0.06384736
5505,0.038851857
5506,0.3131882
5507,0.007552743
5513,0.008540273
5514,0.01205343
5515,0.9471333
5518,0.017807007
5520,0.9829277
5521,0.029771388
5525,0.0394876
5528,0.019966781
5539,0.96602666
5542,0.9707201
5543,0.9568716
5544,0.0062386394
5545,0.013210118
5550,0.14337134
5551,0.9797331
5554,0.004229367
5555,0.054008484
5556,0.933029
5562,0.9594892
5563,0.039034307
5564,0.09179151
5565,0.029489875
5566,0.9749292
5568,0.9627769
5569,0.025999308
5571,0.9777075
5575,0.016734004
5578,0.9698082
5579,0.4077487
5580,0.0040590763
5582,0.006248176
5584,0.1507554
5586,0.021659791
5588,0.97837687
5591,0.03497666
5593,0.0074335337
5595,0.9775401
5596,0.96281224
5599,0.9567439
5600,0.0089021325
5601,0.0038079023
5606,0.9409512
5607,0.989137
5609,0.028927505
5612,0.032076776
5613,0.017219186
5614,0.16375238
5615,0.9597541
5618,0.9899191
5619,0.003190577
5620,0.005124271
5621,0.006698966
5624,0.98971194
5625,0.00388062
5626,0.04229027
5627,0.97978985
5628,0.020872414
5631,0.083884954
5632,0.004639685
5633,0.44546282
5637,0.9690803
5638,0.9617301
5639,0.22140956
5641,0.0072447658
5644,0.75176966
5647,0.03151393
5649,0.0035663843
5652,0.966266
5653,0.71465516
5654,0.0073402524
5655,0.023877561
5656,0.0050898194
5658,0.9611247
5659,0.01226604
5661,0.009455442
5662,0.075777054
5666,0.005736172
5677,0.95966494
5680,0.008983612
5682,0.037163615
5683,0.004338205
5686,0.023817241
5687,0.98608005
5688,0.004079938
5689,0.82809216
5690,0.97769314
5691,0.93957776
5695,0.013133168
5696,0.031944454
5697,0.004060507
5702,0.020575404
5703,0.5679234
5705,0.9839965
5706,0.9452263
5707,0.01905626
5713,0.0053887367
5716,0.005955994
5717,0.09600216
5719,0.039788663
5724,0.9697939
5725,0.9671901
5728,0.004020214
5729,0.9626837
5731,0.96730363
5734,0.5644673
5735,0.86144376
5736,0.034473956
5739,0.9505634
5741,0.022297084
5742,0.8904647
5744,0.009557426
5748,0.006319523
5749,0.96485406
5751,0.96225
5752,0.39954615
5753,0.93637425
5756,0.9907123
5757,0.9651597
5759,0.032218516
5761,0.24288303
5764,0.0049821734
5767,0.020474195
5770,0.009272337
5772,0.010853052
5773,0.9651474
5775,0.9920037
5778,0.005902648
5779,0.01556766
5785,0.0048434734
5786,0.9773959
5789,0.96781987
5790,0.024239182
5791,0.01035136
5794,0.008460581
5797,0.25466716
5799,0.004426956
5800,0.010378361
5801,0.9919341
5803,0.8494574
5804,0.012557566
5806,0.0061021447
5808,0.036595345
5809,0.0058655143
5810,0.049218953
5811,0.9643127
5812,0.0046987534
5818,0.0312891
5822,0.6258359
5825,0.032119155
5826,0.033823073
5827,0.014656007
5830,0.023040414
5831,0.5871674
5834,0.0108006
5836,0.97977984
5837,0.96410805
5838,0.90446544
5839,0.0035193563
5840,0.02275902
5845,0.0046955347
5846,0.08060318
5847,0.0073212385
5848,0.9860178
5850,0.9771418
5852,0.9640397
5854,0.9443726
5855,0.7436664
5856,0.046268106
5857,0.95699286
5858,0.015322804
5861,0.029345572
5862,0.008422732
5863,0.064352214
5869,0.0073382854
5870,0.045742154
5871,0.9753552
5872,0.96718454
5874,0.06465429
5875,0.9683269
5877,0.9654031
5879,0.009893477
5880,0.020955741
5885,0.9719294
5887,0.006104052
5888,0.0066121817
5889,0.91802406
5890,0.007837951
5891,0.034292996
5894,0.97636795
5895,0.017733812
5896,0.0047279
5901,0.96890193
5903,0.004095137
5904,0.005324602
5906,0.009282172
5907,0.023633182
5908,0.005842805
5909,0.016160607
5910,0.021631002
5911,0.075891614
5912,0.20556122
5916,0.0042411685
5919,0.009068131
5923,0.008917093
5925,0.9192352
5932,0.96088
5933,0.038484216
5934,0.0034165978
5936,0.014179945
5937,0.95445085
5939,0.008171916
5940,0.6602032
5941,0.9704351
5942,0.0103802085
5943,0.035141945
5945,0.9794529
5946,0.010851204
5948,0.9485903
5950,0.013026357
5951,0.73204637
5954,0.9703604
5958,0.0049155354
5959,0.005425513
5960,0.9706697
5964,0.019360721
5965,0.033808053
5966,0.078878045
5967,0.016966045
5968,0.94677234
5969,0.08374995
5970,0.0044290423
5972,0.9701073
5974,0.038278937
5976,0.9719468
5978,0.85475576
5981,0.77259517
5988,0.0041521788
5989,0.009952068
5990,0.22849089
5991,0.38616842
5993,0.99332064
5995,0.0044593215
5996,0.95936114
5997,0.9872038
5999,0.0037708879
6000,0.09474528
6002,0.9428406
6003,0.03234911
6005,0.010056376
6006,0.9613918
6007,0.0071896315
6008,0.0042892694
6009,0.9650541
6010,0.9400932
6011,0.9851834
6012,0.005621612
6014,0.013788819
6015,0.006059885
6016,0.010464489
6017,0.9616477
6020,0.0055707693
6021,0.033617735
6022,0.98678833
6025,0.9926296
6026,0.07237822
6027,0.95325994
6031,0.015545011
6034,0.022992015
6038,0.01448071
6039,0.9506544
6040,0.9832024
6043,0.9701489
6044,0.9046953
6045,0.12700981
6046,0.034267187
6050,0.006422162
6052,0.9686656
6053,0.04048139
6054,0.009635985
6055,0.97608304
6056,0.017525375
6058,0.94920534
6059,0.9591328
6060,0.35178012
6063,0.967933
6064,0.022749126
6065,0.96569306
6066,0.9644206
6067,0.012753844
6072,0.0089046955
6077,0.036439
6079,0.046601534
6081,0.034427643
6082,0.100850105
6086,0.9621601
6087,0.03195113
6089,0.006719172
6090,0.006219089
6093,0.9145448
6094,0.007758498
6096,0.42944413
6098,0.9632952
6101,0.0041651726
6103,0.967349
6104,0.005202174
6106,0.020789683
6107,0.04312986
6109,0.16921383
6111,0.8874061
6115,0.004475057
6118,0.25842732
6119,0.97454983
6121,0.9652034
6122,0.017158091
6125,0.004227698
6127,0.0038702488
6128,0.7769654
6129,0.634616
6131,0.015470028
6132,0.9700525
6135,0.005978167
6140,0.0061140656
6141,0.3164584
6142,0.9734334
6143,0.9598568
6144,0.004514396
6145,0.9555026
6146,0.96146387
6147,0.010059178
6149,0.004387617
6150,0.004819393
6151,0.0074949265
6152,0.10855538
6153,0.04002458
6154,0.007064998
6156,0.9425137
6159,0.0036485195
6160,0.0035493374
6166,0.00794518
6167,0.0059336424
6168,0.013739288
6170,0.9652548
6175,0.006436944
6177,0.0061477423
6181,0.9695966
6184,0.9718331
6186,0.0053983927
6187,0.008127987
6188,0.0046474934
6191,0.9523679
6193,0.084522426
6195,0.052348733
6196,0.43129706
6197,0.0077962875
6198,0.025217474
6199,0.9626418
6202,0.019496322
6204,0.012568831
6213,0.04392332
6214,0.015068889
6217,0.9105523
6218,0.93489957
6220,0.006984353
6224,0.01227504
6225,0.9767211
6226,0.016710818
6232,0.97932917
6233,0.007974863
6234,0.96199113
6235,0.012691081
6237,0.004905224
6238,0.012093663
6241,0.009201527
6243,0.9799405
6245,0.013821125
6247,0.005495131
6248,0.01919812
6249,0.004525006
6250,0.9858252
6251,0.9829509
6253,0.97904587
6254,0.0069215894
6255,0.96439314
6256,0.015338063
6258,0.013220131
6261,0.632277
6262,0.0077807903
6264,0.98854065
6265,0.9806788
6266,0.9577247
6267,0.96612245
6268,0.0125976205
6269,0.9506797
6271,0.23404253
6275,0.019227982
6277,0.11092609
6279,0.90034187
6281,0.97563773
6282,0.015503168
6285,0.016312003
6286,0.040356576
6287,0.9404677
6288,0.015501559
6289,0.08141893
6293,0.0036904216
6294,0.019800425
6295,0.013758302
6296,0.97105473
6298,0.96545756
6301,0.0065595508
6304,0.011741936
6306,0.97828454
6307,0.013131201
6308,0.09108889
6309,0.038358092
6313,0.96095264
6315,0.007829964
6316,0.06556541
6318,0.016814768
6319,0.9684032
6322,0.15386927
6323,0.008542955
6324,0.8834214
6326,0.0038266778
6330,0.98280084
6331,0.9028398
6336,0.9671746
6337,0.025861025
6338,0.95453745
6339,0.00990808
6340,0.0152801275
6342,0.9866057
6343,0.37871534
6344,0.98209614
6345,0.9563755
6348,0.34930623
6349,0.008244991
6351,0.0056521297
6353,0.98361236
6356,0.91848284
6359,0.007455468
6360,0.008005142
6364,0.061130106
6365,0.020299852
6366,0.0126696825
6367,0.9510812
6368,0.0027751923
6369,0.020748854
6370,0.9567996
6371,0.026278675
6372,0.96126807
6373,0.00487113
6374,0.98836875
6375,0.016360998
6376,0.9202081
6377,0.0072386265
6379,0.022242606
6381,0.98742354
6382,0.007229984
6384,0.017663121
6387,0.97137934
6391,0.1789217
6393,0.9638259
6394,0.9128763
6399,0.014394939
6400,0.0055575967
6401,0.16741347
6403,0.22641557
6406,0.018557131
6407,0.011689544
6408,0.0061559677
6409,0.9742093
6412,0.06938833
6413,0.0124384165
6414,0.031293392
6415,0.030289352
6416,0.016396761
6418,0.9766579
6419,0.97876346
6420,0.012532115
6423,0.024987817
6426,0.006010413
6429,0.007900715
6431,0.031299293
6434,0.004213631
6436,0.9721665
6438,0.0062552094
6441,0.97413903
6442,0.94810575
6447,0.0062978268
6450,0.90644765
6452,0.9665727
6453,0.0036563277
6454,0.01057595
6456,0.008695364
6457,0.02068746
6459,0.034914374
6460,0.010529518
6463,0.9821582
6464,0.016258836
6465,0.9644573
6466,0.014582157
6470,0.003802538
6471,0.15732616
6473,0.014405668
6474,0.24761468
6475,0.004720688
6476,0.0043242574
6479,0.025433302
6480,0.9234814
6482,0.008850217
6483,0.9815018
6487,0.009738147
6488,0.9886162
6490,0.0077930093
6491,0.76884097
6493,0.9560571
6494,0.014514983
6495,0.350021
6496,0.011470735
6499,0.14726084
6500,0.9709358
6505,0.034386277
6506,0.010644257
6508,0.013103306
6509,0.9736689
6511,0.007543206
6512,0.005939305
6514,0.01053679
6515,0.012019575
6517,0.011469901
6519,0.01834476
6520,0.012182295
6521,0.007456064
6522,0.018298388
6523,0.0105448365
6529,0.9762766
6532,0.0072463155
6533,0.0070789456
6534,0.95883673
6535,0.9874814
6536,0.9676055
6537,0.024923682
6541,0.1636095
6543,0.98782855
6544,0.49443698
6545,0.014491022
6548,0.9642308
6549,0.9636522
6550,0.42687023
6551,0.0054330826
6555,0.038080454
6556,0.9180545
6557,0.29881495
6563,0.9840362
6564,0.0071727633
6565,0.8371104
6567,0.10539538
6568,0.017577946
6569,0.33619976
6570,0.015682101
6571,0.0072845817
6572,0.97471297
6573,0.015094578
6574,0.0035437942
6580,0.6486021
6583,0.984695
6584,0.90457284
6585,0.011666954
6589,0.0121544
6590,0.024021983
6592,0.089433074
6595,0.99058163
6596,0.013001621
6597,0.013892293
6598,0.9021121
6600,0.27437437
6601,0.037391663
6603,0.012714326
6604,0.011413157
6605,0.0042946935
6607,0.017616153
6610,0.90099496
6612,0.96388656
6613,0.9827693
6614,0.7981057
6615,0.0057070255
6616,0.008621573
6617,0.046847105
6618,0.0033348203
6620,0.011479557
6621,0.94709134
6622,0.013331294
6623,0.0074418783
6629,0.02097869
6630,0.006869495
6632,0.9759411
6633,0.0506652
6634,0.9646383
6635,0.94338584
6640,0.974755
6641,0.014112413
6643,0.9564456
6644,0.04588455
6645,0.004608035
6648,0.9672716
6649,0.011130929
6650,0.8341473
6651,0.014939129
6653,0.96130496
6654,0.0052961707
6655,0.015078247
6657,0.012254298
6661,0.9476592
6662,0.004927695
6663,0.961328
6664,0.06063819
6667,0.050167322
6669,0.010553241
6670,0.0411036
6671,0.018328011
6672,0.01010406
6675,0.970803
6678,0.97188485
6679,0.0050219893
6681,0.015657187
6682,0.010732353
6683,0.04697597
6684,0.008319795
6685,0.014275312
6692,0.007242441
6694,0.042525887
6695,0.005621612
6696,0.015202224
6698,0.021494865
6699,0.013644636
6701,0.97897655
6703,0.0073040724
6704,0.9620694
6705,0.8924897
6706,0.9853743
6707,0.0050324798
6710,0.9877491
6711,0.010430336
6713,0.9742222
6714,0.005230844
6716,0.4169165
6717,0.01703322
6721,0.004307449
6722,0.92085403
6724,0.024587274
6727,0.9580519
6729,0.004799247
6730,0.99007297
6731,0.053375542
6732,0.0841642
6742,0.8648783
6745,0.95204604
6748,0.9700453
6749,0.0045574903
6750,0.9836539
6752,0.97028697
6753,0.005477786
6754,0.9794242
6757,0.957585
6758,0.9628309
6759,0.006789744
6761,0.97030145
6762,0.02728945
6763,0.96042985
6766,0.018830597
6770,0.0445953
6771,0.9259619
6774,0.007742882
6776,0.007874906
6777,0.9707984
6778,0.011774421
6779,0.9827017
6782,0.14101559
6784,0.9834546
6785,0.0037216544
6786,0.008776903
6787,0.98376244
6788,0.009948552
6789,0.9656012
6790,0.017744184
6792,0.06004834
6794,0.6392468
6795,0.9765127
6796,0.91714406
6799,0.96481305
6801,0.968205
6802,0.0059137344
6803,0.9617585
6805,0.0035218596
6807,0.96371317
6809,0.003637731
6810,0.1196605
6812,0.0031921268
6815,0.9016429
6817,0.020611882
6822,0.9659933
6825,0.7168255
6827,0.0052927732
6831,0.1420067
6832,0.0044795275
6835,0.011033714
6836,0.006958127
6837,0.9703595
6840,0.032159984
6841,0.96825683
6842,0.9611247
6845,0.01827848
6846,0.014242291
6849,0.111468494
6851,0.013232887
6853,0.02646935
6854,0.011384308
6855,0.0059221983
6859,0.9481074
6863,0.969314
6864,0.022171378
6865,0.044975996
6866,0.0046613216
6867,0.023983836
6868,0.9578862
6870,0.011774063
6871,0.96214503
6876,0.011082172
6878,0.01451093
6880,0.004262209
6881,0.07873851
6885,0.13384831
6886,0.008060515
6887,0.0045731068
6888,0.060694337
6891,0.99249214
6892,0.92696774
6893,0.9572651
6894,0.9881836
6897,0.94569707
6899,0.00486356
6901,0.95752627
6902,0.0035169125
6903,0.95844465
6904,0.007856607
6905,0.9537254
6906,0.9284089
6907,0.017277002
6910,0.04997605
6911,0.03128612
6912,0.009234309
6914,0.9517612
6915,0.9401388
6916,0.032893658
6917,0.021540523
6919,0.009974241
6920,0.043506444
6921,0.96345824
6923,0.015272021
6925,0.9327358
6926,0.95801234
6928,0.9812239
6930,0.030195296
6931,0.009581625
6933,0.0069987774
6934,0.022306323
6935,0.3600431
6936,0.7163388
6937,0.9684345
6938,0.96380043
6939,0.009762943
6940,0.008575559
6941,0.9690031
6942,0.9075452
6945,0.02303946
6946,0.01204282
6948,0.024432003
6950,0.041429996
6952,0.17901772
6953,0.962284
6954,0.9655864
6957,0.060227036
6960,0.95169145
6961,0.98080593
6962,0.9509747
6963,0.989675
6964,0.010868251
6966,0.032863677
6967,0.9889026
6968,0.9678649
6971,0.012219906
6973,0.9327353
6976,0.98106277
6979,0.11674726
6981,0.015399754
6982,0.9925437
6983,0.85946995
6984,0.4868173
6986,0.005497217
6987,0.9568
6990,0.77968085
6992,0.96023893
6998,0.04775089
6999,0.964324
7000,0.0095722675
7001,0.95413387
7002,0.0042073727
7005,0.95840234
7006,0.01587683
7007,0.017515123
7010,0.011191785
7011,0.9486242
7012,0.9464716
7014,0.98768955
7017,0.039902806
7018,0.0094648
7021,0.9630439
7023,0.0083889365
7024,0.020821571
7025,0.05308032
7026,0.038841903
7027,0.0053836703
7028,0.01690799
7030,0.0064394474
7031,0.9660375
7032,0.9872398
7033,0.007449627
7034,0.96298146
7035,0.05753994
7037,0.9882365
7038,0.04631245
7042,0.030988693
7043,0.011919916
7044,0.022621155
7045,0.98940605
7046,0.030789971
7048,0.068391204
7050,0.10219741
7051,0.011798799
7052,0.9731704
7053,0.0068490505
7054,0.9687171
7056,0.009821415
7057,0.007540524
7059,0.007875979
7061,0.0079779625
7063,0.966223
7066,0.7438092
7067,0.018928587
7069,0.012149155
7070,0.0059218407
7072,0.9579829
7073,0.009380817
7074,0.9719766
7076,0.018097162
7079,0.053558707
7081,0.0052301288
7082,0.9730035
7083,0.01837188
7084,0.006747067
7085,0.03893727
7086,0.005594492
7087,0.86963916
7088,0.011610985
7090,0.002677977
7091,0.010600805
7092,0.01349014
7097,0.9673017
7098,0.030281484
7099,0.9619213
7102,0.9863662
7103,0.022857964
7106,0.082841456
7111,0.030940413
7112,0.94722676
7113,0.016498923
7114,0.9899153
7115,0.95590526
7118,0.084391296
7121,0.95920795
7122,0.83621204
7124,0.15062332
7129,0.75222015
7130,0.032210052
7132,0.007704735
7135,0.19701844
7141,0.9643127
7142,0.9899071
7144,0.0051046014
7145,0.008603156
7148,0.97092044
7149,0.009963512
7150,0.018679857
7151,0.95863867
7152,0.00530833
7153,0.0049761534
7155,0.8750591
7157,0.111584425
7159,0.97146565
7160,0.9882551
7161,0.26513845
7162,0.0067387223
7163,0.0053429604
7165,0.17668778
7166,0.9488515
7168,0.0038567185
7169,0.009099364
7170,0.031344473
7171,0.0043893456
7172,0.006801963
7173,0.9717147
7174,0.004273057
7175,0.0051473975
7178,0.018065453
7181,0.03360778
7182,0.023595572
7183,0.003978908
7184,0.19210732
7185,0.004978657
7187,0.01735437
7189,0.95380217
7190,0.006977737
7191,0.23584569
7194,0.017059624
7195,0.0148870945
7196,0.004085362
7199,0.0035359263
7200,0.53854966
7203,0.009212434
7204,0.35077155
7207,0.9639101
7208,0.9697881
7209,0.011274278
7211,0.9559899
7216,0.020581722
7217,0.95443225
7218,0.016047537
7221,0.92245096
7222,0.009845793
7223,0.9110745
7224,0.0048761964
7225,0.82096314
7228,0.008325398
7229,0.07707465
7230,0.13196325
7231,0.7488971
7232,0.009383142
7234,0.038583934
7235,0.95361817
7236,0.99067104
7238,0.07502097
7243,0.96112597
7244,0.9822447
7245,0.980869
7247,0.22850108
7249,0.9673695
7250,0.9579798
7252,0.9641603
7253,0.008649826
7254,0.026455998
7255,0.9893861
7256,0.96443546
7257,0.9547727
7258,0.90340704
7259,0.009452522
7260,0.9859721
7262,0.9695363
7263,0.9799146
7264,0.97180057
7266,0.9693766
7267,0.8666076
7269,0.9611691
7271,0.97411776
7272,0.012756944
7274,0.97131646
7276,0.014743924
7277,0.98055834
7278,0.97750556
7279,0.050921142
7280,0.0043337345
7281,0.0087714195
7282,0.95800847
7283,0.5361136
7285,0.95192564
7286,0.0068643093
7287,0.047701716
7289,0.154903
7290,0.014553666
7291,0.5305686
7293,0.964849
7294,0.023926973
7296,0.05057788
7299,0.9541123
7300,0.07011032
7304,0.94186074
7306,0.96007353
7307,0.9903578
7308,0.039684117
7309,0.9668569
7310,0.9703577
7311,0.916386
7312,0.9733839
7313,0.9679198
7314,0.009124875
7317,0.03153473
7318,0.9717571
7320,0.98828447
7321,0.960262
7322,0.9395272
7323,0.9546788
7324,0.017136633
7325,0.9902479
7326,0.96309155
7327,0.96330583
7328,0.006814122
7329,0.95712495
7330,0.9692049
7331,0.019600153
7332,0.97256666
7334,0.76058173
7335,0.94838446
7337,0.9696905
7338,0.9875818
7340,0.9739725
7341,0.96602875
7342,0.8530414
7343,0.016118288
7345,0.44231957
7346,0.01584047
7347,0.9890012
7349,0.016708195
7350,0.8724654
7351,0.035377145
7352,0.005164385
7354,0.9706619
7355,0.006123483
7356,0.0054858923
7357,0.003926158
7359,0.7315262
7361,0.036871016
7362,0.018198848
7363,0.97553575
7364,0.9636326
7365,0.9613244
7366,0.034426033
7367,0.9891587
7368,0.97574526
7370,0.015395343
7371,0.028247237
7372,0.9665519
7373,0.010372281
7374,0.042678535
7375,0.035408676
7376,0.008266807
7377,0.042379737
7378,0.08442521
7379,0.026254058
7380,0.004373908
7381,0.7427161
7382,0.00918448
7383,0.97439295
7386,0.97191113
7388,0.016318023
7390,0.3071438
7393,0.96299136
7394,0.0052414536
7395,0.94885665
7396,0.98284763
7397,0.01218605
7398,0.031235218
7399,0.98917425
7400,0.20151478
7401,0.008325756
7402,0.9890196
7403,0.017348826
7404,0.0054258704
7406,0.97721183
7412,0.9725615
7415,0.9619433
7416,0.9469509
7417,0.5736339
7418,0.006378114
7420,0.9640242
7424,0.91378987
7425,0.009987354
7426,0.2070418
7428,0.013343275
7430,0.0123153925
7431,0.97021013
7433,0.97345567
7434,0.010256469
7435,0.98777723
7436,0.00830102
7437,0.90930176
7438,0.018637538
7439,0.08394176
7440,0.00661546
7442,0.0050969124
7443,0.9471382
7444,0.94782376
7445,0.015516937
7448,0.008344054
7449,0.07231778
7450,0.05052477
7451,0.97542137
7452,0.9545459
7453,0.06706625
7454,0.9662605
7456,0.9784614
7458,0.96609896
7459,0.010809183
7461,0.9656608
7462,0.96344286
7463,0.95215034
7464,0.051282346
7465,0.04719484
7466,0.951415
7467,0.8974739
7468,0.029759884
7469,0.9665087
7473,0.96333516
7474,0.96220434
7475,0.94778365
7476,0.96021026
7477,0.008524179
7478,0.020491362
7479,0.9862959
7482,0.961771
7485,0.9521118
7486,0.18905783
7487,0.0342443
7488,0.9430824
7489,0.57893765
7490,0.15286201
7492,0.021109939
7493,0.014411628
7494,0.99270767
7496,0.96873546
7498,0.0041804314
7499,0.08512616
7501,0.67318445
7502,0.9543093
7503,0.0054801106
7504,0.01457417
7505,0.97147906
7506,0.9603341
7507,0.26622164
7508,0.9654978
7509,0.014199853
7510,0.0044330955
7511,0.95567846
7512,0.08354479
7515,0.01671058
7516,0.95726645
7517,0.28346986
7518,0.9700656
7519,0.9757756
7523,0.9632509
7528,0.12170029
7529,0.9740525
7531,0.96408826
7532,0.96533173
7537,0.0064056516
7538,0.020746112
7539,0.06988877
7540,0.9653473
7541,0.98750526
7542,0.91814303
7543,0.03250581
7544,0.00641191
7545,0.0049037337
7547,0.9518843
7548,0.005107522
7549,0.95909977
7551,0.9637603
7552,0.053150415
7554,0.4162085
7555,0.008602977
7556,0.21251208
7557,0.9911294
7558,0.24581045
7560,0.92677784
7561,0.95821106
7562,0.043186784
7563,0.9645606
7564,0.9475046
7567,0.16631156
7568,0.96561974
7569,0.008412182
7571,0.9624622
7573,0.9775988
7574,0.9551482
7576,0.014318943
7577,0.01026088
7578,0.9839841
7579,0.015178144
7580,0.017115593
7582,0.9151493
7583,0.004646063
7585,0.005914569
7587,0.0059277415
7588,0.0086477995
7589,0.82186526
7590,0.9559311
7591,0.01011163
7592,0.053960085
7593,0.96012974
7594,0.9655018
7595,0.06945759
7596,0.9709908
7597,0.97909284
7600,0.021741211
7602,0.9892097
7603,0.97777146
7604,0.9367476
7605,0.0046893954
7606,0.03865421
7608,0.96813893
7610,0.9673041
7611,0.96513087
7612,0.0045466423
7613,0.035265684
7615,0.9234947
7616,0.013157904
7621,0.90096116
7622,0.96939695
7625,0.05312717
7626,0.7019573
7627,0.01758176
7628,0.9480268
7631,0.007881939
7632,0.14258677
7633,0.9550619
7635,0.8543623
7636,0.018815637
7638,0.9576521
7639,0.013557911
7640,0.96049803
7641,0.9801598
7642,0.7299627
7644,0.8918799
7645,0.89516574
7646,0.93887377
7647,0.37474495
7649,0.9696319
7650,0.07284367
7651,0.91486776
7652,0.017085731
7654,0.0062339306
7655,0.9725367
7656,0.9749504
7660,0.9822923
7661,0.9712488
7664,0.9723062
7665,0.9629414
7667,0.009718299
7668,0.9772221
7671,0.8703216
7674,0.0828833
7675,0.9616683
7676,0.9580727
7677,0.026040375
7678,0.0054183602
7680,0.036467314
7681,0.03132087
7682,0.5764
7683,0.97286755
7686,0.9512753
7687,0.93484193
7688,0.0048937798
7689,0.508893
7691,0.97062504
7692,0.0054362416
7693,0.25294042
7695,0.94613856
7696,0.9613136
7697,0.96244466
7698,0.25421232
7700,0.03167802
7701,0.34534007
7703,0.9666406
7704,0.9530047
7705,0.96784914
7706,0.006514728
7707,0.97489804
7710,0.004091263
7711,0.8680776
7712,0.9806691
7713,0.085598886
7715,0.7003503
7717,0.03181237
7719,0.9564076
7722,0.0039731264
7724,0.9625298
7726,0.97511405
7729,0.015637755
7730,0.014594853
7731,0.05092168
7735,0.028161705
7737,0.09890634
7738,0.9609172
7739,0.007402301
7740,0.015581608
7741,0.0219388
7743,0.006809056
7744,0.17810369
7745,0.043083966
7746,0.96653235
7747,0.175924
7748,0.9744466
7749,0.9351141
7750,0.015422523
7751,0.98932004
7753,0.9578861
7754,0.020104527
7756,0.018666446
7757,0.96665025
7758,0.008428454
7759,0.9589956
7760,0.031897068
7763,0.16606009
7764,0.96305627
7766,0.96373886
7767,0.03223312
7768,0.9699922
7770,0.029617965
7772,0.9863564
7773,0.00907886
7774,0.012987077
7775,0.968176
7777,0.759371
7779,0.13640648
7780,0.95503885
7781,0.9865663
7782,0.015353203
7783,0.91414183
7784,0.18245345
7785,0.0063266754
7786,0.03092724
7787,0.8629218
7789,0.560187
7791,0.95899045
7792,0.0051127076
7794,0.042737186
7795,0.78774565
7798,0.0033527017
7802,0.30640274
7804,0.96705467
7805,0.9713597
7806,0.9696771
7807,0.98750347
7808,0.14785445
7809,0.008993566
7810,0.011823475
7811,0.96077764
7813,0.019308686
7814,0.9668359
7815,0.37622625
7817,0.014578342
7819,0.09885377
7820,0.016174138
7821,0.008919895
7823,0.042424202
7825,0.9678731
7828,0.005124986
7829,0.90261394
7830,0.9622411
7831,0.0087224245
7832,0.95989645
7833,0.51589346
7834,0.98762804
7836,0.9813255
7837,0.9042533
7838,0.82401544
7839,0.96336985
7840,0.9529057
7841,0.013416231
7844,0.0064626336
7846,0.0066949725
7847,0.023382306
7849,0.9833234
7850,0.03610128
7851,0.9574465
7853,0.9584145
7854,0.0055980086
7855,0.024821341
7856,0.95961386
7857,0.014591992
7859,0.9648478
7860,0.9593733
7861,0.07778549
7862,0.9555264
7863,0.015215516
7864,0.9563287
7865,0.9722196
7867,0.9643283
7868,0.016548634
7869,0.031763792
7870,0.03851241
7872,0.96810746
7873,0.05855292
7874,0.0089764595
7876,0.032574236
7878,0.03206432
7879,0.9193883
7880,0.9662959
7882,0.9628663
7883,0.96113473
7884,0.96045405
7885,0.9776294
7888,0.9519304
7889,0.018614113
7892,0.017362297
7893,0.009572387
7894,0.9727134
7897,0.0061543584
7899,0.96965736
7900,0.019565523
7901,0.96462965
7902,0.013237655
7904,0.009226024
7905,0.9691304
7906,0.005463183
7907,0.9711259
7909,0.29364812
7910,0.012440503
7915,0.037314117
7916,0.9671512
7917,0.0036168098
7919,0.22958022
7920,0.010461926
7922,0.14894712
7927,0.029178977
7928,0.9702783
7929,0.019084692
7930,0.14430434
7932,0.020063281
7934,0.9635998
7935,0.005168438
7936,0.18273062
7938,0.014441013
7939,0.98247916
7941,0.0066608787
7942,0.9900828
7943,0.0048476458
7944,0.057703316
7945,0.030118167
7946,0.0030691028
7947,0.02080661
7948,0.963702
7950,0.020647585
7951,0.2114231
7952,0.022890866
7953,0.4070952
7954,0.014441967
7955,0.006453097
7956,0.0063533783
7959,0.03577292
7961,0.0042285323
7963,0.00715667
7965,0.97851753
7966,0.96845764
7967,0.014031768
7968,0.030487955
7969,0.13095152
7970,0.015905559
7971,0.01628548
7972,0.11613381
7973,0.0060721636
7974,0.028115213
7975,0.02328223
7976,0.90790236
7977,0.96674675
7980,0.007911086
7982,0.9629114
7983,0.95916474
7984,0.0060371757
7985,0.9562178
7987,0.18448901
7988,0.9723428
7989,0.9586676
7990,0.100010455
7991,0.9535035
7994,0.96121716
7997,0.0072883368
7999,0.9564117
8000,0.0049791336
8004,0.95888394
8005,0.008366346
8007,0.008184254
8009,0.008592963
8011,0.9731262
8012,0.007475674
8014,0.007653475
8015,0.013417184
8016,0.02386731
8017,0.96304387
8018,0.9645564
8019,0.17210752
8020,0.012829244
8021,0.9703982
8022,0.971707
8023,0.0140936375
8024,0.95487297
8025,0.007741511
8029,0.93978566
8030,0.015272975
8033,0.6271374
8034,0.0054829717
8035,0.011446476
8036,0.016037822
8037,0.010673761
8041,0.020940542
8042,0.010852218
8044,0.89199173
8046,0.019934595
8048,0.9675707
8049,0.020162523
8050,0.005875528
8051,0.02882868
8052,0.03159958
8055,0.902081
8056,0.017360568
8057,0.97211623
8058,0.0041003823
8059,0.01544404
8061,0.012776256
8065,0.95891505
8067,0.95723
8068,0.9894801
8069,0.00416553
8070,0.0048069954
8072,0.9684121
8073,0.9666795
8074,0.011527479
8075,0.9344461
8077,0.96152204
8079,0.9638411
8080,0.9141218
8081,0.0080782175
8082,0.0050951242
8083,0.05172366
8085,0.02066058
8086,0.008624494
8088,0.9710999
8089,0.043761373
8090,0.011825204
8094,0.0068162084
8095,0.012021065
8097,0.016462147
8098,0.06013155
8099,0.005156994
8101,0.010274112
8102,0.9414734
8104,0.006247103
8105,0.9607414
8107,0.005752802
8108,0.9575362
8109,0.028924882
8110,0.0040295124
8111,0.96889436
8113,0.9749033
8119,0.97191
8120,0.0045312643
8121,0.037043452
8122,0.9881392
8125,0.01180923
8127,0.075915396
8129,0.025198698
8130,0.008802354
8131,0.9672563
8132,0.49535638
8133,0.9635453
8135,0.08035934
8136,0.92162776
8139,0.011721373
8140,0.679678
8141,0.95408547
8145,0.7187685
8147,0.96160305
8148,0.007358134
8149,0.0058149695
8151,0.94131273
8152,0.006901562
8154,0.030666947
8156,0.0044953227
8157,0.010408223
8158,0.0070548654
8160,0.05754459
8161,0.032833636
8162,0.009070456
8164,0.024965465
8165,0.8854778
8167,0.0068703294
8168,0.9927199
8170,0.032874465
8171,0.009562075
8174,0.0058262944
8175,0.0065039396
8177,0.96248555
8178,0.0051017404
8180,0.03797996
8182,0.71476734
8183,0.04431176
8186,0.15421128
8187,0.9640195
8189,0.00442791
8191,0.021925092
8193,0.023142993
8196,0.008054912
8197,0.011694312
8198,0.007225156
8199,0.0036934614
8200,0.92817235
8201,0.048481584
8202,0.23640174
8204,0.013489664
8206,0.9675935
8207,0.08594912
8209,0.017139435
8212,0.031790257
8213,0.9485276
8215,0.031049013
8216,0.9626735
8217,0.5372428
8219,0.95792747
8220,0.19051194
8223,0.9398666
8224,0.9710294
8225,0.961218
8226,0.004895687
8227,0.007542014
8228,0.9687119
8229,0.008012295
8230,0.75033545
8231,0.96410424
8232,0.9097237
8233,0.0077629685
8235,0.96259516
8236,0.008659065
8238,0.014310062
8239,0.96978205
8241,0.0034020543
8242,0.9664933
8244,0.013011456
8245,0.011326373
8246,0.017662406
8247,0.006813526
8248,0.024949372
8249,0.0070976615
8250,0.96441483
8251,0.030950606
8252,0.012312233
8253,0.008990407
8254,0.010369003
8256,0.013741732
8257,0.004230857
8258,0.076577604
8259,0.94938195
8262,0.96922135
8263,0.023759842
8264,0.010566652
8266,0.006714821
8267,0.0053165555
8269,0.952664
8270,0.016165018
8271,0.06252706
8272,0.017444849
8273,0.9580273
8274,0.005485177
8275,0.05616653
8276,0.08239013
8277,0.0329746
8278,0.95524806
8280,0.027519524
8282,0.9703947
8285,0.013712943
8286,0.9682823
8288,0.0042752028
8291,0.9653548
8293,0.04767835
8294,0.15911871
8295,0.0053827167
8297,0.014815807
8304,0.9510182
8305,0.97056365
8306,0.031189442
8308,0.004768908
8310,0.0038647652
8312,0.97805953
8313,0.006024778
8314,0.9465531
8315,0.01837486
8317,0.020939708
8320,0.9749057
8321,0.9564466
8322,0.9657766
8323,0.93305874
8324,0.9662716
8327,0.004225552
8330,0.004281938
8331,0.03423196
8333,0.0059034824
8334,0.9564968
8335,0.9797524
8336,0.017291844
8337,0.95476234
8338,0.015048742
8340,0.9657368
8343,0.9584645
8346,0.011230946
8347,0.00736928
8348,0.9725903
8349,0.008368909
8350,0.01817453
8351,0.0062199235
8352,0.021534026
8353,0.006398022
8355,0.97331667
8357,0.025950909
8359,0.20891124
8360,0.005675137
8361,0.18121624
8366,0.01959145
8367,0.0064553022
8368,0.96559155
8370,0.12039262
8371,0.010792434
8372,0.033236504
8373,0.036750555
8374,0.03482479
8375,0.007925034
8377,0.0075728297
8378,0.005308211
8379,0.01410079
8381,0.9722281
8382,0.0071802735
8384,0.973485
8386,0.0076034665
8387,0.023475766
8391,0.023970902
8393,0.0034008622
8398,0.0038843155
8400,0.0060777664
8402,0.005847633
8403,0.004628837
8404,0.0032293797
8405,0.0072429776
8406,0.0101649165
8410,0.029219568
8411,0.0045335293
8412,0.004330516
8413,0.012025714
8414,0.008656979
8415,0.12188667
8416,0.95209324
8419,0.008312881
8420,0.0043368936
8421,0.97042334
8422,0.96019214
8427,0.9621724
8428,0.03256607
8430,0.9592303
8432,0.9717107
8434,0.029881477
8436,0.004577458
8437,0.009288251
8439,0.09134209
8441,0.7034224
8442,0.9888313
8443,0.060890377
8444,0.023675919
8445,0.0045107007
8446,0.970621
8448,0.33015454
8449,0.9712542
8450,0.9597601
8451,0.032708883
8452,0.9549316
8454,0.18142563
8455,0.922673
8456,0.010459244
8461,0.008785605
8462,0.00677979
8463,0.00622648
8465,0.0036534667
8468,0.9718955
8470,0.030135512
8471,0.024742544
8472,0.9562924
8473,0.01685661
8474,0.007900178
8475,0.043748617
8478,0.0077041388
8479,0.008582115
8481,0.023081124
8482,0.005101621
8483,0.013905406
8484,0.039620697
8487,0.9636971
8488,0.00815022
8490,0.07275432
8491,0.007024169
8492,0.14679563
8494,0.04735142
8495,0.008898258
8496,0.004334271
8498,0.0060391426
8499,0.9579653
8500,0.95791024
8501,0.03507012
8502,0.00858444
8504,0.97215956
8505,0.0044739842
8507,0.31025565
8509,0.86830974
8510,0.96079105
8511,0.0050940514
8512,0.010442436
8513,0.87165964
8514,0.02945441
8517,0.045383096
8518,0.014546692
8519,0.9352772
8520,0.9669349
8521,0.0139273405
8522,0.96871054
8524,0.9696017
8525,0.009903431
8526,0.048861146
8527,0.96278596
8528,0.033786774
8531,0.97410214
8532,0.9903937
8533,0.0061441064
8534,0.008840978
8535,0.96625024
8536,0.97017336
8537,0.012294471
8538,0.94205993
8539,0.009276092
8540,0.009961486
8542,0.043505788
8543,0.010785997
8544,0.011624694
8545,0.015647471
8546,0.95909834
8549,0.9719619
8550,0.005074978
8552,0.09812659
8554,0.8429761
8557,0.9652546
8559,0.014570475
8561,0.0053470135
8564,0.0052161813
8565,0.030703068
8566,0.030371845
8567,0.121655405
8569,0.9847814
8574,0.022988737
8575,0.9656493
8576,0.018738747
8578,0.96066713
8580,0.08019298
8581,0.008066833
8582,0.01013267
8583,0.01648432
8585,0.0043857098
8586,0.7841425
8588,0.0074757934
8589,0.049265742
8591,0.013451159
8592,0.004419148
8593,0.9314348
8594,0.9390319
8595,0.0041760206
8598,0.86230433
8600,0.008199275
8601,0.007835031
8602,0.967264
8603,0.019399822
8604,0.013768733
8606,0.9585271
8609,0.011028111
8610,0.0046262145
8612,0.98997974
8613,0.96138644
8614,0.0064631104
8615,0.9559664
8618,0.0042027235
8619,0.96230596
8620,0.0029982924
8621,0.019869804
8623,0.97704285
8624,0.97540444
8626,0.0038617253
8627,0.0064109564
8628,0.9881168
8630,0.06300062
8631,0.9638708
8632,0.9629339
8633,0.010887206
8634,0.7838015
8636,0.02106452
8637,0.8816689
8639,0.95832586
8640,0.0050485134
8642,0.0032702684
8643,0.0073518753
8644,0.009260774
8645,0.9672547
8646,0.95094883
8649,0.023696661
8650,0.015770912
8652,0.039632082
8656,0.96440136
8657,0.01650238
8658,0.01909089
8660,0.01024884
8661,0.006941676
8662,0.0034014583
8663,0.018857002
8664,0.003923714
8665,0.96108216
8667,0.009336591
8668,0.0042428374
8670,0.01142925
8671,0.938263
8672,0.043134093
8673,0.007160306
8674,0.007749915
8676,0.9553062
8678,0.009009242
8681,0.08949977
8684,0.037594438
8685,0.014570117
8686,0.022510946
8687,0.013969421
8689,0.96489435
8690,0.00671649
8691,0.004642546
8692,0.9785423
8693,0.005117178
8696,0.02743864
8697,0.97166806
8701,0.974073
8702,0.016014516
8703,0.015649319
8705,0.009143233
8706,0.96574736
8707,0.8805072
8708,0.011778653
8710,0.008278668
8711,0.9619154
8713,0.9894643
8714,0.07279992
8715,0.028642654
8718,0.033679366
8719,0.020748496
8720,0.1069175
8722,0.012365282
8723,0.8650909
8724,0.15699738
8727,0.0035709739
8729,0.004229367
8732,0.9524182
8735,0.0054042935
8736,0.016139269
8737,0.97472686
8738,0.013799548
8739,0.007319689
8740,0.007813692
8741,0.9664837
8743,0.9697062
8744,0.03324437
8745,0.9613136
8747,0.0064168572
8750,0.01490289
8751,0.02293402
8752,0.0035654306
8753,0.9586736
8756,0.9624279
8757,0.038797557
8758,0.08580387
8759,0.010805488
8760,0.9891891
8763,0.020045757
8764,0.0061661005
8765,0.9647803
8766,0.9634921
8768,0.8611901
8769,0.03684944
8770,0.0053388476
8771,0.8523562
8773,0.009029388
8776,0.008537829
8778,0.008353174
8779,0.9708872
8780,0.986337
8781,0.027479231
8782,0.0070006847
8783,0.013407171
8784,0.00780499
8785,0.98307264
8786,0.96646553
8787,0.9601246
8788,0.008033752
8789,0.0044017434
8790,0.0041172504
8791,0.9641094
8794,0.029495716
8795,0.008205473
8796,0.0094925165
8797,0.004421532
8798,0.06372702
8799,0.0039530396
8800,0.006009221
8801,0.0039458275
8803,0.080377996
8805,0.062318027
8812,0.024396718
8813,0.01081574
8814,0.9725441
8815,0.9633815
8817,0.97692037
8819,0.95590806
8820,0.0054990053
8822,0.0150152445
8824,0.004398823
8825,0.004566729
8826,0.022848725
8828,0.006329179
8829,0.58282065
8831,0.05607307
8832,0.57208514
8833,0.006805539
8834,0.93312496
8835,0.019982815
8836,0.94108653
8837,0.008342862
8838,0.011890173
8840,0.8618853
8842,0.009577274
8843,0.009142101
8844,0.07274163
8846,0.038634717
8847,0.9634785
8848,0.07599604
8849,0.9329538
8851,0.33510238
8853,0.9652848
8855,0.0069754124
8856,0.03990513
8858,0.1461919
8862,0.9412852
8863,0.12344855
8864,0.06909865
8865,0.960187
8866,0.97618157
8867,0.96944004
8868,0.9686531
8870,0.946052
8874,0.006311834
8876,0.0061481
8877,0.005902767
8878,0.89282864
8881,0.05313033
8882,0.015969515
8883,0.0070151687
8884,0.95369446
8886,0.95711577
8887,0.0079472065
8888,0.005723536
8889,0.15353906
8890,0.010195017
8891,0.007829189
8892,0.003805995
8894,0.9634492
8896,0.22831696
8897,0.006847143
8898,0.00884378
8899,0.011468053
8900,0.9725964
8901,0.05805534
8904,0.009065568
8905,0.012288511
8906,0.96023786
8908,0.019608378
8913,0.007841468
8914,0.95692134
8915,0.0062016845
8916,0.022916138
8919,0.97559327
8920,0.9499138
8921,0.95295346
8922,0.007421434
8924,0.009558916
8928,0.0064641237
8929,0.0060111284
8930,0.0073909163
8931,0.0032539368
8932,0.012224436
8933,0.010771751
8934,0.103357375
8936,0.17361104
8939,0.901437
8940,0.009166896
8943,0.009633064
8944,0.01760739
8945,0.007974625
8946,0.013666451
8948,0.0127058625
8950,0.0035504103
8951,0.0041507483
8952,0.97970176
8953,0.046186328
8955,0.96836793
8958,0.97160023
8959,0.006153047
8964,0.9696111
8965,0.037905812
8966,0.9568321
8967,0.95745295
8969,0.9534747
8970,0.006145358
8973,0.0040664077
8974,0.9621618
8976,0.9630482
8977,0.9778177
8978,0.017356873
8979,0.9482423
8980,0.0055298805
8981,0.012331188
8984,0.0043790936
8987,0.9623373
8988,0.0050275326
8991,0.010796964
8992,0.0035377145
8994,0.007125497
8995,0.9733913
8996,0.004653871
8997,0.0039216876
8998,0.95572805
9000,0.010438025
9001,0.0034934878
9002,0.0060138702
9004,0.0038138032
9005,0.95184684
9006,0.0043572187
9007,0.012411416
9009,0.0065921545
9010,0.0829609
9012,0.9506981
9013,0.9560741
9014,0.0099641085
9015,0.08274281
9016,0.47843122
9017,0.9630773
9018,0.007596493
9019,0.011601269
9021,0.026999056
9025,0.059862852
9026,0.97348565
9027,0.013487816
9029,0.96614707
9030,0.018031418
9031,0.0056121945
9032,0.98616624
9033,0.8585118
9034,0.9694891
9036,0.964728
9037,0.95940864
9038,0.0068659782
9039,0.0077328086
9040,0.63043463
9041,0.01637131
9042,0.016456068
9043,0.97736156
9046,0.027787864
9047,0.9545626
9048,0.898032
9049,0.0066723824
9050,0.04717356
9051,0.0057427883
9052,0.005622685
9055,0.00871563
9056,0.98833597
9058,0.0065593123
9060,0.99010754
9061,0.008632243
9062,0.023984313
9063,0.9676823
9064,0.017916024
9065,0.018431365
9066,0.0074058175
9067,0.9453748
9068,0.9546738
9071,0.9771068
9072,0.0057616234
9073,0.9890719
9074,0.95711386
9076,0.006933689
9077,0.009708822
9078,0.0065975785
9080,0.0072832704
9084,0.9637855
9085,0.0049779415
9086,0.004399538
9087,0.00870955
9088,0.026535094
9091,0.4117638
9093,0.06568009
9094,0.9567753
9095,0.012895703
9098,0.9631916
9099,0.959849
9100,0.9029558
9101,0.092006266
9102,0.028534532
9104,0.0037881136
9105,0.012916207
9107,0.007544756
9109,0.96242636
9110,0.97403836
9111,0.970417
9112,0.9770673
9113,0.008587718
9115,0.005687237
9116,0.0052646995
9117,0.0040274262
9118,0.004522741
9119,0.005194247
9123,0.0031676888
9124,0.006155491
9128,0.0055574775
9129,0.003991246
9130,0.96504945
9131,0.0039330125
9132,0.003978789
9133,0.029783964
9135,0.2364412
9136,0.03876251
9138,0.9737912
9142,0.969332
9143,0.97358733
9144,0.08312756
9150,0.961975
9151,0.9550288
9152,0.98068607
9155,0.96197325
9157,0.9573112
9158,0.01265806
9160,0.030486047
9162,0.004979253
9164,0.026515663
9165,0.004301429
9167,0.023261726
9168,0.95792973
9170,0.004380405
9172,0.03755212
9173,0.9817008
9177,0.9568774
9180,0.9719192
9181,0.032916367
9183,0.9458645
9184,0.9487264
9185,0.95147026
9186,0.018657029
9189,0.17197555
9191,0.023345113
9194,0.008030593
9196,0.9559303
9197,0.4880178
9198,0.0050832033
9199,0.56957436
9201,0.95338774
9203,0.962752
9209,0.04870367
9210,0.007300675
9212,0.048920155
9213,0.005889952
9216,0.9560061
9217,0.9675177
9219,0.005974412
9221,0.010839164
9222,0.9673382
9223,0.9531928
9225,0.9880106
9226,0.026838541
9227,0.003731668
9229,0.6351625
9230,0.012678623
9231,0.0049461126
9232,0.9588784
9233,0.04908198
9236,0.9687802
9237,0.007887721
9238,0.9473581
9239,0.010255158
9240,0.9745932
9241,0.95550954
9242,0.00663954
9244,0.9699072
9246,0.062399566
9247,0.080075026
9248,0.009569228
9250,0.006082833
9252,0.00937134
9253,0.0069130063
9254,0.013931036
9258,0.011500537
9259,0.97416925
9260,0.08429456
9261,0.24021667
9262,0.010822833
9266,0.4621175
9268,0.9575247
9269,0.029355943
9270,0.12788922
9273,0.012775779
9274,0.98962206
9276,0.9892856
9277,0.012309551
9279,0.035854995
9281,0.03839737
9282,0.97525036
9283,0.009705067
9285,0.005277872
9286,0.008362114
9288,0.011166036
9290,0.9773175
9291,0.0037539601
9292,0.05183822
9293,0.053414464
9297,0.0042752028
9298,0.9794035
9299,0.01545316
9300,0.53763604
9301,0.00619781
9302,0.5246917
9303,0.95370793
9304,0.98730165
9306,0.005320132
9309,0.007899106
9310,0.034391046
9313,0.02143538
9315,0.027172387
9317,0.012699425
9319,0.005535066
9322,0.984854
9323,0.0055954456
9324,0.5314568
9325,0.95200217
9326,0.98960197
9327,0.007927954
9328,0.047629297
9330,0.0075328946
9333,0.014420867
9335,0.009834111
9339,0.5531501
9340,0.007246673
9342,0.009802699
9343,0.9356146
9344,0.5148866
9345,0.9543599
9346,0.040970147
9348,0.29614228
9349,0.97919685
9350,0.004413247
9351,0.0073937178
9359,0.961182
9361,0.9696064
9362,0.006624639
9367,0.008185804
9368,0.008122921
9369,0.006547332
9373,0.96571755
9374,0.049587786
9376,0.05295396
9377,0.9577456
9380,0.9621016
9382,0.091820896
9383,0.96291786
9385,0.011072516
9388,0.004149437
9389,0.98765546
9390,0.035087347
9392,0.0043111444
9393,0.011795044
9394,0.02532804
9395,0.9700627
9396,0.00656873
9397,0.005741477
9398,0.033198237
9399,0.009350479
9400,0.973504
9401,0.026360631
9402,0.0062348843
9406,0.047050655
9408,0.015686989
9409,0.009566665
9410,0.0047336817
9413,0.012675285
9415,0.97893554
9416,0.95711
9417,0.013272703
9418,0.005149305
9421,0.0055140853
9424,0.9575296
9425,0.947778
9426,0.008168519
9429,0.013138473
9430,0.005502403
9431,0.017061353
9432,0.9323075
9433,0.9720752
9435,0.95351046
9436,0.014033616
9437,0.9554628
9438,0.014708996
9441,0.015287638
9442,0.009931743
9443,0.98732483
9444,0.93804187
9446,0.9650743
9447,0.9761627
9449,0.016925871
9450,0.0079059005
9451,0.98222184
9452,0.01188457
9453,0.0043266416
9455,0.98762983
9456,0.02869755
9457,0.52742475
9459,0.008984864
9461,0.010890245
9465,0.9634535
9470,0.00916785
9472,0.113245904
9473,0.013166368
9474,0.02530706
9475,0.01856172
9476,0.9521954
9478,0.029556334
9479,0.006608844
9480,0.013004243
9481,0.96170074
9485,0.031067789
9491,0.014866352
9493,0.007731855
9494,0.0052695274
9495,0.008139908
9496,0.019571066
9497,0.0044641495
9498,0.007093549
9499,0.015692413
9501,0.6664828
9502,0.016343117
9503,0.9620202
9504,0.015372694
9506,0.98261434
9507,0.07931203
9509,0.08408183
9511,0.008873165
9512,0.9620004
9515,0.009395182
9516,0.954647
9517,0.007334769
9519,0.007168412
9520,0.873122
9522,0.008188963
9523,0.0052515864
9525,0.0318743
9526,0.24951297
9530,0.9666661
9531,0.022898376
9532,0.9806193
9533,0.058657408
9535,0.9853038
9536,0.94783914
9537,0.93200254
9540,0.96671057
9542,0.97404987
9543,0.9648495
9545,0.0146205425
9546,0.010158837
9547,0.96153486
9548,0.9654913
9549,0.05341977
9553,0.004671216
9556,0.033323944
9559,0.0053512454
9561,0.73997986
9564,0.9672328
9565,0.009536386
9568,0.006889105
9571,0.008096397
9573,0.005124867
9577,0.96968204
9578,0.0052270293
9588,0.021775246
9589,0.010842085
9590,0.95243555
9592,0.9499456
9595,0.97049516
9597,0.011113584
9598,0.9717083
9599,0.005172074
9600,0.96464086
9603,0.070756316
9604,0.9669574
9607,0.1171661
9608,0.020321965
9609,0.043376148
9610,0.95467645
9611,0.10999572
9612,0.9598755
9613,0.006395042
9617,0.0319252
9619,0.0033744574
9620,0.9674253
9621,0.009277165
9622,0.99163026
9627,0.95492333
9630,0.5777246
9631,0.010535002
9632,0.013662398
9633,0.008535922
9634,0.021230578
9637,0.014149845
9639,0.9563899
9640,0.014934719
9642,0.033973396
9643,0.29070103
9647,0.020039499
9649,0.9552387
9650,0.0049180984
9652,0.02683717
9653,0.012225151
9654,0.017170846
9656,0.0072342157
9658,0.020630538
9659,0.0042006373
9661,0.005918324
9663,0.9581859
9665,0.9657831
9667,0.9745606
9668,0.024968863
9669,0.007340491
9670,0.004935801
9673,0.96450657
9674,0.9583485
9677,0.0059856772
9679,0.97592735
9681,0.95932
9682,0.012866199
9684,0.29786628
9685,0.96361566
9687,0.036973476
9688,0.009342313
9689,0.98890966
9690,0.008209586
9693,0.95454615
9695,0.9827223
9699,0.9392961
9702,0.011584759
9705,0.98820335
9706,0.009739816
9707,0.004389465
9709,0.9615653
9710,0.013443828
9711,0.96128696
9712,0.028894067
9714,0.013621807
9715,0.95364606
9716,0.00560534
9718,0.90774333
9719,0.00931412
9720,0.0103389025
9721,0.049940765
9723,0.9762048
9725,0.95889246
9727,0.0055244565
9729,0.07398766
9732,0.008503258
9733,0.98770636
9734,0.030262887
9735,0.95873165
9738,0.0066590905
9739,0.28450376
9741,0.01141727
9744,0.98138624
9749,0.9681529
9750,0.016272783
9751,0.05134082
9755,0.012954235
9757,0.9852077
9759,0.95124257
9760,0.06943941
9761,0.012876987
9763,0.09949303
9764,0.021261036
9765,0.009866297
9766,0.9605669
9767,0.08044511
9768,0.98087704
9769,0.70811975
9770,0.91458166
9772,0.022649407
9773,0.9700591
9777,0.96422935
9778,0.9726883
9779,0.022187114
9780,0.014370143
9781,0.0051168203
9782,0.9656948
9786,0.0058359504
9787,0.004607439
9793,0.0046929717
9794,0.97997934
9795,0.0037950873
9796,0.975817
9798,0.0050655007
9799,0.022815824
9801,0.010185778
9802,0.19934279
9803,0.0251503
9805,0.006328106
9806,0.009006798
9807,0.008181453
9808,0.9625359
9809,0.9517805
9811,0.97115076
9813,0.012359202
9814,0.032046437
9815,0.90314114
9816,0.97104424
9818,0.009063423
9819,0.032412887
9821,0.007861912
9822,0.015657067
9823,0.9723431
9826,0.008699954
9827,0.9643576
9828,0.005163789
9829,0.9752942
9830,0.023724318
9831,0.017863214
9836,0.017983973
9840,0.0063444376
9841,0.007976055
9842,0.9639622
9844,0.009983003
9845,0.9721389
9847,0.010404527
9848,0.9502478
9849,0.09365541
9852,0.015688837
9853,0.007120192
9856,0.008788168
9858,0.013055146
9859,0.9644971
9861,0.3834539
9866,0.011374235
9867,0.97213393
9868,0.96696985
9869,0.9657872
9870,0.9582972
9871,0.032140255
9872,0.012078106
9873,0.9684266
9875,0.9547023
9876,0.006428838
9878,0.97321576
9880,0.01124084
9881,0.007907987
9882,0.024205685
9887,0.0126494765
9888,0.9717673
9889,0.046072423
9890,0.9753917
9893,0.97405726
9894,0.0063520074
9895,0.97746927
9896,0.96039236
9898,0.9478702
9899,0.014711201
9902,0.0363096
9903,0.05660051
9905,0.011410952
9906,0.039740086
9907,0.9886064
9909,0.021385074
9910,0.97102594
9911,0.9772792
9912,0.02845198
9914,0.008527935
9915,0.9637067
9916,0.0051587224
9919,0.006309271
9921,0.005653441
9922,0.010288835
9923,0.930319
9924,0.96394974
9927,0.9900234
9930,0.019277632
9932,0.9625148
9934,0.0048523545
9935,0.9400067
9936,0.98713785
9938,0.009971082
9939,0.011123955
9941,0.86035347
9942,0.014482021
9945,0.009470522
9946,0.0075986385
9947,0.011369348
9948,0.9820117
9949,0.004491329
9951,0.01675427
9952,0.0094053745
9953,0.0043107867
9954,0.012672722
9955,0.95436174
9957,0.012191296
9958,0.0055779815
9960,0.07514548
9961,0.0050843954
9963,0.9877817
9964,0.04237449
9967,0.00807637
9968,0.99001694
9970,0.41791707
9971,0.025300741
9972,0.043586493
9975,0.0050175786
9977,0.9868196
9978,0.37337065
9979,0.9598442
9980,0.26208043
9983,0.007327378
9984,0.9528015
9986,0.9601258
9990,0.015847623
9991,0.012415171
9992,0.23937696
9995,0.96460664
9996,0.07340586
9998,0.9514486
10000,0.013236105
10001,0.009411097
10002,0.0043129325
10004,0.017938435
10005,0.0076372623
10006,0.022521496
10007,0.99004316
10008,0.958423
10010,0.80070484
10011,0.9899676
10012,0.96901804
10015,0.992177
10016,0.008498549
10018,0.95129496
10021,0.9744398
10022,0.007269919
10023,0.026780188
10024,0.0040026903
10025,0.005530238
10026,0.9258014
10027,0.961007
10030,0.030180633
10031,0.97785145
10032,0.0042635202
10033,0.0069146156
10036,0.006775856
10037,0.85783565
10039,0.012138605
10043,0.008606017
10044,0.009538591
10045,0.9612618
10046,0.0037834048
10049,0.9021607
10050,0.88135797
10051,0.015089691
10052,0.56543803
10053,0.034157455
10054,0.00930649
10056,0.9736051
10057,0.00715971
10059,0.107364416
10060,0.81164545
10061,0.95067304
10062,0.93831426
10063,0.016366422
10064,0.0045378804
10066,0.963502
10069,0.23901206
10070,0.026458621
10072,0.95232475
10075,0.0061291456
10076,0.9774178
10078,0.00471431
10079,0.013892174
10080,0.038407505
10082,0.9576361
10083,0.9688587
10085,0.0050485134
10086,0.992574
10087,0.0034210086
10090,0.08534765
10091,0.818115
10093,0.95558476
10094,0.0039849877
10096,0.013611257
10097,0.0068076253
10098,0.0069918633
10101,0.938337
10103,0.9671676
10106,0.98843575
10109,0.0063245893
10111,0.80879164
10114,0.94827867
10115,0.96492267
10116,0.95599693
10118,0.08743626
10119,0.0086814165
10120,0.03537661
10121,0.009872377
10124,0.006439328
10125,0.012068331
10127,0.0062253475
10128,0.029078662
10129,0.0036973953
10131,0.006683886
10133,0.008059919
10134,0.9620568
10137,0.95226204
10143,0.22813165
10145,0.03887981
10146,0.0060811043
10148,0.009148061
10149,0.011865258
10150,0.92085665
10155,0.008918643
10156,0.9656933
10157,0.005841255
10158,0.96166754
10159,0.018982649
10160,0.03112793
10162,0.005304992
10167,0.9677532
10168,0.008111298
10169,0.9879422
10171,0.03076619
10172,0.0033043623
10174,0.02654934
10175,0.9647188
10177,0.008881748
10178,0.007408023
10179,0.95094
10182,0.0037854314
10185,0.015037417
10186,0.0058914423
10187,0.10363996
10193,0.9889765
10194,0.95152104
10196,0.9228271
10197,0.9506691
10198,0.037991107
10199,0.9894595
10200,0.9278563
10202,0.012351751
10203,0.029807866
10205,0.9497215
10206,0.004616916
10207,0.97074246
10208,0.00426507
10210,0.9634018
10211,0.95889974
10212,0.008308053
10213,0.010848641
10214,0.29399216
10215,0.0041213036
10216,0.0037053227
10217,0.9753977
10218,0.9718204
10219,0.011663616
10220,0.5516597
10221,0.96541977
10223,0.048279226
10224,0.45723027
10225,0.022956192
10227,0.83727
10229,0.061552227
10231,0.009543955
10232,0.0061479807
10233,0.96038693
10235,0.95827377
10241,0.9602489
10242,0.2687649
10244,0.012041807
10245,0.016020298
10247,0.0072227716
10248,0.15543014
10249,0.30468196
10254,0.031375706
10256,0.028023422
10257,0.0040097833
10260,0.63911074
10261,0.9624475
10262,0.96334636
10263,0.9591142
10264,0.94889355
10266,0.018319488
10267,0.005526483
10268,0.003927231
10270,0.95079505
10272,0.9734151
10273,0.039230645
10275,0.007820725
10276,0.9701575
10277,0.018524528
10278,0.011554003
10279,0.9421069
10280,0.007457018
10281,0.015949905
10282,0.029815614
10284,0.9679972
10285,0.21510541
10286,0.96933275
10288,0.013347745
10291,0.00549227
10292,0.96591675
10293,0.93623817
10298,0.96547914
10299,0.008203924
10300,0.021631598
10301,0.01457262
10302,0.00452441
10303,0.9648195
10304,0.41855538
10306,0.94805056
10309,0.6324811
10310,0.011892498
10313,0.9707141
10314,0.028137684
10316,0.007673204
10317,0.016530633
10318,0.008241355
10319,0.9878788
10323,0.018328607
10324,0.005399823
10327,0.010319531
10330,0.011463046
10331,0.991681
10332,0.005557835
10333,0.0445444
10336,0.95431715
10337,0.0033909082
10338,0.0053495765
10339,0.008246303
10340,0.9753144
10343,0.03060019
10345,0.0051947236
10347,0.005256176
10348,0.008198321
10349,0.006498158
10350,0.0033804178
10354,0.014787912
10356,0.9572022
10357,0.014165819
10361,0.005690217
10365,0.005184591
10368,0.97504836
10369,0.007903099
10371,0.9665424
10376,0.008667409
10378,0.80705357
10381,0.9608269
10382,0.9551205
10384,0.76592493
10385,0.0069401264
10386,0.0043456554
10389,0.9575162
10390,0.9713872
10392,0.017069876
10394,0.9448267
10395,0.046919763
10396,0.008128285
10397,0.9902804
10398,0.074718356
10401,0.08867085
10402,0.0055532455
10403,0.0045219064
10404,0.90400684
10405,0.9586756
10406,0.005171597
10409,0.9499828
10410,0.97554225
10414,0.02621758
10416,0.048168063
10417,0.9500419
10419,0.98354226
10420,0.9894332
10422,0.047780275
10428,0.9699894
10429,0.019682527
10433,0.06743437
10435,0.98884207
10436,0.9627316
10437,0.9520436
10445,0.0038734078
10446,0.9603167
10447,0.016389966
10448,0.004682541
10449,0.95872295
10451,0.013487101
10452,0.96106344
10454,0.1606915
10456,0.80646473
10457,0.008551717
10459,0.98602414
10462,0.01098901
10463,0.008257329
10466,0.96645945
10467,0.0073675513
10470,0.016242087
10471,0.023854017
10475,0.010322094
10476,0.9576906
10477,0.968605
10479,0.0052265525
10480,0.0108444095
10482,0.9570647
10483,0.004039943
10485,0.004906535
10486,0.9647957
10490,0.0036925077
10493,0.0065466166
10494,0.018476903
10495,0.0045194626
10497,0.034571886
10500,0.96730703
10501,0.05863017
10502,0.011485755
10503,0.030543745
10507,0.009150505
10508,0.011683285
10511,0.0039151907
10513,0.004687667
10514,0.9548251
10516,0.99332947
10518,0.97077554
10523,0.007807672
10528,0.012820423
10530,0.9778777
10531,0.20025629
10535,0.005447328
10536,0.013985038
10537,0.009859502
10539,0.027921498
10540,0.031974852
10543,0.00802958
10544,0.9535497
10545,0.9464858
10548,0.010622859
10549,0.05127293
10550,0.017418504
10554,0.015178621
10555,0.409378
10557,0.0035091043
10559,0.97421026
10560,0.004563749
10561,0.97059065
10562,0.14612126
10563,0.014577866
10564,0.98702735
10565,0.9902427
10566,0.95337254
10568,0.826076
10572,0.004023254
10575,0.004420817
10576,0.0076811314
10577,0.96108145
10578,0.45505023
10579,0.011410356
10583,0.21599478
10584,0.9443028
10585,0.0064504743
10586,0.4517064
10587,0.0074058175
10588,0.95342845
10590,0.69861865
10591,0.013594985
10592,0.9666308
10593,0.0047950745
10594,0.8139603
10596,0.0060230494
10597,0.9449089
10599,0.0037406683
10600,0.012500107
10601,0.013390958
10602,0.019370377
10607,0.98504883
10608,0.006108284
10609,0.005507469
10610,0.038318753
10612,0.010583699
10613,0.005857885
10614,0.008390009
10615,0.0097414255
10616,0.9564223
10618,0.0214113
10619,0.9662915
10621,0.97502905
10623,0.0041663647
10626,0.9584554
10627,0.2974066
10629,0.011476696
10630,0.14715737
10633,0.0058243275
10635,0.16129643
10636,0.9714153
10637,0.004610777
10639,0.95596457
10643,0.0067255497
10644,0.004182756
10645,0.008779943
10646,0.014838815
10652,0.005289912
10653,0.9715962
10654,0.014758408
10658,0.0036767721
10659,0.3540219
10660,0.08546108
10661,0.9901129
10663,0.9127998
10665,0.00949496
10666,0.9293665
10668,0.97010404
10669,0.13490492
10670,0.0034510493
10671,0.007474184
10672,0.0075859427
10673,0.005673349
10674,0.9638797
10675,0.39730197
10676,0.9584754
10678,0.28117192
10682,0.007894754
10683,0.014260113
10684,0.9592169
10685,0.0083325505
10686,0.025663793
10688,0.008482933
10689,0.0036880374
10690,0.28087264
10691,0.06809348
10692,0.8501298
10695,0.051311553
10697,0.023123562
10698,0.42179823
10699,0.9524098
10701,0.9747515
10702,0.8522875
10703,0.9652544
10704,0.9732392
10705,0.96812814
10707,0.009101927
10708,0.969782
10709,0.03851056
10710,0.019074619
10712,0.16479456
10714,0.96298087
10718,0.4105661
10719,0.9591241
10720,0.96091
10722,0.034212172
10723,0.0074082613
10724,0.008134425
10726,0.9697527
10730,0.040772915
10731,0.66965485
10736,0.01350522
10737,0.0059583783
10739,0.0033376217
10740,0.012175679
10742,0.9775739
10743,0.97050244
10745,0.9666122
10746,0.5528557
10747,0.07210344
10748,0.008512974
10749,0.9901142
10752,0.025411606
10753,0.970323
10755,0.9639379
10756,0.48179674
10757,0.009556115
10760,0.038291514
10761,0.005387187
10762,0.0263924
10765,0.9755827
10766,0.9484364
10767,0.005321145
10768,0.008525372
10769,0.9673692
10770,0.9591473
10772,0.4916488
10775,0.96307534
10779,0.005838454
10780,0.0054038167
10784,0.0066437125
10785,0.0082730055
10787,0.011809111
10789,0.9894282
10790,0.0867756
10791,0.75653917
10793,0.015133202
10794,0.019812107
10795,0.011929512
10799,0.9629102
10801,0.9250419
10802,0.07114482
10804,0.004909873
10805,0.9898965
10807,0.29917192
10808,0.9635107
10810,0.07996023
10811,0.0060310364
10812,0.941512
10813,0.012670636
10815,0.95021117
10816,0.981764
10817,0.972019
10820,0.95824885
10821,0.02522415
10822,0.0064849854
10824,0.9730194
10825,0.73712
10827,0.83557844
10828,0.021727085
10829,0.022349954
10831,0.004019141
10832,0.013032734
10833,0.96409726
10834,0.89696306
10835,0.0291816
10836,0.9643211
10837,0.0058752894
10838,0.0031898618
10841,0.012063801
10842,0.8974162
10845,0.0074531436
10846,0.0112015605
10847,0.6173407
10848,0.004298866
10850,0.02037847
10852,0.9895368
10853,0.013142884
10854,0.00847441
10855,0.008621097
10858,0.05086243
10860,0.009276688
10863,0.9661294
10864,0.9740926
10865,0.0067279935
10866,0.0049095154
10870,0.027552783
10871,0.004698515
10873,0.14307445
10874,0.101846516
10875,0.008076847
10878,0.03961146
10881,0.96957755
10883,0.0046736
10884,0.9555435
10885,0.03031975
10887,0.0049396157
10888,0.8978122
10889,0.8822533
10891,0.9870539
10893,0.018943608
10898,0.9646282
10899,0.9469237
10901,0.6587312
10903,0.9814952
10904,0.9929963
10907,0.9730745
10908,0.03666383
10910,0.0038042068
10914,0.047792494
10916,0.007610142
10917,0.014444113
10918,0.010802805
10919,0.0071508884
10921,0.006408274
10923,0.971675
10924,0.9077216
10925,0.016233921
10927,0.97118056
10928,0.96681243
10929,0.98138934
10930,0.018993974
10932,0.013759911
10934,0.007622838
10935,0.0062559247
10937,0.9875181
10938,0.9558721
10940,0.03597349
10941,0.0075175166
10944,0.04922867
10946,0.0077730417
10948,0.011262894
10950,0.0059965253
10951,0.005726993
10954,0.39945966
10955,0.9497642
10956,0.004177928
10960,0.068879366
10963,0.004724264
10965,0.014726698
10968,0.0060468316
10972,0.0064974427
10973,0.008036256
10974,0.35616606
10975,0.085847616
10976,0.87618655
10979,0.009719551
10982,0.9573796
10983,0.95160323
10992,0.076503515
10993,0.004408598
10995,0.0046562552
10997,0.0043867826
10998,0.011624932
11002,0.007426262
11004,0.013859153
11006,0.009148419
11007,0.94870347
11010,0.9602425
11011,0.9863125
11013,0.46482706
11014,0.013184011
11015,0.8893268
11020,0.015954852
11021,0.98155004
11022,0.005508065
11023,0.01695627
11025,0.016349494
11028,0.90807635
11029,0.0064572096
11031,0.010692298
11032,0.9666797
11033,0.97108257
11036,0.017878175
11037,0.018852293
11041,0.19683027
11042,0.012238979
11043,0.9578147
11044,0.009958804
11045,0.96218157
11046,0.0119012
11047,0.12590784
11048,0.011241913
11050,0.012110531
11052,0.9540188
11053,0.89547634
11055,0.010047495
11060,0.008162081
11063,0.004065275
11065,0.0055754185
11066,0.9705099
11068,0.012244105
11071,0.095713556
11073,0.8037106
11077,0.01145184
11078,0.008318603
11079,0.0050154924
11080,0.020253718
11082,0.8947299
11083,0.96645916
11085,0.9930583
11086,0.006379187
11087,0.9623886
11088,0.95109296
11090,0.012181401
11091,0.27310938
11092,0.010611355
11094,0.1867041
11096,0.96398425
11097,0.0068838
11100,0.9654575
11101,0.04215294
11102,0.012365162
11103,0.007717669
11104,0.009237111
11106,0.0058603287
11107,0.044644833
11108,0.9095721
11110,0.9531426
11111,0.023907661
11112,0.95914954
11118,0.004427433
11119,0.17750251
11120,0.010846734
11121,0.9691666
11123,0.92351913
11127,0.9666879
11128,0.015553892
11131,0.004985869
11132,0.00429976
11134,0.029122233
11136,0.00814718
11138,0.9927763
11139,0.009984195
11142,0.75841975
11144,0.9752771
11146,0.059387803
11147,0.8770321
11149,0.96382356
11150,0.7386819
11151,0.123582125
11152,0.9789434
11153,0.029925108
11154,0.9450051
11155,0.25250286
11156,0.012534082
11157,0.9894789
11158,0.96599954
11160,0.962721
11161,0.025873363
11162,0.9393041
11164,0.059444964
11165,0.619527
11166,0.0035598874
11167,0.8060465
11169,0.09688872
11174,0.9374436
11175,0.01721853
11176,0.27683485
11177,0.7894771
11178,0.97114134
11181,0.29314327
11182,0.0029720664
11183,0.7928619
11184,0.012876749
11185,0.5548326
11187,0.006492138
11189,0.0028370023
11190,0.97006625
11192,0.9657536
11194,0.8568714
11195,0.0063456297
11197,0.9132449
11198,0.96417195
11199,0.07279605
11200,0.9832576
11203,0.97960395
11204,0.024611115
11206,0.8475301
11212,0.034143686
11213,0.9594015
11214,0.09761596
11215,0.010630965
11216,0.01259011
11217,0.9560613
11218,0.96993977
11219,0.80828476
11220,0.008708596
11221,0.94385624
11223,0.00974375
11224,0.9646194
11226,0.6309415
11227,0.014979005
11228,0.99105245
11229,0.84296894
11233,0.007484734
11234,0.022150159
11236,0.95075274
11237,0.9879824
11240,0.9769557
11241,0.0059191585
11242,0.17565382
11243,0.68551296
11245,0.014298916
11246,0.0066589713
11247,0.96715057
11250,0.004586518
11251,0.0038034916
11252,0.97194403
11253,0.015980482
11254,0.76163524
11256,0.97709155
11257,0.9587059
11258,0.96836007
11259,0.96104527
11260,0.019368768
11261,0.062592864
11264,0.9679707
11265,0.008938611
11266,0.10078806
11267,0.0044232607
11268,0.017531693
11270,0.00741601
11272,0.8886058
11275,0.0072217584
11278,0.007433176
11279,0.9446682
11280,0.034290254
11281,0.047234237
11284,0.03305286
11285,0.97166365
11286,0.9930067
11287,0.74080837
11288,0.003491819
11293,0.015883744
11294,0.9900834
11297,0.009642541
11299,0.004280746
11301,0.9645427
11303,0.96375555
11305,0.009949565
11306,0.95034075
11307,0.011021435
11308,0.8107811
11310,0.9737288
11312,0.007334769
11315,0.0044052005
11316,0.9568754
11318,0.032304347
11319,0.0048157573
11321,0.005616784
11322,0.95919263
11324,0.11232072
11325,0.008420229
11326,0.008687794
11327,0.0076835155
11331,0.9579213
11332,0.8850371
11333,0.96067864
11334,0.008362114
11336,0.004108906
11337,0.96122575
11340,0.019246161
11342,0.005298972
11343,0.0049371123
11345,0.9822632
11348,0.018060982
11349,0.028750837
11350,0.04585749
11352,0.02604127
11353,0.0039387345
11355,0.0130675435
11357,0.0039001703
11360,0.022455335
11362,0.9890781
11363,0.020654082
11366,0.9520719
11368,0.9892433
11369,0.9518933
11370,0.00686723
11372,0.027354538
11373,0.8855058
11374,0.005361736
11375,0.008764267
11377,0.04966724
11383,0.98937273
11384,0.013959289
11385,0.04209715
11387,0.82646275
11388,0.9676715
11391,0.95461863
11392,0.007031977
11393,0.0069450736
11394,0.0075101256
11396,0.009331048
11397,0.96401906
11399,0.98205066
11401,0.0059577823
11403,0.92750096
11405,0.042335212
11409,0.0086731315
11410,0.004469216
11413,0.012781382
11414,0.96048605
11415,0.020324945
11416,0.98125684
11417,0.0046753883
11419,0.03854209
11422,0.034989774
11423,0.0048954487
11424,0.97216976
11425,0.026609957
11426,0.018713057
11427,0.004232645
11429,0.9634285
11431,0.9554271
11432,0.020626545
11433,0.31486422
11434,0.645424
11437,0.012335122
11438,0.13702792
11439,0.08697957
11440,0.052578747
11441,0.96126187
11442,0.9702556
11445,0.008590519
11446,0.0069754124
11447,0.013519704
11449,0.004166901
11453,0.92904025
11455,0.96295303
11457,0.004191518
11461,0.9742951
11463,0.9633656
11466,0.95974517
11467,0.005785048
11468,0.0047294497
11471,0.005372703
11472,0.83348703
11473,0.022085309
11477,0.0069732666
11478,0.96168345
11479,0.013831794
11480,0.0034546256
11481,0.010172248
11482,0.0042564273
11485,0.9707862
11488,0.90295315
11490,0.007287383
11491,0.013554513
11492,0.4244694
11494,0.9578558
11495,0.010271549
11496,0.0039408207
11498,0.03605026
11499,0.020444214
11500,0.007514417
11502,0.9590742
11506,0.95078766
11507,0.041778564
11508,0.008025944
11509,0.31885928
11510,0.0130419135
11511,0.96472836
11513,0.93469024
11514,0.03177607
11519,0.08054936
11521,0.9733524
11522,0.004131794
11523,0.01256752
11524,0.030170202
11525,0.13819903
11526,0.007836878
11528,0.0030281544
11529,0.016427457
11530,0.9727927
11531,0.015696228
11532,0.9564618
11533,0.9605764
11534,0.9024785
11535,0.004763782
11536,0.006407559
11538,0.8346776
11539,0.9759314
11541,0.020894349
11544,0.006681204
11545,0.18674827
11546,0.97182226
11547,0.947554
11548,0.0071790814
11549,0.0142272115
11553,0.95756394
11554,0.9482417
11555,0.005466938
11556,0.9618929
11558,0.029219091
11563,0.9164634
11567,0.97981197
11568,0.9656932
11569,0.010596991
11570,0.6272043
11574,0.030482352
11575,0.01981622
11577,0.9777476
11578,0.98359346
11580,0.9546799
11581,0.004315257
11583,0.9892805
11584,0.007746756
11585,0.0054715276
11587,0.0074254274
11589,0.9558129
11590,0.049124002
11593,0.34743357
11594,0.0073441267
11596,0.008021355
11597,0.0054204464
11598,0.037146688
11600,0.28098792
11601,0.9737076
11602,0.007051587
11603,0.965817
11604,0.008086681
11606,0.022574246
11607,0.9784664
11608,0.97241765
11610,0.0045021772
11611,0.95838404
11614,0.00941366
11615,0.1036427
11617,0.011355281
11618,0.0871253
11619,0.014224231
11620,0.057991028
11621,0.006507933
11623,0.010390401
11624,0.9737054
11625,0.018902421
11626,0.008547664
11627,0.04316193
11628,0.011878252
11629,0.96394527
11630,0.9862727
11632,0.9784413
11633,0.464517
11636,0.974139
11637,0.9526661
11638,0.006441772
11640,0.97168833
11642,0.08823264
11643,0.96950066
11645,0.034324825
11647,0.012141466
11648,0.82318014
11650,0.9697733
11652,0.017199516
11653,0.9470069
11658,0.17740154
11661,0.9648573
11662,0.9895857
11665,0.015983045
11666,0.0060721636
11667,0.006000042
11668,0.006931901
11670,0.03664118
11671,0.97313356
11673,0.007358372
11677,0.005484283
11681,0.0036836863
11683,0.005026102
11684,0.01440835
11685,0.9713209
11686,0.96303415
11689,0.014449
11690,0.00845331
11692,0.026315987
11696,0.9872731
11698,0.9692557
11700,0.9878557
11701,0.005125463
11702,0.9757364
11704,0.5684383
11705,0.50497365
11706,0.010724962
11708,0.0042079687
11712,0.006024182
11714,0.8512459
11715,0.9709553
11717,0.035418093
11718,0.005797446
11719,0.011327565
11721,0.9770408
11722,0.006363511
11723,0.00377357
11726,0.9654118
11728,0.004762292
11730,0.96402025
11731,0.0074954033
11733,0.95901185
11737,0.49425167
11739,0.007992268
11740,0.008552313
11741,0.96349007
11744,0.0037819743
11745,0.99130315
11748,0.8362913
11750,0.01304388
11751,0.030321538
11752,0.99104583
11753,0.94485146
11754,0.011240959
11755,0.9564122
11756,0.06577915
11759,0.005095005
11760,0.008325517
11761,0.9650263
11762,0.012756646
11763,0.99013335
11764,0.9803002
11766,0.011818349
11768,0.96331215
11772,0.008307338
11773,0.029773116
11774,0.01612717
11775,0.01244396
11776,0.014783859
11779,0.95383734
11780,0.9587447
11781,0.011913776
11783,0.21594
11784,0.008915544
11787,0.09078908
11790,0.029417813
11791,0.7537954
11793,0.024704397
11794,0.9749888
11795,0.029388845
11797,0.029715419
11799,0.0077314973
11800,0.010307014
11801,0.0061473846
11802,0.008690238
11803,0.007902026
11804,0.0069280267
11805,0.010095954
11807,0.9145054
11809,0.009410977
11812,0.9766503
11814,0.009125471
11815,0.83959794
11816,0.029448926
11819,0.111789584
11822,0.01093328
11825,0.007030666
11828,0.012857199
11829,0.8074997
11831,0.014119923
11834,0.013152778
11836,0.0052722096
11838,0.97547144
11841,0.95990247
11842,0.10868108
11843,0.059318423
11846,0.016117692
11847,0.0073598623
11848,0.022822559
11851,0.008012652
11853,0.9696859
11854,0.011627495
11855,0.9771821
11857,0.034674764
11859,0.97141135
11860,0.014778435
11862,0.0474872
11863,0.023403525
11865,0.9670018
11867,0.01676929
11868,0.0036725402
11870,0.92361116
11872,0.009995401
11873,0.9897415
11874,0.9599101
11875,0.90711045
11876,0.99006087
11878,0.9680078
11879,0.15741616
11881,0.008664787
11883,0.005546868
11885,0.035385728
11886,0.9553632
11887,0.96182656
11888,0.005066335
11890,0.0040115714
11891,0.00610286
11892,0.06426841
11893,0.00722903
11894,0.95435154
11895,0.961132
11896,0.88467985
11898,0.006151378
11899,0.95917404
11901,0.96187687
11902,0.0055119395
11904,0.9608333
11905,0.006569326
11906,0.013140559
11907,0.3634885
11909,0.008914888
11910,0.025218487
11911,0.006146431
11912,0.96047914
11915,0.014647782
11916,0.0057846904
11917,0.0060219765
11918,0.01249212
11919,0.004673958
11920,0.004287362
11921,0.9435981
11922,0.004185736
11923,0.96040565
11924,0.95753014
11925,0.97324044
11926,0.9561041
11927,0.01679045
11929,0.011726022
11931,0.0048751235
11932,0.0052065253
11933,0.017186046
11934,0.9675824
11935,0.04291892
11936,0.0074002743
11937,0.9547631
11938,0.007419586
11940,0.9651956
11942,0.95145386
11945,0.004486978
11946,0.016726255
11949,0.96395046
11951,0.017434955
11952,0.9753958
11953,0.9577582
11954,0.98963064
11956,0.13315833
11959,0.012839675
11961,0.029212236
11962,0.12082434
11963,0.9660558
11964,0.964229
11965,0.0068449974
11969,0.0041107535
11970,0.21490252
11971,0.019892812
11972,0.9897048
11973,0.0063084364
11974,0.03125626
11976,0.043239057
11981,0.006810546
11984,0.03210777
11986,0.0037012696
11987,0.008616209
11988,0.00620085
11989,0.021350145
11990,0.019155025
11993,0.9760882
11995,0.004616201
11996,0.01026392
11997,0.96129686
11999,0.015578032
12002,0.008629441
12003,0.924396
12005,0.9915403
12007,0.02315998
12010,0.9643922
12012,0.013053834
12013,0.9681636
12015,0.97619987
12016,0.009069741
12017,0.96065104
12018,0.9677378
12019,0.004285395
12020,0.0048779845
12021,0.02628392
12022,0.09864366
12023,0.007877886
12025,0.09645611
12026,0.35972017
12027,0.00532943
12028,0.33838767
12029,0.0098180175
12030,0.9882298
12032,0.8575394
12034,0.84906787
12036,0.957577
12038,0.23648536
12039,0.031391144
12041,0.0036984682
12044,0.07662356
12045,0.05668646
12049,0.008424461
12050,0.018649459
12052,0.010411859
12053,0.9851934
12057,0.9205955
12058,0.038906455
12059,0.9700982
12061,0.00603801
12063,0.9576003
12064,0.0090325475
12065,0.96798503
12067,0.95212984
12068,0.03734362
12069,0.8633243
12072,0.9734367
12073,0.95647216
12074,0.004828155
12078,0.005294621
12080,0.010798216
12082,0.10735613
12083,0.008654058
12084,0.036655664
12086,0.9843101
12090,0.00898993
12091,0.011799216
12092,0.007392168
12093,0.0046684146
12095,0.012441397
12099,0.078223884
12100,0.9784985
12101,0.0038796067
12104,0.025704503
12107,0.008025706
12108,0.9674285
12112,0.004722357
12113,0.9910113
12114,0.005213499
12116,0.017398477
12118,0.007733166
12122,0.91348785
12123,0.009803176
12124,0.019719541
12125,0.053319275
12129,0.96030724
12130,0.9711202
12131,0.0061951876
12132,0.0031410456
12135,0.0056937337
12137,0.0077610016
12138,0.95415115
12139,0.011574149
12142,0.09326935
12143,0.96697617
12144,0.0063901544
12145,0.96874094
12146,0.038872123
12147,0.004215777
12148,0.010867298
12149,0.02634132
12150,0.013091147
12151,0.9602642
12153,0.783263
12154,0.010203302
12155,0.010042369
12158,0.046469748
12159,0.98577553
12160,0.9622278
12162,0.005557239
12163,0.95122176
12165,0.9735627
12166,0.008964419
12168,0.010592401
12170,0.008800566
12171,0.9740177
12172,0.004253447
12175,0.010612845
12178,0.005211234
12180,0.0135012865
12181,0.9911278
12183,0.013406694
12185,0.97312975
12188,0.5161545
12189,0.009925425
12192,0.9235871
12193,0.005523026
12195,0.95946604
12196,0.011356294
12198,0.98168063
12200,0.94884664
12201,0.96478987
12202,0.025436401
12204,0.017846107
12206,0.094061255
12207,0.93708056
12210,0.0045342445
12211,0.9666034
12212,0.9695265
12214,0.91832316
12215,0.9746625
12216,0.012617171
12219,0.031014085
12221,0.01701951
12222,0.0066103935
12223,0.005049348
12224,0.9912082
12225,0.0060806274
12226,0.10722619
12227,0.9248297
12230,0.020842612
12231,0.9589409
12232,0.9664009
12233,0.0041031837
12234,0.44134384
12235,0.9680993
12237,0.010492742
12238,0.965889
12239,0.019826174
12240,0.012731969
12243,0.0051300526
12246,0.9744966
12247,0.010640025
12248,0.0042521358
12251,0.0036048293
12252,0.007115066
12253,0.9912669
12255,0.0052438974
12258,0.0062773824
12259,0.9630232
12260,0.9684269
12261,0.020956755
12262,0.9644655
12263,0.013133705
12264,0.013812304
12266,0.0068918467
12270,0.012042463
12273,0.004949391
12274,0.965508
12275,0.0049431324
12278,0.00487113
12280,0.010032773
12282,0.97729653
12284,0.015520155
12288,0.005388975
12292,0.9480459
12293,0.0039996505
12294,0.031908333
12297,0.9670957
12300,0.004698634
12301,0.0034561753
12304,0.99078125
12305,0.9599656
12306,0.011279881
12307,0.009010851
12308,0.963251
12309,0.0675689
12310,0.031062543
12311,0.01862073
12312,0.96267724
12314,0.7348273
12316,0.0053123236
12318,0.008975267
12320,0.0114120245
12321,0.029178798
12323,0.015685916
12324,0.968799
12325,0.04451424
12326,0.020561099
12329,0.008654237
12331,0.019214988
12332,0.0049313307
12334,0.04221016
12336,0.003994763
12337,0.89802766
12338,0.96353745
12340,0.97111166
12341,0.9422926
12342,0.011922598
12344,0.018931687
12345,0.004320264
12346,0.9589671
12348,0.5686278
12350,0.0049034953
12351,0.96888256
12352,0.010501027
12355,0.006318927
12356,0.0053318143
12357,0.010694265
12358,0.96755767
12361,0.9283392
12362,0.98996305
12364,0.005827725
12365,0.00393945
12366,0.004828036
12367,0.9767534
12369,0.01575023
12376,0.0036814213
12377,0.004471123
12378,0.9643803
12379,0.012452841
12381,0.9735124
12382,0.0044820905
12383,0.9850023
12384,0.0044600368
12385,0.9925913
12387,0.005474329
12390,0.008661866
12392,0.0033361316
12393,0.9571262
12394,0.042690396
12396,0.019535303
12398,0.0049934387
12399,0.975738
12403,0.9650657
12405,0.003470838
12406,0.9634312
12410,0.96093595
12413,0.00816983
12414,0.94171053
12415,0.006114185
12416,0.614961
12420,0.9326747
12423,0.9694321
12424,0.04538244
12425,0.04295343
12426,0.015170991
12427,0.9916088
12429,0.034701526
12430,0.94842243
12432,0.006177902
12435,0.9525931
12436,0.0054054856
12439,0.011397243
12442,0.9583101
12446,0.010801971
12447,0.0039182305
12449,0.5421728
12450,0.9595577
12451,0.95793384
12453,0.005305946
12454,0.0050518513
12460,0.97266906
12462,0.9682204
12463,0.0033875108
12464,0.013892114
12465,0.006203294
12466,0.96807575
12467,0.0040844083
12470,0.9628033
12472,0.03651184
12473,0.009742022
12474,0.00739336
12475,0.9807432
12476,0.0047222376
12477,0.0059421062
12478,0.96524
12479,0.006041169
12480,0.035075784
12481,0.0038559437
12483,0.95645535
12485,0.01200068
12486,0.009819746
12489,0.08913702
12492,0.98335856
12493,0.017487288
12495,0.25806904
12498,0.0061075687
12499,0.13592607
12500,0.071638644
12502,0.00507164
12505,0.9525805
12506,0.8914341
12510,0.014500082
12511,0.82254726
12512,0.1038481
12514,0.0076299906
12515,0.012582183
12517,0.9927329
12518,0.9621434
12520,0.9209249
12522,0.0054121017
12524,0.004334986
12525,0.005782008
12526,0.033041716
12527,0.54830825
12528,0.53574705
12529,0.024099648
12530,0.009713709
12531,0.0065033436
12533,0.034701824
12535,0.27540445
12536,0.03429532
12537,0.0047609806
12539,0.9681808
12543,0.9630311
12548,0.0055912137
12551,0.013386071
12553,0.96048236
12555,0.019078195
12557,0.004172623
12559,0.96459347
12560,0.9526843
12562,0.9645649
12565,0.98320293
12566,0.006220162
12568,0.9674652
12569,0.05511564
12570,0.8766167
12572,0.95801955
12573,0.9483213
12574,0.008450747
12578,0.006390035
12580,0.95431155
12581,0.9597211
12582,0.95122266
12583,0.0965873
12584,0.009610355
12586,0.9675274
12588,0.966312
12589,0.06801695
12590,0.0056628585
12591,0.033195496
12592,0.010466158
12595,0.0054451227
12596,0.022307217
12597,0.044542193
12598,0.0067467093
12599,0.24032336
12600,0.26706457
12603,0.014236808
12604,0.011442423
12605,0.017550588
12606,0.9614778
12607,0.017584741
12608,0.9571073
12614,0.9614027
12615,0.00627774
12617,0.005946219
12619,0.9632155
12621,0.96554065
12627,0.9732272
12628,0.011812031
12630,0.97019374
12633,0.0044236183
12635,0.048265815
12636,0.04060042
12637,0.008323073
12638,0.0032020211
12640,0.005608976
12641,0.013135612
12644,0.0132680535
12645,0.0077813864
12648,0.017125487
12651,0.97313917
12652,0.9641909
12659,0.00788492
12660,0.0076686144
12661,0.012325048
12662,0.9524523
12664,0.011760592
12667,0.9892389
12668,0.004357338
12669,0.92843145
12671,0.016094387
12673,0.0055661798
12674,0.0171597
12675,0.9606093
12676,0.008446276
12677,0.014816284
12679,0.027582169
12680,0.52116
12681,0.9585333
12684,0.011724591
12687,0.013573527
12688,0.95896107
12690,0.0038321614
12696,0.97292936
12697,0.0070240498
12698,0.037140846
12699,0.075790286
12700,0.97400165
12703,0.009812534
12704,0.012554884
12705,0.008145332
12707,0.015231013
12708,0.0069609284
12709,0.9619401
12710,0.0076446533
12711,0.01768142
12712,0.9691651
12714,0.0439229
12715,0.0069344044
12716,0.0075519085
12717,0.012517452
12720,0.9480512
12721,0.9637113
12722,0.96642584
12723,0.09240407
12729,0.95708865
12730,0.95184445
12732,0.0074537396
12733,0.9681174
12736,0.92429817
12737,0.04159659
12742,0.64723986
12744,0.9900327
12745,0.0046850443
12746,0.9467414
12750,0.008265972
12752,0.009119749
12754,0.005509019
12755,0.975515
12756,0.027100265
12758,0.96653354
12759,0.9645181
12760,0.0115478635
12761,0.9620853
12762,0.003825426
12763,0.5279691
12765,0.962238
12766,0.9569565
12768,0.6843878
12769,0.012459874
12770,0.9432656
12773,0.9781449
12775,0.94793004
12776,0.014897943
12779,0.96291184
12781,0.96054465
12782,0.9667312
12783,0.9717628
12784,0.02381301
12785,0.029920876
12786,0.01592344
12788,0.92955124
12789,0.0495708
12792,0.086902976
12793,0.007897913
12794,0.014190733
12795,0.004972279
12798,0.005348861
12799,0.0071306825
12801,0.0071967244
12803,0.97181845
12805,0.9554558
12806,0.02159214
12807,0.005115211
12809,0.004080415
12810,0.011461496
12811,0.9811105
12812,0.0039340854
12815,0.0637539
12819,0.87580526
12820,0.0150901675
12822,0.142582
12825,0.83243126
12827,0.083634675
12828,0.96620005
12829,0.011001408
12831,0.9652805
12832,0.009804785
12834,0.9577941
12836,0.6687973
12838,0.029640794
12839,0.96998775
12841,0.05406165
12843,0.022140384
12844,0.0072078705
12845,0.951799
12846,0.029285729
12848,0.95920765
12850,0.8956732
12854,0.595114
12856,0.021385849
12860,0.014843941
12863,0.9686163
12865,0.96856356
12866,0.00938642
12867,0.027788103
12869,0.012940168
12870,0.0040430427
12871,0.983722
12873,0.06669873
12874,0.05241853
12876,0.0466699
12878,0.9588203
12879,0.9909562
12883,0.4446246
12885,0.015275061
12887,0.0355044
12889,0.029629111
12890,0.0117819905
12892,0.0046382546
12894,0.012056649
12895,0.0344072
12896,0.013979852
12897,0.03048402
12898,0.9649856
12899,0.0069060326
12900,0.95932233
12903,0.010839999
12904,0.9628505
12908,0.019778848
12911,0.009313643
12912,0.005937636
12913,0.7929105
12914,0.0046164393
12915,0.004399538
12916,0.9632257
12918,0.97803676
12920,0.055945337
12923,0.039576888
12925,0.019298136
12926,0.96547276
12927,0.008150697
12930,0.020759821
12931,0.0062611103
12933,0.005321026
12934,0.07885021
12937,0.57553536
12938,0.0036181211
12942,0.0066269636
12943,0.03635466
12946,0.008019924
12948,0.796452
12949,0.9688646
12953,0.9590945
12954,0.006732583
12955,0.99222827
12957,0.010070384
12958,0.08119798
12960,0.009784222
12964,0.013483286
12966,0.9795125
12967,0.98923147
12970,0.026237667
12971,0.0033746958
12972,0.9602377
12973,0.010428786
12975,0.004357338
12976,0.9600728
12977,0.9911988
12978,0.03509313
12979,0.014920592
12981,0.008745313
12983,0.9686153
12984,0.03095609
12986,0.007060051
12987,0.9653753
12989,0.006427288
12994,0.028509438
12995,0.96733814
12997,0.009430051
12999,0.006908536
13001,0.05505377
13003,0.015904605
13004,0.0676921
13005,0.14210546
13006,0.004620075
13009,0.005862713
13010,0.009949267
13011,0.015121758
13013,0.85854065
13014,0.95261264
13015,0.9652047
13017,0.07329291
13020,0.9736016
13024,0.94944495
13025,0.005408466
13027,0.9708915
13028,0.00391078
13029,0.98749727
13030,0.96107274
13034,0.95214254
13036,0.86523134
13037,0.0031433105
13038,0.10825819
13039,0.0053470135
13042,0.01652491
13043,0.9512484
13044,0.006703794
13045,0.0043832064
13048,0.95028573
13051,0.033807516
13053,0.8742932
13058,0.55903083
13061,0.0050088763
13063,0.9698907
13064,0.005867183
13065,0.96512884
13071,0.023243189
13073,0.9574111
13074,0.040478945
13076,0.0072439313
13077,0.048977375
13078,0.9585448
13080,0.04861498
13083,0.010506272
13085,0.9709964
13087,0.16602778
13089,0.962432
13091,0.0069901943
13093,0.95858425
13094,0.049369156
13095,0.031693697
13096,0.91794074
13097,0.012250364
13099,0.03698963
13103,0.9618138
13104,0.017920613
13105,0.004830539
13106,0.006565094
13107,0.007098496
13108,0.16912311
13109,0.94430393
13112,0.02157396
13113,0.011352718
13115,0.51034534
13117,0.046146452
13118,0.069578886
13120,0.006230533
13121,0.33988822
13122,0.9757462
13123,0.9390675
13125,0.98991436
13126,0.0068490505
13128,0.9450727
13134,0.040150344
13135,0.9586742
13136,0.007619977
13137,0.0039693713
13143,0.014351249
13144,0.974306
13147,0.96815264
13149,0.0053910017
13150,0.17657351
13154,0.12806177
13155,0.97390294
13156,0.9592347
13158,0.009772062
13159,0.94481856
13161,0.062043846
13162,0.010028124
13163,0.9633928
13164,0.010403931
13165,0.0061500072
13166,0.004021406
13169,0.0064408183
13171,0.070182085
13173,0.0126206875
13175,0.01877433
13176,0.9651956
13177,0.0058495402
13181,0.011102974
13182,0.9891838
13183,0.9821092
13185,0.0072287917
13188,0.98819286
13189,0.98989505
13191,0.97684586
13192,0.016417861
13193,0.008066952
13199,0.0076514482
13200,0.03362739
13202,0.0050376654
13203,0.03097123
13204,0.04112965
13206,0.006873846
13208,0.0053110123
13209,0.040501475
13210,0.007718861
13211,0.008140385
13213,0.09588587
13215,0.17061687
13216,0.010337949
13217,0.038708985
13218,0.93465096
13219,0.8247075
13222,0.9734175
13227,0.9469046
13228,0.019182205
13229,0.011457682
13232,0.9764353
13234,0.18475586
13236,0.9712911
13239,0.0073211193
13240,0.009654105
13241,0.9417361
13244,0.0042313337
13245,0.9639738
13246,0.48503226
13247,0.84966767
13248,0.96213114
13251,0.007104695
13256,0.9744978
13257,0.96018374
13259,0.9551105
13261,0.011726141
13263,0.02154839
13264,0.025798082
13265,0.0054359436
13270,0.017959714
13272,0.012523353
13273,0.0040165186
13274,0.014918983
13277,0.9442093
13278,0.026538849
13279,0.9893774
13284,0.9640041
13285,0.00515306
13286,0.031164587
13290,0.012984514
13291,0.0053441525
13292,0.95348155
13293,0.022085845
13295,0.01294446
13300,0.0067124963
13301,0.9473931
13307,0.008690238
13309,0.010139406
13312,0.040742397
13314,0.02073741
13316,0.0077062845
13317,0.012071073
13321,0.9369738
13322,0.97188085
13323,0.23840898
13327,0.030175328
13329,0.029773891
13330,0.0068303347
13331,0.90552086
13332,0.97594047
13335,0.008436203
13336,0.96829814
13341,0.96284646
13344,0.003019154
13345,0.95836496
13349,0.016643763
13350,0.0056550503
13355,0.98859656
13356,0.0060105324
13359,0.96316075
13360,0.10611284
13361,0.98255
13362,0.011259019
13363,0.85201585
13364,0.9825569
13366,0.05111158
13368,0.9704824
13371,0.0056123137
13372,0.010383487
13373,0.009165168
13374,0.011547625
13375,0.0069125295
13376,0.005584359
13378,0.35853815
13383,0.03048426
13384,0.0153518915
13386,0.96738315
13392,0.96020395
13393,0.014255583
13394,0.9564897
13395,0.98757
13397,0.9730121
13398,0.9585466
13399,0.9579554
13400,0.038493037
13401,0.0055448413
13402,0.005930066
13404,0.009878397
13405,0.9479353
13406,0.007096112
13407,0.9650615
13410,0.004167497
13411,0.9478428
13414,0.95380324
13415,0.9400392
13418,0.029078007
13422,0.9772671
13425,0.95859903
13426,0.9694887
13427,0.9445977
13430,0.90105724
13431,0.0072868466
13432,0.08920002
13433,0.9529361
13434,0.989165
13438,0.36328393
13439,0.019576669
13441,0.034345508
13445,0.9636654
13446,0.8970264
13449,0.063433826
13450,0.060095966
13451,0.978242
13452,0.9476843
13454,0.98038745
13456,0.014809072
13457,0.9652212
13458,0.0067270994
13459,0.9098229
13460,0.0054558516
13464,0.8045566
13467,0.94562817
13468,0.0042907
13469,0.070097685
13470,0.955787
13471,0.006809175
13473,0.96872103
13477,0.006824553
13478,0.94332975
13482,0.8112482
13483,0.8911183
13485,0.9659052
13486,0.005898893
13487,0.97781956
13489,0.007023692
13492,0.095458865
13496,0.005636096
13497,0.030971646
13498,0.007166505
13499,0.9758561
13500,0.0113428235
13501,0.9544716
13502,0.9717285
13503,0.97393763
13504,0.9694841
13506,0.94565386
13508,0.013006151
13510,0.012209177
13513,0.007006705
13514,0.012578011
13516,0.012244761
13517,0.009948432
13518,0.0864076
13521,0.01509124
13522,0.987616
13523,0.004949391
13525,0.021566987
13527,0.7872563
13529,0.005580485
13530,0.9603156
13531,0.97446865
13532,0.95081264
13533,0.98373604
13534,0.9670494
13537,0.9782423
13540,0.020576239
13543,0.0046393275
13544,0.09781349
13546,0.95904344
13547,0.9702894
13548,0.003945589
13553,0.95897835
13554,0.98743075
13555,0.0032564402
13557,0.97589695
13558,0.0052734017
13564,0.004953146
13565,0.9638212
13567,0.96389335
13568,0.013901234
13571,0.96847194
13572,0.96840847
13574,0.007948935
13576,0.027862668
13577,0.9709718
13582,0.0092276335
13583,0.009324193
13587,0.9787169
13589,0.019280016
13590,0.018868208
13591,0.006295383
13592,0.017584503
13593,0.0072158575
13594,0.010757148
13595,0.6845516
13597,0.0053914785
13598,0.29478526
13599,0.96940285
13600,0.009055853
13601,0.010762453
13603,0.9651568
13604,0.0077618957
13607,0.96018624
13611,0.003368318
13614,0.03875017
13617,0.96158797
13618,0.96816885
13620,0.054506004
13621,0.01810819
13622,0.0092788935
13625,0.004993081
13628,0.9523095
13629,0.6573621
13633,0.9776846
13634,0.0062565207
13637,0.0085904
13638,0.016792417
13639,0.011244893
13641,0.04681635
13643,0.041241348
13646,0.02767843
13648,0.029256403
13649,0.0659098
13656,0.012802064
13657,0.118812144
13658,0.0051280856
13659,0.013304353
13660,0.033087075
13661,0.009010315
13663,0.15341425
13665,0.98068494
13666,0.13617289
13668,0.0053519607
13671,0.6018244
13672,0.036793947
13673,0.98039013
13675,0.011506736
13679,0.010646939
13680,0.96093506
13682,0.011267185
13684,0.14263976
13687,0.014231503
13690,0.9675801
13695,0.004400611
13696,0.91048354
13697,0.97260475
13703,0.0061146617
13705,0.008234441
13706,0.018049836
13707,0.0061423182
13709,0.013525546
13710,0.97585857
13712,0.98284876
13713,0.94802153
13714,0.0059137344
13716,0.9667241
13717,0.98576456
13720,0.04894495
13721,0.98711437
13722,0.01396811
13723,0.02976358
13724,0.01147759
13725,0.9068852
13726,0.9693664
13728,0.98284274
13730,0.017117739
13731,0.9779726
13732,0.004520297
13733,0.9562938
13734,0.016790152
13735,0.959975
13736,0.9654568
13737,0.016047537
13743,0.97400725
13746,0.019127607
13747,0.0065026283
13748,0.0050089955
13749,0.0038420558
13750,0.06211734
13752,0.047722578
13753,0.0042987466
13755,0.5100876
13757,0.015012085
13759,0.9837602
13760,0.010905921
13762,0.96763146
13763,0.0040609837
13765,0.015057206
13766,0.03850788
13767,0.96187526
13768,0.011055708
13769,0.027413845
13770,0.0043215156
13771,0.006498754
13772,0.007445395
13773,0.9489578
13776,0.0060192347
13778,0.010305405
13780,0.006741047
13781,0.05663079
13782,0.982363
13783,0.9701425
13784,0.009938836
13789,0.0055326223
13790,0.0059030056
13791,0.9459281
13794,0.010718584
13795,0.011391878
13796,0.004629791
13797,0.005304277
13799,0.7637426
13800,0.025039256
13803,0.041198373
13805,0.05723554
13807,0.017785847
13809,0.98164
13811,0.9273927
13813,0.9571506
13814,0.0032508373
13815,0.99321085
13816,0.22124779
13817,0.012668192
13818,0.018146574
13819,0.12261158
13820,0.965051
13821,0.023711562
13823,0.95716184
13824,0.97147036
13825,0.972543
13827,0.00669533
13832,0.9528021
13834,0.96968234
13836,0.13507646
13838,0.016086519
13840,0.99308956
13841,0.97024786
13842,0.9351923
13843,0.026601851
13845,0.008935213
13848,0.87321496
13850,0.008320034
13851,0.009190798
13852,0.0078047514
13860,0.0060632825
13861,0.007016897
13864,0.04818052
13865,0.96001965
13867,0.9734656
13868,0.025152683
13869,0.0077174306
13870,0.0071769953
13871,0.84961426
13873,0.9251467
13874,0.021814823
13875,0.017102122
13877,0.95930094
13879,0.025917113
13881,0.04427755
13882,0.07399297
13883,0.08425081
13884,0.0042910576
13885,0.003579855
13887,0.018307686
13888,0.9578896
13889,0.94533956
13894,0.05095768
13896,0.011296451
13897,0.9723273
13900,0.9722264
13904,0.9590145
13906,0.7862466
13908,0.72526085
13909,0.09426671
13910,0.475304
13911,0.031956077
13913,0.021924675
13914,0.02023989
13915,0.9552863
13916,0.019124031
13917,0.97372663
13918,0.93555534
13919,0.011633933
13921,0.0047138333
13923,0.013900638
13924,0.009225309
13926,0.90323186
13927,0.97481245
13928,0.937878
13929,0.95835084
13930,0.0065256953
13931,0.0091843605
13932,0.008765876
13933,0.9745074
13936,0.01513201
13937,0.015249133
13938,0.96392244
13939,0.0062264204
13943,0.97187376
13945,0.003874004
13946,0.0049523115
13948,0.7878567
13949,0.95737356
13952,0.003600359
13954,0.9889828
13955,0.9730351
13956,0.02499801
13958,0.9539504
13959,0.014042199
13960,0.96761966
13961,0.86503756
13963,0.6594629
13964,0.9595979
13965,0.05439526
13966,0.9598046
13968,0.012464225
13970,0.9699015
13971,0.009484172
13976,0.0073819757
13977,0.007906735
13979,0.016737938
13980,0.17789388
13982,0.021413922
13984,0.009727538
13985,0.016043961
13986,0.008503258
13987,0.95483327
13988,0.85101575
13990,0.95385885
13992,0.0047032237
13995,0.9756578
13996,0.9637137
13997,0.009636939
13998,0.7690795
14000,0.9603465
14001,0.9815088
14002,0.3178051
14007,0.9622729
14008,0.9669688
14009,0.98781043
14010,0.02992928
14011,0.96452504
14014,0.08607626
14018,0.003140211
14020,0.08734977
14022,0.03547722
14024,0.19542825
14025,0.28703052
14026,0.9720902
14030,0.011532724
14031,0.9715396
14032,0.017346203
14033,0.9627969
14034,0.9782106
14036,0.959194
14037,0.030472934
14039,0.98797494
14040,0.68179476
14041,0.97029424
14042,0.9665574
14043,0.0031571388
14044,0.006439209
14045,0.004566252
14046,0.0039631724
14048,0.04887247
14049,0.024709284
14052,0.4510684
14054,0.0044620037
14055,0.95457107
14057,0.00425297
14059,0.004098952
14065,0.07085574
14066,0.9639881
14072,0.7551249
14073,0.005783081
14074,0.30876476
14075,0.0053375363
14076,0.006466627
14079,0.04664564
14080,0.006654501
14082,0.13643628
14083,0.97418374
14084,0.97510886
14086,0.9272434
14090,0.97912294
14091,0.00728637
14092,0.01227051
14094,0.003055632
14096,0.099924326
14097,0.93925774
14098,0.9770958
14099,0.97049534
14100,0.050314307
14102,0.9709097
14103,0.9766111
14104,0.046305716
14105,0.9485532
14107,0.0040715337
14110,0.97087175
14111,0.79910505
14114,0.014380455
14117,0.007120788
14118,0.96207976
14119,0.0053506494
14120,0.0067061186
14125,0.0072808266
14126,0.9739258
14128,0.009838581
14129,0.02270931
14130,0.9563929
14131,0.004496634
14134,0.008559704
14135,0.004453182
14136,0.96824515
14137,0.021092236
14138,0.009065449
14142,0.9697922
14143,0.012131572
14144,0.0064437985
14145,0.025293708
14147,0.006881833
14150,0.030691147
14151,0.9611707
14153,0.9871283
14154,0.25821263
14155,0.008030713
14156,0.9799595
14159,0.9631845
14161,0.0057507753
14162,0.08718324
14163,0.96463615
14165,0.0064609647
14167,0.0070696473
14169,0.008911848
14171,0.3389393
14172,0.013755262
14173,0.95239854
14176,0.009486079
14177,0.9607981
14178,0.05844605
14179,0.100055754
14180,0.0041065216
14182,0.93123806
14185,0.008402228
14190,0.006397426
14191,0.013866007
14192,0.006514251
14194,0.0142118335
14195,0.94554275
14197,0.9547272
14201,0.03326577
14202,0.049321353
14204,0.030952513
14205,0.95474035
14207,0.0069279075
14208,0.014855862
14209,0.03852606
14210,0.9611337
14211,0.9804092
14213,0.9658748
14214,0.96474266
14215,0.9700692
14216,0.06811708
14217,0.00855726
14218,0.97359174
14219,0.0131616
14220,0.9554643
14222,0.006833017
14228,0.009611905
14229,0.023335338
14235,0.007971466
14237,0.023287714
14239,0.19285715
14242,0.9676532
14244,0.006369889
14245,0.063881755
14247,0.122850835
14248,0.086777925
14249,0.9816581
14251,0.006617546
14252,0.0070519447
14255,0.004270613
14257,0.9677917
14258,0.007146895
14262,0.01867193
14263,0.06818318
14265,0.016294897
14268,0.4134313
14269,0.01999414
14270,0.9699462
14271,0.9458251
14272,0.009723663
14275,0.010801971
14276,0.9641075
14279,0.01953125
14280,0.9817432
14281,0.011669993
14284,0.0036901832
14288,0.029321432
14293,0.29882568
14296,0.005003333
14297,0.520173
14298,0.046866715
14299,0.005651772
14300,0.29832906
14302,0.51929986
14305,0.010388732
14307,0.008766234
14308,0.9524494
14309,0.071047544
14311,0.9343791
14313,0.9536984
14314,0.0055369735
14315,0.009899199
14316,0.0047439933
14317,0.04044813
14319,0.005716145
14320,0.0054563284
14322,0.9655582
14323,0.0060649514
14324,0.880865
14327,0.011315286
14328,0.009186089
14329,0.008152723
14331,0.03454399
14332,0.008983612
14335,0.0037804246
14336,0.120726645
14339,0.98592716
14341,0.41760367
14342,0.00852114
14343,0.9520014
14346,0.0073236227
14347,0.9625911
14348,0.9645643
14349,0.0123490095
14350,0.008815885
14352,0.012142301
14354,0.049990773
14356,0.017152905
14359,0.93423414
14360,0.0076165795
14366,0.9698227
14369,0.008387923
14370,0.0066500306
14371,0.9859515
14372,0.008390725
14374,0.9656891
14377,0.97838825
14378,0.0112143755
14380,0.0029578805
14384,0.0039470196
14385,0.07166022
14388,0.014093518
14390,0.3947168
14391,0.044845283
14393,0.0075259805
14394,0.012127042
14395,0.005498886
14396,0.020365298
14397,0.0117042065
14398,0.95270556
14399,0.266334
14400,0.96906096
14403,0.02466619
14405,0.005744636
14406,0.006010771
14407,0.96827614
14412,0.00531435
14414,0.004693687
14415,0.008807719
14417,0.071511984
14419,0.0034490824
14421,0.006447315
14422,0.96806633
14423,0.009257495
14424,0.96063477
14425,0.9024879
14427,0.9526696
14428,0.00827533
14429,0.9711183
14431,0.006245792
14433,0.010311246
14434,0.014668345
14435,0.96343493
14436,0.00974226
14437,0.005754769
14439,0.038432837
14441,0.0053375363
14442,0.9576014
14443,0.8254268
14444,0.013994455
14445,0.9920233
14446,0.9590315
14447,0.01823783
14449,0.011020303
14450,0.018554747
14452,0.012070298
14453,0.98279196
14455,0.0292781
14456,0.95932424
14457,0.009712219
14458,0.009070814
14459,0.0069360137
14462,0.0043199062
14464,0.94255894
14466,0.013105154
14470,0.00945884
14471,0.0055942535
14473,0.017796755
14476,0.012169421
14480,0.99149305
14482,0.5642711
14483,0.31478924
14484,0.4947844
14488,0.040288925
14489,0.0042002797
14491,0.015289009
14493,0.9655366
14494,0.9583512
14497,0.010509551
14498,0.0044329762
14499,0.010647953
14500,0.96874934
14502,0.01866275
14503,0.005354762
14506,0.9530402
14507,0.004042685
14508,0.009652495
14509,0.03050977
14510,0.008723259
14511,0.012023866
14515,0.00813818
14516,0.96732223
14518,0.0071888566
14521,0.960018
14522,0.0054908395
14523,0.015939355
14524,0.09046841
14525,0.009100318
14529,0.94715333
14530,0.9830717
14531,0.96733874
14532,0.9674353
14534,0.9685166
14535,0.9804116
14536,0.9865936
14539,0.04143691
14540,0.012129962
14541,0.011402249
14542,0.9504159
14543,0.004470527
14544,0.0054929852
14545,0.014756441
14546,0.027089417
14547,0.008661985
14548,0.9930545
14549,0.018879116
14550,0.070439875
14553,0.9889013
14554,0.964139
14556,0.011343956
14557,0.009355307
14560,0.97517496
14566,0.0063958764
14567,0.01317811
14568,0.0051059723
14570,0.036226988
14571,0.01596719
14574,0.95480824
14575,0.023405612
14577,0.0035741925
14578,0.9614845
14580,0.90529764
14581,0.9535703
14582,0.2010144
14584,0.46392202
14585,0.99045044
14586,0.009383976
14587,0.8735795
14590,0.012622535
14591,0.97899926
14593,0.01534462
14594,0.039952695
14595,0.6420969
14596,0.010270596
14601,0.022066832
14602,0.94945616
14603,0.9802874
14605,0.9512004
14606,0.03309506
14607,0.97472197
14608,0.004330039
14610,0.003170669
14611,0.012251556
14612,0.0050385
14613,0.0055118203
14616,0.026152551
14617,0.9550705
14618,0.96866745
14621,0.03298998
14624,0.054021
14625,0.96379
14627,0.02162087
14628,0.9785549
14629,0.007567525
14630,0.006094277
14631,0.016476452
14633,0.014990151
14636,0.9591881
14637,0.14750415
14639,0.965347
14642,0.031376243
14643,0.023579955
14645,0.018235087
14646,0.23713017
14648,0.9676192
14650,0.94103473
14652,0.01563418
14654,0.9760641
14655,0.9374997
14657,0.01630497
14659,0.9095355
14660,0.0108341575
14662,0.0040735006
14663,0.00653404
14664,0.0185498
14665,0.01718247
14666,0.96753466
14668,0.005869925
14672,0.004816234
14673,0.9598
14674,0.016248763
14675,0.0056430697
14676,0.9927772
14678,0.0034834146
14679,0.96284646
14681,0.96964645
14682,0.00483948
14685,0.9754259
14686,0.06489116
14689,0.95636106
14692,0.014711201
14694,0.00619179
14695,0.0046243668
14696,0.004123807
14697,0.016488016
14698,0.007905304
14701,0.18656468
14702,0.9539117
14705,0.9913164
14707,0.9528703
14709,0.013728976
14710,0.012495697
14712,0.97711337
14713,0.9610594
14715,0.014048994
14716,0.95365345
14717,0.97561634
14718,0.9710999
14719,0.9594778
14721,0.93007916
14723,0.0136838555
14727,0.025413394
14732,0.027950883
14733,0.9898825
14737,0.0037018657
14738,0.005008638
14741,0.04983574
14743,0.51378226
14744,0.039687514
14746,0.0066601634
14747,0.0044963956
14748,0.95180094
14749,0.9560593
14753,0.1679492
14754,0.017949343
14755,0.9574413
14757,0.20897067
14758,0.9869932
14759,0.96022886
14760,0.1501497
14764,0.9823279
14766,0.008281231
14767,0.9659499
14768,0.008725345
14769,0.013492703
14770,0.007736683
14771,0.8798584
14773,0.9693806
14775,0.97459674
14776,0.11159819
14777,0.01235652
14778,0.9582398
14779,0.9735266
14780,0.006919205
14781,0.0066693425
14782,0.92719495
14786,0.32094932
14787,0.0048763156
14789,0.9654714
14790,0.008262932
14791,0.9485705
14792,0.084297955
14793,0.022164762
14794,0.9710038
14795,0.98290765
14797,0.92522
14799,0.008640587
14801,0.015118301
14802,0.9662034
14803,0.0034942627
14804,0.97400385
14805,0.004363239
14806,0.0073074102
14807,0.96165466
14808,0.0054442883
14809,0.042752564
14810,0.00429374
14812,0.98996377
14813,0.012895584
14816,0.009773016
14818,0.040922463
14822,0.05533737
14823,0.020940304
14824,0.011951804
14825,0.0073957443
14826,0.9882584
14828,0.96524763
14829,0.0065891147
14835,0.04425776
14836,0.95243603
14837,0.003430605
14838,0.21256506
14839,0.9698439
14841,0.005440533
14842,0.9226603
14843,0.97904706
14844,0.21565694
14845,0.009183168
14846,0.63357604
14847,0.7996819
14850,0.0133677125
14851,0.0051472783
14852,0.97038275
14855,0.0045588017
14856,0.335316
14860,0.0047772527
14862,0.029004037
14864,0.9669483
14865,0.98945916
14866,0.009095848
14869,0.004401982
14871,0.009135067
14872,0.040931046
14873,0.9488847
14875,0.9577204
14876,0.9574373
14879,0.9561142
14881,0.97800976
14882,0.025723219
14884,0.006750226
14885,0.009769022
14886,0.96245635
14887,0.038220823
14892,0.9448392
14894,0.0068315268
14896,0.013246238
14898,0.071247995
14899,0.9307856
14900,0.009444654
14901,0.954725
14902,0.9895054
14903,0.95683044
14904,0.97315174
14906,0.92012936
14909,0.025276244
14912,0.9685339
14913,0.0048665404
14915,0.00831008
14916,0.019505262
14917,0.98748446
14919,0.055261493
14922,0.01767093
14923,0.5171803
14924,0.043138266
14925,0.012188733
14927,0.10404551
14928,0.005253792
14929,0.007304311
14932,0.9574237
14935,0.024870515
14936,0.010767698
14937,0.8083249
14938,0.94861263
14940,0.96002704
14941,0.2822829
14942,0.022073925
14945,0.006727636
14946,0.009680629
14947,0.96920705
14948,0.96191955
14951,0.9529688
14952,0.005287111
14954,0.0050275326
14956,0.0060112476
14957,0.9676029
14958,0.011064351
14960,0.94644815
14962,0.11061585
14964,0.013467848
14966,0.9447044
14967,0.005302787
14970,0.9596687
14972,0.028172374
14977,0.0653044
14978,0.9906204
14981,0.21955162
14987,0.011524916
14988,0.0039616823
14990,0.014343977
14991,0.0061200857
14992,0.03161323
14993,0.016971588
14994,0.9621209
14995,0.008558631
14996,0.009236872
14997,0.06689149
14998,0.017501593
14999,0.021436334
15001,0.00881511
15002,0.9169662
15005,0.012122035
15006,0.95424765
15008,0.0068015456
15009,0.9905249
15012,0.6949183
15013,0.96169305
15014,0.03171289
15015,0.0043254495
15017,0.0056579113
15019,0.8760646
15021,0.9901763
15022,0.0067837834
15025,0.008972585
15027,0.3249805
15028,0.0044100285
15031,0.946815
15032,0.9147727
15035,0.95464486
15036,0.9384434
15037,0.0050987005
15039,0.9889355
15041,0.006944716
15042,0.049233854
15043,0.13135868
15046,0.9643053
15048,0.9669318
15049,0.0091487765
15050,0.009426534
15051,0.22999674
15052,0.17464292
15054,0.96026164
15055,0.013419509
15056,0.96806335
15057,0.98813796
15061,0.018966198
15066,0.011267066
15067,0.96864474
15075,0.0039808154
15079,0.059687257
15080,0.034300685
15081,0.0053476095
15088,0.012200952
15089,0.05396229
15091,0.9719366
15093,0.33973092
15094,0.019569755
15095,0.29690123
15096,0.9677913
15097,0.025654733
15098,0.005411148
15099,0.026976943
15100,0.097171366
15102,0.98692423
15104,0.008528173
15108,0.99087936
15109,0.98032665
15111,0.038813412
15112,0.023601234
15113,0.957287
15117,0.97808766
15120,0.98148483
15121,0.043809474
15122,0.012707233
15123,0.9668241
15125,0.9629731
15127,0.98656225
15128,0.98983854
15129,0.95072997
15130,0.9611861
15133,0.07375091
15135,0.006204605
15138,0.012364209
15139,0.011470139
15141,0.005670607
15142,0.9779032
15143,0.9934504
15145,0.017124772
15148,0.021453083
15149,0.9292676
15150,0.010988951
15153,0.035963714
15155,0.010731399
15157,0.011019945
15158,0.0798614
15160,0.0071147084
15161,0.97731173
15163,0.051281393
15164,0.42608446
15165,0.98002845
15167,0.008713663
15168,0.013817549
15169,0.9699695
15172,0.008632958
15177,0.040966332
15179,0.12784034
15180,0.04859084
15181,0.96630836
15182,0.004385352
15186,0.012485683
15187,0.93295217
15188,0.00533098
15189,0.9632186
15191,0.012121618
15195,0.9725301
15197,0.029170036
15198,0.97464406
15200,0.04180163
15202,0.914224
15204,0.0035173893
15205,0.028332233
15207,0.012788594
15209,0.9708967
15210,0.54797125
15211,0.9621696
15212,0.011673033
15213,0.9577516
15214,0.005151272
15215,0.0065374374
15216,0.01706791
15217,0.79337627
15219,0.9852354
15220,0.960376
15221,0.96244454
15222,0.019922018
15224,0.97609687
15227,0.017237067
15230,0.9678637
15232,0.0035741925
15233,0.0221951
15234,0.0066794157
15235,0.009249032
15238,0.0075640082
15239,0.004560232
15240,0.009095848
15242,0.95697075
15245,0.016059995
15246,0.029950142
15247,0.015672624
15248,0.02213204
15249,0.96924096
15250,0.004443705
15253,0.96654135
15254,0.0048893094
15256,0.22755098
15258,0.32091302
15259,0.011906803
15260,0.0035357475
15261,0.07785916
15262,0.9689529
15263,0.0055328608
15265,0.0034627914
15268,0.06413907
15269,0.03360814
15272,0.013323724
15273,0.037560523
15274,0.0046393275
15275,0.0050046444
15277,0.0053914785
15280,0.011596262
15281,0.96386707
15282,0.96017456
15288,0.65793335
15290,0.96513695
15291,0.0056520104
15292,0.0061836243
15293,0.94977766
15296,0.956409
15298,0.03545493
15299,0.008015454
15300,0.075317085
15302,0.97440296
15303,0.0073149204
15305,0.005262792
15306,0.012407005
15313,0.95547974
15315,0.6098958
15316,0.9757062
15317,0.391693
15318,0.09996045
15319,0.003774166
15320,0.0085814
15321,0.02402085
15322,0.9379144
15324,0.007828116
15325,0.953863
15326,0.0331614
15327,0.20980012
15329,0.9541291
15331,0.96656877
15332,0.9000325
15333,0.0035640001
15335,0.010174692
15336,0.010227621
15338,0.15693533
15339,0.98380333
15340,0.99019814
15341,0.018848479
15342,0.02849561
15343,0.9678059
15344,0.016224802
15345,0.92085326
15346,0.9615214
15349,0.96078783
15350,0.0138344765
15351,0.056541204
15354,0.9694542
15355,0.023758352
15356,0.9549937
15358,0.0111964345
15360,0.012633085
15362,0.007040322
15363,0.14863497
15364,0.9731452
15366,0.04539472
15367,0.00976783
15369,0.9652994
15371,0.9470844
15373,0.0052282214
15374,0.046263993
15375,0.01588142
15376,0.013616264
15378,0.9665802
15379,0.010428429
15380,0.006998241
15381,0.008023441
15382,0.0070471168
15385,0.012535214
15387,0.9658606
15388,0.04563564
15389,0.9606305
15390,0.9597342
15391,0.007674217
15395,0.9595443
15396,0.003929615
15397,0.9331606
15399,0.9704683
15400,0.005981326
15401,0.016131341
15404,0.01953423
15405,0.0050210357
15407,0.9641283
15408,0.9556164
15410,0.020285666
15412,0.1306706
15414,0.013533175
15415,0.048018456
15416,0.9493371
15421,0.0042422414
15422,0.018939495
15423,0.47200072
15424,0.0078095794
15427,0.9433501
15428,0.73992926
15429,0.377662
15430,0.20142597
15431,0.961339
15434,0.05486363
15435,0.090191424
15436,0.9627176
15438,0.9718614
15439,0.95814806
15440,0.6657113
15441,0.9583903
15442,0.020057797
15444,0.0053159595
15445,0.0035277605
15447,0.005586028
15448,0.01678598
15449,0.0061232448
15452,0.0077422857
15453,0.9680477
15455,0.9750106
15456,0.020090103
15457,0.9532275
15458,0.96992296
15459,0.008972347
15460,0.006244302
15462,0.017359436
15463,0.04969859
15465,0.9469007
15466,0.029443085
15467,0.008066595
15471,0.009678185
15472,0.024214864
15474,0.9435365
15475,0.1593185
15476,0.026367188
15477,0.9565801
15478,0.0069845915
15480,0.17338812
15481,0.052151382
15482,0.0163548
15483,0.90987056
15485,0.9712531
15486,0.9669145
15487,0.07407153
15491,0.41555715
15492,0.010398805
15493,0.008760393
15497,0.0049399734
15499,0.010095954
15501,0.4993081
15503,0.9637956
15506,0.13962948
15507,0.96504456
15508,0.96483415
15510,0.94422007
15511,0.009131074
15512,0.02113247
15514,0.0069870353
15516,0.9691933
15518,0.009963036
15519,0.009340227
15520,0.0045324564
15523,0.0042946935
15524,0.96949977
15526,0.9711863
15527,0.010537446
15529,0.07478225
15530,0.9682821
15531,0.45122755
15532,0.07430869
15534,0.9577536
15536,0.007383764
15538,0.96625364
15539,0.07915759
15540,0.98234797
15541,0.018555105
15542,0.011340022
15544,0.02980876
15545,0.030513704
15546,0.016019046
15547,0.9689337
15548,0.009299159
15551,0.966741
15552,0.79542243
15553,0.9655557
15554,0.8742903
15555,0.9798494
15557,0.010318577
15558,0.006262064
15559,0.023041666
15560,0.046157837
15561,0.96841264
15564,0.9655043
15565,0.9666777
15568,0.17785603
15569,0.9844383
15570,0.027157128
15571,0.004157603
15572,0.0077343583
15573,0.9656182
15575,0.9597578
15576,0.958773
15578,0.033513606
15581,0.0076440573
15582,0.9643129
15583,0.05758059
15584,0.9766545
15587,0.21388817
15588,0.010393798
15589,0.9562282
15591,0.98765224
15592,0.028052688
15593,0.9482426
15594,0.008231163
15595,0.06365228
15599,0.039116204
15601,0.07688105
15610,0.009815693
15612,0.028383434
15614,0.967125
15616,0.020832539
15617,0.029795408
15618,0.049973547
15619,0.008520901
15620,0.9732442
15621,0.03317499
15623,0.048998415
15624,0.31117404
15625,0.010754287
15630,0.96309775
15631,0.99059
15634,0.9210584
15635,0.9685624
15636,0.020861685
15640,0.9716065
15641,0.028763473
15642,0.010457754
15644,0.0040017366
15646,0.9552516
15647,0.015913427
15649,0.97661674
15650,0.11066818
15652,0.009823501
15653,0.9594551
15657,0.85692304
15658,0.8600273
15660,0.08341509
15661,0.98763084
15662,0.9880829
15663,0.0084094405
15666,0.97541684
15667,0.9416858
15670,0.93803513
15671,0.974029
15672,0.0046103
15673,0.9647569
15674,0.003763616
15677,0.9624924
15679,0.006647587
15680,0.9659733
15681,0.96431667
15683,0.035775006
15684,0.03921491
15686,0.9552732
15688,0.039397836
15689,0.029228747
15690,0.9638868
15691,0.03131789
15693,0.26996297
15694,0.96515626
15695,0.98919016
15697,0.96050155
15698,0.010665834
15701,0.08461791
15702,0.9312693
15703,0.71647453
15704,0.9027608
15705,0.022954702
15707,0.006804347
15708,0.02024424
15710,0.96960765
15711,0.007194221
15712,0.006133735
15714,0.96465427
15715,0.97968405
15716,0.968418
15717,0.119208336
15720,0.008460939
15721,0.014745891
15722,0.94973063
15723,0.008824825
15724,0.0078369975
15725,0.9539982
15727,0.01355195
15728,0.017637014
15730,0.6468625
15731,0.96134216
15732,0.037684977
15734,0.008629322
15735,0.598328
15737,0.009806216
15738,0.058793545
15739,0.38528937
15740,0.9486801
15741,0.97098297
15742,0.018535316
15743,0.09268528
15745,0.03218925
15747,0.950363
15752,0.027272522
15753,0.9902723
15754,0.050548434
15755,0.9544393
15756,0.01718247
15757,0.018810272
15758,0.0053842664
15759,0.008718371
15763,0.021130085
15764,0.0077385306
15765,0.9847022
15766,0.9762084
15767,0.015148461
15768,0.9451007
15770,0.01765722
15771,0.13448298
15774,0.012251735
15775,0.02765894
15779,0.1230337
15780,0.043421507
15781,0.0112118125
15782,0.011416912
15783,0.9607148
15785,0.009428978
15786,0.859275
15788,0.96597755
15790,0.11175603
15791,0.96495175
15792,0.9886508
15794,0.98165625
15796,0.0777573
15797,0.010770023
15802,0.0058382154
15803,0.9706692
15806,0.010918975
15812,0.93361163
15813,0.04718858
15814,0.9591014
15817,0.014430821
15821,0.9692272
15822,0.96311593
15823,0.0058814287
15826,0.004485786
15828,0.318272
15829,0.9786332
15830,0.9447868
15832,0.028144002
15833,0.0046939254
15834,0.96978897
15837,0.03157407
15839,0.011440694
15842,0.9673102
15843,0.9621233
15844,0.008815706
15845,0.008877754
15846,0.022585869
15847,0.027619839
15848,0.01976204
15849,0.9559113
15851,0.9668454
15855,0.94335127
15856,0.94961405
15857,0.024769366
15858,0.04389304
15859,0.08370972
15860,0.9885705
15861,0.69093364
15862,0.021208048
15865,0.004889548
15867,0.023221254
15869,0.988691
15870,0.96806103
15871,0.11035395
15872,0.95979315
15874,0.07876283
15875,0.00723207
15876,0.97106415
15877,0.095722616
15879,0.03972751
15881,0.96787506
15882,0.034241557
15883,0.93694955
15884,0.3897782
15885,0.0038688183
15887,0.030878186
15892,0.95743597
15893,0.0087198615
15894,0.97351176
15895,0.008644521
15896,0.008281589
15897,0.9727539
15899,0.81275904
15900,0.024754107
15901,0.9637034
15902,0.958958
15903,0.01346612
15904,0.9844338
15905,0.005773604
15906,0.04015684
15908,0.015656829
15911,0.91530603
15912,0.9635084
15913,0.1194669
15914,0.05788815
15915,0.04047817
15916,0.008280039
15918,0.018959582
15919,0.96245277
15920,0.05412531
15921,0.95820373
15923,0.9604758
15925,0.013391733
15928,0.36526376
15929,0.1092484
15931,0.14261532
15937,0.9134589
15938,0.96020806
15939,0.010553479
15940,0.9518976
15945,0.9516334
15946,0.00621897
15954,0.96373963
15956,0.1748218
15957,0.96448654
15959,0.92537236
15961,0.34264582
15964,0.018036962
15965,0.26702815
15966,0.17710364
15967,0.9794244
15968,0.011151552
15971,0.9899674
15972,0.94327915
15974,0.01392591
15975,0.96994007
15976,0.9553739
15977,0.027706027
15979,0.028672576
15980,0.9759345
15981,0.96340984
15982,0.9428607
15985,0.9693979
15986,0.0438509
15987,0.010033488
15989,0.0059520006
15990,0.93971306
15991,0.24792969
15994,0.98643136
15995,0.9724962
15997,0.016668856
15998,0.063123345
15999,0.96207535
16000,0.80753624
16001,0.0068686604
16002,0.015742958
16003,0.97392714
16005,0.021204054
16006,0.4435823
16007,0.5309702
16008,0.79670376
16009,0.020184636
16011,0.9504057
16014,0.008685052
16016,0.9588873
16018,0.024503231
16020,0.008438528
16023,0.0037772655
16025,0.9740479
16026,0.96047825
16027,0.9538927
16028,0.93838036
16029,0.96771306
16030,0.9622802
16031,0.9693222
16032,0.31878316
16033,0.036782622
16037,0.018484592
16038,0.96327305
16039,0.96640843
16040,0.02016002
16041,0.7768278
16043,0.9588406
16044,0.9709039
16046,0.96455336
16048,0.011365652
16051,0.011954725
16052,0.96385473
16053,0.9727905
16054,0.9731562
16057,0.017495573
16058,0.95692927
16061,0.9663362
16062,0.95783716
16063,0.9741718
16065,0.7136167
16068,0.20223755
16070,0.020903409
16071,0.9773786
16073,0.98576534
16075,0.95685595
16076,0.011654973
16079,0.97888625
16080,0.97089195
16083,0.9805558
16084,0.0075386167
16085,0.95266247
16086,0.030356288
16089,0.39192724
16093,0.01719892
16095,0.96333647
16096,0.0056355
16098,0.71690774
16099,0.02846539
16103,0.01332283
16104,0.033184588
16105,0.1072011
16108,0.9720658
16109,0.0119847655
16110,0.08219832
16111,0.9649742
16113,0.97404855
16114,0.022874713
16115,0.026121795
16116,0.014072895
16118,0.011618972
16122,0.9852992
16125,0.9249885
16127,0.96884334
16128,0.94972974
16130,0.95293075
16131,0.02541703
16133,0.9670013
16134,0.23098868
16135,0.96076465
16136,0.011570871
16139,0.83663845
16140,0.98241436
16141,0.8909332
16142,0.9483018
16143,0.9832064
16144,0.019740403
16145,0.006441176
16146,0.9636983
16147,0.3648399
16150,0.96386075
16151,0.9681139
16152,0.9664405
16154,0.044191897
16155,0.9659797
16156,0.11911416
16159,0.9700394
16161,0.019769013
16162,0.56343436
16164,0.8745388
16166,0.03811288
16167,0.0052140355
16170,0.9643039
16173,0.9679768
16174,0.80216914
16176,0.05800855
16177,0.017140925
16178,0.004647851
16179,0.98886883
16181,0.21955162
16182,0.9606688
16183,0.0056629777
16184,0.9691239
16186,0.0039316416
16187,0.96271956
16189,0.049682736
16190,0.9679361
16191,0.97437197
16192,0.9684802
16194,0.9552025
16195,0.013456404
16196,0.9499091
16199,0.97873163
16200,0.6852476
16203,0.9740686
16204,0.89006776
16205,0.026012003
16206,0.9481805
16207,0.63850164
16208,0.8254806
16210,0.044739366
16211,0.9566464
16212,0.9905271
16213,0.022297084
16214,0.0073937178
16215,0.96557355
16217,0.023532808
16220,0.9523681
16222,0.956669
16226,0.0089221
16230,0.0052541494
16231,0.009046435
16232,0.9556279
16233,0.32524687
16234,0.004238665
16235,0.9768425
16236,0.95779777
16238,0.0057846904
16241,0.007093787
16243,0.00737375
16244,0.9905039
16245,0.96890664
16247,0.97263205
16248,0.017151415
16250,0.41036415
16252,0.08811051
16253,0.9548438
16256,0.9648807
16257,0.98612785
16258,0.008172154
16259,0.092760265
16260,0.005052328
16262,0.0056556463
16263,0.0059583783
16265,0.014464259
16266,0.6131232
16267,0.9681098
16268,0.040753245
16269,0.90932
16270,0.004972756
16273,0.9053488
16274,0.006494403
16275,0.95294803
16276,0.006394148
16278,0.0038173795
16282,0.025051832
16283,0.0115363
16284,0.012359083
16287,0.012729168
16288,0.004809737
16290,0.003721416
16291,0.03513211
16292,0.94911575
16293,0.004302621
16294,0.006761551
16296,0.0032095313
16297,0.984982
16299,0.9523982
16302,0.004068792
16304,0.99080527
16305,0.39512837
16307,0.0033653378
16309,0.06298363
16310,0.005017817
16311,0.017821133
16313,0.9767882
16315,0.0051929355
16316,0.9552559
16317,0.9834476
16318,0.0045514703
16319,0.017702222
16320,0.013113737
16321,0.006346941
16322,0.0070664883
16323,0.098906815
16324,0.9686229
16326,0.003386438
16327,0.03169936
16328,0.113931894
16329,0.006702125
16332,0.83084524
16334,0.011598647
16335,0.0088585615
16336,0.004538715
16337,0.95538867
16338,0.9464226
16339,0.082850516
16340,0.0070281625
16341,0.010271966
16342,0.03322345
16343,0.017328918
16344,0.9853755
16346,0.020611346
16347,0.011491001
16348,0.0052007437
16352,0.029765666
16356,0.0055239797
16358,0.0039684176
16359,0.011606514
16360,0.966989
16361,0.9507336
16363,0.007875502
16365,0.037828326
16370,0.9672243
16371,0.017024696
16372,0.96856254
16373,0.0072867274
16374,0.8427093
16375,0.7837968
16377,0.004789889
16378,0.9578179
16379,0.0039693713
16380,0.0044261217
16381,0.0050729513
16382,0.0051208735
16383,0.3805557
16387,0.98545504
16388,0.0174582
16391,0.012202203
16392,0.9469451
16393,0.03226483
16396,0.9763364
16398,0.97681797
16400,0.9697077
16401,0.010392129
16402,0.23867649
16404,0.010760188
16406,0.0035284758
16408,0.87665236
16409,0.9691692
16412,0.0036166906
16414,0.018743455
16417,0.0039073825
16418,0.97295487
16420,0.0070106983
16421,0.0040566325
16423,0.9504225
16424,0.024653494
16425,0.95007503
16428,0.031002462
16430,0.007844508
16432,0.003789544
16434,0.007065773
16435,0.004190564
16437,0.9709357
16438,0.010622084
16440,0.016905606
16441,0.0057588816
16442,0.9580303
16443,0.012624741
16444,0.0069285035
16445,0.97950244
16446,0.9513655
16447,0.96927714
16448,0.9932413
16449,0.9865613
16450,0.005833864
16451,0.006274402
16452,0.011279285
16453,0.006663561
16455,0.8929592
16456,0.48818487
16458,0.0037736893
16459,0.029793859
16460,0.015542805
16461,0.9634957
16462,0.9874692
16464,0.9618892
16465,0.98671687
16466,0.9542359
16468,0.17210811
16469,0.97238755
16471,0.9635213
16473,0.9582871
16474,0.008817673
16475,0.9449552
16477,0.5495232
16479,0.007181525
16480,0.9450667
16481,0.0130883455
16482,0.0078030825
16484,0.008614898
16485,0.94520134
16487,0.007493794
16488,0.97459847
16489,0.0071801543
16490,0.9881377
16495,0.004238665
16496,0.06754702
16499,0.98288256
16501,0.9544358
16502,0.9644155
16504,0.27801478
16505,0.95421255
16509,0.9735396
16510,0.005652368
16512,0.008631766
16513,0.90367204
16514,0.006566763
16515,0.005041003
16516,0.9787755
16518,0.0064995885
16519,0.008087397
16520,0.018280923
16522,0.005833626
16523,0.026802778
16524,0.04309863
16525,0.27338046
16526,0.004858613
16528,0.19211465
16529,0.0127334
16531,0.005078852
16532,0.28735143
16533,0.99118876
16534,0.022726357
16535,0.005969882
16536,0.93858504
16538,0.98438907
16539,0.0103389025
16541,0.9489928
16544,0.007490158
16546,0.9702502
16548,0.003003478
16549,0.006806791
16551,0.013962567
16554,0.005294025
16555,0.005826056
16556,0.9711161
16557,0.107106745
16558,0.0336864
16559,0.95894027
16561,0.032212794
16562,0.91235065
16564,0.9646766
16565,0.007530391
16566,0.8121898
16568,0.15129471
16571,0.9737706
16572,0.9780282
16573,0.9585974
16574,0.0054142475
16575,0.004084289
16576,0.90546155
16577,0.013830066
16578,0.9643909
16581,0.96748537
16584,0.759704
16585,0.004217267
16586,0.070749104
16588,0.009456813
16589,0.00568074
16590,0.010124624
16591,0.012960255
16592,0.9668554
16593,0.0029867887
16594,0.016246796
16595,0.018513381
16596,0.9458956
16598,0.96286845
16600,0.018754244
16603,0.9674434
16605,0.9136329
16606,0.9531407
16610,0.0053322315
16611,0.98107105
16612,0.007757783
16613,0.004430115
16616,0.17311645
16619,0.9677449
16620,0.09027052
16622,0.0043138266
16626,0.46277136
16630,0.011849046
16631,0.96039087
16634,0.0054762363
16635,0.9897996
16636,0.0050730705
16638,0.010641813
16640,0.008705556
16644,0.013268173
16646,0.01872772
16647,0.54104125
16648,0.0074918866
16649,0.9619395
16652,0.003605187
16653,0.048643827
16657,0.010968149
16658,0.0050131083
16660,0.006125629
16662,0.010885239
16665,0.009074926
16666,0.97926486
16668,0.004569292
16670,0.98906773
16671,0.93886805
16672,0.010106266
16673,0.012314558
16674,0.66573644
16675,0.0057966113
16676,0.9594222
16678,0.9669894
16680,0.0068419576
16681,0.9555538
16684,0.95754266
16685,0.05147481
16687,0.0077019334
16688,0.95006615
16689,0.018535435
16691,0.0035927892
16692,0.96240664
16694,0.94842273
16695,0.017207801
16696,0.007666111
16697,0.024036646
16698,0.0072184205
16700,0.9779621
16701,0.9659213
16703,0.02800572
16704,0.0028173923
16705,0.006006062
16707,0.9352557
16708,0.58888596
16709,0.95448387
16710,0.049339533
16711,0.0110400915
16713,0.15488946
16715,0.010519505
16716,0.9442334
16717,0.96550274
16718,0.0046082735
16719,0.008575201
16720,0.0031653047
16721,0.9660788
16722,0.033229887
16723,0.042322993
16724,0.9313428
16725,0.024744213
16726,0.038932085
16727,0.008034468
16728,0.005224824
16733,0.9702944
16734,0.007104695
16735,0.006443441
16740,0.97119504
16744,0.010491252
16746,0.9601611
16747,0.04074657
16748,0.0322268
16749,0.005149305
16750,0.824238
16751,0.040644526
16752,0.019871056
16753,0.016865969
16754,0.01981175
16755,0.68148804
16756,0.9742319
16757,0.006246865
16758,0.97007304
16760,0.9699453
16761,0.006575346
16763,0.009237111
16766,0.97946906
16767,0.0051289797
16768,0.064715385
16769,0.028707325
16771,0.006072402
16772,0.010582745
16773,0.9556794
16775,0.021289706
16776,0.06577176
16777,0.97326326
16779,0.016370595
16780,0.09332019
16781,0.009087443
16782,0.18655849
16783,0.9219542
16784,0.011957169
16786,0.037132025
16787,0.94683135
16788,0.0067162514
16790,0.016154766
16791,0.02395469
16792,0.9632068
16794,0.014985263
16795,0.96849954
16797,0.007099867
16799,0.0062332153
16800,0.017575443
16801,0.056602657
16803,0.9653115
16804,0.008750439
16805,0.006068349
16808,0.008018732
16810,0.014752626
16811,0.011348069
16812,0.005243182
16813,0.028179705
16815,0.0035015345
16816,0.014299929
16817,0.39332432
16818,0.004462242
16820,0.024811566
16821,0.9151043
16822,0.0042063
16823,0.009895265
16824,0.9631811
16825,0.95094174
16826,0.0047439933
16830,0.94167286
16832,0.9623796
16833,0.010079503
16834,0.96779203
16835,0.98778546
16837,0.9889183
16838,0.9629378
16842,0.006244302
16843,0.9888404
16844,0.050388575
16845,0.014330506
16846,0.008144975
16847,0.011723459
16849,0.9597163
16852,0.010970473
16853,0.011949837
16854,0.3239755
16855,0.96946746
16856,0.0036522746
16857,0.007205069
16858,0.00726074
16859,0.030629694
16860,0.97669005
16861,0.0064408183
16867,0.007864952
16868,0.0074998736
16871,0.7799722
16872,0.029342651
16873,0.8590863
16874,0.005901456
16875,0.0077958107
16876,0.9513396
16877,0.004001498
16878,0.984326
16879,0.0038342476
16880,0.0045280457
16881,0.95683914
16883,0.00639081
16885,0.9654575
16886,0.018265307
16888,0.004950106
16889,0.005420327
16890,0.0047130585
16892,0.021653593
16893,0.0042992234
16894,0.015897334
16896,0.9521172
16897,0.0142198205
16899,0.007879019
16900,0.9487869
16901,0.00415653
16902,0.020896673
16903,0.011590838
16904,0.036898077
16905,0.01214546
16908,0.0045009255
16909,0.96512437
16910,0.021663547
16911,0.81589144
16912,0.033460498
16913,0.038396
16914,0.9860165
16916,0.1503638
16917,0.96666145
16918,0.006384611
16919,0.034962833
16920,0.031379044
16922,0.97477305
16923,0.96623105
16924,0.9672389
16926,0.011775494
16927,0.0047811866
16928,0.0054190755
16929,0.052137673
16930,0.97557735
16931,0.007314205
16933,0.95157176
16934,0.9735416
16935,0.94954526
16936,0.0067376494
16937,0.9662136
16938,0.9497541
16939,0.9713505
16940,0.012464106
16941,0.9605619
16942,0.9642903
16943,0.010674238
16944,0.3171699
16947,0.9876461
16948,0.21568757
16949,0.23294765
16950,0.004024327
16953,0.0036115646
16954,0.73738396
16956,0.120474875
16958,0.97725403
16959,0.007271409
16960,0.9719343
16962,0.07689172
16964,0.96616995
16966,0.034109533
16967,0.009048581
16971,0.003991723
16972,0.95610577
16973,0.005868137
16974,0.335702
16975,0.15647382
16976,0.95532966
16979,0.004956484
16980,0.43797743
16983,0.9649808
16984,0.9646665
16986,0.040973485
16987,0.966204
16988,0.008668661
16989,0.00581944
16990,0.012478828
16992,0.95987314
16994,0.9338962
16997,0.96679944
16999,0.8775708
17000,0.045888662
17001,0.95861256
17002,0.035422444
17003,0.0043154955
17004,0.011438251
17007,0.9828403
17011,0.0074223876
17012,0.96479344
17015,0.97090536
17017,0.95908856
17018,0.9825561
17019,0.00713712
17023,0.98476774
17024,0.0075758696
17025,0.009530306
17026,0.3292715
17027,0.39642346
17028,0.96840554
17029,0.00635767
17030,0.08276975
17031,0.9505485
17032,0.0077117085
17033,0.0064120293
17036,0.97134316
17037,0.9517668
17038,0.96302134
17039,0.007377982
17040,0.012536645
17041,0.15506482
17042,0.008574009
17043,0.013424933
17045,0.977654
17048,0.97121644
17051,0.029858828
17053,0.008079648
17054,0.0038077831
17055,0.9275727
17057,0.98953754
17058,0.0069107413
17059,0.0072478056
17060,0.9543142
17061,0.04415232
17062,0.02584958
17063,0.9581634
17065,0.004374802
17067,0.09742302
17068,0.010304689
17069,0.032601416
17070,0.0070842505
17071,0.92482
17073,0.01639539
17074,0.006129384
17075,0.0050329566
17076,0.011480868
17079,0.0038992167
17080,0.96529967
17081,0.8088565
17083,0.9006527
17085,0.0032929778
17086,0.00649637
17087,0.01368475
17089,0.04569143
17092,0.9673439
17093,0.9627469
17096,0.30982828
17097,0.9715036
17098,0.0037732124
17136,0.9878166
17137,0.009648502
17138,0.013361931
17139,0.0037793517
17142,0.011581838
17144,0.60273147
17145,0.01862526
17146,0.005436361
17149,0.9548795
17151,0.9769756
17152,0.008218169
17154,0.9558891
17155,0.75161165
17156,0.9691344
17157,0.9807961
17159,0.008102775
17161,0.9572927
17162,0.95946866
17163,0.968481
17164,0.9572064
17165,0.03924638
17166,0.0078021884
17167,0.015042663
17168,0.9616884
17169,0.9541499
17170,0.9578718
17171,0.018738627
17172,0.008151174
17174,0.6578734
17175,0.9549719
17176,0.97133946
17177,0.9008083
17178,0.9643548
17179,0.008706629
17180,0.983651
17182,0.017543674
17183,0.09375048
17184,0.9726322
17185,0.9719329
17186,0.9715876
17190,0.17587239
17192,0.8180947
17193,0.9625564
17195,0.93766177
17196,0.9589442
17197,0.0089277625
17198,0.038387656
17199,0.010639787
17200,0.0038897395
17202,0.9423015
17203,0.007003844
17207,0.03239757
17208,0.052181304
17209,0.9628203
17212,0.9871921
17214,0.07299411
17215,0.97094417
17216,0.029990613
17217,0.013214409
17218,0.9711153
17219,0.97868174
17220,0.017790198
17221,0.011024475
17223,0.96486545
17224,0.9581318
17225,0.059223235
17226,0.049873292
17229,0.14502543
17230,0.016479135
17231,0.9584411
17232,0.09995359
17233,0.97118604
17235,0.013707995
17236,0.0059416294
17237,0.9838625
17238,0.9888287
17240,0.9598841
17243,0.9762632
17244,0.9663417
17245,0.9778534
17246,0.0033762455
17248,0.20709324
17249,0.0060063004
17250,0.06719148
17251,0.09569794
17252,0.114862144
17253,0.95432776
17254,0.94691503
17255,0.028101325
17256,0.042309225
17257,0.94948244
17258,0.98869294
17259,0.9582344
17262,0.02937311
17264,0.0053440332
17265,0.97732234
17266,0.9816549
17267,0.03055352
17268,0.96792424
17269,0.9698193
17272,0.066848874
17273,0.0078005195
17274,0.055630147
17275,0.9647461
17276,0.013888836
17277,0.96448207
17278,0.9547985
17281,0.94739676
17282,0.95786667
17283,0.006551683
17285,0.0072053075
17287,0.94960064
17289,0.9707053
17291,0.902343
17295,0.97020626
17297,0.018949032
17299,0.4980402
17301,0.97265106
17303,0.017180085
17304,0.9675764
17305,0.96613437
17307,0.15693033
17310,0.95762676
17311,0.037898064
17315,0.97751975
17316,0.1513173
17318,0.004199207
17319,0.97339267
17320,0.003741026
17322,0.9531899
17323,0.08489221
17324,0.11375344
17325,0.9663107
17326,0.013989687
17327,0.36903125
17328,0.9349933
17330,0.408018
17331,0.031209946
17332,0.9656999
17333,0.0058792233
17336,0.97316897
17337,0.027525127
17339,0.9726397
17341,0.79484475
17342,0.9613942
17343,0.98484546
17344,0.9636143
17345,0.0247854
17347,0.9634804
17348,0.007361889
17349,0.006633699
17355,0.9734408
17356,0.019793272
17358,0.96294206
17359,0.008425653
17360,0.9754188
17362,0.86715996
17364,0.009242475
17365,0.97535855
17366,0.009035826
17367,0.009534955
17368,0.026183069
17369,0.011097908
17370,0.9550088
17372,0.9860159
17374,0.96926385
17376,0.0039720535
17377,0.8820308
17380,0.015143335
17381,0.006865144
17382,0.008900702
17384,0.92637134
17385,0.0076841116
17388,0.035484195
17389,0.030615091
17390,0.94126856
17391,0.46724355
17392,0.016466975
17394,0.03120017
17396,0.97375697
17399,0.88564783
17400,0.026173592
17402,0.95922303
17403,0.9710782
17405,0.96263295
17408,0.017095864
17409,0.01811546
17411,0.0036702752
17413,0.009450138
17414,0.9702006
17415,0.9631075
17417,0.069146514
17418,0.018545449
17419,0.97591126
17420,0.97158974
17421,0.05933827
17424,0.9545624
17425,0.0044549704
17428,0.9686209
17429,0.96631014
17432,0.16391903
17433,0.9597903
17434,0.01278162
17436,0.95675516
17437,0.96465546
17439,0.9729959
17440,0.9352873
17443,0.94984823
17444,0.65761733
17445,0.018498719
17446,0.00799036
17447,0.18003446
17449,0.02657938
17451,0.95739627
17452,0.89342916
17453,0.022022247
17454,0.9570779
17455,0.073393464
17456,0.0043802857
17457,0.34749377
17458,0.7489298
17459,0.9549505
17460,0.024962664
17462,0.97374415
17463,0.98007554
17465,0.016528606
17466,0.95816404
17470,0.97028005
17472,0.022731364
17473,0.03703332
17474,0.82505447
17475,0.24373937
17477,0.021166503
17478,0.96044147
17479,0.016088963
17480,0.028187692
17481,0.29231918
17482,0.962508
17483,0.0060377717
17484,0.961077
17485,0.51653075
17486,0.9576238
17488,0.0067554116
17489,0.30350524
17490,0.9633683
17491,0.9657226
17493,0.95193744
17496,0.008094907
17497,0.97368973
17498,0.9910418
17499,0.9761595
17500,0.12801635
17501,0.9816034
17502,0.96335214
17503,0.9672275
17504,0.81543756
17505,0.9731947
17506,0.0045078993
17507,0.96014434
17508,0.049834013
17510,0.014553189
17511,0.90074706
17512,0.0129644275
17514,0.9850404
17515,0.9546232
17516,0.010397494
17517,0.5703211
17519,0.9721794
17521,0.791023
17523,0.017276227
17524,0.9699314
17526,0.97305715
17528,0.0100646615
17530,0.49301493
17532,0.045814335
17534,0.97718376
17535,0.008501232
17536,0.975847
17538,0.015962958
17539,0.033070207
17541,0.006128192
17543,0.97381335
17544,0.97375906
17547,0.9688135
17549,0.04392934
17550,0.014855504
17551,0.94871414
17552,0.98943514
17557,0.09073478
17558,0.31221414
17559,0.008371949
17560,0.01817602
17561,0.9574196
17562,0.9617954
17565,0.17640853
17566,0.963913
17567,0.98834634
17569,0.96869624
17571,0.009024322
17572,0.9600562
17573,0.8032039
17574,0.025469124
17575,0.033443093
17577,0.004437804
17578,0.56677306
17579,0.005170524
17580,0.02107191
17582,0.019616961
17583,0.0115273595
17584,0.031028092
17586,0.959542
17587,0.038975954
17589,0.97889555
17590,0.030311525
17591,0.9699052
17593,0.06835687
17594,0.0058891177
17595,0.028946936
17599,0.10040712
17601,0.9894164
17602,0.007432103
17603,0.96016467
17604,0.028498232
17607,0.034252346
17608,0.5185964
17609,0.9811788
17611,0.9701558
17612,0.0049088
17613,0.9647825
17614,0.012102187
17616,0.97034025
17617,0.041140735
17618,0.9152904
17619,0.0042256713
17620,0.95795447
17622,0.28114367
17623,0.9416625
17624,0.018513024
17625,0.97652847
17626,0.97378284
17627,0.04603523
17628,0.01264286
17631,0.9734851
17632,0.9699387
17633,0.0077679157
17634,0.98859864
17635,0.98016554
17636,0.9447146
17638,0.96524656
17639,0.9905056
17640,0.0139583945
17643,0.9733807
17644,0.032358587
17645,0.9322837
17648,0.008127153
17649,0.01636058
17650,0.9547523
17651,0.9662819
17652,0.9870287
17653,0.9730466
17654,0.8247601
17655,0.014412522
17656,0.008461833
17657,0.018471956
17658,0.9755628
17659,0.966309
17660,0.0033510327
17661,0.96044195
17663,0.028229892
17665,0.0068436265
17666,0.98863095
17668,0.95561635
17670,0.19824845
17671,0.944711
17673,0.0054124594
17675,0.017141163
17676,0.96736926
17677,0.009955764
17679,0.0068974495
17680,0.0062386394
17681,0.020799816
17682,0.0070886016
17683,0.028104365
17685,0.011003852
17686,0.957269
17687,0.024319291
17695,0.9718816
17696,0.006712973
17697,0.010678649
17698,0.045030057
17699,0.9706122
17705,0.032003403
17706,0.0064066052
17707,0.015206695
17712,0.909415
17713,0.94584626
17714,0.0040428042
17715,0.015679836
17716,0.9631127
17718,0.0115031
17719,0.96758497
17723,0.017802954
17724,0.97108537
17725,0.119393885
17728,0.024929702
17729,0.973462
17730,0.8590438
17731,0.96591294
17733,0.93705463
17737,0.95396644
17740,0.047486424
17741,0.9651599
17747,0.23115909
17749,0.98891014
17750,0.98988414
17751,0.95934016
17752,0.25251782
17753,0.0144510865
17755,0.04771489
17756,0.014842153
17758,0.013901949
17761,0.9641025
17766,0.060124457
17767,0.056661546
17768,0.013840377
17771,0.97038245
17776,0.9578905
17777,0.9658357
17778,0.9671617
17782,0.9620468
17783,0.029800951
17785,0.017327547
17786,0.0068973303
17787,0.9542901
17788,0.9707938
17789,0.97275245
17790,0.010437071
17791,0.95560175
17793,0.971325
17794,0.96813846
17795,0.009088039
17796,0.0075041056
17797,0.022843182
17799,0.0063874125
17800,0.006154835
17802,0.049913824
17803,0.007953405
17804,0.72210467
17805,0.963307
17806,0.104680896
17816,0.017527103
17817,0.0060497522
17818,0.036838293
17819,0.9593734
17821,0.045864105
17822,0.9615364
17827,0.33108574
17831,0.13813323
17832,0.011599302
17835,0.9671826
17836,0.9633448
17839,0.9674692
17840,0.9650971
17843,0.009427726
17844,0.019937456
17845,0.036221027
17846,0.013426006
17850,0.062165797
17851,0.97467273
17852,0.98800737
17854,0.9602459
17857,0.0111095905
17858,0.01284188
17860,0.9568319
17861,0.043430686
17862,0.9566889
17869,0.05376202
17870,0.7836275
17871,0.9549991
17872,0.88294226
17874,0.02274561
17875,0.98684573
17876,0.9566936
17878,0.98742384
17880,0.9526946
17881,0.9867026
17882,0.0114709735
17883,0.94061327
17884,0.016652286
17889,0.21313536
17893,0.009960115
17895,0.95855963
17896,0.9505969
17898,0.9577043
17899,0.009850264
17901,0.027811944
17902,0.96897966
17903,0.4461456
17904,0.011414111
17905,0.98905855
17907,0.96619844
17909,0.020961225
17912,0.9775228
17913,0.96814924
17914,0.018221974
17915,0.92430145
17916,0.98508596
17919,0.9644724
17921,0.05859208
17925,0.010083735
17926,0.94861335
17928,0.9692162
17929,0.95691794
17930,0.027130187
17934,0.83268595
17935,0.9860382
17936,0.9893843
17938,0.005237043
17939,0.9605376
17940,0.95324904
17942,0.9611285
17943,0.9082989
17945,0.97181004
17948,0.0058909655
17950,0.010478735
17951,0.9307244
17952,0.0108780265
17953,0.96748185
17955,0.029919744
17956,0.015732348
17957,0.97081137
17959,0.966746
17963,0.0072544217
17965,0.98049146
17966,0.9779007
17967,0.98398036
17969,0.9795853
17970,0.96832085
17971,0.01132381
17973,0.035667717
17975,0.6382954
17976,0.98884565
17977,0.9702116
17979,0.045229733
17981,0.0069559216
17982,0.90478754
17984,0.9690393
17986,0.013408005
17992,0.3083865
17993,0.9455958
17994,0.04702121
17997,0.026159465
17998,0.2211482
17999,0.95562327
18000,0.009337485
18002,0.0055153966
18005,0.06331992
18006,0.86890644
18007,0.9506496
18009,0.035556257
18012,0.013031065
18013,0.01259464
18015,0.0064373016
18016,0.14362252
18019,0.011731625
18020,0.18607396
18021,0.039723337
18022,0.98582786
18024,0.92766064
18025,0.22077131
18026,0.6933949
18027,0.9883044
18028,0.08653617
18029,0.014898181
18031,0.004697442
18033,0.15041745
18036,0.013006687
18037,0.019714355
18041,0.01059711
18042,0.9589329
18043,0.94973165
18046,0.004014075
18047,0.9658462
18050,0.9491397
18051,0.98417616
18053,0.87819016
18054,0.024953604
18055,0.005127251
18056,0.047147572
18057,0.98819417
18058,0.008188605
18059,0.003992617
18060,0.022077084
18061,0.009044707
18062,0.01788199
18063,0.006009698
18065,0.0039258003
18066,0.01898998
18067,0.96066743
18068,0.0032631755
18069,0.022028208
18070,0.005204141
18072,0.0034881234
18073,0.99234927
18074,0.38265157
18075,0.010578871
18076,0.0035234094
18077,0.004334986
18078,0.937702
18079,0.003959894
18080,0.9761606
18081,0.0039018393
18082,0.008022606
18083,0.20115101
18087,0.02127999
18088,0.9613718
18090,0.012425721
18091,0.006631911
18092,0.0063934326
18093,0.3815652
18094,0.0043725967
18098,0.025301754
18100,0.9618437
18101,0.006799996
18102,0.9646649
18106,0.95730627
18107,0.87603474
18108,0.022731721
18109,0.0043631196
18110,0.02386707
18111,0.7623353
18113,0.9824412
18116,0.005770445
18118,0.007127166
18119,0.9661005
18121,0.023403108
18122,0.9609495
18123,0.9580823
18124,0.0036967993
18125,0.9678731
18126,0.028877914
18129,0.8709259
18130,0.9447681
18131,0.010288119
18132,0.029577136
18133,0.011000335
18134,0.9676963
18135,0.14983487
18136,0.95658475
18137,0.0052244663
18138,0.0091100335
18139,0.006808579
18140,0.9178676
18142,0.009582877
18143,0.022574604
18146,0.96146005
18147,0.012353063
18151,0.013449788
18152,0.9638517
18153,0.96204615
18154,0.011099219
18155,0.003503263
18157,0.0061575174
18159,0.96441454
18162,0.9634571
18163,0.007241726
18164,0.9435275
18167,0.0042241216
18169,0.015126944
18170,0.9815033
18171,0.83010733
18172,0.9615354
18173,0.005905211
18175,0.9512633
18177,0.9572164
18178,0.0058353543
18179,0.0067480206
18180,0.015048325
18181,0.0038363934
18182,0.022270203
18188,0.0030093193
18190,0.153472
18191,0.9687144
18192,0.96885437
18194,0.021378994
18195,0.008367598
18198,0.027514875
18200,0.0068290234
18202,0.007548392
18203,0.97104496
18204,0.97014534
18206,0.005430937
18207,0.027346551
18208,0.0094028115
18209,0.9466358
18210,0.05822295
18211,0.007263422
18212,0.026699781
18213,0.9717669
18214,0.006504059
18215,0.010451555
18217,0.008650422
18220,0.07439381
18221,0.63614553
18222,0.05235517
18223,0.9626649
18225,0.9689362
18226,0.9754751
18227,0.8445573
18229,0.011546195
18231,0.9386426
18233,0.79764175
18234,0.0075942874
18235,0.9573674
18236,0.04504949
18238,0.96065676
18240,0.0063485503
18241,0.0940398
18244,0.03374976
18245,0.9598834
18246,0.017344594
18248,0.9621435
18249,0.9546345
18250,0.022423446
18251,0.97072124
18252,0.020106018
18253,0.0038294196
18254,0.13329625
18255,0.95853305
18262,0.049230933
18263,0.096408546
18264,0.9510527
18265,0.031339705
18266,0.961639
18268,0.9415292
18270,0.9898754
18273,0.014702737
18275,0.9626386
18276,0.007124305
18277,0.9899108
18279,0.04556352
18280,0.09524244
18281,0.6571815
18282,0.36674315
18283,0.96778023
18284,0.9619888
18285,0.23254842
18286,0.009284854
18288,0.9461345
18289,0.012467921
18290,0.11245757
18291,0.9326323
18294,0.64360356
18295,0.866495
18296,0.01309973
18297,0.9519759
18298,0.06891781
18301,0.9660399
18302,0.014425516
18303,0.014679253
18304,0.94814086
18305,0.015117824
18307,0.033820093
18308,0.0073911548
18313,0.9691808
18314,0.9503395
18315,0.86395425
18316,0.029427111
18317,0.9702723
18318,0.019964814
18319,0.029003143
18320,0.9699349
18324,0.9601212
18325,0.008841336
18328,0.025489151
18331,0.041832805
18333,0.96288013
18334,0.9568147
18335,0.024508417
18337,0.95945466
18338,0.051136494
18339,0.021038353
18340,0.050364852
18341,0.9110571
18343,0.010322213
18345,0.05371976
18347,0.44896013
18348,0.01322031
18349,0.007368684
18350,0.9886375
18351,0.32145232
18353,0.052099884
18355,0.25677186
18356,0.081032455
18357,0.011611521
18358,0.01767999
18359,0.122175455
18360,0.09502715
18362,0.963583
18363,0.046117663
18364,0.96986216
18365,0.9759387
18369,0.9740255
18371,0.06303388
18372,0.97068655
18373,0.016818106
18374,0.021864653
18376,0.9628278
18377,0.9601219
18380,0.010922551
18381,0.10716909
18382,0.9828487
18385,0.016320884
18386,0.33000726
18387,0.006821871
18388,0.039506555
18391,0.96186924
18392,0.05720365
18393,0.040051937
18394,0.9559412
18395,0.0072977543
18396,0.83297473
18398,0.047659636
18399,0.04410541
18400,0.962327
18401,0.012007892
18402,0.04932469
18403,0.9640255
18404,0.24720073
18405,0.043141067
18406,0.79687047
18407,0.0040359497
18408,0.010547876
18409,0.5881326
18410,0.9562016
18411,0.036842346
18412,0.89683247
18414,0.991745
18416,0.023205698
18418,0.952145
18419,0.035837054
18420,0.239703
18421,0.036860585
18422,0.016243458
18423,0.0077235103
18425,0.9873304
18426,0.95176035
18428,0.9650959
18429,0.010833025
18430,0.9722122
18432,0.013412893
18434,0.29239017
18435,0.96204376
18436,0.95019156
18438,0.06693995
18439,0.96456283
18440,0.2312175
18442,0.9584026
18443,0.025875151
18444,0.8070509
18446,0.9552556
18447,0.005284488
18449,0.9373093
18451,0.01041013
18454,0.8183959
18457,0.9694853
18458,0.013850331
18459,0.96666723
18460,0.02060014
18461,0.011288762
18463,0.9070024
18464,0.021168768
18467,0.019978344
18468,0.009584904
18469,0.0056738257
18470,0.9877787
18471,0.9562863
18472,0.11139351
18473,0.0037910938
18474,0.023350239
18475,0.010418534
18476,0.9537459
18477,0.0061683655
18480,0.009801507
18481,0.96629226
18482,0.9633487
18484,0.0051757097
18486,0.9319312
18487,0.005637169
18488,0.76382625
18489,0.94470996
18491,0.3756765
18492,0.031449378
18493,0.964208
18496,0.017209888
18497,0.4811235
18498,0.9622897
18506,0.013136864
18508,0.008277237
18510,0.94497764
18511,0.8068406
18512,0.18414146
18514,0.9865187
18515,0.00881964
18516,0.0053820014
18518,0.9485613
18519,0.9751539
18521,0.037894428
18523,0.16031647
18524,0.016971588
18525,0.9587605
18526,0.9521505
18528,0.01335299
18530,0.9384899
18531,0.9541622
18532,0.01184243
18534,0.022025585
18535,0.019288957
18536,0.08489382
18539,0.015261173
18541,0.011925638
18542,0.989175
18543,0.00915885
18544,0.96086675
18545,0.084569156
18546,0.95645773
18547,0.95007485
18549,0.036531746
18550,0.012468755
18551,0.9666838
18552,0.005609095
18554,0.8643376
18555,0.017701507
18557,0.95963013
18558,0.9502321
18559,0.9634625
18560,0.041085422
18562,0.01460588
18563,0.043049634
18567,0.019496083
18568,0.96118945
18569,0.008784652
18570,0.960713
18571,0.021534383
18572,0.61260664
18573,0.09961671
18575,0.017436564
18577,0.01417309
18580,0.93733853
18582,0.95378685
18583,0.07380247
18584,0.9638023
18585,0.9670737
18586,0.9343633
18587,0.0068740845
18588,0.6351982
18590,0.042202055
18591,0.02979511
18592,0.964766
18594,0.0048746467
18595,0.005613208
18596,0.0065686107
18597,0.95528924
18599,0.0077343583
18600,0.007907212
18602,0.95412755
18603,0.006288886
18605,0.014455497
18609,0.97136915
18610,0.9639353
18612,0.0052462816
18613,0.9727318
18614,0.24699342
18615,0.0060091615
18616,0.95404065
18617,0.004200995
18619,0.0034745336
18620,0.9738581
18621,0.16490173
18622,0.95356023
18623,0.9476523
18624,0.9832276
18626,0.0041042566
18629,0.013592124
18631,0.029244244
18632,0.0072505474
18633,0.010376036
18635,0.9623175
18636,0.008017004
18637,0.96974874
18639,0.93734825
18641,0.95861816
18642,0.023325324
18644,0.011576951
18645,0.9286264
18646,0.9396354
18647,0.025470018
18649,0.9612149
18651,0.0037407875
18652,0.9832901
18655,0.9683439
18657,0.011244476
18660,0.90737885
18661,0.96238595
18662,0.97732383
18664,0.004125178
18665,0.005132675
18666,0.13151103
18668,0.9633315
18669,0.93769485
18670,0.010806084
18671,0.02620387
18672,0.9674732
18673,0.006240189
18676,0.029590487
18677,0.021161139
18680,0.0064511895
18681,0.93577814
18682,0.009831905
18683,0.007177651
18685,0.95501137
18686,0.14359182
18688,0.78356826
18689,0.97941196
18691,0.0046572685
18692,0.031100154
18693,0.2577055
18694,0.94993424
18695,0.020189524
18696,0.006317973
18697,0.00428015
18700,0.97543
18702,0.041012824
18703,0.15438324
18704,0.96946603
18705,0.030695438
18706,0.96227694
18709,0.9491115
18711,0.5907779
18712,0.017214358
18713,0.0056326985
18714,0.005087495
18716,0.98721856
18717,0.022554398
18718,0.07306808
18719,0.0074753165
18721,0.47889405
18724,0.03155285
18725,0.9685086
18726,0.10456252
18727,0.08569795
18728,0.26449835
18730,0.016831756
18731,0.057686865
18732,0.005300522
18733,0.008999407
18735,0.22069651
18737,0.46333897
18738,0.9796428
18739,0.24003309
18740,0.012786388
18741,0.9613491
18742,0.9144306
18743,0.053046763
18744,0.9780355
18746,0.9843274
18748,0.039608896
18749,0.009148061
18750,0.024403393
18751,0.97402555
18753,0.00554651
18755,0.008049607
18756,0.95310324
18757,0.5391227
18758,0.09179413
18759,0.9646726
18760,0.9596813
18761,0.032152176
18763,0.13948846
18764,0.0056655407
18765,0.012678206
18767,0.9554601
18768,0.96732837
18771,0.038555503
18773,0.9630799
18776,0.957565
18777,0.008049488
18778,0.96213317
18779,0.006185174
18780,0.00901413
18781,0.012818873
18782,0.9805438
18784,0.9625695
18785,0.9732632
18786,0.026956618
18787,0.9772622
18788,0.013178647
18789,0.015611291
18791,0.010237515
18792,0.007207155
18793,0.9843733
18794,0.050744057
18795,0.010534883
18796,0.98853695
18797,0.020265102
18798,0.0106752515
18799,0.0036609173
18800,0.62232625
18802,0.07825446
18803,0.006009817
18804,0.0073229074
18805,0.9520712
18806,0.012688279
18807,0.062705755
18808,0.0167076
18811,0.030317843
18812,0.942016
18813,0.007221639
18814,0.0041941404
18815,0.008046806
18817,0.005633652
18820,0.004273057
18821,0.95579803
18823,0.96502745
18824,0.04907024
18825,0.90822124
18826,0.04048884
18827,0.015639007
18828,0.1665796
18830,0.0129801035
18832,0.016338646
18834,0.0070165396
18835,0.017914593
18837,0.011153281
18838,0.005970001
18841,0.0032761693
18842,0.018430233
18844,0.96230733
18845,0.9359618
18846,0.0095357895
18850,0.009718537
18851,0.9779564
18852,0.11154556
18855,0.010302603
18856,0.96803457
18858,0.013809085
18860,0.0071631074
18861,0.010966539
18863,0.9273647
18865,0.97335297
18866,0.96748435
18867,0.9744767
18868,0.5687294
18869,0.91744155
18870,0.011504412
18872,0.030042768
18873,0.45643175
18874,0.011722386
18875,0.012423158
18876,0.9876047
18877,0.008128107
18878,0.025675535
18881,0.0913412
18883,0.95391583
18884,0.95473504
18885,0.028116882
18886,0.007316649
18887,0.012010276
18888,0.020356238
18889,0.682791
18890,0.9546003
18893,0.044564307
18894,0.01376152
18895,0.007959187
18896,0.97623634
18897,0.036738753
18899,0.9584051
18900,0.5577461
18901,0.97127825
18906,0.057905316
18907,0.9615672
18908,0.97799027
18909,0.9490678
18910,0.008802354
18911,0.0046650767
18912,0.02044779
18913,0.0045973063
18914,0.011842191
18915,0.16113567
18916,0.045993388
18917,0.0050860643
18918,0.9630057
18919,0.0048599243
18920,0.023292005
18921,0.9575943
18922,0.04534042
18923,0.0056892633
18924,0.017728984
18925,0.013763189
18927,0.0038152337
18928,0.95424485
18930,0.0036190152
18931,0.96767294
18932,0.033619046
18935,0.95513797
18936,0.95846117
18938,0.8008479
18939,0.9693985
18941,0.0074670315
18942,0.008930802
18944,0.009844542
18945,0.940797
18946,0.9148431
18947,0.98538697
18949,0.9602266
18950,0.008968234
18953,0.019280255
18955,0.9626554
18957,0.9588614
18960,0.021784842
18961,0.9743935
18962,0.9620449
18963,0.05098903
18965,0.016940951
18966,0.019229114
18967,0.0054383874
18968,0.005978167
18969,0.013890326
18971,0.017025411
18972,0.008536518
18973,0.025112212
18975,0.0068611503
18977,0.9630352
18978,0.009209275
18979,0.97620964
18980,0.9800595
18982,0.015732229
18984,0.0962891
18985,0.9689738
18987,0.9738924
18988,0.049410105
18989,0.95917445
18990,0.012889862
18991,0.9630721
18992,0.991785
18995,0.017361164
18996,0.008723974
18997,0.012221158
18999,0.044399202
19000,0.24212319
19002,0.021850407
19003,0.18941611
19004,0.9900179
19005,0.9659808
19007,0.9416772
19008,0.9588246
19009,0.43093067
19011,0.013930559
19012,0.97484636
19013,0.9543921
19015,0.010086179
19016,0.008477569
19017,0.009716988
19018,0.0034281015
19019,0.7788961
19020,0.029459238
19022,0.02172184
19023,0.011256218
19024,0.00715065
19025,0.0055473447
19026,0.5057955
19028,0.012169778
19029,0.003160715
19030,0.0034704804
19032,0.9849396
19035,0.006599307
19036,0.0031567812
19037,0.007756293
19038,0.9633713
19039,0.9490533
19041,0.16536951
19042,0.945771
19043,0.007901788
19045,0.9513656
19046,0.038353264
19047,0.045184076
19048,0.018773675
19049,0.97685975
19052,0.8819763
19054,0.003989339
19056,0.96810013
19057,0.017561972
19058,0.98271674
19059,0.96487296
19060,0.017656088
19061,0.0057023168
19063,0.9475104
19064,0.9680508
19065,0.009476125
19066,0.008018434
19071,0.00785476
19073,0.9677439
19074,0.0046983957
19075,0.008190095
19076,0.9722158
19080,0.95865285
19081,0.010045171
19083,0.984057
19086,0.9729693
19087,0.015716553
19088,0.22323042
19089,0.008686364
19090,0.010542572
19091,0.0041539073
19092,0.97962224
19094,0.010958612
19096,0.9710461
19097,0.013153732
19098,0.021677256
19102,0.9857461
19105,0.0044992566
19106,0.01247561
19108,0.9730813
19110,0.076949835
19112,0.015221775
19113,0.044920444
19114,0.08516997
19115,0.013268709
19116,0.009089172
19117,0.938626
19118,0.95661783
19120,0.9807231
19121,0.047005534
19122,0.060369015
19123,0.009652734
19124,0.017625034
19126,0.02352339
19127,0.021784723
19128,0.022594392
19129,0.02144897
19130,0.007582307
19131,0.9847475
19132,0.0045832396
19135,0.0068718195
19137,0.015416384
19138,0.9868973
19139,0.017020524
19140,0.005143523
19141,0.03997928
19143,0.98831457
19146,0.004772663
19148,0.039140522
19149,0.012754202
19150,0.985237
19152,0.95509565
19153,0.017266631
19154,0.00903219
19155,0.9661297
19156,0.9677602
19157,0.016031265
19158,0.97185576
19161,0.0052769184
19162,0.91021144
19163,0.033714533
19164,0.9574367
19165,0.0056129694
19169,0.97495717
19170,0.027793288
19171,0.013866365
19172,0.9638385
19176,0.007712722
19177,0.012594283
19178,0.9704133
19179,0.95508564
19180,0.01779753
19181,0.06868166
19183,0.003809929
19184,0.023580432
19185,0.9273614
19186,0.9578273
19188,0.0071728826
19189,0.0219298
19190,0.011867702
19192,0.96632135
19193,0.005431533
19194,0.95361245
19195,0.01247561
19196,0.05979812
19197,0.97627467
19198,0.009509206
19200,0.013452768
19203,0.95349747
19205,0.9727364
19206,0.60549986
19207,0.0104522705
19208,0.4771654
19209,0.013190389
19210,0.9600615
19211,0.021190703
19212,0.0094204545
19214,0.96769905
19215,0.96217084
19216,0.9561864
19218,0.17854661
19222,0.006595671
19223,0.0117805
19225,0.013037801
19226,0.008661985
19227,0.031894922
19229,0.01742351
19230,0.010771036
19233,0.0051677227
19234,0.9802197
19235,0.016001463
19237,0.0044515133
19239,0.9705193
19240,0.05181551
19241,0.0063260794
19242,0.0073803067
19244,0.97610235
19250,0.022899866
19251,0.9600657
19252,0.011079371
19255,0.021198273
19256,0.9890555
19257,0.06362563
19261,0.97029376
19262,0.8983422
19263,0.030994952
19264,0.9517709
19266,0.12908709
19267,0.071412265
19268,0.009875298
19269,0.015810668
19270,0.017860591
19271,0.96258754
19273,0.08706921
19275,0.03215307
19276,0.9627463
19277,0.013219416
19280,0.96167547
19282,0.96083426
19284,0.9825474
19286,0.0070635676
19287,0.03613144
19288,0.91736007
19289,0.9820195
19291,0.02610451
19293,0.008729577
19294,0.91321677
19295,0.95567197
19297,0.9660931
19298,0.8956386
19299,0.0058484674
19301,0.018877625
19302,0.007183075
19305,0.056129336
19307,0.9576399
19308,0.011449635
19309,0.96290576
19310,0.044404387
19312,0.0067186356
19313,0.966732
19315,0.9837207
19316,0.9459329
19317,0.006504953
19319,0.907066
19320,0.019963443
19321,0.013354063
19322,0.9559358
19323,0.014810026
19324,0.96572953
19325,0.99178463
19326,0.004726112
19328,0.016721785
19329,0.9691744
19333,0.489828
19334,0.0271039
19337,0.02939862
19338,0.01524812
19342,0.05138874
19344,0.021403313
19345,0.6136501
19346,0.0132139325
19347,0.023695886
19349,0.93347645
19350,0.028895915
19351,0.0140090585
19352,0.96627945
19353,0.04988867
19355,0.012119472
19356,0.9719776
19357,0.6231711
19358,0.005807221
19362,0.9294842
19363,0.036525965
19365,0.036571443
19367,0.06069523
19368,0.011912942
19369,0.9902899
19370,0.98045075
19372,0.03365743
19373,0.022521377
19375,0.04841566
19377,0.006441653
19379,0.007938385
19381,0.96503574
19383,0.008992374
19384,0.0779565
19386,0.0039222836
19387,0.006911695
19388,0.78584427
19392,0.9668217
19393,0.95901096
19394,0.96287614
19395,0.014759004
19396,0.9585099
19397,0.19113177
19398,0.032411397
19399,0.015385568
19400,0.00658983
19401,0.009165645
19403,0.010028899
19404,0.96046895
19405,0.071614504
19406,0.96182704
19407,0.96551216
19411,0.007964075
19412,0.07063782
19414,0.007708013
19415,0.108340025
19416,0.99059844
19417,0.006847501
19418,0.007341802
19419,0.030742228
19420,0.014097333
19421,0.6541091
19422,0.9640513
19423,0.015711367
19424,0.08995801
19426,0.0060702562
19428,0.035630345
19431,0.007154882
19432,0.976852
19433,0.9772428
19434,0.004676163
19437,0.012974799
19440,0.951784
19442,0.9669649
19444,0.033216774
19447,0.97110325
19448,0.005067289
19450,0.0070177317
19451,0.004375994
19453,0.9670118
19454,0.9734442
19455,0.011125445
19456,0.97398794
19458,0.96652496
19459,0.008461714
19460,0.03218478
19461,0.95483375
19462,0.9881729
19463,0.98927456
19464,0.9682518
19465,0.82557404
19467,0.16060734
19468,0.039019227
19470,0.007144749
19471,0.042627156
19472,0.005731702
19473,0.037432075
19474,0.004093528
19475,0.0034999847
19476,0.011571348
19477,0.017071128
19478,0.0074777007
19479,0.9790964
19480,0.08546382
19481,0.0076639056
19483,0.94357735
19484,0.9715342
19485,0.011403978
19487,0.01468873
19489,0.009814262
19490,0.0046470165
19493,0.011095226
19494,0.96885824
19495,0.0032713413
19496,0.030527174
19497,0.012009203
19498,0.034964442
19499,0.948638
19500,0.0032023787
19501,0.9337436
19502,0.009201407
19503,0.0038625598
19504,0.9699527
19505,0.96204066
19508,0.8856607
19511,0.006150186
19512,0.9749534
19513,0.009879708
19516,0.01068449
19517,0.07596171
19518,0.9787289
19519,0.84334177
19520,0.009341717
19521,0.0152359605
19524,0.97233427
19525,0.96798563
19526,0.018965185
19527,0.9682003
19528,0.021229446
19529,0.8990384
19531,0.96553147
19532,0.018327415
19533,0.014569163
19534,0.060657263
19535,0.016554654
19536,0.98295254
19537,0.014649868
19538,0.025876284
19539,0.0040932894
19542,0.004452586
19543,0.026453614
19545,0.98336524
19547,0.9568103
19551,0.07388717
19552,0.9851346
19553,0.9660749
19554,0.98557913
19556,0.004517436
19558,0.009319246
19561,0.9703289
19562,0.963834
19564,0.9483182
19565,0.01164335
19566,0.010186493
19567,0.9537983
19572,0.9812135
19576,0.00916189
19578,0.057775676
19579,0.9820812
19581,0.020041406
19582,0.8411793
19583,0.9411111
19585,0.960273
19586,0.9699765
19587,0.9607743
19588,0.9709427
19589,0.23547661
19590,0.9810704
19592,0.005176425
19593,0.009913385
19594,0.017737508
19595,0.007281661
19596,0.0069209933
19597,0.033541203
19599,0.028994024
19600,0.9737368
19607,0.9735484
19610,0.0887934
19611,0.010966659
19612,0.0045230985
19615,0.018562675
19616,0.01703757
19617,0.048693657
19618,0.0048403144
19619,0.020805001
19620,0.9673147
19622,0.96412086
19623,0.010056138
19627,0.97215426
19628,0.9598805
19629,0.5222266
19630,0.008722901
19632,0.0045437813
19633,0.50800157
19636,0.96786195
19639,0.9535583
19640,0.023431838
19642,0.97232854
19644,0.023721457
19645,0.004984796
19648,0.771124
19649,0.01735884
19650,0.95657206
19653,0.007335365
19654,0.0095973015
19655,0.9543726
19656,0.9652461
19657,0.041152477
19658,0.59039134
19659,0.048237085
19660,0.016169071
19664,0.34618038
19666,0.0064148307
19667,0.9670784
19668,0.009361148
19669,0.9891827
19670,0.006080389
19672,0.026127875
19673,0.081721246
19674,0.011987209
19675,0.95683366
19677,0.98308724
19679,0.0061128736
19681,0.009742141
19682,0.012848496
19683,0.97377187
19684,0.98103034
19685,0.007961273
19692,0.938276
19693,0.006520033
19694,0.987286
19696,0.015511751
19697,0.96222746
19698,0.11260033
19699,0.967585
19700,0.0050706863
19701,0.964867
19703,0.004751146
19705,0.9843395
19706,0.0052264333
19707,0.8887063
19708,0.124987245
19710,0.006222844
19711,0.005204499
19712,0.97589475
19714,0.12291348
19715,0.02233547
19718,0.9689202
19720,0.97934324
19721,0.2721486
19722,0.9681802
19724,0.0077147484
19726,0.009677589
19728,0.95671093
19730,0.59685874
19731,0.95635414
19732,0.005712807
19733,0.050935447
19734,0.25384223
19735,0.9828809
19737,0.01258266
19738,0.9714426
19739,0.976804
19740,0.36296982
19741,0.9562134
19742,0.9409351
19746,0.9895447
19747,0.95868325
19748,0.035333157
19750,0.9482735
19751,0.021743417
19752,0.005176425
19753,0.44341236
19755,0.89840853
19757,0.0076091886
19758,0.9739288
19759,0.96781915
19760,0.97895986
19761,0.49998355
19762,0.01978147
19763,0.6678354
19764,0.0061011314
19765,0.057944477
19766,0.079511344
19767,0.9872978
19773,0.12942094
19776,0.13382524
19777,0.96023464
19778,0.9637662
19779,0.0103574395
19780,0.9701338
19782,0.9849591
19783,0.010309935
19785,0.024647713
19787,0.95972234
19788,0.9866662
19789,0.9672794
19790,0.9790101
19791,0.004183352
19793,0.9588473
19794,0.052653015
19795,0.0120969415
19796,0.0055660605
19797,0.96369994
19798,0.9547463
19799,0.9707196
19800,0.9749451
19801,0.0049512982
19803,0.023657262
19804,0.98778623
19805,0.96931535
19806,0.964568
19808,0.0033938885
19810,0.9759529
19811,0.5956036
19812,0.97837806
19813,0.0054081082
19814,0.007634461
19816,0.99003285
19818,0.013547242
19822,0.97204447
19823,0.00997299
19824,0.004566014
19825,0.9729064
19826,0.009133458
19828,0.89745724
19829,0.9767136
19832,0.96092045
19833,0.96220684
19834,0.013136387
19835,0.048510075
19837,0.9660054
19838,0.009880304
19839,0.92784965
19840,0.015648186
19841,0.06752008
19845,0.9619629
19846,0.0037497878
19849,0.9645068
19851,0.9645845
19852,0.0047418475
19853,0.9810603
19855,0.26100713
19856,0.0061193705
19859,0.005870223
19863,0.9803424
19864,0.007815301
19865,0.0048432946
19868,0.09707707
19869,0.009272814
19870,0.9661931
19871,0.9680264
19872,0.9758192
19874,0.022969842
19876,0.97667056
19878,0.9637642
19879,0.032050252
19880,0.11961514
19883,0.0066030025
19884,0.007879972
19885,0.98793393
19888,0.90963256
19889,0.9596499
19890,0.084932566
19891,0.34108502
19892,0.97348446
19893,0.095785975
19894,0.96971154
19895,0.8504876
19896,0.008745074
19899,0.021481633
19900,0.0072319508
19901,0.961845
19902,0.96552575
19903,0.96944606
19906,0.9734993
19907,0.007440567
19908,0.0133885145
19909,0.98358864
19910,0.004186332
19911,0.9754203
19912,0.010353625
19913,0.018683791
19916,0.97929996
19917,0.012930155
19919,0.9693342
19920,0.95332617
19921,0.0061392784
19922,0.92719924
19924,0.9700063
19926,0.018817961
19928,0.013659239
19929,0.039717615
19930,0.8805903
19931,0.88455206
19933,0.962019
19934,0.9679651
19935,0.9635986
19936,0.005546987
19937,0.0067675114
19938,0.97492826
19943,0.96917355
19944,0.004051864
19945,0.83996934
19946,0.09461689
19947,0.39382058
19949,0.022601247
19950,0.004999101
19951,0.009604633
19952,0.006776929
19953,0.008629322
19955,0.013370395
19957,0.967788
19958,0.96698284
19959,0.0816831
19960,0.009161055
19961,0.76957816
19962,0.0036338568
19963,0.015501797
19965,0.96994334
19966,0.01197499
19967,0.011564612
19968,0.96669847
19969,0.0062049627
19970,0.9817719
19974,0.98103756
19975,0.01201278
19976,0.9749612
19977,0.971623
19978,0.025917113
19980,0.97388816
19981,0.010850489
19982,0.008394957
19983,0.986274
19984,0.9578106
19985,0.0054779053
19986,0.9779812
19987,0.026998937
19988,0.0072445273
19991,0.17055184
19992,0.017392099
19993,0.9667491
19995,0.030541956
19996,0.5574382
19998,0.037412763
19999,0.96374357
20003,0.96092916
20005,0.03083855
20006,0.009629309
20007,0.0049390197
20009,0.972266
20010,0.02222097
20012,0.9718714
20013,0.0451985
20014,0.9663076
20015,0.038368583
20017,0.0047843456
20019,0.9768918
20020,0.9905427
20021,0.9718775
20022,0.08423859
20023,0.9619903
20024,0.00554806
20025,0.9895559
20026,0.0051447153
20027,0.9663528
20028,0.96544
20030,0.06390315
20032,0.99027526
20033,0.013741493
20035,0.00549829
20040,0.012889862
20042,0.015726447
20043,0.98759913
20044,0.042326927
20045,0.29455578
20047,0.0040696263
20048,0.9791343
20051,0.97778314
20053,0.015782356
20054,0.38858527
20055,0.98272574
20057,0.004648924
20058,0.9513292
20060,0.9662319
20061,0.9684265
20062,0.016077638
20064,0.8569245
20066,0.9749063
20069,0.96580833
20070,0.96670043
20071,0.9196515
20073,0.06741619
20074,0.005891204
20076,0.009675384
20077,0.0045127273
20078,0.016828299
20079,0.96748805
20080,0.97894377
20081,0.90057653
20083,0.070435345
20087,0.8603429
20088,0.036589026
20090,0.97078896
20091,0.008680284
20093,0.072090745
20094,0.98218596
20095,0.011565745
20097,0.9106167
20098,0.016883552
20100,0.96998376
20101,0.009652138
20102,0.9493428
20103,0.012521863
20104,0.059829235
20105,0.008786738
20106,0.96911186
20109,0.121370494
20110,0.007474065
20114,0.009979129
20115,0.020031452
20116,0.8458938
20119,0.008069456
20120,0.9651339
20121,0.012230575
20122,0.007409692
20123,0.98457015
20124,0.027686417
20127,0.97272795
20132,0.96647674
20133,0.010821223
20134,0.0072024465
20135,0.25749046
20136,0.9620369
20137,0.68392414
20138,0.008290231
20139,0.0144331455
20140,0.0065209866
20141,0.0135957
20142,0.013915062
20144,0.0067955256
20146,0.04581672
20147,0.0043315887
20150,0.8073275
20151,0.01081121
20152,0.91691434
20153,0.9813884
20155,0.968952
20156,0.023969889
20158,0.011271834
20159,0.004727304
20160,0.96550936
20161,0.6767551
20163,0.052536607
20164,0.015743554
20166,0.9604252
20167,0.039689302
20168,0.9668015
20169,0.005349338
20171,0.96815014
20174,0.026402771
20176,0.034457505
20177,0.0090397
20179,0.830031
20180,0.0069352984
20181,0.9578161
20182,0.012241662
20185,0.005240619
20186,0.009520352
20191,0.9931854
20192,0.9872688
20195,0.011622608
20196,0.014409304
20197,0.9702599
20199,0.007973611
20200,0.09818357
20201,0.10548353
20204,0.005692303
20205,0.006253004
20207,0.009403706
20210,0.00416255
20211,0.018297136
20212,0.044968367
20215,0.01256299
20216,0.9626155
20217,0.010711551
20219,0.63161945
20220,0.957559
20221,0.022387981
20222,0.037013173
20223,0.96707374
20224,0.0032697916
20226,0.013058007
20227,0.9863184
20229,0.052985907
20231,0.01948589
20232,0.0058134794
20233,0.027065873
20236,0.006695926
20239,0.013460457
20240,0.9557044
20244,0.9884584
20246,0.1939072
20249,0.9870712
20250,0.022550344
20254,0.062838376
20256,0.99020016
20260,0.0029004812
20262,0.0036545396
20263,0.030991137
20270,0.077537656
20271,0.060317576
20272,0.9601448
20276,0.024503767
20277,0.005905688
20280,0.011445105
20283,0.98476183
20284,0.01192075
20285,0.014390051
20287,0.0044079423
20288,0.951524
20291,0.012056768
20292,0.96447754
20293,0.024776638
20294,0.011176825
20296,0.008605659
20297,0.49283826
20299,0.010394692
20302,0.0044517517
20306,0.048400223
20307,0.27716762
20308,0.9874867
20310,0.96891934
20311,0.96710205
20312,0.032290757
20315,0.96437865
20316,0.9688922
20317,0.012105405
20319,0.0036025643
20320,0.013150096
20321,0.90917367
20326,0.0055046678
20328,0.39009708
20335,0.014513373
20336,0.003923118
20337,0.9877004
20339,0.025716722
20340,0.9671094
20341,0.00844419
20342,0.0035732388
20344,0.97231126
20348,0.9656679
20349,0.9769097
20350,0.004438758
20351,0.98681116
20353,0.0049580336
20354,0.00465554
20356,0.008326113
20357,0.010174215
20359,0.017847836
20360,0.8824408
20361,0.009111881
20362,0.014294505
20363,0.9618404
20364,0.9630841
20365,0.13891017
20366,0.9287531
20367,0.07962328
20368,0.00880748
20369,0.98087734
20371,0.95928043
20372,0.0069652796
20373,0.0063267946
20374,0.15885592
20375,0.95540005
20378,0.96485937
20380,0.97477156
20381,0.011367619
20383,0.048260093
20384,0.96714914
20385,0.97495085
20386,0.8716718
20387,0.96325547
20388,0.008398831
20389,0.95490414
20392,0.008070588
20393,0.96601605
20395,0.052809894
20398,0.007191181
20400,0.9543677
20401,0.004941225
20402,0.0039622784
20403,0.44868374
20404,0.08197689
20405,0.95674676
20407,0.0091564655
20411,0.004755318
20413,0.0075843334
20414,0.96160215
20415,0.004377544
20417,0.2495209
20420,0.9447105
20421,0.012264192
20424,0.020029306
20426,0.006822586
20432,0.0064870715
20433,0.008789659
20435,0.0052227974
20437,0.0044083
20439,0.010109305
20440,0.009529352
20441,0.9886284
20447,0.018212557
20449,0.9419358
20450,0.96751934
20451,0.9703831
20452,0.008222938
20453,0.9447317
20454,0.0079885125
20455,0.017194927
20456,0.0103337765
20458,0.9794248
20459,0.08462769
20461,0.010387957
20462,0.010946453
20465,0.047294736
20468,0.95186377
20470,0.01660043
20471,0.0043637156
20472,0.96939236
20476,0.007546127
20477,0.029891372
20484,0.004969716
20488,0.7879684
20489,0.009072304
20493,0.008548796
20494,0.0066268444
20495,0.95841914
20496,0.9734725
20497,0.003927231
20498,0.005545914
20499,0.043137908
20500,0.010849893
20502,0.0033794641
20504,0.99023485
20505,0.7951881
20506,0.9004191
20507,0.015416861
20511,0.9555057
20513,0.98546326
20517,0.00786531
20519,0.0051567554
20522,0.013230324
20523,0.005619228
20524,0.009930551
20525,0.003680706
20526,0.003942609
20527,0.9695654
20537,0.18165457
20538,0.96743745
20539,0.9616248
20540,0.004849553
20542,0.014234424
20544,0.03770107
20545,0.94998324
20546,0.95229965
20549,0.00901705
20550,0.959521
20552,0.011803567
20553,0.97294265
20554,0.24258035
20555,0.38238454
20556,0.01749891
20559,0.9665308
20563,0.0077365637
20564,0.96077555
20570,0.96334344
20571,0.06804168
20573,0.9666059
20574,0.005259335
20575,0.005795181
20576,0.96259075
20577,0.005237162
20578,0.07649112
20580,0.9582779
20581,0.9694028
20587,0.3438363
20588,0.05781293
20589,0.9830703
20590,0.1673876
20591,0.05366361
20592,0.011318564
20594,0.96277344
20595,0.012667358
20596,0.0069839954
20597,0.0066655874
20598,0.004485786
20599,0.046096563
20600,0.88332486
20601,0.9883747
20602,0.0048724413
20603,0.010212421
20604,0.12797731
20606,0.005903125
20612,0.9611699
20616,0.08430117
20617,0.97651654
20619,0.9581887
20620,0.004572034
20621,0.9289234
20622,0.0053496957
20625,0.97161126
20626,0.95620924
20627,0.016492486
20628,0.01303792
20632,0.020146728
20633,0.950501
20637,0.17191714
20640,0.9635339
20641,0.08885467
20643,0.04117316
20646,0.58528244
20650,0.04334712
20651,0.9777039
20652,0.003708005
20654,0.8328332
20655,0.9740196
20656,0.9567071
20657,0.9600981
20658,0.008785605
20663,0.011629105
20665,0.0058377385
20666,0.014535129
20667,0.97823584
20668,0.0052402616
20669,0.14073783
20671,0.9549047
20672,0.0058555007
20674,0.015335023
20676,0.9570857
20677,0.06808227
20679,0.029896319
20680,0.034646094
20682,0.013032973
20683,0.010093629
20684,0.13027942
20687,0.96127725
20689,0.0056833625
20691,0.025942087
20694,0.9622799
20695,0.01159358
20697,0.9596533
20698,0.023964107
20699,0.44572383
20701,0.98150676
20705,0.014822423
20706,0.016030312
20708,0.005446553
20709,0.020795286
20710,0.9724913
20713,0.00328058
20714,0.96589553
20716,0.7348802
20717,0.0059930086
20718,0.0034952164
20719,0.00324291
20721,0.20634186
20725,0.02419287
20729,0.96821207
20730,0.051947415
20731,0.0050600767
20732,0.95643866
20733,0.9653709
20734,0.013273597
20736,0.030179381
20737,0.70936
20739,0.0069952607
20740,0.94789845
20744,0.9677809
20745,0.0053243637
20746,0.9626846
20747,0.018491328
20749,0.008030713
20752,0.00538224
20754,0.047984123
20756,0.0049306154
20757,0.01400125
20758,0.0058963895
20761,0.934892
20762,0.017802298
20763,0.010062933
20764,0.023740768
20765,0.9884849
20771,0.070773184
20772,0.9528864
20773,0.024264693
20774,0.005506754
20775,0.9620433
20778,0.00321424
20780,0.0068286657
20783,0.02575022
20784,0.07760155
20788,0.9036902
20789,0.0068238378
20790,0.9823904
20791,0.958922
20795,0.0077491403
20796,0.9712185
20798,0.005325794
20799,0.95871973
20800,0.9671281
20801,0.0048980713
20803,0.021427214
20804,0.67502177
20805,0.032007456
20806,0.9623777
20807,0.0038704872
20809,0.08621365
20810,0.95041233
20817,0.009543717
20818,0.9747536
20819,0.011488557
20820,0.006981969
20821,0.004816115
20826,0.03950256
20827,0.9514959
20831,0.01589644
20832,0.013888478
20834,0.0084632635
20836,0.014007747
20838,0.9713157
20839,0.75603306
20840,0.010307252
20841,0.007187903
20842,0.0074684024
20843,0.58327925
20844,0.0036805868
20845,0.005039692
20847,0.9684957
20857,0.059591115
20858,0.9895826
20859,0.98686904
20860,0.9790494
20863,0.005971551
20865,0.85710686
20866,0.9705034
20868,0.008986056
20869,0.0034677982
20870,0.98998266
20871,0.9528775
20873,0.31286132
20874,0.014345825
20875,0.9505708
20878,0.0064492226
20879,0.008410633
20881,0.0047014356
20884,0.12398422
20885,0.0108857155
20887,0.0041124225
20888,0.10141134
20889,0.9819083
20894,0.0067937374
20895,0.6419579
20897,0.99290574
20901,0.07237667
20905,0.012771726
20906,0.053123534
20908,0.022362232
20909,0.29532504
20913,0.006394267
20914,0.98907495
20915,0.0058276057
20917,0.4838825
20918,0.011274636
20920,0.008505702
20921,0.041995525
20923,0.9381358
20925,0.9714586
20926,0.014974415
20927,0.96660393
20928,0.005069554
20932,0.9531632
20934,0.06840515
20935,0.9624056
20936,0.0057556033
20938,0.021507978
20939,0.9315325
20940,0.95485955
20941,0.012172461
20943,0.009817183
20944,0.009194195
20945,0.9341272
20947,0.0061236024
20948,0.9648531
20949,0.013240755
20951,0.98080397
20953,0.00881052
20956,0.9829856
20960,0.006690979
20961,0.9640636
20962,0.966344
20966,0.96965337
20968,0.019508958
20969,0.0048235655
20970,0.008394599
20973,0.0058776736
20978,0.004948318
20981,0.004893303
20984,0.9574487
20985,0.0150639415
20986,0.9756372
20990,0.9506833
20992,0.93505436
20994,0.95744526
20996,0.015361607
21000,0.9339365
21001,0.012449682
21002,0.0046111345
21003,0.011684895
21004,0.0071008205
21007,0.046257675
21009,0.010158956
21010,0.009486318
21011,0.81211793
21013,0.0049732327
21016,0.97671366
21018,0.7352053
21020,0.0066087246
21022,0.0045681
21023,0.031241119
21024,0.7341353
21025,0.45478284
21026,0.006326914
21028,0.9307284
21029,0.03905034
21030,0.96782887
21031,0.0044671297
21033,0.006402731
21034,0.00869
21036,0.9495887
21038,0.9563182
21040,0.015990615
21041,0.033776224
21042,0.8951951
21043,0.0066900253
21044,0.016566396
21045,0.019551814
21047,0.021490872
21048,0.0035770535
21049,0.95150197
21050,0.007924199
21052,0.0058164
21056,0.017793536
21057,0.005076945
21058,0.83473545
21059,0.96276444
21064,0.0050818324
21065,0.0054545403
21068,0.013990521
21070,0.0054004192
21071,0.005033672
21072,0.014458597
21074,0.007273197
21075,0.005338371
21077,0.96814877
21079,0.9857375
21083,0.01547581
21084,0.017234981
21085,0.004705727
21089,0.0067552924
21092,0.03346163
21093,0.009006441
21094,0.97255886
21098,0.95974445
21099,0.95189196
21100,0.023229122
21101,0.009525359
21102,0.013283968
21103,0.9880145
21107,0.04665321
21108,0.012695253
21110,0.08762473
21112,0.64674246
21115,0.9625769
21117,0.006940961
21121,0.016221225
21124,0.010012329
21125,0.9629649
21126,0.0052472353
21127,0.96276903
21128,0.9724767
21129,0.030519545
21130,0.0031880736
21131,0.025404453
21132,0.008569777
21134,0.008711576
21135,0.93213385
21136,0.9603551
21140,0.9669981
21141,0.006934643
21142,0.014136732
21149,0.10901874
21153,0.16583157
21154,0.9706424
21156,0.0050395727
21158,0.95271194
21159,0.95863223
21160,0.8647644
21164,0.97036237
21165,0.005348325
21169,0.003998697
21173,0.0050898194
21174,0.020808876
21175,0.9896156
21178,0.9751879
21179,0.016079068
21180,0.9907005
21182,0.9628389
21183,0.0055816174
21184,0.016622663
21185,0.03673643
21186,0.0046474934
21187,0.95880544
21189,0.95592034
21191,0.9607185
21192,0.005073905
21193,0.9698546
21195,0.94788325
21197,0.98780864
21201,0.98665035
21203,0.975472
21204,0.96977043
21207,0.08323681
21208,0.004317403
21209,0.048356533
21213,0.97203106
21216,0.009459257
21217,0.003540814
21223,0.9614382
21225,0.016905487
21229,0.005081475
21232,0.9670727
21234,0.016678095
21235,0.016258955
21237,0.45948732
21238,0.9883371
21239,0.004738748
21242,0.07275885
21246,0.010944486
21247,0.024730146
21248,0.009204924
21250,0.0203349
21253,0.008093357
21254,0.005786717
21255,0.050662637
21256,0.031551063
21257,0.017786145
21258,0.010187089
21261,0.10479796
21262,0.0050148964
21265,0.9896837
21266,0.99118096
21270,0.03074032
21271,0.9907002
21272,0.008465707
21274,0.004966736
21276,0.009026766
21278,0.9892384
21279,0.00958246
21280,0.5770197
21281,0.04778582
21282,0.020712972
21283,0.0043575764
21288,0.0118637085
21289,0.030698538
21291,0.004878819
21292,0.00430876
21293,0.1500361
21294,0.96765316
21300,0.9564647
21302,0.9617936
21305,0.9578224
21306,0.04343939
21307,0.98633975
21308,0.9524902
21309,0.0088431835
21316,0.01399523
21317,0.94854504
21320,0.031526804
21321,0.94676423
21323,0.004961312
21324,0.09512377
21325,0.08615631
21328,0.036388755
21329,0.010131836
21330,0.018915832
21331,0.97013956
21332,0.9329473
21334,0.9665916
21335,0.9527992
21336,0.0069766045
21337,0.89255077
21341,0.9615647
21343,0.9924262
21344,0.0052828193
21345,0.9682099
21349,0.98392093
21350,0.7390888
21353,0.0063533783
21355,0.09233147
21357,0.0037224889
21358,0.0074469447
21360,0.019985676
21363,0.0072285533
21364,0.01343447
21366,0.9847576
21367,0.0088323355
21369,0.96090645
21370,0.008253455
21371,0.04410374
21372,0.9649585
21374,0.0070800185
21375,0.015112579
21376,0.005074501
21377,0.009152055
21380,0.005257249
21381,0.97302806
21382,0.98539853
21383,0.0054125786
21384,0.0063613057
21385,0.009647548
21386,0.0034194589
21387,0.9516833
21390,0.95865595
21391,0.012997329
21394,0.044431925
21395,0.9551975
21397,0.007230878
21403,0.9798534
21404,0.0444265
21406,0.9364984
21408,0.96858835
21410,0.0037495494
21411,0.0059223175
21415,0.555367
21416,0.043625116
21417,0.95966333
21418,0.0044080615
21419,0.0104650855
21420,0.014791489
21421,0.03009528
21422,0.031011641
21423,0.011581004
21425,0.97122127
21426,0.95759004
21427,0.97146183
21429,0.0067985654
21430,0.9660142
21431,0.037323415
21432,0.9891582
21434,0.012049019
21435,0.9682731
21437,0.96354425
21438,0.025546074
21439,0.034786344
21441,0.0073242784
21442,0.0065027475
21443,0.020007074
21444,0.94887245
21445,0.0038442016
21449,0.14151454
21450,0.079450786
21451,0.88166124
21453,0.004878819
21454,0.96336585
21456,0.020976067
21460,0.00422889
21461,0.95471555
21462,0.003319621
21463,0.96068877
21466,0.009047747
21468,0.007494271
21469,0.024636507
21470,0.015984654
21471,0.96446687
21473,0.89476234
21475,0.9662126
21476,0.9663869
21477,0.7605133
21478,0.008995891
21479,0.009204149
21483,0.01889348
21485,0.9899034
21486,0.96089643
21488,0.025316715
21489,0.008391976
21491,0.90212023
21495,0.020665646
21500,0.9727614
21501,0.004863322
21502,0.0142073035
21503,0.013206303
21505,0.9657353
21507,0.007735729
21508,0.004060507
21509,0.96622
21511,0.014918625
21512,0.007776439
21513,0.9726219
21514,0.95462924
21523,0.012549162
21524,0.9592525
21525,0.9652302
21527,0.9664764
21528,0.0074950457
21530,0.8032244
21531,0.95252615
21532,0.9487769
21533,0.015350878
21536,0.009397984
21537,0.9577576
21538,0.035536885
21540,0.32599086
21542,0.0076836348
21544,0.014272392
21545,0.0041261315
21546,0.016342342
21552,0.96191883
21555,0.9736041
21561,0.7257828
21565,0.03522563
21566,0.0049313307
21568,0.004989028
21572,0.8037476
21573,0.98115295
21576,0.00788033
21577,0.0065551996
21578,0.003592074
21582,0.008462191
21584,0.0052022934
21585,0.005478859
21586,0.9527251
21590,0.9372042
21591,0.037510276
21592,0.017896652
21594,0.0073495507
21598,0.08272511
21599,0.03271097
21600,0.9860862
21602,0.02601695
21605,0.9551382
21607,0.018636703
21608,0.9697183
21609,0.031948686
21611,0.60399395
21618,0.0068130493
21621,0.0058655143
21623,0.020633936
21631,0.9613526
21632,0.0071124434
21633,0.9709389
21636,0.038743675
21638,0.033119142
21641,0.003948629
21642,0.06469798
21647,0.11376196
21649,0.004036069
21650,0.9636084
21651,0.96910596
21654,0.9662919
21655,0.009260893
21656,0.055013776
21659,0.98690206
21660,0.020960629
21661,0.96421957
21663,0.95702547
21669,0.01141119
21673,0.008394718
21675,0.01785779
21676,0.0037420988
21677,0.99070096
21678,0.006953895
21682,0.24083114
21683,0.04499972
21684,0.014429092
21687,0.9429886
21688,0.9598892
21689,0.96070766
21691,0.010481656
21692,0.12621158
21696,0.988857
21702,0.9564099
21703,0.007948935
21704,0.018235981
21705,0.9659911
21707,0.9789704
21708,0.006112635
21709,0.0061116815
21710,0.005235791
21711,0.033711195
21712,0.969461
21713,0.007212937
21714,0.020179927
21716,0.14824283
21721,0.006404817
21722,0.8636084
21725,0.013583779
21726,0.9573452
21728,0.823343
21729,0.0038342476
21730,0.119255185
21733,0.021686912
21736,0.0059778094
21737,0.11965948
21738,0.96742475
21740,0.016999245
21741,0.05995953
21744,0.95634276
21745,0.0061834455
21748,0.9880075
21749,0.960976
21752,0.010471046
21753,0.010599196
21754,0.010399938
21755,0.01609832
21756,0.007087648
21760,0.9247885
21761,0.99335194
21763,0.08997339
21764,0.0070245266
21765,0.9686134
21767,0.01833111
21769,0.0070090294
21771,0.0089716315
21774,0.16492462
21775,0.010084212
21778,0.0689199
21779,0.59650326
21781,0.9738098
21784,0.97799987
21785,0.012422323
21786,0.9646106
21787,0.006478846
21789,0.012214422
21790,0.021796107
21791,0.010479212
21792,0.9674045
21793,0.014516175
21796,0.09272897
21798,0.4603163
21800,0.04332179
21801,0.11298466
21803,0.96156925
21804,0.008374751
21805,0.9753274
21807,0.17798895
21811,0.010868788
21813,0.43263745
21814,0.021611989
21815,0.037670135
21817,0.96134245
21819,0.029668748
21820,0.97780627
21821,0.8741562
21824,0.0069865584
21826,0.96586347
21831,0.022160769
21833,0.9609483
21835,0.009539068
21836,0.007031262
21840,0.646467
21843,0.004679382
21845,0.9739366
21847,0.008038104
21850,0.96918255
21851,0.006494999
21852,0.026070237
21855,0.006223321
21858,0.008032382
21859,0.0076417327
21860,0.94095767
21864,0.016549468
21866,0.95855093
21867,0.01528877
21868,0.011439502
21869,0.96651995
21870,0.009817421
21876,0.9664599
21879,0.048263967
21880,0.07319313
21881,0.9640185
21885,0.97915685
21886,0.0065707564
21887,0.011285126
21889,0.96584964
21890,0.007632315
21891,0.9734461
21892,0.9659915
21893,0.016613185
21895,0.99036705
21900,0.007864952
21905,0.9891376
21907,0.003641069
21909,0.015484095
21910,0.9802905
21911,0.9673823
21915,0.9358335
21918,0.98868936
21920,0.9908517
21924,0.9637727
21928,0.0047931075
21929,0.0057837963
21934,0.0074861646
21935,0.9511489
21936,0.9740459
21937,0.9643221
21938,0.9641753
21940,0.006901324
21942,0.003527522
21944,0.004267037
21945,0.025541127
21946,0.9676995
21947,0.00452888
21948,0.007861912
21950,0.0075857043
21951,0.03588569
21952,0.006664157
21956,0.023960888
21957,0.07989657
21958,0.9697226
21959,0.012652159
21960,0.0038409233
21965,0.0059676766
21968,0.96128255
21969,0.0040649176
21970,0.006058216
21972,0.0337317
21973,0.314812
21976,0.012336791
21977,0.0070602894
21980,0.9745977
21981,0.95975655
21983,0.0037638545
21984,0.10163945
21985,0.9636377
21986,0.0070299506
21987,0.0039346814
21988,0.9652588
21989,0.04309565
21990,0.007861912
21991,0.0602687
21992,0.9728066
21993,0.004675269
21994,0.012315154
21995,0.9549044
21996,0.0088941455
21997,0.9648642
21999,0.03367293
22000,0.9435647
22001,0.009609222
22003,0.006833136
22004,0.96588266
22006,0.9469164
22007,0.9753442
22008,0.98765856
22009,0.004935205
22010,0.9585474
22011,0.9781632
22013,0.01649493
22014,0.0038480163
22015,0.4873351
22017,0.96298575
22018,0.004397273
22020,0.8337043
22022,0.0059907436
22026,0.9738021
22027,0.92238736
22029,0.005424142
22030,0.0050387383
22032,0.005711794
22033,0.008635998
22035,0.9503875
22036,0.9635045
22037,0.004720211
22038,0.90749454
22039,0.0060958266
22041,0.97725576
22045,0.8857491
22048,0.018110871
22050,0.03582579
22052,0.61420906
22053,0.9875779
22055,0.962396
22056,0.050221384
22058,0.9605908
22060,0.96344453
22061,0.012479901
22063,0.9437245
22064,0.92214745
22065,0.99047667
22067,0.9533842
22068,0.004647255
22070,0.010697901
22071,0.0050296187
22075,0.0029062033
22077,0.96081525
22078,0.0051088333
22080,0.0045658946
22081,0.009447336
22082,0.9540386
22084,0.9642877
22085,0.98936903
22087,0.050314188
22090,0.01475656
22092,0.020880103
22097,0.054488003
22100,0.96609366
22106,0.95482916
22107,0.0101928115
22111,0.94889885
22112,0.013858259
22113,0.93349266
22115,0.9620262
22116,0.006803632
22119,0.95436525
22120,0.015633464
22121,0.008979619
22123,0.006987393
22124,0.9741171
22126,0.9863598
22127,0.04266113
22128,0.9759573
22129,0.009384215
22130,0.9687932
22131,0.013215244
22132,0.046537936
22133,0.7219802
22134,0.0040805936
22136,0.0059530735
22140,0.0064426064
22142,0.010712266
22143,0.9768646
22145,0.032232344
22147,0.04318869
22149,0.0049275756
22150,0.005530119
22152,0.96945775
22153,0.96031225
22155,0.0060752034
22156,0.004700899
22157,0.0050480366
22158,0.006664157
22160,0.054350317
22161,0.0049399734
22163,0.051418245
22164,0.98406446
22168,0.004491091
22169,0.007865787
22173,0.98992425
22174,0.043047667
22175,0.95291287
22176,0.019990027
22177,0.90842056
22178,0.009852231
22181,0.95540446
22182,0.0034966469
22185,0.15364522
22187,0.9759531
22188,0.0130262375
22189,0.012595117
22190,0.010001361
22191,0.011704922
22192,0.006727457
22194,0.6928457
22196,0.015371442
22197,0.9741372
22198,0.0045885444
22199,0.6977993
22202,0.0032334328
22206,0.028223157
22207,0.9020026
22209,0.34661454
22211,0.018448949
22217,0.9668889
22219,0.012336314
22220,0.015493453
22222,0.006228626
22223,0.003730774
22224,0.011826158
22225,0.95912975
22226,0.007060766
22227,0.004878342
22230,0.0065813065
22233,0.004215896
22234,0.004566729
22235,0.013611615
22237,0.9548453
22239,0.9787891
22240,0.016879082
22241,0.005153775
22243,0.0072755218
22246,0.0075052977
22247,0.9842359
22248,0.099229336
22250,0.95152855
22252,0.9702018
22253,0.9628587
22255,0.96931577
22261,0.97941405
22265,0.96023554
22266,0.004192114
22269,0.011283636
22274,0.03551346
22275,0.22767514
22276,0.9634533
22278,0.9907428
22279,0.03736627
22281,0.9888061
22282,0.96778
22283,0.9629143
22285,0.026022732
22286,0.67974424
22287,0.9854721
22288,0.96546894
22290,0.9690054
22291,0.9817232
22295,0.041565478
22301,0.9460901
22302,0.96328354
22303,0.25022036
22305,0.015492678
22306,0.05461371
22307,0.010371923
22309,0.011911929
22310,0.08364618
22312,0.004242003
22313,0.9684844
22314,0.007503748
22315,0.011749387
22320,0.8815993
22321,0.0073509812
22322,0.01749134
22323,0.98783123
22324,0.013983667
22327,0.96536076
22329,0.97544366
22331,0.037860334
22332,0.010621369
22334,0.9572819
22339,0.9581906
22342,0.011765599
22343,0.014635026
22344,0.0054097176
22347,0.0068563223
22349,0.030069828
22352,0.0048111677
22354,0.9698453
22355,0.0124230385
22356,0.9866025
22357,0.9617737
22360,0.008634806
22361,0.0044199824
22366,0.86763495
22368,0.00940007
22371,0.004486978
22372,0.14425385
22373,0.005858004
22374,0.97093016
22376,0.911548
22378,0.97806144
22382,0.009665549
22383,0.96392083
22385,0.004407823
22387,0.97443855
22391,0.018336177
22392,0.0144530535
22394,0.9584328
22396,0.010281682
22397,0.0059660077
22399,0.9641363
22400,0.010054886
22403,0.9665834
22408,0.9924868
22409,0.0061259866
22411,0.0072930455
22412,0.017885089
22413,0.0069839954
22415,0.0060317516
22416,0.007704973
22417,0.97644687
22418,0.09176791
22419,0.013120592
22420,0.12976217
22421,0.17231691
22424,0.0046889186
22426,0.9537438
22428,0.9590712
22429,0.9866626
22432,0.9639251
22433,0.82551944
22434,0.029054284
22435,0.96620303
22437,0.0045874715
22438,0.7934275
22439,0.0128414035
22440,0.004320562
22442,0.029137075
22444,0.007067561
22445,0.01947099
22449,0.9475577
22450,0.0043030977
22453,0.9554343
22455,0.8837617
22456,0.97817075
22461,0.007698655
22463,0.026162386
22467,0.95018667
22468,0.9589735
22469,0.021484137
22470,0.95547366
22472,0.9460354
22473,0.95923233
22481,0.7069128
22482,0.012761354
22483,0.0045350194
22486,0.0066328645
22489,0.9664674
22492,0.015964806
22493,0.97329843
22494,0.94872075
22496,0.19764876
22500,0.3959672
22501,0.016189456
22503,0.97853947
22506,0.031764984
22507,0.9608823
22511,0.9437117
22514,0.009139299
22517,0.010115385
22518,0.03547901
22520,0.7891937
22523,0.95662934
22526,0.021394849
22527,0.91562694
22530,0.008086443
22531,0.95119286
22532,0.95493376
22533,0.95923465
22534,0.0061688423
22535,0.005230248
22536,0.9612323
22537,0.0115299225
22538,0.05400884
22539,0.003219843
22542,0.98073053
22543,0.978526
22544,0.9016162
22545,0.013159275
22549,0.10803461
22550,0.9408017
22551,0.96653354
22553,0.9512514
22556,0.0048255324
22557,0.032452047
22558,0.50126684
22559,0.0060554147
22560,0.9697598
22561,0.98792374
22562,0.20964903
22563,0.015920103
22564,0.0067229867
22565,0.00934732
22567,0.006069064
22568,0.9522923
22569,0.032211125
22570,0.003572762
22571,0.968513
22573,0.96475685
22574,0.010914087
22576,0.004405439
22577,0.98436064
22578,0.0073253512
22580,0.9639003
22581,0.018527985
22583,0.02252525
22586,0.036162436
22588,0.07481992
22590,0.0382545
22593,0.0065891147
22595,0.9692454
22600,0.007431984
22601,0.07847166
22602,0.9592094
22603,0.01069814
22604,0.9746341
22605,0.96337336
22607,0.9546446
22608,0.9632802
22610,0.039968014
22613,0.013033092
22616,0.010267556
22617,0.97595966
22618,0.012015343
22619,0.015655339
22621,0.05328083
22622,0.0028892756
22623,0.028901637
22625,0.060733616
22626,0.0038743615
22627,0.006709814
22628,0.007299185
22630,0.93939036
22631,0.0053468943
22640,0.19720536
22647,0.02021724
22650,0.9659118
22651,0.082419395
22655,0.022263885
22656,0.9668517
22657,0.1774221
22658,0.83583593
22659,0.026045263
22662,0.96783835
22663,0.004123986
22665,0.0060073733
22668,0.9492148
22671,0.97905767
22674,0.9712424
22676,0.022841096
22679,0.012842476
22682,0.54874283
22685,0.94942164
22688,0.011102736
22691,0.006709695
22693,0.91120434
22695,0.98297507
22697,0.98052233
22699,0.028268635
22700,0.017968416
22702,0.08990526
22705,0.98709816
22706,0.007814169
22707,0.99152774
22712,0.0049794912
22716,0.9909571
22718,0.0052016973
22719,0.0059693456
22720,0.03369254
22723,0.9724428
22725,0.02105707
22727,0.98148113
22728,0.9703524
22730,0.00399369
22731,0.9268034
22732,0.020949543
22734,0.9664507
22736,0.003565073
22740,0.013621926
22741,0.03336382
22744,0.054398477
22745,0.030337453
22747,0.0060765147
22749,0.007652402
22750,0.008782208
22751,0.014670253
22753,0.009037912
22754,0.06267476
22755,0.005626917
22756,0.015059769
22757,0.035749078
22758,0.72139573
22760,0.08928281
22761,0.020305216
22764,0.006636381
22765,0.058673024
22766,0.9136911
22769,0.004278958
22770,0.9754006
22771,0.03239447
22772,0.008140266
22774,0.533754
22775,0.0058835745
22776,0.003701508
22778,0.0045886636
22780,0.004620552
22781,0.022602499
22782,0.11496556
22783,0.0069188476
22786,0.01161772
22787,0.97945553
22788,0.97285414
22789,0.7822739
22792,0.017773628
22795,0.005519986
22796,0.8453983
22797,0.02502048
22799,0.0060716867
22803,0.0047506094
22805,0.007337332
22807,0.011913776
22809,0.9340204
22810,0.041170895
22812,0.96090955
22813,0.9816364
22814,0.96634114
22815,0.9380665
22816,0.0063927174
22820,0.0041820407
22821,0.011602938
22823,0.7102257
22824,0.0108603835
22827,0.9246839
22828,0.008657455
22829,0.98477083
22830,0.802131
22832,0.004045725
22834,0.96606433
22838,0.013820767
22840,0.009212315
22842,0.15274006
22843,0.005566895
22846,0.0073830485
22847,0.9641016
22851,0.8807273
22852,0.89114684
22853,0.96516633
22854,0.019121766
22856,0.03579229
22857,0.15018994
22859,0.008428574
22861,0.9464756
22862,0.0063812733
22863,0.0063969493
22864,0.96903634
22865,0.987271
22869,0.96503115
22870,0.011004686
22871,0.96661747
22874,0.0033473372
22875,0.0924443
22878,0.9681467
22881,0.0057020783
22883,0.038040936
22884,0.9517004
22888,0.013383269
22889,0.9619915
22890,0.9666361
22893,0.9531889
22895,0.31783396
22896,0.96725434
22898,0.004818976
22899,0.077343106
22900,0.82169294
22901,0.9531377
22902,0.98660475
22903,0.0087864995
22904,0.0111070275
22906,0.053903103
22911,0.96010894
22912,0.011330128
22913,0.007435322
22917,0.0063658953
22918,0.013585389
22919,0.9565106
22920,0.0045875907
22922,0.005999267
22923,0.038840294
22924,0.0041054487
22926,0.0072169304
22928,0.0041749477
22932,0.0029264688
22933,0.9493646
22935,0.0040525794
22936,0.005364239
22937,0.03363663
22941,0.041002274
22942,0.96294755
22943,0.012231767
22945,0.26263148
22949,0.0044307113
22951,0.020010173
22952,0.9648819
22953,0.0068858266
22954,0.006516397
22955,0.94704723
22956,0.25539273
22958,0.008395195
22960,0.96384186
22961,0.055432558
22964,0.010510504
22965,0.0066499114
22968,0.062251747
22969,0.0042870045
22970,0.015990734
22974,0.015102446
22975,0.042455256
22976,0.009172082
22977,0.0051274896
22980,0.9580453
22981,0.055195868
22982,0.006113231
22986,0.96671116
22987,0.96139646
22988,0.9618994
22989,0.00483644
22991,0.0071125627
22992,0.9682023
22994,0.9483484
22995,0.015627265
22996,0.0042641163
22998,0.007991314
22999,0.0052817464
23001,0.9399456
23003,0.008331418
23008,0.97055787
23009,0.0057124496
23010,0.003484249
23011,0.0067994
23013,0.0064646006
23015,0.98998106
23016,0.011223495
23017,0.95808685
23019,0.007373512
23023,0.39733815
23024,0.0063170195
23025,0.056296587
23026,0.95812094
23027,0.9567828
23031,0.11209279
23036,0.0036064982
23037,0.015368104
23040,0.9529169
23041,0.016124606
23043,0.008665264
23044,0.0079984665
23045,0.005068481
23046,0.9637855
23048,0.005812168
23049,0.9631806
23050,0.09183079
23051,0.7088815
23055,0.004926026
23056,0.006925106
23063,0.99240065
23065,0.0044615865
23066,0.966038
23067,0.9098001
23073,0.81852496
23074,0.0058370233
23075,0.87456185
23076,0.018286765
23079,0.9195598
23080,0.9052449
23082,0.075847805
23083,0.0055502653
23087,0.012791812
23090,0.95904493
23091,0.012961745
23095,0.0112730265
23098,0.024969935
23099,0.0145328045
23102,0.00462538
23103,0.003706634
23106,0.9682264
23108,0.96366906
23110,0.008242905
23112,0.012974441
23113,0.3289975
23115,0.008980811
23119,0.9673462
23121,0.96618915
23128,0.008434176
23131,0.00928098
23132,0.95774126
23133,0.00543648
23134,0.004146099
23136,0.0035471916
23138,0.0206303
23139,0.96596473
23142,0.9399921
23144,0.012016773
23145,0.029334903
23147,0.020367384
23149,0.012913108
23150,0.9419386
23153,0.96758235
23154,0.003887713
23155,0.027026951
23156,0.0047129393
23158,0.9895869
23159,0.19510597
23160,0.008804083
23161,0.07839179
23163,0.009103715
23164,0.0030952096
23165,0.9226954
23167,0.32452124
23168,0.007922888
23169,0.005949557
23173,0.9543616
23174,0.008682966
23180,0.0101518035
23182,0.017778814
23183,0.006675422
23184,0.9751997
23185,0.009739697
23186,0.9626048
23187,0.0045247674
23188,0.96183336
23189,0.008433282
23190,0.8169872
23192,0.0048057437
23196,0.9448963
23197,0.0070474744
23198,0.9863338
23206,0.9693542
23207,0.025737703
23208,0.040699184
23209,0.13414484
23211,0.96056455
23212,0.96939516
23213,0.9771396
23215,0.9759778
23216,0.787998
23219,0.014417052
23220,0.0072274804
23224,0.0050293803
23225,0.007311523
23226,0.95426774
23227,0.97826743
23229,0.008941591
23230,0.07831228
23235,0.005964637
23237,0.0059331656
23238,0.013713419
23243,0.92108434
23247,0.004682541
23253,0.008790135
23254,0.0049639344
23255,0.008028746
23257,0.9733241
23258,0.9887544
23259,0.8571518
23260,0.9694927
23261,0.96868026
23262,0.005465269
23265,0.98146284
23266,0.17052734
23269,0.026213586
23271,0.9770871
23273,0.9872637
23274,0.96128154
23275,0.0061640143
23283,0.95721024
23288,0.92700696
23289,0.0150401
23292,0.016064763
23294,0.036352098
23298,0.9611771
23299,0.82238907
23304,0.95854294
23306,0.009348273
23307,0.06523514
23308,0.15399408
23310,0.96352315
23312,0.083274186
23313,0.041811943
23315,0.97004795
23319,0.005013585
23320,0.005060315
23323,0.013934076
23327,0.0059295297
23328,0.8409163
23329,0.0046355724
23332,0.026040614
23335,0.076191604
23338,0.96078914
23339,0.0066734552
23342,0.95025855
23344,0.011543393
23345,0.052815795
23348,0.95559174
23349,0.009603739
23354,0.012355268
23355,0.95182997
23357,0.9432964
23358,0.9816012
23360,0.0038762689
23361,0.52620023
23365,0.009537876
23366,0.0076848865
23367,0.0075194836
23369,0.0077561736
23370,0.9875303
23372,0.010182738
23373,0.00989002
23376,0.016224086
23379,0.99102724
23382,0.012984276
23383,0.009977639
23384,0.93997175
23388,0.007296443
23389,0.052789092
23391,0.008928895
23393,0.014239252
23394,0.007721424
23395,0.8811381
23396,0.00867641
23399,0.95863
23400,0.98910534
23403,0.8902136
23404,0.98477715
23405,0.006284654
23406,0.007113278
23407,0.0064683557
23408,0.4575898
23409,0.022286117
23410,0.021825314
23411,0.9741371
23413,0.49438322
23415,0.9784053
23419,0.005793333
23421,0.014922142
23422,0.9589235
23425,0.97636694
23426,0.94710404
23428,0.9785242
23429,0.96975195
23431,0.0043594837
23434,0.0105596185
23436,0.95306844
23437,0.012511194
23438,0.0042811036
23440,0.020217001
23441,0.009095848
23443,0.9364733
23448,0.96299005
23450,0.008660257
23451,0.011040568
23457,0.01589644
23458,0.00596565
23461,0.046090543
23462,0.9526203
23465,0.0044581294
23471,0.95669234
23472,0.9745695
23473,0.0066688657
23475,0.87867975
23476,0.95658183
23480,0.9645926
23483,0.009050429
23488,0.9663736
23490,0.0076325536
23491,0.08600336
23492,0.011484027
23493,0.011080086
23494,0.9045733
23496,0.6994835
23499,0.9699458
23500,0.0055124164
23503,0.94643
23505,0.9360055
23506,0.016303122
23507,0.98210424
23509,0.96335846
23510,0.0146840215
23511,0.015358388
23512,0.06286371
23513,0.96574664
23515,0.003204286
23516,0.04916787
23517,0.006196022
23523,0.0053854585
23524,0.008732021
23526,0.017955065
23527,0.96071655
23528,0.0043807626
23531,0.014641643
23533,0.027756453
23534,0.0048057437
23537,0.9352947
23541,0.964761
23542,0.98135906
23544,0.7617732
23549,0.014318168
23550,0.015826225
23552,0.9903569
23553,0.008904338
23556,0.74274415
23557,0.9439107
23561,0.007610619
23563,0.9669433
23564,0.009871542
23566,0.008092046
23569,0.005319655
23570,0.9547567
23573,0.005613208
23577,0.032250106
23578,0.9827809
23581,0.0042559505
23584,0.0036719441
23589,0.9474758
23591,0.96770585
23593,0.012951434
23594,0.009403944
23595,0.012055278
23596,0.007831991
23598,0.34650707
23599,0.013247967
23601,0.033263028
23603,0.005328119
23604,0.9543794
23605,0.0063204765
23606,0.97032714
23608,0.004506588
23612,0.96944064
23613,0.008302331
23616,0.96714395
23617,0.019231498
23621,0.0064126253
23622,0.9548031
23625,0.014417529
23626,0.007638216
23627,0.004966259
23628,0.9632231
23629,0.112930715
23635,0.9861637
23636,0.00575763
23641,0.0077883005
23643,0.12355
23644,0.039039373
23645,0.010458767
23646,0.007589817
23648,0.95585936
23649,0.004287362
23650,0.9641178
23651,0.093453646
23655,0.9593632
23656,0.008833349
23657,0.1122998
23658,0.029855669
23659,0.004578769
23662,0.014651358
23665,0.13140815
23666,0.016596496
23667,0.008149803
23668,0.05121219
23673,0.012108803
23675,0.9925489
23676,0.9853424
23677,0.9685203
23678,0.76602495
23680,0.003768742
23682,0.012647271
23683,0.9880139
23684,0.0067365766
23685,0.011214972
23686,0.0074934363
23687,0.029854
23688,0.0045271516
23689,0.9620344
23690,0.96374214
23692,0.006719053
23695,0.011739373
23696,0.009067178
23697,0.96350884
23698,0.011282444
23699,0.003942013
23701,0.9625008
23702,0.009030521
23706,0.011926115
23707,0.7835851
23708,0.9779226
23710,0.008484602
23712,0.9545349
23714,0.9721488
23716,0.035503745
23723,0.030697227
23726,0.0071294904
23728,0.009197354
23730,0.9885618
23731,0.04100448
23736,0.96173483
23737,0.9725615
23738,0.006078601
23739,0.0033317208
23740,0.9846904
23746,0.031957746
23747,0.96763366
23751,0.06362462
23753,0.021807194
23757,0.034352064
23760,0.0075249076
23762,0.9603075
23764,0.96492034
23767,0.035794318
23768,0.9538018
23769,0.96806043
23770,0.94861853
23771,0.010157049
23772,0.8673508
23773,0.9447763
23775,0.9811497
23776,0.96276456
23781,0.043779135
23782,0.0066201687
23784,0.512166
23786,0.344217
23788,0.013433039
23790,0.0051084757
23792,0.91849566
23793,0.0041700006
23794,0.005876839
23796,0.9558819
23797,0.007907689
23798,0.011778414
23800,0.006095946
23801,0.9678162
23802,0.007556021
23807,0.023799181
23808,0.9927915
23809,0.97923905
23811,0.98781055
23813,0.009023964
23815,0.9385926
23816,0.006378591
23819,0.9483011
23820,0.01762098
23821,0.8513396
23822,0.0064567327
23825,0.023031414
23826,0.014672101
23827,0.9556382
23828,0.97417057
23830,0.03491664
23831,0.97186923
23832,0.027755499
23833,0.024133265
23834,0.010846317
23835,0.048131883
23836,0.9615549
23839,0.93663305
23841,0.8781574
23843,0.93198377
23844,0.006236136
23845,0.10741705
23847,0.005085945
23850,0.0045679808
23851,0.010427177
23853,0.977635
23856,0.00494051
23857,0.0058330297
23860,0.54891217
23861,0.08235645
23863,0.0061838627
23864,0.045524538
23865,0.09777105
23867,0.9538488
23868,0.029749393
23870,0.0047870874
23871,0.011221945
23874,0.9612857
23875,0.07965982
23877,0.008214951
23882,0.0054523945
23885,0.9900246
23886,0.9711211
23887,0.04381895
23890,0.8400845
23891,0.96456355
23893,0.11411691
23894,0.9664328
23896,0.9413761
23899,0.024431884
23902,0.009660065
23904,0.013291001
23905,0.009909391
23908,0.0035101771
23910,0.019127369
23911,0.9857892
23912,0.007527828
23913,0.67526364
23914,0.011691451
23920,0.0066798925
23923,0.9446538
23925,0.98469687
23926,0.9454668
23927,0.008983612
23933,0.98717904
23934,0.85207045
23936,0.9673522
23938,0.97221375
23940,0.97073734
23941,0.019391477
23947,0.94461226
23948,0.012551844
23949,0.00646013
23950,0.9567685
23954,0.011358559
23958,0.96905917
23959,0.0110901
23960,0.0067498684
23962,0.009701908
23963,0.04140055
23964,0.9730918
23966,0.004296124
23968,0.9518287
23971,0.9442316
23974,0.9483815
23976,0.98813564
23978,0.005031526
23979,0.96876967
23980,0.9720068
23982,0.0049208403
23985,0.8120661
23987,0.8220608
23988,0.013721049
23989,0.990132
23990,0.005590737
23991,0.9621272
23992,0.97360736
23994,0.95919675
23996,0.954387
23997,0.010368645
24002,0.0055223703
24007,0.007546127
24009,0.02252251
24012,0.67164177
24013,0.009410024
24015,0.15031797
24016,0.016343236
24022,0.10913277
24023,0.18362415
24026,0.9917777
24027,0.005516827
24028,0.9684538
24030,0.010512471
24031,0.018181622
24032,0.015074551
24034,0.96369576
24036,0.041622758
24037,0.01929754
24039,0.6849543
24040,0.003019631
24041,0.0530473
24042,0.009125352
24048,0.0111426115
24050,0.015302002
24051,0.006064594
24054,0.46467513
24057,0.03536439
24059,0.0034657717
24060,0.95666856
24061,0.007215023
24062,0.120467424
24063,0.006343186
24064,0.0053927302
24066,0.96815103
24067,0.004573643
24069,0.97689795
24070,0.9871431
24071,0.0061854124
24072,0.00508368
24078,0.012602985
24081,0.9675705
24082,0.006223321
24084,0.0048594475
24085,0.95109093
24086,0.0070225596
24087,0.9649352
24089,0.025143266
24090,0.015217364
24091,0.043973982
24093,0.016632915
24094,0.018694222
24095,0.9464727
24098,0.44072413
24099,0.34128106
24100,0.03336382
24105,0.03220433
24106,0.003902495
24109,0.9639955
24110,0.040879726
24113,0.007234752
24114,0.014934599
24115,0.9596291
24116,0.07614398
24117,0.02628851
24121,0.0039095283
24122,0.007289052
24123,0.044716954
24124,0.019520283
24126,0.053521812
24127,0.035339355
24129,0.25286603
24138,0.0058618784
24142,0.0067532063
24145,0.013394654
24146,0.0058149695
24147,0.97240436
24148,0.70840925
24149,0.003807187
24150,0.9722973
24151,0.97341996
24153,0.008390009
24156,0.96330774
24158,0.08196896
24159,0.96729547
24161,0.9486492
24162,0.95769364
24165,0.95935285
24168,0.007459581
24169,0.012437224
24175,0.12106639
24176,0.005262077
24177,0.9902042
24180,0.991133
24182,0.9559277
24184,0.14840549
24185,0.0035613775
24186,0.0060268044
24191,0.0139888525
24192,0.0053554773
24193,0.003846109
24195,0.008150458
24196,0.049668252
24197,0.0085401535
24198,0.96370816
24199,0.015438676
24200,0.03562039
24204,0.024637878
24206,0.8787595
24207,0.0122436285
24208,0.9387618
24209,0.0058119297
24212,0.0049203634
24213,0.005990386
24215,0.014095724
24218,0.99052465
24219,0.005872965
24220,0.10509771
24223,0.022852838
24229,0.9796157
24232,0.0034528375
24233,0.95821416
24236,0.0039033294
24238,0.026448548
24242,0.921934
24243,0.03006816
24247,0.11939484
24249,0.005651176
24252,0.96170807
24254,0.018191278
24256,0.95883715
24257,0.95975894
24258,0.53958917
24264,0.0040329695
24265,0.9718296
24267,0.0064864755
24272,0.9583537
24274,0.021585703
24275,0.009337366
24278,0.022531211
24281,0.018626034
24285,0.95688343
24286,0.99044174
24288,0.005996406
24289,0.99016845
24291,0.33096784
24294,0.3790387
24295,0.07787317
24298,0.010263801
24299,0.005875647
24301,0.005801916
24304,0.9891449
24306,0.9729599
24307,0.9703071
24310,0.9823998
24314,0.958862
24316,0.02067548
24318,0.04744935
24319,0.14558917
24320,0.007871389
24321,0.9492678
24323,0.009415865
24324,0.0047866106
24326,0.9833195
24328,0.9749136
24329,0.95355946
24337,0.98892075
24338,0.84561217
24340,0.005049467
24341,0.95681554
24345,0.037677765
24346,0.004799843
24348,0.012830377
24349,0.98956966
24350,0.9390118
24353,0.20411879
24354,0.010775387
24356,0.9655929
24357,0.46804684
24358,0.0044641495
24359,0.02961123
24360,0.0046863556
24361,0.9820285
24362,0.006028831
24363,0.00641191
24365,0.07021427
24366,0.046975195
24368,0.0032060742
24370,0.14074868
24375,0.01248163
24376,0.038136244
24378,0.769324
24379,0.5036404
24381,0.05819404
24382,0.55620754
24384,0.0035008192
24385,0.9731266
24386,0.009441376
24387,0.04061395
24391,0.96878916
24392,0.9224285
24395,0.017119467
24399,0.95898676
24402,0.9932253
24403,0.96944195
24404,0.045954168
24405,0.0063031316
24406,0.9598926
24407,0.004163742
24408,0.010392249
24410,0.011211693
24417,0.9784789
24418,0.254979
24419,0.026621163
24420,0.0098698735
24421,0.9683874
24422,0.8402302
24423,0.97170466
24424,0.98829013
24427,0.0071035028
24430,0.0047664046
24432,0.007547438
24434,0.055120945
24435,0.02954954
24439,0.008618534
24441,0.007055223
24442,0.0113149285
24444,0.0038650036
24446,0.07035953
24447,0.0052803755
24448,0.6572915
24449,0.0033752918
24450,0.969672
24454,0.96811545
24455,0.010097146
24458,0.051463425
24459,0.9848039
24460,0.005642593
24461,0.005881071
24462,0.006106198
24463,0.60830915
24465,0.6113429
24466,0.055822313
24469,0.0053934455
24470,0.005150616
24471,0.005616665
24474,0.05653262
24475,0.34053785
24477,0.97203696
24480,0.9645133
24487,0.9737225
24491,0.034126878
24493,0.0062770247
24494,0.0068443418
24495,0.9127574
24496,0.9561857
24502,0.3926173
24503,0.007414639
24504,0.0060355067
24505,0.93366694
24506,0.9633664
24508,0.11262816
24510,0.003513813
24511,0.055153906
24513,0.9669355
24514,0.8971956
24515,0.95662403
24518,0.9875307
24519,0.95308083
24521,0.035112858
24523,0.95395064
24525,0.95227516
24526,0.9892039
24527,0.97598827
24528,0.0059422255
24537,0.94814134
24538,0.008187652
24539,0.01845342
24540,0.965632
24541,0.9885935
24542,0.0047442317
24545,0.014961243
24547,0.98891944
24548,0.009047627
24549,0.9484328
24550,0.9497806
24551,0.009126186
24552,0.01991582
24553,0.97590894
24554,0.96708995
24557,0.9521009
24558,0.014571965
24559,0.003580451
24562,0.967825
24563,0.9600444
24564,0.967741
24565,0.016587377
24566,0.048365593
24570,0.0051917434
24571,0.014636874
24572,0.0049045086
24574,0.0139273405
24575,0.96372825
24576,0.0030446053
24578,0.022698045
24579,0.023115337
24580,0.020833313
24589,0.004596591
24590,0.0030956864
24592,0.9595068
24593,0.96383965
24594,0.007551074
24596,0.00469923
24597,0.007790208
24601,0.0074771047
24602,0.9713954
24603,0.96576685
24604,0.009823859
24605,0.014730394
24607,0.031309962
24609,0.008044362
24610,0.008575082
24611,0.005710125
24612,0.014068365
24616,0.010248661
24617,0.017899096
24620,0.011549711
24621,0.80082107
24622,0.015072823
24624,0.95808375
24625,0.0104852915
24627,0.96750975
24631,0.8317275
24635,0.9485666
24636,0.0050652623
24637,0.013075888
24640,0.41175246
24641,0.0051706433
24642,0.9527681
24644,0.020663023
24645,0.10389525
24647,0.009537995
24649,0.96303767
24650,0.0138973
24653,0.96631545
24654,0.96496916
24658,0.03074795
24659,0.9853105
24662,0.9742082
24665,0.014833629
24666,0.988997
24677,0.0044706464
24679,0.027035594
24680,0.006784916
24682,0.01695317
24683,0.023867667
24684,0.06945562
24687,0.9697223
24689,0.030734539
24692,0.9550642
24693,0.012037098
24694,0.9505179
24696,0.80963254
24698,0.9668731
24699,0.71193194
24700,0.96155274
24701,0.015365422
24703,0.043191314
24705,0.0055428743
24706,0.015820563
24708,0.967706
24709,0.009181321
24710,0.0053052306
24712,0.005004883
24713,0.005345106
24715,0.0035735965
24717,0.010994852
24718,0.95332485
24721,0.005211115
24724,0.0035504103
24729,0.02902013
24730,0.003465891
24731,0.95953196
24734,0.009939313
24735,0.0054246187
24736,0.032823622
24738,0.027739644
24739,0.9737574
24740,0.004457891
24741,0.91972363
24742,0.009775698
24743,0.0063417554
24745,0.9613818
24747,0.9705129
24748,0.032458484
24749,0.0044171214
24752,0.1125803
24753,0.010296047
24755,0.054398358
24756,0.016420305
24763,0.9668809
24765,0.9628496
24766,0.0076792836
24768,0.9192309
24771,0.0085507035
24773,0.9773793
24774,0.9497609
24776,0.003712058
24779,0.03457451
24781,0.005206883
24782,0.028401434
24784,0.0042696595
24786,0.21375972
24788,0.04439491
24790,0.005057156
24794,0.028061807
24796,0.00639081
24797,0.018474221
24799,0.6078473
24801,0.010472
24804,0.011800766
24807,0.95511866
24808,0.003932357
24810,0.9672368
24815,0.008225739
24817,0.9897902
24818,0.006052017
24819,0.0086500645
24820,0.013248086
24822,0.9652076
24824,0.95376396
24825,0.5951384
24826,0.009251416
24833,0.9594633
24834,0.9577112
24837,0.020180643
24838,0.007682085
24839,0.032716572
24840,0.73262244
24841,0.028184772
24842,0.98806673
24843,0.038199544
24847,0.032613456
24848,0.029598892
24849,0.96424305
24851,0.0075218678
24852,0.7532305
24855,0.9054907
24861,0.947255
24864,0.8085278
24869,0.0044015646
24875,0.95650715
24878,0.98845166
24879,0.9568167
24880,0.9561229
24882,0.0038673878
24883,0.95760864
24884,0.948631
24885,0.97471154
24886,0.91647696
24887,0.00729692
24891,0.9473136
24892,0.2819636
24897,0.9646593
24898,0.07716489
24899,0.004267752
24900,0.9642619
24901,0.9888925
24902,0.028237998
24904,0.9733962
24905,0.96614444
24906,0.9595007
24909,0.07040548
24910,0.9591243
24912,0.9601886
24916,0.027230382
24917,0.086307704
24920,0.004584193
24921,0.005268097
24922,0.007080734
24925,0.03526634
24926,0.0057979226
24927,0.9623544
24930,0.9833911
24931,0.9608221
24933,0.005800605
24936,0.74950874
24939,0.9713726
24944,0.9813097
24946,0.018928707
24947,0.004085958
24948,0.9661697
24950,0.9743373
24951,0.010384798
24952,0.9621155
24953,0.9224715
24954,0.9895631
24955,0.96038115
24956,0.02277273
24957,0.009518445
24958,0.036960244
24960,0.00994724
24961,0.008057356
24962,0.012803555
24964,0.08385366
24967,0.9664177
24968,0.006912172
24970,0.97725725
24971,0.022738993
24973,0.01444751
24974,0.69586253
24975,0.036214948
24976,0.006498754
24978,0.9623441
24979,0.01184231
24980,0.95234454
24981,0.038567603
24982,0.017313242
24984,0.02688247
24986,0.0048282743
24988,0.0054412484
24989,0.0069744587
24991,0.006856203
24992,0.99296486
24993,0.0054092407
24994,0.9629054
24996,0.01165545
24997,0.08690536
24998,0.006292641
25000,0.010690689
25001,0.010589719
25002,0.14064592
25006,0.0056988
25007,0.9882561
25012,0.96966887
25014,0.9671279
25015,0.014196157
25016,0.9834769
25017,0.96137553
25019,0.07909536
25020,0.004451394
25021,0.004871726
25022,0.008255541
25029,0.95386386
25030,0.006428838
25031,0.0052137375
25032,0.9637562
25033,0.9610396
25034,0.007659912
25035,0.9882264
25036,0.9554448
25038,0.005308211
25039,0.5881173
25041,0.10906929
25042,0.01437974
25045,0.007020533
25046,0.0063623786
25047,0.9892107
25049,0.0037965178
25053,0.0071294904
25055,0.0040344
25058,0.9495182
25060,0.0621199
25061,0.9561258
25064,0.01413393
25066,0.003698945
25067,0.95988655
25068,0.0045286417
25070,0.07848704
25071,0.0049718022
25073,0.05434835
25075,0.80873036
25077,0.0044347644
25078,0.4651417
25085,0.9266478
25086,0.0070123076
25088,0.9534097
25091,0.9689633
25093,0.9624376
25094,0.004068315
25095,0.008220613
25098,0.004881978
25101,0.00607872
25102,0.96704006
25104,0.9881337
25105,0.01738429
25108,0.96415156
25109,0.96445096
25110,0.009169221
25112,0.96939945
25113,0.98351324
25114,0.9641035
25117,0.040193617
25119,0.10080606
25121,0.004654944
25122,0.0077968836
25123,0.00831759
25124,0.013585269
25128,0.016051352
25129,0.9489484
25131,0.8284925
25132,0.96311206
25133,0.0036750436
25134,0.9586783
25136,0.011825442
25137,0.9614978
25138,0.94962364
25140,0.05368322
25141,0.0042822957
25144,0.0044355392
25145,0.91263777
25150,0.98882645
25151,0.9117054
25152,0.96006244
25154,0.9928926
25155,0.9873758
25157,0.0153028965
25158,0.013157189
25159,0.0064764023
25160,0.96381134
25164,0.98567384
25165,0.078766465
25166,0.9476608
25167,0.030502737
25169,0.013972402
25173,0.9541416
25174,0.006720364
25175,0.019060612
25176,0.005859196
25178,0.016645133
25179,0.45163596
25180,0.92715687
25181,0.007289052
25182,0.96388626
25183,0.7463156
25185,0.013719916
25188,0.9571938
25190,0.93033355
25191,0.011599898
25194,0.033823967
25198,0.9726813
25199,0.009068489
25200,0.0038725734
25201,0.005257368
25202,0.0135983825
25204,0.024256766
25206,0.0050747395
25209,0.0044559836
25212,0.9657086
25214,0.01689279
25218,0.005667448
25220,0.015573323
25221,0.0043802857
25222,0.9521656
25225,0.0072116256
25228,0.003268838
25231,0.005763054
25236,0.9716212
25238,0.98984236
25239,0.9624993
25240,0.0326792
25241,0.97040784
25242,0.0041486025
25246,0.9616333
25249,0.008233488
25250,0.004871249
25251,0.011076391
25253,0.0066853166
25254,0.00390929
25263,0.8886513
25264,0.010063887
25268,0.09309572
25270,0.9737066
25271,0.9419678
25275,0.010673046
25277,0.0058775544
25278,0.0040373206
25280,0.0051659346
25281,0.97284836
25282,0.0048187375
25285,0.010630369
25287,0.011580586
25289,0.04094243
25290,0.009676218
25291,0.93051505
25292,0.67355454
25294,0.009067535
25296,0.989758
25298,0.008951724
25299,0.97986954
25300,0.97354585
25303,0.011412919
25304,0.96256644
25307,0.0052520633
25308,0.0058177114
25310,0.9649699
25312,0.02867347
25313,0.9569042
25314,0.13410074
25315,0.034080267
25320,0.0046089888
25323,0.084787786
25324,0.008235872
25326,0.0033392906
25328,0.029779494
25329,0.9563842
25331,0.007223606
25333,0.0052109957
25335,0.008801401
25336,0.9872236
25337,0.9590105
25339,0.009406745
25342,0.9375804
25343,0.031945348
25345,0.20441383
25347,0.08101922
25349,0.012978137
25350,0.0067886114
25352,0.0066740513
25353,0.07665825
25355,0.004896283
25356,0.018297434
25360,0.0113226175
25361,0.022959232
25362,0.96672314
25363,0.01479125
25364,0.9696838
25368,0.00621742
25369,0.0109635
25371,0.02687329
25373,0.9789998
25374,0.9848317
25375,0.9792363
25376,0.97066075
25377,0.95239896
25380,0.9314865
25381,0.98817784
25383,0.0062726736
25386,0.94932896
25387,0.00404042
25389,0.008589447
25390,0.98866135
25392,0.9645391
25395,0.0047978163
25398,0.010285556
25401,0.9413532
25402,0.004042566
25404,0.9639772
25405,0.9659712
25407,0.019650102
25409,0.0083633065
25410,0.95981383
25413,0.9625739
25415,0.045044065
25416,0.0068853498
25417,0.017382681
25418,0.67453223
25420,0.005231142
25423,0.0074860454
25426,0.01830399
25427,0.027344286
25429,0.010833323
25432,0.03285128
25433,0.010762453
25434,0.95867085
25438,0.0036897063
25440,0.9677571
25442,0.0056027174
25443,0.4610206
25446,0.23135656
25447,0.07771957
25448,0.017402947
25450,0.032606244
25451,0.009833574
25452,0.04261124
25453,0.01398319
25454,0.036285102
25457,0.9931864
25459,0.93180305
25461,0.053679705
25462,0.015752554
25463,0.034743965
25464,0.00940609
25465,0.036025524
25466,0.0036680102
25469,0.3612743
25470,0.020840645
25472,0.9738623
25473,0.005684316
25474,0.955699
25477,0.004342675
25478,0.95990896
25482,0.0038363934
25483,0.0039134026
25484,0.007884085
25485,0.009297252
25486,0.9888221
25488,0.022274971
25490,0.9745883
25492,0.005475521
25493,0.020123959
25495,0.12178445
25496,0.007660389
25499,0.9597026
25501,0.8523868
25503,0.00841558
25504,0.01080662
25505,0.9534572
25507,0.012543738
25508,0.17616749
25509,0.98946637
25511,0.006879449
25512,0.007472992
25513,0.011202633
25514,0.010108948
25516,0.96358156
25517,0.825738
25519,0.95459366
25522,0.9691809
25523,0.9581233
25526,0.9655579
25527,0.03902197
25529,0.9750104
25530,0.029736876
25532,0.004149914
25534,0.24313426
25536,0.9613626
25543,0.96372855
25544,0.9568241
25545,0.0067575574
25548,0.00450325
25550,0.98012716
25551,0.018514335
25554,0.020636141
25555,0.003564477
25557,0.05298549
25559,0.0072929263
25560,0.9547831
25561,0.9590381
25562,0.008406758
25565,0.0057255626
25567,0.011108339
25569,0.0070109367
25571,0.9659266
25572,0.019353151
25573,0.98245084
25575,0.46805316
25576,0.007693231
25578,0.09276986
25581,0.0043105483
25585,0.008021116
25587,0.96661323
25588,0.029734015
25595,0.021022677
25596,0.040455103
25597,0.04070574
25601,0.9860985
25602,0.20132685
25603,0.012861073
25604,0.89797604
25605,0.025946736
25606,0.0062659383
25607,0.011472702
25609,0.007981956
25611,0.008193612
25614,0.013102293
25615,0.85421646
25616,0.0266006
25617,0.009690464
25618,0.9703003
25620,0.005084753
25622,0.029618204
25624,0.9521284
25628,0.9896442
25629,0.92934287
25631,0.0058878064
25632,0.9668258
25633,0.00430876
25634,0.0037243366
25637,0.018419564
25639,0.96400315
25641,0.0064727664
25645,0.036497533
25646,0.963724
25651,0.9676905
25652,0.9702606
25653,0.0044925213
25654,0.9729035
25657,0.036857963
25659,0.94999075
25660,0.96383226
25661,0.08505815
25662,0.88531226
25665,0.01277256
25667,0.0071724057
25669,0.011569619
25671,0.8296725
25672,0.008088887
25673,0.9842606
25674,0.071483195
25675,0.917054
25676,0.5089655
25679,0.023651004
25680,0.011194348
25681,0.063827634
25682,0.015678048
25683,0.03266114
25686,0.003367126
25687,0.099122345
25688,0.9651446
25690,0.04655236
25691,0.010851085
25692,0.014584124
25693,0.013006568
25696,0.9632143
25697,0.003974557
25698,0.9715342
25699,0.043832123
25702,0.005597174
25704,0.97272134
25705,0.0062847733
25707,0.944721
25708,0.007883251
25711,0.011070073
25712,0.006680846
25713,0.9569996
25714,0.057550013
25716,0.963484
25717,0.007132411
25718,0.016313255
25719,0.008777857
25721,0.9510832
25724,0.04679078
25725,0.013192952
25726,0.010731757
25727,0.004126847
25730,0.9409212
25731,0.0045123696
25732,0.9513968
25734,0.01581943
25735,0.013262689
25737,0.0033437014
25739,0.96086085
25741,0.9605448
25742,0.9849045
25745,0.94693166
25748,0.96901894
25749,0.96394783
25750,0.32086915
25751,0.966345
25752,0.682784
25753,0.99134034
25756,0.0113197565
25758,0.17932624
25761,0.0052971244
25763,0.007640898
25766,0.0067451596
25768,0.009064138
25769,0.95778
25772,0.0240497
25773,0.0054504275
25774,0.057562888
25775,0.009892106
25776,0.004350841
25777,0.005563259
25778,0.017836452
25779,0.02996111
25780,0.014534116
25781,0.00400728
25782,0.010448873
25784,0.97183096
25787,0.9637351
25795,0.0037215352
25796,0.006216049
25798,0.0098465085
25801,0.011339307
25803,0.012929022
25805,0.7347436
25809,0.0046584606
25810,0.814535
25811,0.007834315
25812,0.003840804
25813,0.07424253
25817,0.9617298
25819,0.011492133
25820,0.010951936
25821,0.027955294
25823,0.010349989
25825,0.0061737895
25827,0.0056315064
25828,0.97164184
25829,0.7746115
25830,0.006456256
25831,0.0070373416
25832,0.96302664
25833,0.98129153
25834,0.013818145
25835,0.018512487
25836,0.98415893
25837,0.98977005
25842,0.012974799
25844,0.95818526
25845,0.7409241
25846,0.013003111
25847,0.9615287
25849,0.9895007
25850,0.51793903
25851,0.034215152
25854,0.07824111
25855,0.6688115
25856,0.9697636
25858,0.008825421
25859,0.94301987
25861,0.00398165
25862,0.6913612
25864,0.008016527
25865,0.0074383616
25867,0.059506476
25868,0.016044796
25869,0.9104819
25872,0.0039060712
25873,0.98640794
25874,0.0061334968
25876,0.027662337
25878,0.9718986
25883,0.98883855
25884,0.9587503
25886,0.008178651
25887,0.9895483
25890,0.012762189
25892,0.004090309
25893,0.011250496
25895,0.004112065
25896,0.9872292
25898,0.9532876
25899,0.98984635
25901,0.02115792
25902,0.98951286
25903,0.01590383
25907,0.9594887
25908,0.937386
25912,0.9895816
25913,0.020932853
25914,0.008865774
25915,0.011545479
25917,0.9646062
25920,0.98514795
25926,0.2800923
25928,0.03800589
25929,0.010038018
25930,0.0034490824
25932,0.005262077
25933,0.01980406
25934,0.05836606
25935,0.022429466
25936,0.039362967
25937,0.02793634
25938,0.006327033
25939,0.9561777
25940,0.068582475
25942,0.003716886
25943,0.076541126
25944,0.95775914
25946,0.9646652
25947,0.03670609
25948,0.09602457
25949,0.94031614
25951,0.009494841
25952,0.7048193
25954,0.9572858
25955,0.9900438
25958,0.1720308
25960,0.9930452
25961,0.98013026
25964,0.006579101
25966,0.007060766
25967,0.7100661
25968,0.9598514
25974,0.004707694
25975,0.9700851
25976,0.010815859
25980,0.009428084
25981,0.9533831
25983,0.0059174895
25984,0.01648879
25985,0.010543287
25987,0.003546834
25990,0.9879391
25991,0.9736298
25993,0.0038706064
25995,0.0035859942
25996,0.0056646466
25999,0.004623413
26000,0.00923866
26001,0.009585023
26003,0.96290565
26004,0.9652229
26005,0.013949096
26006,0.004424572
26008,0.9558984
26009,0.08187276
26011,0.32245976
26013,0.007969022
26017,0.008760154
26018,0.008682489
26023,0.0037207007
26024,0.015951276
26025,0.9654947
26026,0.96477973
26027,0.29581428
26028,0.96217686
26029,0.9575737
26032,0.013481796
26034,0.0083341
26035,0.0059520006
26036,0.9742569
26042,0.098489165
26043,0.0036656857
26044,0.9683717
26047,0.9811001
26048,0.0055553317
26049,0.95965827
26052,0.9606824
26053,0.95404226
26056,0.9602595
26057,0.08328837
26060,0.94049346
26068,0.023356616
26069,0.007033944
26072,0.025127769
26073,0.9726401
26076,0.008737206
26086,0.025489151
26087,0.9900547
26088,0.97814536
26090,0.014248431
26093,0.9564339
26094,0.004815638
26095,0.011056662
26096,0.95407325
26097,0.98780394
26098,0.9594906
26099,0.05603367
26101,0.015541077
26106,0.96985596
26108,0.9135615
26110,0.0048115253
26111,0.9636431
26112,0.04435891
26114,0.0044849515
26116,0.08592987
26119,0.9014901
26121,0.72389
26122,0.98270077
26124,0.017768562
26125,0.011300981
26128,0.08316934
26134,0.8999347
26140,0.95733887
26144,0.9835144
26145,0.9534681
26146,0.96017843
26148,0.007095635
26152,0.9806293
26155,0.0043362975
26156,0.39758694
26158,0.97716063
26161,0.04739201
26163,0.013164043
26164,0.9666601
26168,0.7189188
26169,0.0073749423
26170,0.011778891
26171,0.81291556
26172,0.006238878
26173,0.009607673
26175,0.013833284
26176,0.01194936
26177,0.030475259
26182,0.0065519214
26183,0.98895395
26184,0.017406166
26191,0.012246788
26195,0.007214904
26196,0.96358424
26200,0.005249679
26201,0.98900455
26202,0.9692939
26203,0.004630029
26207,0.0213933
26209,0.9609399
26210,0.9900189
26212,0.015524566
26214,0.020172238
26215,0.015454888
26218,0.013545275
26219,0.008772314
26221,0.0055169463
26222,0.7994344
26223,0.028307915
26224,0.9893638
26225,0.0077089667
26227,0.021125615
26228,0.9879079
26230,0.9472542
26233,0.9864337
26234,0.9697998
26236,0.95330817
26238,0.9862698
26239,0.9335506
26240,0.004142821
26241,0.98801595
26242,0.9673659
26243,0.9879596
26245,0.9779702
26247,0.98158747
26249,0.98916537
26250,0.9849978
26251,0.0068280697
26254,0.01693219
26255,0.99142015
26256,0.0048260093
26257,0.98883927
26258,0.0044843554
26259,0.017308414
26260,0.018557966
26261,0.008699715
26262,0.008992493
26264,0.021187067
26265,0.9890482
26266,0.97883946
26267,0.97644156
26268,0.0035443306
26269,0.110687315
26270,0.9887879
26273,0.00559777
26274,0.9870189
26275,0.44585544
26276,0.029733479
26277,0.0055720806
26278,0.03711641
26279,0.008354723
26281,0.9909033
26282,0.9248691
26283,0.98956287
26284,0.005170405
26285,0.0037096739
26286,0.9870005
26287,0.015761912
26290,0.98862153
26292,0.9834468
26293,0.024282217
26295,0.9627529
26297,0.9897841
26298,0.029567838
26299,0.053272784
26300,0.0058237314
26302,0.97680736
26304,0.010962427
26305,0.006319165
26307,0.008911133
26308,0.02848339
26309,0.9871718
26310,0.9894017
26313,0.96863854
26315,0.008260608
26317,0.9615935
26318,0.97851896
26320,0.98893946
26321,0.64064074
26322,0.98972225
26323,0.005959809
26325,0.090554476
26327,0.045821488
26328,0.9652647
26329,0.9857754
26330,0.004914105
26331,0.014232874
26332,0.9626358
26334,0.03828889
26335,0.9847223
26336,0.9886169
26337,0.0029146075
26339,0.012224555
26342,0.00955683
26344,0.030106068
26346,0.9886727
26347,0.010285199
26349,0.021948457
26350,0.0071204305
26351,0.9862133
26352,0.98896796
26354,0.14443326
26355,0.9562708
26356,0.9752875
26357,0.9877926
26358,0.99016887
26361,0.9896843
26362,0.9886808
26363,0.007855892
26364,0.96171457
26365,0.9601376
26366,0.9895595
26367,0.64575934
26368,0.021369755
26369,0.12590295
26371,0.98944724
26372,0.31701154
26374,0.92798674
26376,0.98806196
26377,0.967365
26379,0.01580733
26381,0.98818123
26382,0.98966086
26384,0.109665036
26385,0.9862947
26386,0.0069509745
26387,0.98949003
26388,0.9619888
26389,0.97293276
26390,0.9802585
26392,0.8692559
26393,0.04407239
26398,0.9859872
26400,0.034594953
26401,0.98979837
26402,0.07878429
26404,0.05501163
26405,0.9898914
26407,0.007540405
26408,0.9897033
26409,0.9900311
26410,0.9813842
26412,0.016417205
26414,0.004902661
26415,0.027624011
26416,0.020658076
26417,0.98829836
26419,0.9635034
26420,0.01239872
26421,0.96468556
26422,0.011235833
26423,0.9691225
26424,0.0094950795
26425,0.120489895
26426,0.034994245
26427,0.9875304
26428,0.010590196
26430,0.5310335
26431,0.9895965
26433,0.004234791
26435,0.9886459
26436,0.972919
26437,0.9553939
26438,0.011399984
26439,0.9886566
26440,0.011731505
26441,0.9700534
26442,0.0039286613
26443,0.021984398
26445,0.9888799
26446,0.96026087
26447,0.2359541
26449,0.96752423
26450,0.9616948
26451,0.01054728
26452,0.00592798
26454,0.86220944
26455,0.013248682
26456,0.006610036
26457,0.0040866733
26458,0.9512758
26459,0.95436954
26460,0.96283704
26463,0.008924127
26464,0.96034634
26465,0.9544187
26469,0.84393674
26470,0.971288
26471,0.9562841
26473,0.9226883
26474,0.96447796
26477,0.011859417
26479,0.041249216
26481,0.008520007
26482,0.007618606
26484,0.9693279
26485,0.9871787
26486,0.013812661
26487,0.94681704
26490,0.014987588
26491,0.011143148
26494,0.008125722
26495,0.03364533
26496,0.007592976
26499,0.28540915
26501,0.03696114
26504,0.02322489
26505,0.963695
26506,0.03900796
26508,0.008972704
26510,0.96450174
26511,0.008882761
26512,0.97195137
26513,0.051160872
26514,0.015803277
26516,0.9169078
26517,0.9644168
26518,0.0112553835
26520,0.009265065
26521,0.6454023
26522,0.007876933
26525,0.014456272
26526,0.01013428
26535,0.0077046156
26537,0.0551489
26538,0.958059
26539,0.023687243
26541,0.007772684
26542,0.9650194
26543,0.96288097
26545,0.95422125
26549,0.004800439
26550,0.008528054
26551,0.9704481
26552,0.03714174
26553,0.042990446
26555,0.0073769093
26556,0.009120464
26557,0.13032019
26558,0.0045155287
26559,0.0038359165
26560,0.004887283
26561,0.018595159
26563,0.0070598125
26565,0.95865214
26566,0.004929781
26567,0.058578253
26568,0.9598279
26569,0.01030004
26571,0.055184245
26572,0.005648732
26573,0.0053820014
26574,0.0040587187
26575,0.9693152
26577,0.011744738
26581,0.96293956
26583,0.0047124624
26586,0.02474773
26587,0.08012253
26588,0.017511666
26592,0.0112755895
26594,0.96257806
26595,0.98805654
26596,0.58559656
26598,0.1557936
26599,0.009358227
26600,0.005847156
26601,0.9682731
26602,0.004074812
26603,0.0047914386
26604,0.012745023
26606,0.93910354
26608,0.058006644
26609,0.003510654
26610,0.004164934
26611,0.011144817
26612,0.9230003
26613,0.037831187
26614,0.003907621
26616,0.0145943165
26617,0.13207304
26618,0.023846626
26619,0.0045641065
26620,0.0057260394
26621,0.9635056
26623,0.78069556
26624,0.029625177
26625,0.004702866
26627,0.004602015
26628,0.97964776
26630,0.0062945485
26632,0.9832002
26633,0.20284665
26634,0.005387306
26637,0.0062787533
26640,0.012204289
26641,0.036513448
26642,0.0038820505
26644,0.9614192
26645,0.9583109
26646,0.9660134
26647,0.0045313835
26649,0.96582425
26650,0.009512484
26651,0.016440928
26653,0.0046948195
26654,0.2438258
26655,0.96187806
26657,0.017900825
26660,0.95835567
26661,0.98998594
26662,0.006366372
26664,0.98908144
26668,0.0035696626
26669,0.17330629
26670,0.9474631
26671,0.00896126
26672,0.0034551024
26675,0.026349366
26676,0.0072734356
26677,0.9335345
26678,0.0056995153
26680,0.010501385
26681,0.9588194
26682,0.020048201
26683,0.9684275
26685,0.016617358
26687,0.028972208
26688,0.9665865
26689,0.9687101
26690,0.007004082
26691,0.006802082
26692,0.01966685
26693,0.01679176
26694,0.019791603
26695,0.9667917
26696,0.004740536
26697,0.9664363
26699,0.017786264
26700,0.1493308
26701,0.004121065
26703,0.0032725334
26704,0.0074759126
26705,0.9216262
26707,0.0037837625
26709,0.0069620013
26710,0.7726066
26711,0.0067008734
26712,0.009742737
26713,0.010401726
26715,0.98370886
26716,0.005150497
26717,0.00681895
26718,0.89412314
26719,0.014918089
26720,0.010315299
26723,0.9623562
26725,0.9711553
26726,0.0060655475
26727,0.0028986335
26728,0.96036303
26729,0.98968196
26730,0.0053649545
26732,0.020898044
26734,0.05459869
26735,0.9742174
26737,0.96959275
26741,0.95864654
26742,0.0058510303
26743,0.004400134
26745,0.013329446
26746,0.010569811
26747,0.9474996
26748,0.96820945
26750,0.025681436
26751,0.62078893
26752,0.11036903
26753,0.9930553
26757,0.039752245
26758,0.0057742
26759,0.9653684
26760,0.048939347
26761,0.39853597
26763,0.95000523
26764,0.9894091
26765,0.008382142
26766,0.012558579
26768,0.010414422
26769,0.9494338
26770,0.0066840053
26771,0.008744597
26772,0.008757472
26773,0.021954417
26776,0.007840633
26777,0.0049768686
26778,0.009779334
26779,0.020705402
26780,0.0035880208
26782,0.016979456
26785,0.00830549
26786,0.20874071
26787,0.008159161
26791,0.04374951
26792,0.9549115
26793,0.0057573915
26794,0.95733476
26795,0.92250556
26796,0.07380986
26797,0.0068126917
26798,0.94527715
26799,0.042604744
26800,0.93539166
26801,0.006670177
26802,0.16157508
26804,0.20801085
26805,0.027733803
26806,0.0068045855
26809,0.009133637
26810,0.9624192
26812,0.009776533
26813,0.0044433475
26814,0.007612467
26817,0.8521645
26819,0.02280891
26820,0.016608715
26822,0.004141748
26823,0.01283133
26824,0.9470586
26825,0.94699365
26826,0.006635189
26827,0.95368177
26829,0.95820475
26831,0.98108244
26832,0.005478382
26833,0.006709218
26834,0.009572983
26835,0.96925616
26836,0.006596029
26837,0.97032386
26838,0.948998
26839,0.9609493
26840,0.0038639903
26841,0.971978
26843,0.024873555
26846,0.9889571
26848,0.13046849
26849,0.009350717
26850,0.0048637986
26851,0.9683423
26852,0.007837355
26853,0.020779729
26854,0.07625079
26855,0.9869029
26856,0.03133005
26860,0.9720452
26861,0.008500397
26862,0.007956564
26863,0.0049922466
26864,0.9872719
26866,0.9895902
26867,0.980971
26869,0.0156762
26871,0.96772164
26873,0.120024204
26874,0.9654112
26875,0.9574187
26877,0.013127446
26878,0.007927358
26880,0.99122494
26881,0.0046129823
26883,0.0103315115
26884,0.88756776
26885,0.28189528
26887,0.9558438
26889,0.9116739
26890,0.03285539
26893,0.9558963
26896,0.015325546
26897,0.030980945
26898,0.9501074
26901,0.005020201
26902,0.014074624
26904,0.58118856
26905,0.021449327
26911,0.0606305
26912,0.11601913
26913,0.14753383
26914,0.0102466345
26915,0.011140108
26917,0.010321379
26918,0.98926854
26919,0.42536592
26920,0.014391363
26922,0.95932204
26924,0.053974867
26925,0.02031666
26927,0.0640021
26928,0.024147034
26929,0.007730603
26930,0.04112488
26931,0.42631936
26933,0.98963284
26935,0.9554121
26937,0.5708277
26938,0.01682645
26939,0.01086241
26940,0.0031308532
26942,0.9899968
26943,0.018662095
26945,0.96337813
26947,0.057777286
26948,0.045776844
26950,0.0035393834
26951,0.012467921
26952,0.94628257
26954,0.03778565
26955,0.00956136
26958,0.54618245
26959,0.028742313
26960,0.017232358
26961,0.047820628
26962,0.9901322
26963,0.009981751
26964,0.9673525
26965,0.010273039
26966,0.9771742
26968,0.9928682
26969,0.9663307
26971,0.9929176
26972,0.0063740015
26973,0.0125287175
26974,0.9894747
26975,0.95178515
26976,0.99026245
26977,0.007940531
26978,0.031197608
26979,0.97026813
26980,0.011719823
26981,0.23186618
26982,0.0046408772
26984,0.006829858
26987,0.015009582
26988,0.009201646
26989,0.0076324344
26990,0.010756731
26991,0.9623095
26992,0.07011187
26994,0.012388647
26995,0.020062387
26996,0.90155536
26997,0.022416115
26998,0.051736534
26999,0.99314415
27000,0.042963028
27002,0.4309625
27003,0.052666605
27004,0.071058154
27005,0.9746161
27007,0.06343496
27010,0.42848158
27012,0.73218787
27013,0.0049012303
27015,0.008664131
27016,0.009686172
27018,0.0066590905
27019,0.217682
27021,0.95420754
27023,0.021529317
27024,0.95832205
27025,0.9127841
27026,0.88140386
27027,0.98733
27028,0.023500383
27029,0.9754774
27030,0.0407331
27031,0.77692264
27032,0.0071237087
27033,0.017494202
27036,0.013148725
27037,0.029942274
27038,0.018196464
27039,0.008679688
27040,0.9394351
27041,0.036517143
27043,0.9540645
27044,0.009403229
27045,0.95336354
27046,0.009483397
27047,0.9691026
27048,0.007473111
27049,0.9636699
27050,0.95780534
27051,0.013308108
27054,0.9927392
27056,0.9840939
27057,0.082615376
27058,0.9635617
27059,0.96452206
27060,0.8763288
27061,0.020326078
27063,0.9613903
27064,0.96372664
27066,0.006791413
27067,0.015895605
27070,0.016436458
27071,0.0045284033
27072,0.44540262
27075,0.88410324
27076,0.013086021
27078,0.9844092
27079,0.006849706
27080,0.010424912
27081,0.0037314892
27082,0.0174461
27083,0.7149075
27085,0.0054622293
27088,0.9880949
27089,0.034435272
27090,0.03262645
27091,0.010778785
27092,0.94869643
27094,0.0059845448
27095,0.9882312
27096,0.91234267
27097,0.0076363087
27098,0.011874437
27101,0.0049903393
27102,0.019276917
27104,0.96887046
27108,0.9453877
27109,0.98716307
27110,0.018539488
27112,0.008107305
27113,0.005231142
27114,0.70091003
27117,0.9683499
27118,0.0061113834
27119,0.9604714
27120,0.008862734
27122,0.100786984
27123,0.012427211
27124,0.33748543
27125,0.016088307
27127,0.9898864
27131,0.95552206
27132,0.95810133
27133,0.0048469305
27134,0.9884279
27135,0.01189971
27137,0.02547872
27139,0.036866486
27141,0.9555962
27142,0.007985592
27144,0.05051875
27145,0.95521927
27146,0.9564091
27147,0.18662399
27148,0.022554755
27151,0.9877996
27152,0.9663139
27153,0.9478648
27154,0.0118409395
27156,0.24460667
27158,0.0071572065
27159,0.960883
27161,0.012678564
27162,0.9695937
27164,0.095748544
27165,0.931945
27167,0.055503726
27170,0.96492183
27171,0.8935056
27172,0.9543653
27173,0.010799289
27175,0.008405268
27176,0.87866324
27178,0.05864966
27179,0.0084168315
27180,0.962579
27181,0.006128907
27182,0.008354127
27183,0.012224317
27184,0.014910758
27185,0.042642117
27187,0.003993213
27189,0.95495373
27190,0.0032670498
27191,0.843212
27192,0.10853273
27193,0.9243069
27195,0.006622851
27196,0.008519292
27198,0.9794367
27199,0.008071423
27200,0.0033684373
27201,0.006606877
27202,0.9538243
27203,0.060448587
27204,0.99039483
27206,0.036535025
27209,0.96881926
27210,0.03733754
27211,0.093780935
27214,0.008930564
27216,0.0051072836
27217,0.018153489
27218,0.99036586
27219,0.004973352
27223,0.006674528
27227,0.016528785
27230,0.17933327
27231,0.9867672
27232,0.98829734
27233,0.892485
27234,0.01117897
27235,0.92406857
27236,0.08373517
27238,0.0062568784
27239,0.98368335
27240,0.014233112
27241,0.9860545
27243,0.02930963
27244,0.0045776963
27246,0.01069653
27247,0.9880945
27248,0.9626865
27249,0.018548548
27252,0.53801
27253,0.96249336
27254,0.9600656
27256,0.98334855
27257,0.38169575
27259,0.9582763
27260,0.024476111
27261,0.009000123
27262,0.08762258
27263,0.9733644
27264,0.009835899
27265,0.96982455
27267,0.032044888
27268,0.96606207
27269,0.9642027
27270,0.0248577
27271,0.24317777
27272,0.9468253
27273,0.95311964
27274,0.9537151
27275,0.99096763
27278,0.0040193796
27279,0.008240402
27281,0.004828751
27283,0.0063418746
27284,0.082999706
27286,0.010226667
27289,0.96171236
27290,0.9666763
27291,0.012391746
27292,0.2840805
27294,0.02384168
27295,0.023862004
27296,0.018666685
27297,0.9254275
27298,0.017872334
27301,0.9929744
27302,0.021234453
27303,0.0138037205
27304,0.014020622
27305,0.0036765337
27306,0.010307848
27307,0.013167858
27311,0.006471455
27315,0.97004324
27316,0.030989468
27317,0.9741596
27318,0.013522863
27319,0.0039820075
27320,0.08256382
27321,0.011046767
27322,0.03253919
27323,0.95796484
27324,0.00449121
27325,0.96069866
27327,0.005586803
27329,0.0033245087
27330,0.9680069
27331,0.9889976
27332,0.014346302
27334,0.014258027
27335,0.006771326
27336,0.0055437684
27338,0.91280174
27339,0.98883
27340,0.036324203
27341,0.9628213
27342,0.015001953
27343,0.94881856
27345,0.98809874
27346,0.006284654
27347,0.0074473023
27349,0.018890142
27350,0.9200185
27351,0.9643184
27352,0.011683643
27353,0.013016343
27354,0.34359413
27355,0.027124882
27358,0.007821083
27359,0.0076013207
27360,0.0100284815
27361,0.011709213
27363,0.003689468
27365,0.0074365735
27369,0.06565875
27370,0.035788
27374,0.06653434
27375,0.036444604
27378,0.01713425
27379,0.0038755536
27380,0.9798474
27385,0.015026569
27386,0.09963083
27387,0.9721263
27388,0.9400949
27391,0.007554114
27392,0.009540677
27394,0.94733393
27395,0.9698681
27396,0.014938295
27398,0.9669473
27399,0.9835811
27401,0.14094293
27402,0.0098872185
27406,0.13017178
27408,0.03374225
27412,0.007362962
27414,0.017274499
27416,0.009191573
27418,0.9725891
27420,0.9470548
27423,0.013028562
27426,0.008429885
27427,0.2456426
27428,0.018083513
27430,0.97439593
27432,0.9577955
27433,0.85948056
27434,0.97108275
27435,0.038518786
27436,0.20059437
27439,0.010089219
27440,0.005127728
27441,0.1749149
27443,0.029869497
27444,0.0073495507
27445,0.9450019
27446,0.004398346
27448,0.008400321
27450,0.02816844
27451,0.30838418
27453,0.33486915
27454,0.2415694
27455,0.010816336
27456,0.9684956
27457,0.96329224
27460,0.9559415
27462,0.97056884
27465,0.97574747
27466,0.97328544
27467,0.8873353
27468,0.0095050335
27469,0.0032176971
27472,0.0065862536
27473,0.014280975
27474,0.87749577
27476,0.97695917
27477,0.96615446
27481,0.005128205
27482,0.0047700405
27484,0.9640121
27487,0.0077365637
27488,0.014048219
27490,0.00827831
27494,0.8947137
27496,0.006154716
27497,0.00623405
27500,0.9323887
27501,0.028180242
27502,0.98015857
27503,0.90307844
27504,0.045390964
27505,0.028743744
27506,0.021142542
27507,0.46996802
27508,0.0046780705
27509,0.013472259
27511,0.0069230795
27514,0.0047448874
27515,0.091383755
27517,0.97978914
27518,0.018438637
27519,0.48715544
27523,0.02110517
27524,0.0047217607
27526,0.5641937
27528,0.96918684
27529,0.08034885
27530,0.027914405
27533,0.96803033
27534,0.06353909
27535,0.004059553
27538,0.014987469
27539,0.034391403
27542,0.9445003
27543,0.06743932
27544,0.95437825
27545,0.9893709
27546,0.004472196
27547,0.9869883
27549,0.01794219
27552,0.44302493
27554,0.0050241947
27555,0.023308516
27557,0.005250871
27558,0.004222989
27561,0.9421759
27562,0.008944869
27563,0.0049444437
27564,0.2040959
27573,0.005990982
27574,0.004306555
27579,0.98780596
27582,0.9907619
27584,0.92771274
27585,0.0067736506
27586,0.67796814
27589,0.008648157
27590,0.0045058727
27591,0.9603848
27593,0.011251211
27595,0.031196594
27596,0.969852
27597,0.0481022
27599,0.014907777
27600,0.95328057
27602,0.3215155
27603,0.006719172
27605,0.93037385
27606,0.048968434
27608,0.020678997
27610,0.02385515
27612,0.0093153715
27613,0.96743846
27616,0.01775086
27617,0.03239101
27619,0.9603856
27620,0.28885198
27622,0.0037632585
27624,0.007369876
27625,0.93347734
27627,0.0046334267
27630,0.0041606426
27631,0.0054144263
27632,0.018073022
27633,0.01708126
27634,0.0058243275
27636,0.011114836
27637,0.003939569
27638,0.0045617223
27639,0.9610143
27640,0.9605917
27644,0.99063003
27645,0.010281086
27647,0.048962116
27648,0.9909257
27649,0.07703847
27650,0.017858386
27651,0.46566075
27652,0.9890188
27653,0.010188162
27654,0.9678553
27655,0.005073309
27656,0.023832321
27657,0.92969334
27658,0.9848009
27660,0.9715723
27661,0.0040946007
27662,0.96935326
27664,0.006591797
27666,0.99288905
27669,0.98920614
27671,0.96404105
27672,0.00443995
27673,0.02849394
27674,0.96655566
27675,0.030851185
27676,0.9675374
27677,0.008118808
27678,0.009276688
27680,0.004148841
27683,0.024246573
27685,0.00832212
27686,0.97267485
27687,0.9706226
27689,0.004828632
27690,0.32161516
27691,0.93349195
27692,0.919217
27693,0.004267156
27696,0.9495002
27698,0.007600963
27699,0.97780585
27703,0.0072751045
27704,0.98553896
27705,0.008203149
27707,0.9587355
27709,0.027859867
27711,0.060435474
27712,0.7140211
27714,0.31926268
27715,0.038241684
27716,0.94510454
27717,0.108959496
27718,0.9890826
27719,0.0044319034
27720,0.008789659
27722,0.12196827
27726,0.004233837
27730,0.9771089
27731,0.948529
27732,0.01440233
27734,0.1094113
27735,0.6180335
27736,0.0059385896
27737,0.009842873
27738,0.008502901
27745,0.95418155
27747,0.0055438876
27748,0.045784235
27749,0.004475951
27750,0.9625556
27753,0.94110054
27756,0.003944397
27758,0.6799463
27760,0.956124
27761,0.016048908
27764,0.9653945
27766,0.06417364
27767,0.97102267
27771,0.016084373
27772,0.016262412
27773,0.9671539
27774,0.028740823
27775,0.017598927
27780,0.100821376
27781,0.0059121847
27783,0.016921163
27785,0.9877262
27787,0.9732847
27788,0.04161769
27790,0.009202242
27792,0.07451111
27793,0.9604975
27794,0.0039038062
27795,0.035663486
27796,0.079419374
27797,0.96181446
27801,0.03957647
27802,0.017072976
27804,0.012427449
27807,0.94306374
27808,0.017038286
27812,0.05092728
27814,0.084340274
27815,0.95394653
27816,0.0039851665
27817,0.004411936
27818,0.00469625
27819,0.020900965
27821,0.9584348
27822,0.09772295
27823,0.083310306
27824,0.97857726
27826,0.022696316
27827,0.97524905
27829,0.9794993
27830,0.0051736236
27831,0.95687395
27832,0.958524
27834,0.95307523
27835,0.004338324
27837,0.20036161
27839,0.0396505
27840,0.003591001
27841,0.021094859
27842,0.007932305
27843,0.064085186
27844,0.0077801943
27845,0.006859243
27848,0.004220724
27849,0.38190585
27850,0.9623845
27851,0.970364
27853,0.01263231
27856,0.9615091
27857,0.004491329
27858,0.0058711767
27859,0.70514345
27860,0.9640503
27863,0.005616069
27864,0.035016894
27865,0.007501781
27867,0.007856727
27870,0.98707056
27871,0.0071686506
27873,0.041930437
27874,0.971579
27875,0.007522881
27876,0.005074382
27877,0.96545905
27879,0.94993037
27881,0.95328003
27882,0.0065339208
27883,0.0038004518
27884,0.05110246
27886,0.0037651658
27887,0.8660569
27888,0.0033360124
27889,0.01218909
27892,0.97973305
27893,0.008511543
27894,0.9179704
27896,0.02004522
27897,0.9668665
27898,0.97287244
27901,0.96604085
27907,0.9660026
27909,0.004510343
27910,0.004013717
27911,0.13568878
27912,0.9569099
27914,0.9810944
27916,0.0055811405
27917,0.0045225024
27918,0.97112894
27919,0.27783293
27920,0.95665705
27922,0.9585679
27923,0.9664163
27924,0.00562644
27926,0.0044843554
27928,0.9538586
27929,0.96989644
27930,0.9615109
27932,0.05563718
27934,0.0030539632
27935,0.020526111
27937,0.061494708
27939,0.0057249665
27941,0.9479337
27944,0.96316487
27945,0.96897805
27946,0.9764153
27947,0.014574051
27950,0.011431336
27951,0.0056919456
27952,0.0054740906
27953,0.9648167
27954,0.011355996
27955,0.007391393
27956,0.9733613
27957,0.0036652088
27958,0.97389585
27959,0.96422803
27961,0.51934314
27963,0.028006196
27965,0.963681
27967,0.24516112
27970,0.025558174
27971,0.9679509
27972,0.025400162
27973,0.0050643682
27974,0.026924014
27975,0.98036104
27976,0.82828015
27978,0.0050902963
27979,0.005441129
27980,0.0046229362
27981,0.008339047
27983,0.97581816
27985,0.0042073727
27986,0.057351828
27987,0.030699015
27988,0.01318723
27989,0.039182663
27990,0.026940227
27991,0.0042369366
27993,0.003774047
27995,0.007703364
27996,0.0035367608
27997,0.9554618
27998,0.003301978
27999,0.2794425
28000,0.005720377
28001,0.0054214
28002,0.119988084
28003,0.9888453
28004,0.95438415
28005,0.048078418
28006,0.0056664944
28007,0.09092194
28008,0.9643831
28009,0.009244859
28010,0.9747861
28011,0.07019085
28012,0.9636237
28014,0.024964929
28015,0.9723197
28016,0.0057525635
28018,0.012057722
28019,0.0059233904
28020,0.009716332
28021,0.9548562
28022,0.9658525
28023,0.61399543
28025,0.004837036
28027,0.96550584
28032,0.18951237
28033,0.0072832704
28035,0.00461185
28036,0.0049496293
28037,0.20050883
28039,0.020069122
28040,0.008047402
28041,0.9540207
28042,0.9675426
28043,0.9186799
28044,0.0048989654
28045,0.013592482
28047,0.058252215
28049,0.9257747
28052,0.9784308
28053,0.01760614
28054,0.95305896
28055,0.011728704
28057,0.96424377
28058,0.013995469
28059,0.004842937
28060,0.0094586015
28062,0.043782115
28063,0.94505167
28066,0.9907221
28067,0.11242676
28068,0.005424142
28069,0.007603824
28070,0.9599123
28071,0.004359722
28075,0.036203742
28076,0.014108002
28078,0.90236604
28079,0.0049062967
28080,0.9676571
28081,0.005032718
28083,0.98027015
28085,0.035220742
28087,0.76247823
28089,0.0069012046
28090,0.9698164
28091,0.95569456
28092,0.009236395
28093,0.95573914
28094,0.00788337
28095,0.008348525
28096,0.96536857
28097,0.049475074
28098,0.0144510865
28099,0.9643618
28100,0.011139989
28101,0.0033138394
28103,0.95209557
28106,0.0036546588
28107,0.005733788
28108,0.9701207
28110,0.013345003
28111,0.0035803318
28112,0.2893067
28113,0.9803248
28114,0.96274674
28116,0.9373433
28117,0.007874668
28118,0.9638021
28119,0.008657217
28120,0.013264298
28121,0.0040775537
28122,0.9893678
28123,0.96466404
28124,0.970415
28126,0.030379891
28127,0.004806459
28128,0.015242577
28129,0.005684674
28130,0.021768749
28132,0.9349207
28133,0.97270954
28134,0.012656212
28135,0.96836704
28136,0.005993128
28137,0.0070311427
28140,0.03141564
28141,0.9795154
28142,0.9541451
28143,0.007719755
28144,0.98937976
28145,0.0068857074
28147,0.9655855
28148,0.0042554736
28149,0.006585479
28150,0.9895699
28151,0.1340577
28153,0.95879763
28154,0.9595858
28156,0.96696687
28157,0.06080818
28159,0.004138291
28160,0.03842503
28162,0.9401864
28164,0.942302
28165,0.060775757
28166,0.95116997
28167,0.004538119
28168,0.0050187707
28170,0.059075534
28172,0.007653475
28173,0.9609479
28174,0.007936299
28175,0.004307568
28178,0.005265236
28179,0.005882263
28180,0.0059356093
28183,0.9623507
28184,0.0067370534
28185,0.99082005
28187,0.022511601
28188,0.0034284592
28189,0.97432435
28191,0.9683296
28193,0.12268114
28194,0.02452749
28195,0.93137664
28196,0.95405394
28197,0.948908
28198,0.0035976171
28199,0.96687365
28200,0.021101177
28201,0.004095018
28202,0.9259785
28203,0.98519975
28205,0.05155909
28207,0.008509934
28209,0.9586642
28211,0.0059406757
28214,0.9561195
28215,0.005720377
28217,0.015067399
28219,0.0058908463
28220,0.0038517714
28221,0.9856287
28222,0.9700963
28223,0.010225177
28226,0.03844136
28227,0.005340159
28228,0.0067747235
28229,0.005127132
28233,0.95471174
28235,0.03923601
28236,0.009112358
28239,0.013161957
28240,0.96636206
28241,0.9705451
28242,0.9645185
28244,0.98824143
28245,0.021308541
28247,0.0053177476
28249,0.0043029785
28250,0.008270323
28251,0.0061041713
28252,0.019807816
28255,0.051244676
28256,0.003250599
28257,0.8892955
28258,0.028801918
28259,0.006377876
28260,0.006801069
28262,0.6036631
28264,0.15401381
28265,0.9704635
28266,0.9744832
28267,0.0055081844
28269,0.957543
28271,0.008409798
28272,0.019553602
28273,0.82410014
28274,0.0035747886
28278,0.006731212
28279,0.003683567
28282,0.04140252
28283,0.024728596
28284,0.036343336
28285,0.9679456
28286,0.9676858
28287,0.97253
28288,0.005855739
28290,0.96118534
28291,0.9575678
28292,0.027435422
28293,0.017455101
28294,0.92708886
28295,0.045534432
28297,0.06831622
28299,0.0047872066
28302,0.007733643
28304,0.058024347
28306,0.020524204
28307,0.95957094
28308,0.051156342
28309,0.008752108
28310,0.368455
28311,0.023636818
28313,0.0033450127
28315,0.0055015683
28316,0.074421585
28317,0.011804938
28319,0.004094124
28322,0.9436911
28323,0.0053771734
28324,0.018683314
28326,0.0037107468
28327,0.9618451
28331,0.029166162
28332,0.9518634
28333,0.0048599243
28334,0.031942904
28335,0.95500714
28337,0.079066515
28338,0.97504926
28340,0.021770358
28342,0.96240336
28343,0.9849821
28345,0.048966527
28347,0.99082804
28348,0.006794095
28349,0.004074216
28350,0.9618863
28352,0.010322571
28354,0.96521175
28356,0.009927273
28358,0.009222031
28359,0.016541004
28360,0.0039814115
28362,0.004648447
28365,0.97681695
28366,0.004433453
28367,0.9322811
28368,0.033895314
28369,0.0076966286
28372,0.96429217
28373,0.96933377
28374,0.75320697
28375,0.010466754
28379,0.004167378
28380,0.0033949614
28381,0.005617261
28382,0.99003917
28383,0.9710057
28384,0.008436322
28386,0.004209578
28387,0.51262224
28391,0.89240944
28392,0.029474258
28394,0.03320551
28395,0.008358359
28396,0.005618751
28397,0.9736981
28398,0.031780183
28399,0.17914689
28400,0.9639653
28401,0.0041698813
28402,0.02448225
28403,0.022601485
28404,0.011176944
28405,0.0045552254
28406,0.95683455
28407,0.05321455
28408,0.97470444
28409,0.02398771
28411,0.9662563
28413,0.012218595
28414,0.006783068
28415,0.009793699
28416,0.0118637085
28419,0.9527264
28420,0.08556372
28422,0.009012163
28423,0.9046974
28425,0.98976713
28426,0.9904959
28427,0.9596999
28429,0.65166086
28430,0.98109853
28431,0.02473563
28432,0.011682093
28433,0.004215896
28434,0.005897701
28436,0.0047715902
28437,0.008748829
28438,0.95647776
28444,0.98699474
28446,0.0143046975
28449,0.9645008
28450,0.9866058
28451,0.9886951
28452,0.008088529
28454,0.007427871
28455,0.22415149
28456,0.9383782
28458,0.9660858
28459,0.003755033
28461,0.98303807
28462,0.8384796
28464,0.9905531
28466,0.009247303
28467,0.8875467
28468,0.02747631
28470,0.9621085
28471,0.9647146
28473,0.9433754
28474,0.9829087
28475,0.01796025
28476,0.96902543
28477,0.01535517
28478,0.0052689314
28480,0.016010284
28482,0.9668471
28483,0.0055118203
28485,0.97044593
28486,0.0055484176
28487,0.0035879016
28488,0.018836796
28490,0.012671769
28491,0.008613288
28492,0.012744784
28494,0.9880863
28496,0.023374677
28497,0.010068655
28498,0.9517784
28501,0.0042459965
28502,0.006277263
28503,0.20938575
28504,0.96761334
28505,0.9494104
28507,0.013379693
28508,0.96221757
28509,0.0062393546
28511,0.008990288
28513,0.010347426
28514,0.005242467
28515,0.0038573146
28516,0.009085774
28517,0.0042470694
28518,0.0031846166
28520,0.009087443
28521,0.98259115
28522,0.0052749515
28523,0.045710623
28525,0.94809836
28526,0.16128474
28527,0.009303689
28528,0.0044617057
28533,0.008012533
28534,0.00813216
28535,0.012693167
28536,0.0040501356
28538,0.0055402517
28540,0.009952843
28542,0.9680166
28543,0.9410652
28546,0.004333496
28547,0.9499038
28548,0.013616025
28550,0.98030895
28551,0.1664564
28552,0.0077422857
28553,0.0044124126
28554,0.005074978
28555,0.96552575
28557,0.9381831
28558,0.007874668
28559,0.0038939118
28563,0.98833936
28564,0.014486849
28565,0.015806258
28567,0.013378084
28571,0.01171273
28572,0.97597384
28575,0.014264643
28577,0.93408245
28579,0.02984929
28580,0.0073601007
28581,0.0255481
28582,0.64365387
28583,0.9662744
28585,0.06262809
28586,0.87324584
28587,0.0038141608
28592,0.005028963
28593,0.96052915
28594,0.9642239
28595,0.9678233
28596,0.006694138
28597,0.004537165
28598,0.9600748
28599,0.97005785
28600,0.9656048
28603,0.099837124
28604,0.006556034
28605,0.9714908
28607,0.1850484
28608,0.010731757
28611,0.9664843
28613,0.010388136
28614,0.012114644
28618,0.025417268
28619,0.9656006
28621,0.004866421
28622,0.9851214
28623,0.017424583
28624,0.17462283
28625,0.9536556
28626,0.9586912
28627,0.96701545
28628,0.042755008
28629,0.96803147
28630,0.00657779
28632,0.0107729435
28633,0.96876967
28635,0.9602317
28636,0.13937509
28638,0.00890398
28640,0.94851923
28641,0.98810685
28642,0.068784416
28644,0.014950931
28645,0.008327186
28646,0.006532371
28649,0.0046719313
28650,0.9563128
28651,0.97102165
28652,0.0052635074
28655,0.7964219
28656,0.007771075
28657,0.009671867
28658,0.9830664
28660,0.009219706
28661,0.014477968
28662,0.9895321
28663,0.003272891
28666,0.012576044
28667,0.016720891
28668,0.9614455
28670,0.014938891
28671,0.9449285
28672,0.017853677
28675,0.04865265
28679,0.021929443
28680,0.00832814
28682,0.008023679
28683,0.977278
28685,0.95519024
28686,0.9522561
28687,0.0042120814
28688,0.9757888
28689,0.0058674216
28693,0.9535248
28694,0.030385077
28696,0.0038923621
28699,0.97055674
28700,0.008115411
28701,0.6839944
28703,0.004978776
28704,0.96548945
28706,0.0071775317
28708,0.9894001
28709,0.023020566
28710,0.9900145
28714,0.8890268
28716,0.009238899
28717,0.9483231
28718,0.9571487
28719,0.9777393
28720,0.9778584
28721,0.9539698
28722,0.0116788745
28724,0.018766224
28725,0.006259799
28726,0.009950995
28728,0.005000472
28730,0.83054435
28731,0.010112226
28733,0.9667175
28735,0.007857442
28738,0.008737922
28739,0.0048211813
28740,0.2549587
28741,0.96586627
28742,0.9656843
28743,0.0124845505
28744,0.96806735
28745,0.9574912
28746,0.96257174
28747,0.09350598
28748,0.97201437
28749,0.027618587
28752,0.9711051
28753,0.023519635
28755,0.9817872
28756,0.010030448
28757,0.9652279
28758,0.94398886
28759,0.95553285
28760,0.95485586
28761,0.9486334
28763,0.027210057
28764,0.9710674
28765,0.9892114
28767,0.0035142899
28768,0.0068137646
28771,0.9805511
28772,0.96300405
28773,0.83988667
28776,0.9753894
28778,0.95864964
28779,0.016168594
28780,0.11264318
28784,0.94762605
28788,0.9471389
28789,0.9603568
28790,0.0035404563
28791,0.61933327
28793,0.9612348
28797,0.0132367015
28798,0.0045415163
28799,0.9734509
28800,0.015510678
28801,0.94634897
28802,0.015129924
28804,0.020110369
28805,0.009809136
28806,0.96354276
28808,0.96442413
28809,0.95913094
28814,0.006207347
28815,0.9588182
28816,0.0065776706
28817,0.96278113
28818,0.9607735
28820,0.018251956
28821,0.97725093
28823,0.9872589
28824,0.012149155
28826,0.9622536
28828,0.06906819
28830,0.8869451
28831,0.967779
28832,0.017748535
28833,0.026310802
28837,0.0040839314
28839,0.9566817
28840,0.96072525
28841,0.98128265
28844,0.012411773
28845,0.9901856
28847,0.97070396
28848,0.97283924
28853,0.96667
28856,0.0064014196
28858,0.95909494
28859,0.9610208
28860,0.011702359
28863,0.096172154
28864,0.008503556
28865,0.029055178
28867,0.26439345
28868,0.006896198
28869,0.34144396
28870,0.9896001
28872,0.9474193
28873,0.011610866
28874,0.0042181015
28876,0.023507118
28877,0.96347237
28879,0.0047424436
28880,0.9742398
28881,0.006087661
28883,0.9603946
28884,0.98929673
28885,0.96705025
28886,0.96009076
28888,0.981684
28889,0.99108875
28890,0.0042316914
28891,0.0045875907
28892,0.01989305
28894,0.960338
28896,0.9715896
28898,0.9583219
28899,0.9678007
28900,0.009331524
28902,0.9593046
28903,0.0054606795
28905,0.96282446
28908,0.9642217
28909,0.048813403
28910,0.9144094
28913,0.0069296956
28914,0.024918318
28915,0.9372267
28917,0.026806235
28918,0.0065992475
28921,0.016196728
28922,0.75592035
28923,0.94948953
28924,0.011322558
28925,0.9897505
28927,0.9691569
28928,0.03632742
28930,0.0051219463
28931,0.007571876
28932,0.95630825
28935,0.043841302
28936,0.14042616
28937,0.9655505
28938,0.008839905
28940,0.013143003
28942,0.065956295
28943,0.96696955
28944,0.019555569
28950,0.9231787
28952,0.022410095
28955,0.9759929
28957,0.07310802
28958,0.034617066
28959,0.97269416
28960,0.962621
28962,0.96096706
28963,0.17876256
28964,0.98973304
28965,0.018311381
28967,0.28988224
28968,0.96864957
28969,0.96389127
28970,0.020097196
28971,0.029110909
28972,0.96441734
28973,0.97384953
28974,0.95545745
28977,0.0769366
28985,0.9518233
28986,0.9867778
28987,0.9757491
28992,0.09793317
28995,0.0052336454
28997,0.932694
28998,0.010975182
29003,0.8715757
29007,0.9720977
29011,0.98430824
29013,0.9606633
29014,0.85476536
29015,0.013145089
29017,0.02030307
29018,0.040161133
29019,0.26906508
29020,0.964705
29021,0.0065264106
29024,0.010555446
29027,0.017668247
29028,0.013258994
29029,0.1681065
29030,0.007629037
29033,0.010060132
29034,0.028202355
29035,0.0067480206
29038,0.024103045
29039,0.9383249
29040,0.003671348
29042,0.011964381
29052,0.011855245
29053,0.09687257
29054,0.008022845
29057,0.018052101
29059,0.9597938
29060,0.0077120066
29061,0.95614374
29063,0.94013166
29065,0.006491065
29066,0.9759729
29067,0.9756585
29071,0.009584546
29074,0.04806274
29076,0.9350794
29078,0.020299077
29079,0.06856012
29080,0.01772362
29084,0.9670271
29085,0.027287543
29087,0.9644234
29090,0.0032823682
29093,0.011817634
29094,0.9901495
29095,0.70367193
29096,0.02332455
29098,0.9617782
29100,0.003681302
29101,0.021781504
29102,0.9564612
29103,0.094812095
29104,0.018462837
29105,0.9728138
29106,0.9628308
29108,0.008778453
29111,0.020036042
29112,0.9580935
29114,0.439263
29117,0.0073307753
29118,0.018191397
29121,0.6792421
29126,0.0030270815
29127,0.990401
29128,0.9694537
29129,0.15091431
29130,0.008759201
29131,0.014185965
29133,0.004489064
29134,0.95353115
29136,0.0046231747
29138,0.024047673
29140,0.3280216
29141,0.027893782
29142,0.011360884
29143,0.107096314
29144,0.96215075
29145,0.003793478
29146,0.8926784
29147,0.95796955
29149,0.009829223
29150,0.03202063
29151,0.00432688
29152,0.77509665
29153,0.9721937
29155,0.9635681
29157,0.95791173
29159,0.027758896
29161,0.011310637
29163,0.015004218
29164,0.91453165
29165,0.9739563
29166,0.011869669
29167,0.9620553
29168,0.029856384
29169,0.93151647
29170,0.92117
29171,0.95282966
29173,0.14565575
29174,0.009857297
29175,0.9878383
29176,0.91815037
29177,0.008801639
29178,0.2939692
29180,0.9907034
29181,0.0048850775
29183,0.0057772994
29184,0.9870235
29185,0.9642924
29186,0.96329623
29187,0.0041672587
29188,0.98972
29191,0.01031214
29197,0.02912718
29200,0.07173145
29201,0.9378166
29202,0.97852147
29204,0.025237203
29205,0.025546849
29207,0.93104243
29208,0.98482865
29209,0.0067210793
29210,0.00998944
29211,0.006992817
29213,0.981068
29214,0.19213104
29215,0.9558084
29218,0.9756977
29219,0.011461973
29220,0.6614928
29222,0.086419344
29223,0.029570937
29226,0.014131188
29227,0.0091638565
29228,0.14707804
29229,0.11997545
29230,0.9773506
29231,0.03331971
29232,0.05146718
29233,0.89554757
29235,0.008506417
29237,0.07405865
29238,0.9608888
29240,0.008440077
29241,0.10344529
29242,0.9649707
29243,0.019226372
29244,0.96992844
29245,0.0041906834
29247,0.006701529
29250,0.020724714
29252,0.022771358
29253,0.015657544
29255,0.97988194
29256,0.97298694
29257,0.9903823
29258,0.0093045235
29259,0.026408553
29260,0.078279376
29261,0.010219097
29262,0.9780126
29264,0.022871256
29266,0.96676266
29267,0.9324356
29269,0.0063670874
29271,0.95842445
29272,0.007214546
29273,0.23077303
29274,0.97655344
29275,0.01099813
29277,0.9616594
29278,0.008144736
29279,0.9728321
29280,0.9594873
29281,0.94849503
29282,0.95638466
29286,0.020836651
29288,0.015746474
29289,0.010431707
29292,0.9754352
29293,0.9656068
29295,0.9885615
29296,0.07181001
29297,0.018835425
29299,0.16833526
29300,0.020840406
29301,0.05169213
29304,0.0134932995
29305,0.9671009
29306,0.9832451
29309,0.0049274564
29310,0.0064769983
29311,0.9552252
29312,0.04965216
29313,0.020991623
29314,0.1695838
29315,0.16495109
29317,0.9591274
29318,0.008447707
29319,0.00728482
29320,0.9779952
29322,0.19026613
29323,0.013242841
29324,0.024665177
29325,0.9679748
29326,0.00940305
29327,0.96032983
29328,0.9536793
29329,0.08299756
29330,0.031395078
29333,0.008203387
29336,0.9621895
29337,0.0040049553
29339,0.93584675
29341,0.0062661767
29344,0.022896886
29345,0.9596191
29346,0.014415443
29347,0.011615396
29348,0.021136343
29349,0.94793236
29350,0.010161519
29351,0.0063709617
29353,0.009426296
29356,0.026129961
29357,0.9667461
29358,0.0059791207
29359,0.0070192814
29361,0.9674789
29362,0.011494696
29363,0.0055045485
29365,0.026448548
29367,0.0051424503
29369,0.008746326
29371,0.0045837164
29373,0.019807518
29375,0.0050941706
29376,0.024914503
29378,0.96439075
29379,0.9561117
29380,0.04884404
29381,0.013271749
29382,0.02444899
29383,0.09473103
29384,0.9703911
29385,0.06547195
29386,0.0063256025
29387,0.9874896
29388,0.008307159
29391,0.009850621
29392,0.0036153793
29393,0.96382374
29395,0.9612518
29396,0.9424872
29399,0.006179154
29400,0.9651721
29401,0.9683336
29403,0.956709
29404,0.9710172
29407,0.98931575
29408,0.10953838
29409,0.42148554
29410,0.03778231
29413,0.9634709
29414,0.008378625
29416,0.94338393
29417,0.043328106
29418,0.005053818
29421,0.9588309
29422,0.9904024
29424,0.012527108
29425,0.95882875
29427,0.013347864
29428,0.009253621
29429,0.18796146
29430,0.93403494
29431,0.0069723725
29432,0.0048393607
29434,0.07893324
29436,0.96288675
29437,0.96309066
29439,0.97152364
29440,0.004402101
29441,0.018297136
29442,0.018373966
29443,0.009275258
29444,0.0045369267
29447,0.005398035
29448,0.092567325
29449,0.8341408
29452,0.010825872
29453,0.51344645
29454,0.0057114363
29455,0.0062306523
29456,0.0039288998
29460,0.6494783
29461,0.004309714
29462,0.03788197
29463,0.97071177
29466,0.9508598
29468,0.006051898
29469,0.9761904
29470,0.05018431
29471,0.039141476
29472,0.0073413253
29473,0.9809923
29474,0.962554
29475,0.9525294
29478,0.95763063
29480,0.009334147
29481,0.0044362545
29482,0.9626015
29484,0.96772677
29485,0.9900778
29486,0.76988125
29487,0.9796595
29488,0.01866746
29489,0.018459976
29490,0.092445195
29492,0.014578879
29494,0.933148
29501,0.01227051
29502,0.009061575
29504,0.9537425
29505,0.9847481
29507,0.022952557
29508,0.94429016
29509,0.96505815
29510,0.5837749
29511,0.9690568
29512,0.98607177
29515,0.009165943
29516,0.022208393
29519,0.011393368
29520,0.02873063
29521,0.075773895
29522,0.010658026
29523,0.9674893
29524,0.003629446
29526,0.96055
29528,0.011654079
29529,0.9631347
29530,0.0044046044
29531,0.0044664145
29532,0.95508504
29534,0.8920272
29535,0.009614587
29538,0.0135324
29540,0.9671681
29543,0.1264196
29544,0.071318746
29545,0.0030890107
29546,0.00724113
29547,0.9553304
29548,0.00838989
29549,0.9594862
29550,0.0035908818
29551,0.0054920316
29552,0.97743034
29555,0.022957444
29556,0.005584955
29557,0.88531476
29559,0.8455407
29562,0.07096851
29564,0.9532697
29565,0.027005851
29567,0.0050269365
29568,0.0045517087
29570,0.0058793426
29571,0.9858124
29572,0.0057177544
29573,0.9886068
29574,0.003777504
29576,0.02312404
29579,0.0057352185
29580,0.009345114
29581,0.9875723
29582,0.012059331
29584,0.04813677
29586,0.014015734
29587,0.009189248
29588,0.030980408
29590,0.96507454
29592,0.018979609
29595,0.004861474
29596,0.024199426
29598,0.96134645
29599,0.96079904
29603,0.94995075
29604,0.98865443
29605,0.9550001
29606,0.03753549
29607,0.9602484
29610,0.011129737
29613,0.037974894
29615,0.9475471
29616,0.007239461
29617,0.0051653385
29621,0.013152659
29622,0.92061067
29623,0.007854521
29624,0.007165551
29627,0.010843039
29628,0.026135683
29629,0.98050845
29630,0.9882276
29631,0.0074365735
29632,0.6866063
29633,0.958731
29634,0.45611566
29637,0.9897581
29639,0.06206155
29640,0.005374968
29641,0.0064743757
29642,0.9639184
29643,0.0174765
29644,0.96194005
29645,0.9606532
29646,0.9679705
29647,0.96850204
29649,0.97317696
29650,0.0054222345
29651,0.005378008
29653,0.9892941
29654,0.017314792
29655,0.8994775
29656,0.032075465
29657,0.9823418
29658,0.98904335
29659,0.14215499
29660,0.005839169
29661,0.0073617697
29662,0.9596949
29663,0.99052334
29664,0.0071599483
29665,0.96432525
29667,0.9891882
29669,0.011488795
29670,0.95153743
29671,0.020163
29673,0.9541378
29674,0.9850356
29677,0.01297766
29678,0.9477811
29679,0.97660315
29680,0.004779637
29681,0.022841692
29683,0.036723673
29684,0.19402474
29685,0.0233863
29686,0.024210334
29690,0.9540966
29691,0.97477454
29693,0.039254308
29695,0.91069883
29697,0.97879714
29698,0.009127319
29699,0.9343139
29700,0.93162626
29701,0.09080428
29702,0.96903884
29704,0.01598543
29705,0.94903374
29706,0.9873243
29707,0.005053222
29708,0.9672122
29709,0.9573061
29710,0.030196965
29711,0.9643482
29712,0.035399556
29716,0.97457814
29717,0.0123361945
29719,0.006098509
29720,0.8608763
29721,0.047441185
29723,0.009690344
29725,0.012769043
29727,0.0049384236
29728,0.2699166
29729,0.017072976
29730,0.007117152
29731,0.96874964
29732,0.0084548
29733,0.98483855
29735,0.97874886
29737,0.991119
29738,0.003995359
29739,0.9740473
29740,0.014171958
29742,0.01607591
29744,0.0055834055
29745,0.013237178
29746,0.9627427
29749,0.98234755
29750,0.9578256
29752,0.010090232
29754,0.03475529
29755,0.016108453
29756,0.96181345
29757,0.034674764
29758,0.007645607
29759,0.9618559
29760,0.009098649
29761,0.9858232
29762,0.97693044
29763,0.026627123
29765,0.95931643
29766,0.0043511987
29767,0.09303951
29772,0.016611457
29773,0.99132884
29775,0.0076945424
29776,0.9681733
29780,0.9894346
29781,0.15808159
29782,0.027444303
29783,0.896382
29785,0.34860772
29786,0.96828556
29789,0.9633859
29790,0.9785655
29792,0.9775898
29794,0.91628957
29795,0.46964902
29797,0.9862552
29798,0.0059332848
29799,0.040393233
29800,0.0058497787
29802,0.96331096
29803,0.9898474
29804,0.01549983
29805,0.96551263
29806,0.010561764
29807,0.8354367
29808,0.9642226
29810,0.008353651
29811,0.9628577
29812,0.004809737
29813,0.008354366
29814,0.9660115
29816,0.17721105
29817,0.0076007247
29819,0.17561507
29821,0.005877435
29823,0.96034133
29828,0.9711145
29829,0.0041831136
29831,0.9811399
29834,0.014532566
29835,0.9458207
29836,0.0071755648
29837,0.043102026
29840,0.9637994
29841,0.006100774
29842,0.010271847
29846,0.016480386
29850,0.003987193
29851,0.9718583
29853,0.9475967
29854,0.96731454
29855,0.007260263
29857,0.006586492
29858,0.006120801
29859,0.95367014
29861,0.95758724
29862,0.10947579
29863,0.029670715
29864,0.92026997
29865,0.96581167
29866,0.0065487623
29869,0.013179839
29872,0.9598266
29873,0.006834805
29874,0.018855691
29875,0.9900077
29876,0.9530397
29878,0.9895882
29882,0.0104929805
29883,0.9416987
29884,0.0049839616
29886,0.004543066
29887,0.014307022
29888,0.010684729
29890,0.065059185
29891,0.008520901
29893,0.007676363
29894,0.018941224
29895,0.96358335
29896,0.95601505
29898,0.9349732
29899,0.0117150545
29900,0.9717036
29902,0.0062503815
29903,0.9529166
29905,0.0061225295
29906,0.011180699
29907,0.015161157
29909,0.008877039
29910,0.06799108
29911,0.012860119
29912,0.9601472
29913,0.08515543
29916,0.9567532
29917,0.9858359
29919,0.05408603
29920,0.06087619
29922,0.019234955
29923,0.017362893
29924,0.039185166
29927,0.010662913
29928,0.011060178
29930,0.009449005
29932,0.95602417
29933,0.014911473
29935,0.008554339
29936,0.9879255
29939,0.94279826
29940,0.9669046
29942,0.87018526
29944,0.004508555
29945,0.96959645
29946,0.9820201
29947,0.005004406
29949,0.0051555634
29950,0.047310412
29952,0.9666192
29953,0.96729994
29957,0.14893717
29958,0.033060312
29959,0.009810388
29960,0.9748787
29962,0.010859728
29964,0.05902326
29965,0.96828604
29966,0.98850465
29967,0.96307147
29968,0.0074164867
29969,0.0036779642
29970,0.023362756
29971,0.0063658953
29972,0.005128503
29973,0.007814825
29974,0.04747808
29976,0.0064291954
29977,0.75459206
29978,0.024676979
29979,0.013503253
29981,0.041632175
29982,0.98947746
29984,0.95032334
29985,0.0046815276
29986,0.0071430206
29989,0.98742855
29991,0.03790015
29993,0.64889455
29996,0.004047394
29998,0.0052602887
29999,0.96331537
30000,0.87423944
30001,0.011078477
30003,0.97485197
30004,0.9586526
30005,0.008341134
30006,0.0910368
30008,0.0051627755
30009,0.041752458
30011,0.04717201
30012,0.019153059
30013,0.96227854
30014,0.9304105
30015,0.013171017
30018,0.0041646957
30023,0.015268683
30025,0.007326424
30027,0.9565368
30028,0.0067868233
30030,0.0052170157
30031,0.9632297
30035,0.007117629
30036,0.011672437
30038,0.96167046
30039,0.015150309
30040,0.76515967
30041,0.8979488
30042,0.029239416
30044,0.97624063
30045,0.008297741
30046,0.0048679113
30048,0.26152867
30050,0.007736087
30051,0.005150616
30053,0.13222682
30054,0.07576424
30055,0.96596396
30056,0.03865379
30057,0.7958015
30061,0.96558446
30062,0.010272086
30065,0.00914526
30066,0.014127493
30067,0.92206144
30069,0.008647263
30070,0.9534152
30072,0.98898166
30073,0.007817984
30074,0.0048218966
30077,0.9399079
30079,0.012077153
30080,0.87295854
30081,0.026115775
30083,0.9633804
30087,0.40700132
30088,0.0035912395
30089,0.021873415
30090,0.96445775
30091,0.031914294
30092,0.012602508
30096,0.96836406
30099,0.017675042
30100,0.9712325
30101,0.10373247
30102,0.013933361
30103,0.9514195
30104,0.03480214
30105,0.96546686
30106,0.9515802
30109,0.96794945
30110,0.011226714
30112,0.004892051
30114,0.939747
30115,0.9758286
30118,0.5233222
30119,0.96666616
30120,0.0044540167
30122,0.9601347
30128,0.113366246
30129,0.006684482
30130,0.0099906325
30131,0.984614
30132,0.0045276284
30134,0.16112864
30135,0.01193738
30138,0.9549805
30139,0.01690638
30140,0.9322969
30141,0.9650884
30143,0.011807859
30144,0.04038489
30147,0.017622352
30148,0.021576464
30149,0.0047281384
30152,0.9831702
30153,0.96720237
30154,0.017015934
30156,0.8093592
30157,0.9619475
30158,0.93615496
30160,0.004171312
30161,0.98970896
30163,0.01105541
30164,0.0061162114
30165,0.009691775
30166,0.5838986
30167,0.005353868
30169,0.43374163
30170,0.0076234937
30171,0.94748163
30172,0.9738135
30174,0.008336902
30176,0.005554199
30179,0.0060395002
30180,0.058707476
30181,0.010267913
30185,0.004149437
30186,0.044755876
30187,0.8846184
30188,0.009051383
30189,0.96287274
30190,0.19683015
30193,0.9901323
30194,0.023071587
30195,0.006013155
30196,0.0054222345
30200,0.0072163343
30202,0.00780344
30204,0.004854381
30205,0.06715208
30206,0.95186514
30207,0.005388975
30208,0.010373831
30209,0.7538469
30211,0.004997909
30212,0.9742055
30213,0.97233
30214,0.0083422065
30215,0.056787252
30216,0.96511185
30218,0.010714829
30219,0.97924864
30220,0.0042620897
30221,0.0050845146
30222,0.9647674
30224,0.005493462
30229,0.9578159
30231,0.027564049
30232,0.7388201
30233,0.005641401
30234,0.9409754
30235,0.9265546
30236,0.94877154
30237,0.014588058
30238,0.9501835
30239,0.9706177
30240,0.017927706
30241,0.012089372
30243,0.94524807
30244,0.0050441623
30245,0.97291964
30246,0.073399484
30247,0.956972
30249,0.95934606
30250,0.05126089
30251,0.92152274
30252,0.025877059
30253,0.909258
30254,0.005570233
30255,0.0041431785
30256,0.008526802
30257,0.009526193
30259,0.61055964
30261,0.01549834
30262,0.012585223
30263,0.008453906
30265,0.0043887496
30266,0.036790848
30267,0.005111754
30269,0.94825006
30270,0.007635355
30272,0.009635389
30273,0.0077009797
30274,0.040402472
30275,0.9691654
30278,0.004702747
30281,0.05312097
30282,0.96066546
30283,0.8235548
30284,0.0056979656
30285,0.004049301
30286,0.9512929
30287,0.0062924623
30290,0.016549468
30291,0.0076375008
30292,0.032931745
30293,0.008822024
30294,0.0040938854
30296,0.045770228
30297,0.9883961
30298,0.0055514574
30299,0.0032780766
30300,0.013379335
30301,0.9866407
30303,0.016653419
30305,0.9646312
30306,0.006529093
30308,0.96496695
30310,0.0068618655
30311,0.007049322
30312,0.9663732
30313,0.004432857
30314,0.0074175596
30315,0.95787877
30316,0.9643423
30317,0.9218241
30318,0.003753364
30319,0.25413436
30322,0.018562078
30324,0.024896562
30325,0.018845022
30326,0.006872177
30327,0.017076671
30328,0.0033691525
30329,0.0113018155
30332,0.9795677
30333,0.97306293
30334,0.017572701
30336,0.13452232
30337,0.11744207
30338,0.9458849
30339,0.95444745
30340,0.01583594
30341,0.9694699
30342,0.96444213
30346,0.011256456
30349,0.03678441
30350,0.22806007
30351,0.011460483
30357,0.012161136
30358,0.010581791
30359,0.96686035
30360,0.07120061
30361,0.92327976
30363,0.016798973
30364,0.1434952
30365,0.9739593
30366,0.96643764
30367,0.015802324
30368,0.9512065
30369,0.005862355
30370,0.98203045
30371,0.0108914375
30373,0.92026323
30374,0.0079936385
30375,0.027841508
30376,0.014109135
30377,0.014642358
30378,0.96208256
30379,0.021480143
30380,0.005540371
30381,0.9659589
30382,0.029209673
30383,0.006410241
30384,0.004850447
30385,0.0046280026
30386,0.020850956
30387,0.0037327409
30389,0.009109914
30391,0.0066473484
30393,0.0051929355
30394,0.072744906
30395,0.528548
30396,0.012106955
30398,0.0053045154
30400,0.95535535
30403,0.9589073
30404,0.96001995
30405,0.9895725
30406,0.92510086
30407,0.014056563
30408,0.9751615
30409,0.9619641
30412,0.96295846
30413,0.006854534
30417,0.9706525
30419,0.017483711
30422,0.028133214
30425,0.96087563
30427,0.056934178
30428,0.004183233
30429,0.036467195
30430,0.009130716
30431,0.0066580176
30435,0.004324734
30436,0.96022534
30437,0.9523531
30438,0.02598679
30439,0.98797256
30442,0.0052602887
30444,0.009376228
30446,0.95928806
30447,0.013527036
30448,0.97103333
30449,0.006254077
30451,0.0073714256
30453,0.95230186
30455,0.7772599
30456,0.9909141
30457,0.022864223
30458,0.960827
30459,0.01690191
30460,0.043406427
30462,0.8466462
30463,0.040575504
30464,0.026759386
30465,0.96282524
30466,0.012512088
30469,0.5243666
30470,0.96196395
30471,0.09937835
30472,0.20623487
30475,0.98075193
30476,0.95751053
30477,0.9648817
30478,0.007543683
30479,0.9498022
30480,0.005510092
30481,0.9522189
30485,0.013798058
30486,0.013635397
30488,0.965792
30489,0.03934914
30491,0.956896
30492,0.97185713
30493,0.005705416
30494,0.036378026
30497,0.023761332
30498,0.96103674
30500,0.08315784
30501,0.011535168
30503,0.9791577
30504,0.0042012334
30505,0.9514491
30507,0.0075262785
30510,0.029226959
30511,0.0053002834
30512,0.16753244
30513,0.9710761
30514,0.0245772
30516,0.0059955716
30517,0.0075550675
30518,0.007846773
30520,0.9658139
30522,0.032247186
30523,0.8673816
30524,0.96789575
30525,0.009498
30526,0.015938938
30527,0.012140214
30528,0.9465362
30530,0.004637122
30531,0.006439805
30534,0.004938662
30535,0.07789081
30536,0.94563556
30537,0.96816605
30539,0.01606232
30541,0.022568226
30542,0.0046392083
30543,0.0127878785
30544,0.9609472
30545,0.019718409
30548,0.023029566
30549,0.95839155
30551,0.038050532
30552,0.015511751
30553,0.9661631
30555,0.9197941
30556,0.012395501
30558,0.961468
30560,0.014551818
30561,0.965174
30562,0.013741732
30563,0.022358835
30564,0.003855586
30566,0.9696288
30568,0.040361404
30571,0.009473801
30572,0.018796146
30573,0.02284795
30574,0.037519753
30575,0.95192176
30578,0.007381737
30579,0.0040154457
30581,0.005404532
30582,0.86430854
30584,0.014181554
30586,0.0041946173
30588,0.03851527
30589,0.28529006
30591,0.03391987
30592,0.9314204
30593,0.96310616
30596,0.008399367
30598,0.96232027
30600,0.96979046
30602,0.95029783
30603,0.06635249
30604,0.9715678
30606,0.005367875
30607,0.012578726
30608,0.0073671937
30609,0.0045657754
30610,0.065430105
30613,0.010682762
30614,0.9626417
30615,0.99053484
30616,0.05834347
30617,0.007140994
30619,0.0079270005
30620,0.89173514
30622,0.0053340197
30624,0.023543179
30625,0.9890833
30627,0.007522404
30628,0.0071199536
30629,0.008052647
30630,0.9567065
30634,0.008579075
30635,0.9850581
30636,0.0063273907
30637,0.015728176
30638,0.009630382
30639,0.004579723
30640,0.007292211
30641,0.9564006
30642,0.98593473
30644,0.0054929852
30645,0.96138746
30646,0.009636223
30648,0.059075832
30649,0.0100559
30651,0.03333521
30652,0.012869775
30653,0.03414911
30654,0.05483222
30655,0.9618218
30656,0.008887112
30657,0.012460828
30659,0.007413566
30661,0.011578798
30662,0.014709234
30666,0.1434995
30671,0.0055730343
30673,0.9891321
30676,0.9440948
30677,0.13778186
30681,0.98170257
30682,0.0068437457
30683,0.9595278
30684,0.9571257
30685,0.04302448
30687,0.96653503
30688,0.0130595565
30689,0.010843754
30691,0.078673065
30692,0.9562863
30693,0.9677352
30695,0.010345221
30697,0.0034211278
30701,0.0154618025
30704,0.8939829
30708,0.96579856
30709,0.024243236
30710,0.9679437
30712,0.028338194
30713,0.9423771
30717,0.9544912
30718,0.025062501
30719,0.6236361
30720,0.009364307
30721,0.019585371
30722,0.011814117
30723,0.9537356
30725,0.9869126
30726,0.9774603
30727,0.0053382516
30728,0.94983155
30729,0.04023379
30730,0.16832983
30731,0.008407593
30732,0.9583729
30736,0.006900549
30737,0.016332865
30740,0.023136199
30743,0.56216526
30744,0.5085348
30745,0.016115725
30747,0.9600608
30749,0.010761261
30750,0.9644258
30751,0.009049535
30753,0.96391356
30754,0.0125235915
30755,0.005984962
30759,0.015397072
30763,0.003969729
30766,0.07478398
30767,0.011961281
30768,0.0063497424
30769,0.8654491
30770,0.043560147
30771,0.23872471
30773,0.986763
30775,0.9549585
30779,0.98040634
30780,0.008002341
30781,0.21339422
30785,0.012735844
30786,0.015452087
30789,0.96018285
30790,0.9550497
30791,0.95464534
30794,0.95890045
30795,0.06411654
30798,0.0091738105
30799,0.9644577
30800,0.012043536
30801,0.71352696
30804,0.96276796
30805,0.01610154
30808,0.015651047
30809,0.9762427
30810,0.013016224
30811,0.94718385
30814,0.038684845
30815,0.042094886
30816,0.006817758
30817,0.0122074485
30818,0.9925327
30819,0.013408244
30820,0.005119443
30822,0.9604221
30824,0.02022618
30825,0.012530088
30827,0.15475923
30828,0.9691921
30829,0.9925073
30831,0.034486413
30832,0.048532903
30833,0.047847748
30835,0.0064287186
30837,0.02363509
30839,0.9825106
30840,0.33596545
30841,0.028217614
30843,0.9689475
30846,0.0052427053
30847,0.006290674
30850,0.9587905
30851,0.009254336
30852,0.8710118
30854,0.046800137
30855,0.0038943887
30856,0.015815616
30858,0.005519867
30859,0.0036951303
30860,0.007248163
30861,0.008396804
30865,0.95570457
30866,0.003892243
30867,0.011330903
30868,0.00414896
30869,0.0329988
30870,0.014391661
30871,0.021856785
30872,0.031877637
30874,0.011075437
30876,0.96903384
30879,0.9413267
30880,0.9807726
30881,0.01850754
30882,0.015136898
30883,0.98175305
30885,0.0038824081
30887,0.007332742
30890,0.9578146
30892,0.0077598095
30893,0.7934027
30894,0.9462297
30896,0.00952208
30898,0.37573087
30899,0.046462893
30900,0.93744755
30903,0.86230284
30904,0.9679245
30905,0.006059766
30906,0.96788406
30907,0.9800352
30908,0.005541086
30910,0.97723675
30912,0.97140235
30915,0.5750001
30916,0.99047905
30917,0.9680038
30918,0.9535906
30919,0.985707
30920,0.92444074
30923,0.007203996
30924,0.005364716
30925,0.2000134
30926,0.0044099092
30927,0.0039545894
30929,0.96748316
30932,0.0055935383
30937,0.004159808
30938,0.011721492
30940,0.96611756
30942,0.00479275
30945,0.9310572
30946,0.64010274
30947,0.09041947
30948,0.96047676
30949,0.18699753
30952,0.009801149
30953,0.05252415
30954,0.011404216
30955,0.55585456
30956,0.9559268
30958,0.003618002
30959,0.9733275
30961,0.01237458
30962,0.9461738
30966,0.9608203
30968,0.96564335
30969,0.9610545
30971,0.009099245
30974,0.6309148
30975,0.0071982145
30977,0.6440611
30978,0.49063313
30979,0.96123177
30980,0.010598242
30981,0.02052164
30982,0.0052672625
30983,0.8841437
30984,0.9916607
30985,0.004191518
30986,0.005221963
30988,0.96228164
30990,0.025740623
30991,0.97191054
30992,0.97768426
30993,0.0076289177
30994,0.005786836
30996,0.007212937
31000,0.012072861
31001,0.99054253
31006,0.008688033
31008,0.15201336
31010,0.0121564865
31011,0.004571557
31012,0.9430795
31013,0.014290214
31014,0.005122483
31015,0.9877124
31016,0.0067710876
31021,0.011997461
31022,0.009378016
31023,0.012817144
31024,0.96846545
31025,0.97313434
31027,0.0123128295
31033,0.9334966
31034,0.96068096
31035,0.009217322
31036,0.0034589171
31037,0.93681437
31039,0.012402594
31041,0.004514694
31043,0.004478216
31046,0.6404426
31047,0.0072116256
31048,0.9651986
31049,0.9723737
31050,0.035176933
31051,0.0077747107
31052,0.9691704
31053,0.9730397
31054,0.96244144
31055,0.0041923523
31057,0.96467155
31061,0.0041610003
31062,0.122629106
31064,0.004991889
31066,0.967636
31069,0.010069609
31070,0.0053327084
31071,0.329848
31072,0.046366572
31073,0.007971466
31074,0.9639912
31075,0.015105784
31076,0.97681487
31078,0.038399756
31079,0.9753189
31080,0.97397745
31082,0.9605269
31083,0.038973927
31085,0.0050475597
31089,0.07987225
31090,0.004906416
31091,0.013929665
31092,0.014137983
31093,0.004490614
31094,0.94446826
31096,0.99277914
31097,0.16298574
31098,0.011318922
31099,0.0369671
31100,0.0034809113
31102,0.9584818
31103,0.9709918
31104,0.021803617
31105,0.032758713
31107,0.090256214
31109,0.0039997697
31112,0.018600523
31113,0.0076188445
31114,0.009229839
31115,0.007049918
31117,0.09013182
31118,0.012397468
31119,0.99150854
31120,0.969291
31121,0.01770866
31122,0.012354076
31123,0.0074689984
31125,0.922771
31126,0.96370643
31127,0.02195257
31128,0.019265473
31129,0.009506166
31132,0.005862355
31133,0.17120355
31134,0.97026724
31135,0.97915626
31136,0.99189806
31137,0.97835
31139,0.9327091
31141,0.97822726
31142,0.9863719
31143,0.0082246065
31145,0.0068416
31148,0.007160187
31149,0.005005121
31150,0.015460074
31151,0.02229625
31152,0.014876425
31153,0.00552845
31154,0.014206946
31155,0.0039488673
31156,0.007977843
31157,0.0050888658
31158,0.9681955
31160,0.032286644
31161,0.024074018
31163,0.9476272
31164,0.0703994
31165,0.9627643
31166,0.9891187
31167,0.94988906
31170,0.03775537
31172,0.011199474
31173,0.9767295
31175,0.016659915
31177,0.013744473
31179,0.9655371
31211,0.0052624345
31212,0.9721139
31213,0.005096197
31214,0.13438416
31215,0.02095753
31218,0.29160583
31219,0.04320109
31221,0.0054720044
31223,0.03147179
31226,0.023886263
31227,0.9000425
31228,0.23390824
31229,0.079059064
31232,0.09502411
31233,0.008253336
31234,0.013155937
31235,0.13129508
31236,0.012603462
31238,0.44237655
31239,0.00442791
31240,0.011294663
31241,0.95642775
31242,0.98896277
31243,0.9901867
31244,0.0051534176
31245,0.018829525
31246,0.005253494
31247,0.033215404
31250,0.012033045
31251,0.95714176
31253,0.9733326
31254,0.008978546
31255,0.036207378
31258,0.003884554
31259,0.034581184
31261,0.989053
31264,0.011298418
31265,0.9156412
31266,0.9826201
31267,0.028760076
31268,0.970435
31269,0.0061896443
31270,0.06385994
31273,0.00667274
31274,0.017620742
31276,0.010499775
31277,0.9652572
31278,0.9541054
31280,0.008626878
31281,0.016404033
31282,0.0072307587
31285,0.008857489
31286,0.051557243
31287,0.005539179
31288,0.8726741
31290,0.9141893
31291,0.9733536
31295,0.0077875257
31296,0.023906708
31298,0.010131955
31299,0.10748315
31300,0.98175
31301,0.5097202
31302,0.008028269
31303,0.005173981
31306,0.9523221
31308,0.9883828
31309,0.026956856
31310,0.9874981
31311,0.97699153
31312,0.93744993
31313,0.0071722865
31315,0.95748115
31316,0.0035486221
31317,0.02767384
31318,0.0063465834
31319,0.0036386847
31320,0.9866873
31321,0.9532216
31323,0.008365035
31324,0.9738504
31325,0.009763896
31326,0.13834447
31327,0.110925496
31328,0.010148764
31329,0.016344666
31332,0.9642278
31335,0.8971384
31336,0.080135286
31337,0.0072979927
31339,0.0065230727
31341,0.044698775
31342,0.008418977
31344,0.004594445
31345,0.9645196
31346,0.00752455
31348,0.959525
31350,0.04455757
31352,0.011539698
31354,0.0074526668
31355,0.894662
31356,0.98545325
31358,0.9888262
31359,0.00987643
31360,0.014403582
31361,0.0034627914
31364,0.0058220625
31365,0.007102132
31366,0.015110552
31367,0.87348306
31368,0.98994946
31370,0.70752966
31371,0.0058252215
31372,0.95058054
31373,0.9841345
31375,0.0048289895
31377,0.9140113
31381,0.0070982575
31382,0.017190337
31383,0.98871565
31384,0.022110403
31385,0.65219325
31388,0.03459966
31389,0.026132524
31396,0.93157494
31397,0.005264342
31399,0.9608474
31401,0.0065135956
31404,0.0049653053
31405,0.0047107935
31407,0.9497848
31409,0.034298778
31411,0.9588063
31412,0.023579955
31413,0.89748937
31414,0.0070715547
31416,0.98227185
31417,0.5744178
31418,0.96704286
31419,0.9851197
31420,0.032141805
31421,0.9664422
31422,0.011703193
31423,0.009431899
31424,0.056232333
31426,0.96004117
31427,0.004523456
31429,0.01660937
31432,0.96802634
31433,0.0051436424
31436,0.022242248
31438,0.021618605
31441,0.005760789
31442,0.045058608
31443,0.007224202
31444,0.0037530065
31445,0.9640416
31447,0.9641943
31449,0.96968424
31450,0.0061607957
31451,0.0084581375
31452,0.032914042
31454,0.014065027
31456,0.010930836
31457,0.87115276
31458,0.0052138567
31460,0.030475736
31461,0.011192381
31465,0.94458133
31466,0.96016806
31468,0.95845604
31469,0.0042719245
31471,0.009918988
31474,0.97736543
31476,0.0056390166
31478,0.013491988
31479,0.0059066415
31480,0.94765705
31482,0.024639308
31484,0.97189385
31485,0.5913848
31488,0.02119106
31490,0.008642316
31492,0.0063702464
31495,0.018306732
31496,0.014187932
31497,0.010275364
31498,0.92977947
31499,0.0036597252
31500,0.4609359
31501,0.6173185
31505,0.9676519
31506,0.006439328
31507,0.9649701
31508,0.009330988
31509,0.95977426
31511,0.8991371
31513,0.97003615
31515,0.9600683
31516,0.9781051
31517,0.0049188137
31519,0.9697991
31520,0.96211517
31521,0.80106986
31522,0.020566702
31524,0.0046738386
31525,0.006345153
31529,0.0045514703
31530,0.005286753
31531,0.0068414807
31532,0.9454125
31533,0.380584
31536,0.98753065
31537,0.0033672452
31538,0.014609933
31540,0.9563478
31542,0.85656893
31543,0.01204443
31545,0.018941343
31546,0.95188975
31547,0.0040045977
31548,0.009344399
31550,0.95585734
31551,0.9603455
31555,0.006862879
31556,0.0073329806
31557,0.98069364
31559,0.004134178
31562,0.9692713
31566,0.014944434
31567,0.26914364
31568,0.0092507005
31569,0.022502363
31571,0.0126110315
31573,0.9678675
31574,0.0071443915
31575,0.952592
31576,0.0062639713
31577,0.97068375
31578,0.03932053
31579,0.013766646
31580,0.43851215
31581,0.9623813
31584,0.004295647
31585,0.017116845
31586,0.012304425
31587,0.9892444
31588,0.96443343
31590,0.9700164
31592,0.012667596
31593,0.9745785
31594,0.962355
31595,0.03984934
31596,0.9579527
31597,0.74981207
31598,0.006415069
31599,0.013099849
31601,0.00466156
31602,0.96429616
31605,0.010165036
31606,0.007090032
31608,0.9670773
31610,0.009061456
31611,0.84233975
31613,0.96822
31615,0.008153856
31616,0.03442329
31617,0.801982
31618,0.8391948
31620,0.0031620264
31621,0.003713131
31622,0.5053791
31624,0.93017423
31625,0.09627485
31626,0.9725945
31627,0.007374227
31628,0.014966071
31629,0.016321003
31630,0.27533948
31631,0.0076975822
31632,0.042412937
31633,0.95796883
31635,0.004155576
31638,0.84558123
31640,0.0038058758
31641,0.97534937
31642,0.9509494
31643,0.014949858
31644,0.95126045
31645,0.9595754
31646,0.9719879
31649,0.96353674
31650,0.0071161985
31651,0.9689386
31652,0.010079503
31653,0.007484138
31655,0.895335
31658,0.010618448
31660,0.8948196
31661,0.004345536
31662,0.96711236
31663,0.9645412
31664,0.8847793
31665,0.9409643
31670,0.99063396
31672,0.009900153
31673,0.9752695
31674,0.0067083836
31676,0.17108929
31679,0.0063462257
31680,0.071383715
31682,0.010596991
31683,0.005246043
31684,0.6579144
31685,0.9584526
31687,0.014792919
31688,0.97436136
31690,0.0049299
31691,0.07303691
31694,0.9594028
31697,0.017894983
31699,0.98903036
31701,0.98565876
31703,0.011427045
31707,0.12014592
31708,0.011548281
31710,0.017656446
31711,0.6687677
31714,0.0275141
31715,0.003889978
31716,0.9584278
31717,0.00643605
31718,0.9712203
31719,0.03800851
31720,0.008305013
31722,0.96169007
31723,0.014275432
31724,0.9702684
31725,0.9779512
31726,0.0045570135
31727,0.9548147
31728,0.9637664
31729,0.007276237
31732,0.9710458
31734,0.0055823326
31735,0.007015586
31738,0.0035037398
31739,0.05507475
31740,0.012602508
31741,0.4366119
31742,0.98465294
31743,0.005081117
31744,0.3935007
31746,0.9574061
31747,0.008366823
31748,0.9511844
31749,0.9805056
31750,0.008151174
31751,0.022450447
31752,0.97122216
31756,0.90988606
31757,0.9713476
31758,0.4097842
31759,0.9543692
31760,0.008403242
31761,0.96620035
31762,0.027371466
31763,0.95597273
31764,0.0850606
31766,0.96190965
31767,0.009755015
31769,0.011126637
31771,0.9534749
31772,0.005145848
31775,0.9596909
31776,0.9544035
31777,0.013968825
31778,0.005469024
31781,0.030693173
31782,0.11073595
31783,0.0038151145
31784,0.012777388
31785,0.0434466
31786,0.96245706
31787,0.0056661367
31791,0.012037456
31794,0.9796602
31796,0.10821015
31797,0.9928953
31799,0.016048014
31802,0.011174977
31803,0.92533976
31804,0.16526026
31807,0.0045344234
31808,0.006213069
31811,0.0141626
31812,0.9639683
31813,0.013577163
31817,0.007309139
31820,0.008834183
31821,0.9669052
31824,0.95040584
31825,0.74612975
31826,0.05199617
31827,0.011966288
31828,0.9610524
31829,0.893234
31831,0.005064249
31833,0.045892477
31835,0.9608879
31836,0.96485066
31838,0.9647553
31839,0.008503139
31840,0.9619848
31841,0.555916
31842,0.0057793856
31843,0.966123
31846,0.015075147
31847,0.0057936907
31849,0.9568592
31850,0.9687794
31851,0.030330598
31852,0.008587241
31853,0.0071986914
31856,0.9775905
31857,0.0036676526
31859,0.9683039
31860,0.97806495
31863,0.96142393
31865,0.003909409
31866,0.0054413676
31867,0.008720934
31868,0.0044717193
31869,0.98856395
31870,0.27368933
31871,0.9702702
31872,0.05853176
31873,0.0081294775
31877,0.011686742
31878,0.9489514
31879,0.9322212
31880,0.9703047
31881,0.97137547
31882,0.88248295
31883,0.10395092
31886,0.009381831
31893,0.0035725236
31894,0.004563153
31895,0.016999483
31896,0.011104941
31898,0.17432523
31901,0.8796009
31902,0.96374655
31903,0.9700815
31905,0.95134604
31907,0.013280332
31908,0.96607107
31909,0.9891131
31912,0.030005872
31914,0.9589468
31916,0.13453335
31917,0.0077375174
31919,0.9529557
31920,0.0042208433
31921,0.96980333
31922,0.10453385
31924,0.96811223
31925,0.00483948
31928,0.98458844
31929,0.027656555
31932,0.004486382
31933,0.015219331
31934,0.021148324
31935,0.012600064
31936,0.21412194
31937,0.95055145
31941,0.008195758
31943,0.0071439743
31944,0.007344961
31945,0.008628964
31946,0.96083486
31947,0.00758487
31948,0.9631767
31949,0.9328784
31950,0.006559789
31951,0.97576064
31954,0.0907352
31955,0.026830077
31956,0.00588578
31957,0.007828116
31958,0.006143272
31959,0.00423038
31960,0.0046958923
31961,0.15090787
31962,0.96950895
31963,0.9410124
31967,0.3649242
31968,0.96583545
31969,0.39337653
31970,0.02920258
31971,0.99004054
31976,0.004977703
31980,0.9227911
31982,0.010969698
31984,0.042866826
31985,0.03864616
31986,0.9567683
31988,0.83284986
31989,0.94924766
31990,0.96751463
31992,0.95626956
31993,0.9900118
31994,0.9562879
31995,0.014584482
31996,0.95618045
31998,0.01197511
31999,0.9311789
32002,0.006738484
32003,0.009745538
32005,0.013712406
32006,0.011051655
32007,0.029410481
32009,0.9821974
32010,0.0054373145
32011,0.045189083
32013,0.021927059
32014,0.10616201
32016,0.012727559
32017,0.89275855
32018,0.8282765
32019,0.031128883
32021,0.0042832494
32022,0.317661
32024,0.0116868615
32025,0.9560986
32026,0.85304636
32027,0.98491406
32028,0.9648338
32030,0.9885355
32031,0.008370221
32032,0.29120696
32033,0.25886357
32034,0.95790017
32035,0.0076287985
32036,0.28938466
32038,0.97252613
32040,0.017988324
32041,0.005005598
32042,0.013198733
32043,0.010144353
32044,0.04077387
32045,0.011272669
32046,0.060659885
32048,0.9357394
32049,0.01315254
32050,0.015964985
32051,0.9608708
32052,0.9617008
32053,0.96227056
32055,0.005213022
32056,0.9629885
32058,0.008515894
32059,0.9661522
32062,0.9536372
32063,0.009931147
32064,0.0037919283
32066,0.9585661
32067,0.91792214
32069,0.98457175
32071,0.99057794
32072,0.0067800283
32075,0.96942294
32080,0.955276
32081,0.014710128
32082,0.004796505
32083,0.68197787
32084,0.009837508
32085,0.008867443
32087,0.9930081
32088,0.014179707
32090,0.9885655
32091,0.14861453
32093,0.010410607
32095,0.96401983
32096,0.12542278
32097,0.98407483
32099,0.020240843
32100,0.00457108
32102,0.05116421
32103,0.026201248
32105,0.9643471
32106,0.016097963
32108,0.9571705
32109,0.0053123236
32110,0.968392
32111,0.9902118
32117,0.00440675
32119,0.95267975
32120,0.026391923
32122,0.012853742
32123,0.9612492
32125,0.96744347
32126,0.95891225
32127,0.011132896
32128,0.033546925
32129,0.023388684
32130,0.9781707
32132,0.004628837
32133,0.71188337
32134,0.0037920475
32135,0.95733666
32136,0.0041321516
32137,0.0041236877
32140,0.012595534
32141,0.017439306
32142,0.011834264
32143,0.010168195
32144,0.0032110214
32145,0.004938543
32146,0.004955411
32149,0.031945586
32151,0.03676027
32152,0.0052092075
32153,0.06781912
32154,0.97484255
32155,0.006418824
32156,0.0050724745
32158,0.95969415
32159,0.007845461
32160,0.004369259
32161,0.98875743
32162,0.98097104
32164,0.004579723
32165,0.015182793
32168,0.013708293
32169,0.010832787
32171,0.040527105
32172,0.0042870045
32174,0.0070379376
32176,0.033473194
32177,0.96244717
32178,0.0054234266
32181,0.96132624
32182,0.9548832
32183,0.96053255
32185,0.95361984
32186,0.9888574
32187,0.9819735
32188,0.9919992
32189,0.005548775
32190,0.95742357
32191,0.0038830042
32192,0.0057863593
32193,0.011938214
32194,0.101848125
32196,0.0073601007
32198,0.03672135
32199,0.04468429
32201,0.96728
32207,0.9736004
32208,0.003681302
32209,0.010241985
32210,0.01717788
32212,0.004878342
32213,0.9571575
32214,0.026991487
32215,0.0040313005
32218,0.9384426
32219,0.0075907707
32221,0.961088
32224,0.02197504
32225,0.0071525574
32227,0.008644044
32228,0.0100262165
32229,0.030308187
32230,0.17180705
32231,0.09161842
32233,0.96838194
32234,0.010854006
32236,0.96655786
32237,0.00315547
32238,0.015223384
32239,0.0059446096
32240,0.9331837
32241,0.9356442
32242,0.0054318905
32243,0.020855844
32245,0.004596114
32248,0.09570366
32249,0.027931392
32250,0.0070293546
32251,0.010694742
32252,0.97292376
32253,0.0070590973
32254,0.98121995
32255,0.004380882
32256,0.0055057406
32257,0.0042465925
32258,0.06689018
32260,0.98785764
32263,0.032046437
32264,0.0057320595
32265,0.8238886
32268,0.636338
32271,0.96719223
32273,0.012179434
32274,0.9852291
32275,0.22257364
32276,0.97120094
32277,0.01350826
32278,0.8114647
32279,0.15784377
32280,0.9549455
32281,0.07381487
32283,0.012007117
32284,0.026203513
32285,0.95212054
32286,0.009403348
32289,0.8793975
32290,0.9654296
32291,0.9619939
32292,0.014073491
32293,0.009657621
32294,0.9584143
32296,0.02114731
32298,0.90615696
32301,0.004188895
32302,0.0047138333
32306,0.040454686
32307,0.038021564
32308,0.96735585
32310,0.9733125
32311,0.98775387
32312,0.96804816
32313,0.95862764
32314,0.0037330985
32315,0.00446862
32316,0.037417054
32317,0.15450424
32318,0.98290503
32319,0.0061073303
32321,0.96857303
32322,0.7984499
32323,0.00553602
32324,0.009763777
32325,0.008433938
32326,0.9719289
32328,0.0052384734
32331,0.25064623
32335,0.9583788
32336,0.9668157
32337,0.0040175915
32338,0.9683409
32339,0.24266529
32340,0.9609526
32344,0.9528285
32345,0.004458964
32347,0.0038443208
32348,0.02903527
32349,0.033433855
32350,0.009156823
32351,0.47956508
32352,0.7299154
32353,0.03677392
32354,0.97374696
32355,0.0057896376
32357,0.012725592
32358,0.95394
32360,0.35162282
32361,0.96939385
32363,0.11444342
32364,0.015557587
32365,0.0095283985
32367,0.81016415
32368,0.9307692
32371,0.9849039
32372,0.006028831
32373,0.9564676
32374,0.018793762
32375,0.008787096
32376,0.96546274
32377,0.0637939
32378,0.9600302
32379,0.0061914325
32381,0.009763539
32382,0.035494745
32385,0.0060328245
32388,0.96715313
32391,0.95335954
32393,0.9494398
32394,0.0051187277
32395,0.0041314363
32399,0.031003356
32400,0.010221183
32405,0.95912516
32406,0.004786968
32407,0.9785672
32408,0.0748294
32409,0.9312114
32411,0.9747786
32412,0.0072034
32414,0.007071078
32416,0.010192573
32417,0.02307862
32420,0.01024878
32422,0.9538876
32423,0.017320752
32424,0.005522251
32426,0.9587797
32427,0.45570254
32428,0.08970815
32431,0.00791949
32434,0.0035235286
32435,0.03762412
32436,0.95469415
32437,0.95885223
32438,0.9472419
32440,0.0049821734
32441,0.97946346
32443,0.94267243
32444,0.9688353
32445,0.8115276
32446,0.004067838
32447,0.9697178
32448,0.008021474
32449,0.93742424
32450,0.9484171
32452,0.96154624
32453,0.009294212
32455,0.9685132
32456,0.0037395954
32457,0.96915084
32458,0.025068283
32459,0.05086726
32460,0.032087386
32461,0.032220423
32462,0.004659295
32463,0.0058650374
32468,0.011015415
32470,0.0136989355
32471,0.97426456
32472,0.963585
32473,0.005042851
32474,0.005027175
32476,0.016911209
32477,0.9682434
32478,0.0040827394
32479,0.013013899
32480,0.96235996
32481,0.0040726066
32482,0.005454421
32484,0.96425426
32485,0.9603003
32486,0.9764843
32487,0.952772
32488,0.097132385
32490,0.02008468
32491,0.106143355
32492,0.016811907
32493,0.76117367
32494,0.9565713
32497,0.003299892
32498,0.9589205
32499,0.0050257444
32500,0.019333005
32503,0.0075268745
32505,0.0036073327
32511,0.0058197975
32512,0.020951748
32516,0.012800097
32517,0.0044285655
32518,0.9790126
32521,0.96004164
32522,0.9649012
32523,0.96365154
32524,0.95123863
32526,0.98957825
32527,0.013084531
32528,0.027197659
32533,0.008498311
32534,0.008247435
32535,0.97337884
32537,0.96748567
32541,0.053923666
32542,0.0039060712
32544,0.0057421923
32546,0.5933105
32547,0.9631288
32548,0.013043284
32550,0.48111433
32551,0.015938103
32552,0.008310795
32553,0.9600542
32554,0.9512902
32556,0.44099098
32557,0.9724923
32558,0.0073931217
32560,0.9873822
32563,0.95236784
32564,0.9663915
32566,0.006115854
32568,0.95811796
32572,0.005890608
32573,0.0059503317
32574,0.013537586
32575,0.0052582026
32577,0.9665451
32579,0.003656447
32580,0.94768935
32581,0.014898539
32586,0.01178211
32587,0.98787177
32589,0.01132977
32593,0.037238777
32594,0.0039613247
32595,0.24364197
32597,0.010691524
32601,0.019492745
32602,0.4415868
32604,0.91668975
32605,0.0041243434
32606,0.0038365126
32608,0.0061504245
32610,0.9735112
32611,0.0053339005
32612,0.048885882
32614,0.96690255
32615,0.019332528
32616,0.97198176
32617,0.0051532984
32618,0.005924821
32619,0.95525205
32620,0.009461284
32623,0.007618606
32624,0.9369687
32626,0.9562566
32627,0.0044550896
32628,0.009895027
32630,0.004414439
32632,0.009951234
32634,0.005374253
32635,0.008448005
32637,0.017003417
32639,0.006509185
32640,0.97197974
32641,0.9480505
32642,0.62734264
32643,0.010398805
32644,0.012500346
32648,0.97965604
32650,0.01607418
32651,0.007069111
32653,0.0056676865
32658,0.00717628
32660,0.8262813
32662,0.008068025
32663,0.33614558
32664,0.013714492
32665,0.96074814
32667,0.007512331
32669,0.008557498
32670,0.97072726
32671,0.010457993
32672,0.004033327
32674,0.003962517
32677,0.86819816
32678,0.02314061
32679,0.022304595
32680,0.007540524
32681,0.009765625
32684,0.0034804344
32686,0.01884067
32688,0.9527966
32690,0.9614449
32693,0.009415865
32694,0.04227519
32695,0.03398764
32696,0.004416406
32697,0.9728358
32698,0.96124923
32699,0.9671796
32700,0.08770341
32701,0.010319769
32702,0.02219385
32703,0.9882116
32706,0.07402599
32707,0.0056055784
32708,0.98048455
32710,0.010997057
32711,0.09570688
32713,0.97613937
32714,0.015612602
32715,0.028157294
32716,0.019328177
32718,0.9414533
32719,0.9645319
32720,0.964451
32722,0.9621749
32724,0.013451993
32728,0.9717461
32729,0.007534623
32731,0.9739916
32733,0.9014673
32735,0.99043125
32738,0.018983543
32741,0.039672136
32742,0.96074796
32743,0.96710205
32746,0.009796143
32749,0.04246652
32750,0.0053328276
32751,0.009038508
32752,0.003350675
32754,0.008702517
32755,0.40722835
32756,0.00818646
32757,0.0040323734
32759,0.007273197
32760,0.015710056
32761,0.005898893
32762,0.015417337
32763,0.9631385
32764,0.005111158
32767,0.9817754
32769,0.003514886
32770,0.008746088
32772,0.8469652
32773,0.968243
32775,0.95821464
32776,0.95581794
32778,0.98346657
32780,0.9640407
32781,0.007931709
32782,0.007700205
32783,0.0037109852
32784,0.013629556
32785,0.0065734386
32786,0.0047413707
32787,0.0055104494
32792,0.9823406
32793,0.97220373
32796,0.9549639
32797,0.97191226
32798,0.9913285
32800,0.034530222
32802,0.014097095
32803,0.0054413676
32805,0.009449363
32807,0.0070566535
32808,0.96939635
32809,0.97113377
32810,0.96116984
32813,0.9580561
32814,0.9631464
32815,0.0063952804
32816,0.014767885
32819,0.005095482
32820,0.0105111
